40000
2331 2330
6678 6649
21360 21359
51051 51050
33014 33013
55928 55927
43877 43884
60896 60895
39268 39275
57093 57072
61737 61736
76187 76186
56467 56474
2322 2321
44167 44166
2667 2665
73666 73665
70254 70255
73004 73003
63493 63492
61632 61631
10607 10622
43421 43400
70321 70320
55634 55633
55968 55967
2911 2912
27688 27687
33328 33327
64883 64922
47642 47641
27489 27488
62220 62219
58359 58360
46861 46860
25713 25720
53250 53249
16039 16038
40621 40620
9093 9092
2041 2048
46774 46773
53711 53674
62275 62274
67813 67814
4696 4695
45060 45075
55071 55070
31525 31523
30333 30334
55966 55965
6559 6558
70504 70503
17152 17151
14491 14454
18902 18901
68082 68081
12765 12764
11498 11497
53149 53148
64623 64622
44842 44815
31587 31586
15506 15477
28447 28475
75445 75444
3215 3214
43686 43685
31314 31313
12536 12535
52394 52392
33358 33359
58415 58414
77905 77904
35730 35729
65392 65468
67340 67339
5206 5204
61682 61680
70998 70999
67668 67666
43793 43792
52818 52817
35936 35937
79834 79833
16842 16841
6696 6695
74033 74032
65748 65747
15961 15960
60991 60990
56872 56871
51533 51524
38312 38311
37390 37389
31365 31336
3699 3698
28342 28321
23095 23086
38681 38709
29457 29456
836 835
13314 13313
40232 40231
2898 2897
12043 12042
79551 79552
70596 70587
72302 72301
12464 12463
9000 8999
6115 6130
40150 40149
3990 3989
10615 10614
40938 41143
55137 55138
62504 62503
7693 7664
72943 72942
63825 63824
35041 35057
20142 20141
27062 27061
53800 53807
24304 24303
67198 67226
35028 35027
11284 11283
28179 28178
61670 61669
67500 65002
34875 34874
62353 62352
40047 40046
72935 72934
46205 46204
52197 52225
50206 50204
24482 24481
6694 6693
76109 76108
48772 48826
31180 31179
20226 20224
57294 57293
5753 5751
7726 7724
61845 61844
61581 61580
16701 16716
47864 47863
47100 47107
4518 4517
68754 68753
69119 69118
65920 65921
69100 69099
38950 38949
68110 68109
37441 37442
78893 78892
34491 34454
78536 78537
74271 74270
37431 37459
23075 23074
52016 52015
7753 7754
38892 38891
28532 28531
70041 70039
17223 17222
4570 4569
67903 67901
54668 54669
41845 41836
40982 40981
74044 74045
76609 76608
56691 56698
70861 70910
39846 39862
74806 74814
47198 47205
9562 9561
43992 43991
54278 54279
71164 71163
18551 18550
10776 10775
56377 56368
19218 19064
55811 55810
24463 24470
54929 54928
42086 42085
30547 30469
77694 77665
71727 71726
51663 54999
48031 48030
52833 52834
19488 19487
72538 72509
34243 34242
26637 26636
19287 19286
26991 26954
8680 8679
12894 12893
73112 73111
3724 3723
17407 17406
12062 12061
66109 66108
56464 56466
52369 52368
32058 32057
74914 74913
6448 6447
64519 64518
38262 38263
37018 37017
7650 7649
4801 4800
69206 69205
78481 78480
46463 46465
11079 11078
584 555
29222 29221
12644 12643
13710 13673
30186 30185
34338 34354
61522 61521
59113 59120
53661 53660
56638 56637
12828 12827
42209 42224
42585 42584
73411 73409
36205 36204
71672 71671
36768 36775
62277 62284
18554 18517
7610 7609
25634 25662
21464 21453
67643 67642
56067 56065
20366 20365
67616 67587
20272 20243
19376 19374
34021 34020
58371 58378
45850 45857
30491 30545
4936 4935
54374 53976
61097 61113
17786 17785
31829 31828
52698 52697
10493 10492
76202 76201
22039 22038
76846 76837
72402 72403
64104 64102
23930 23929
27648 27647
42119 42147
22503 22502
76093 76066
53001 53000
4043 4044
43031 43030
9317 9318
67246 67247
110 109
53434 53433
78967 78974
14964 14963
45293 45294
38421 38400
5252 5251
64237 64236
31243 31242
26936 26915
21472 21471
8293 8292
51386 51387
51045 51044
24924 24940
65209 65208
24673 24672
67142 67141
5085 5084
23348 23347
73110 73109
76987 76986
48551 48550
21140 21139
10125 10124
55092 55091
10898 10861
15144 15143
79204 79203
53384 53383
63604 63632
57475 57474
44247 44246
5634 5662
12875 12874
48695 48694
46673 46672
3439 3487
20457 20456
34369 34368
9535 9534
68405 68404
43757 43756
73017 73016
65388 65387
75941 75957
31910 31909
76246 76245
63015 63014
53748 53747
9141 9217
47891 47967
54670 54671
78258 78257
58343 58322
60304 60303
77691 77690
60090 60088
28598 28597
52626 52617
22299 22298
2615 2586
53914 53913
52636 52637
69035 69042
69836 69835
42287 42302
44757 44756
19896 19895
10982 10981
11982 11981
44070 44069
1722 1721
18845 18844
34816 34814
47325 47326
51095 51093
75750 75749
3928 3983
3558 3557
72626 72625
4562 4561
7530 7529
36214 36213
38636 38635
42547 42546
70746 70745
31151 31152
29675 29674
22598 22599
4837 4836
73132 73131
70585 70556
49883 49891
4478 4477
71588 71587
34300 34299
60630 60629
36891 36890
36388 36403
1125 1124
3262 3263
63347 63346
31522 31493
53647 53646
21904 21903
7627 7634
41810 41809
59240 59241
33770 33771
2428 2427
13137 13136
40196 40195
29419 29418
11180 11179
47064 47063
72013 72014
74128 74127
67854 67852
34144 34143
76014 76013
54895 54893
14108 14107
6753 6752
72681 72680
47753 47754
3541 3540
22833 22834
78626 78625
30148 30147
47026 47025
8894 8893
21777 21778
32547 32546
33595 33593
37951 37966
41073 41074
67306 67314
47894 47893
55273 55244
60978 60986
31955 31971
59071 59070
50810 50809
27537 27508
53022 53021
76556 76555
47403 47404
26316 26315
57960 57959
40339 40338
5377 5376
71642 71718
16919 16918
78933 78932
66457 66455
35745 35744
32145 32144
17742 17741
4211 4210
8346 8345
28270 28269
12740 12739
69665 69664
6652 6650
14338 14354
56697 56696
19529 19502
8543 8542
29022 28993
52045 52044
23911 23910
30220 30219
9209 9208
77874 77889
9260 9276
14675 14674
55291 55290
32122 32121
42386 42385
76799 76808
19421 19420
54430 54429
67876 67875
33037 33036
64806 64814
45328 45327
63725 63724
167 165
1233 1212
15280 15279
59632 59647
56845 56844
1324 1323
73622 73621
68708 68707
79320 79221
43526 43533
15626 15624
58999 58998
29319 29220
50505 50504
76391 76390
59653 59652
14602 14601
39394 39395
23207 23206
32322 32321
55953 55952
70139 70154
49327 49326
22769 22768
62389 62388
1502 1501
18383 18382
72994 72993
31684 31683
12652 12651
15240 15239
70496 70495
12238 12236
76760 76758
37536 37535
63055 63054
13490 13489
9089 9088
73590 73589
39484 39483
78895 78894
64786 64787
76164 76163
17752 17751
49825 49826
46186 46185
13735 13734
12325 12326
64134 64133
49869 49868
34181 34179
55331 55330
78788 78759
44112 44119
8707 8706
23364 23363
24989 24988
10005 10004
48873 48872
45156 45155
49985 49984
70689 70688
8615 8630
6840 6839
21377 21384
60851 60858
78723 78721
64113 64120
41482 41481
29520 29519
23083 23082
75281 75280
42009 42008
31250 32498
27223 27222
19049 19048
70572 70571
66497 66495
58590 58589
14472 14473
74326 74325
5887 5886
32018 32017
61158 61157
73269 73268
17518 17519
66401 66400
50520 50519
16329 16338
35600 35599
16623 16638
7583 7582
45200 45199
31914 31922
36705 36704
33368 33367
54623 54622
53252 53259
48182 48183
68907 68906
56539 56538
45864 45863
51696 51695
57523 57577
37058 37057
48768 48769
10562 10561
4633 4632
55584 55583
53437 53350
8665 8664
34256 34227
38052 38051
5605 5606
21917 21916
19171 19170
21092 21065
37879 37878
11574 11572
8992 8991
62496 62495
15850 15857
3846 3847
67113 67129
60683 60684
22062 22061
78702 78701
19846 19862
38264 38243
18141 18140
13175 13173
14509 14508
35167 35165
72846 72845
59145 59144
21623 21638
48894 48893
68015 68014
2114 2113
14146 14145
63070 62971
2207 2208
44660 44658
39436 39415
47098 47097
19747 19748
40486 40485
57964 57963
1540 1539
16218 16217
75947 75946
22716 22723
57836 57890
56641 56574
65966 65965
66177 66176
40963 40962
66657 66656
68279 68278
72432 72460
2771 2770
57990 57991
46115 46130
75037 75036
54946 54945
4584 4583
22767 22766
31534 31541
32079 32089
18362 18378
16690 16697
55105 55104
54548 54547
60179 60234
63993 63992
35726 35725
49692 49691
45910 45908
77685 77684
65281 65280
4310 4309
24127 24126
36436 36435
11876 11874
72399 72398
59969 59968
46133 46141
35106 35105
51100 51099
74031 74030
7478 7477
12497 12496
49312 49311
49850 49849
61225 61224
7932 7948
8562 8561
19619 19647
48123 47725
56903 56902
49019 49018
61347 61348
931 930
1503 1504
29015 29014
69897 69896
60331 60330
26675 26674
50700 50699
25417 25416
10637 10636
18459 18474
31466 31473
6235 6234
48592 48565
6228 6227
38850 39061
15537 15536
18457 18458
13356 13355
54447 54446
60052 60051
28648 28647
46229 46230
14469 14468
29894 29892
20579 20578
3665 3664
13050 13049
22688 22687
2837 2836
57854 57852
79846 79844
38137 38136
51772 51771
11551 11550
79593 79572
21509 21508
61786 61785
41730 41728
69136 69135
12750 12749
64077 64076
79857 79856
51411 51410
5282 5281
50293 50294
56151 56150
47835 47889
22583 22582
57785 57792
75563 75562
41402 41401
6855 6856
51711 51710
19934 19933
17052 17067
78677 78676
71104 71132
30988 30986
35121 35120
51444 51416
61952 61954
48560 48559
56281 56280
7963 7962
45392 45401
42627 42634
62265 62267
24532 24531
73422 73401
22086 22085
61080 61079
63662 63661
1751 1750
41791 41790
17234 17233
19209 19208
14159 14160
22348 22347
53959 53958
36274 36273
40278 40277
28638 28637
55572 55571
33846 33847
78758 78757
44159 44160
43833 43832
43071 43070
35984 35983
30858 30859
64330 64329
8322 8338
36509 36508
79646 79645
16741 16795
1974 1989
25822 25838
72779 72778
18799 18806
7190 7206
52451 52450
9997 9996
20290 20289
22388 22387
50167 50165
39385 39392
29564 29563
46948 46947
18126 18124
61548 61547
72878 72877
1812 1811
40449 40450
66154 66155
17014 16993
70450 70451
56042 56041
59851 59850
23163 23202
60576 60575
71363 71362
27024 27023
58711 58674
39211 39210
30341 30340
69475 69490
54052 54051
78394 78393
57613 57612
69906 69885
26462 26461
54990 54989
13784 13783
63047 62980
52596 52597
73021 73020
74462 74461
15936 15937
25567 25568
30829 30839
25089 25087
42308 42307
40192 40191
51186 51185
13090 13089
45650 45649
76520 76519
5167 5165
23728 23727
26267 26266
77854 77852
13860 13859
8217 8216
43568 43567
27686 27685
60296 60311
41884 41912
79050 79049
50413 51248
52663 52662
6948 6947
6396 6395
58806 58805
741 704
45226 45224
20669 20668
33816 33815
37070 37069
37676 37677
43680 43679
51436 51435
62334 62333
1235 1234
6354 6353
50774 50773
39688 39893
7468 7467
40305 40304
6024 6023
74649 74612
26555 26554
57840 57839
38812 38811
18084 18055
79190 79181
47700 47699
73420 73421
28952 28951
45806 45805
13699 13698
35543 35542
51995 51994
20826 20825
13348 13347
15973 15972
52902 52900
62317 62315
13790 13788
69056 69055
65362 65353
34599 34591
2684 2683
71181 71180
43522 43521
9315 9316
68764 68763
65870 65898
7043 7042
52753 52754
38285 38284
14467 14466
6745 6744
23342 23321
60041 60039
2939 2930
37331 37330
4112 4119
10893 10892
11646 11645
52826 52825
37272 37271
59441 59440
76539 76538
6041 6040
39539 39538
64621 64628
4579 4589
58327 58326
44310 44309
6193 6208
48603 48631
51041 51040
35607 35622
56815 56814
35423 35422
69183 69199
67582 67581
9804 9767
41360 41359
36239 36238
55612 55611
74967 74966
7892 7901
27495 27494
67506 67505
41559 41558
79010 79009
57053 57068
43541 43540
44095 44094
44045 44060
35193 35164
31375 31374
34713 34712
14698 14705
40929 40928
22276 22283
65817 65816
12420 12422
21132 21171
51322 51321
22 76
41517 41516
74418 74417
65029 65028
1654 1653
58053 58052
27536 27535
51381 51380
33621 33620
11432 11431
64037 64036
34085 34139
34853 34881
75067 75066
70599 70598
59672 59651
5459 5458
10364 10363
45858 45859
43336 43335
32931 32929
28336 28335
64655 64654
52060 52059
79891 79890
5965 5964
16783 16782
78754 78753
21060 21059
77753 77752
62256 62255
63799 63790
67653 67652
41891 41890
9448 9447
72248 72249
45772 45771
36555 36554
55670 55669
23062 23061
14951 14950
36009 36008
39879 39878
47925 47924
77808 77807
696 695
47545 47544
60164 60163
43507 43506
45866 45865
72941 72948
71901 71900
55932 55931
64646 64645
25717 25716
5263 5262
41290 41288
190 189
36463 36465
11329 11338
2030 1924
53811 53826
75534 75533
65488 65489
7589 7587
47532 47531
69783 69782
35650 35649
65716 65715
25474 25473
58000 57999
9327 9326
7268 7284
68019 68026
49570 49569
63607 63606
43535 43536
77699 77698
66926 66924
60574 60573
52160 52158
53261 53262
12898 12897
29791 29790
62203 62202
54477 54476
49614 49613
48705 48704
60397 60396
74513 74514
52079 52089
79515 79494
19425 19423
51658 51657
45045 45044
5186 5185
439 430
38797 38796
11020 11019
11810 11809
20753 20751
54676 54675
25732 25731
52257 52256
52726 52724
50891 50890
17799 17798
72784 72775
44570 44569
18234 18233
17436 17435
71046 71045
10681 10680
29590 29375
39085 39139
5830 5837
20049 20056
15560 15559
30156 30155
69237 69236
62549 62540
77741 77740
66834 66833
72518 72517
17614 17613
7980 7978
77042 77049
3633 3641
65296 65311
68993 68992
66832 66831
10736 10735
18829 18838
1436 1435
56347 56348
69756 69755
70896 70895
5495 5494
60346 60345
48344 48343
14118 14117
19528 19527
17812 17813
63847 63848
77867 77866
47192 47191
57747 57745
2039 2038
23134 23162
73700 73699
52734 52735
6671 6670
57057 57056
40663 40702
53591 53590
20686 20665
41962 41990
26951 26953
67806 67805
53999 53998
43810 43825
56026 56054
5757 5756
66803 66802
10324 10322
75023 75077
64388 64387
2797 2796
45810 45809
70528 70529
67932 67930
62941 62948
57645 57644
59326 59325
10722 10723
49247 49246
18302 18317
13610 13609
32420 32422
5171 5170
36980 36979
46062 46061
53603 53631
76300 76307
42143 42142
72549 72540
74159 74158
35077 35010
50495 50494
11931 11930
51898 51897
17141 17140
53153 53152
32913 33748
14865 14880
46278 46277
38621 38620
58417 58416
37553 37552
1701 1716
898 861
59884 59892
34570 34569
57714 57716
17304 17267
43513 43512
37505 37504
76679 76650
8906 8905
43035 43034
65523 65522
2763 2762
31555 31554
40267 40266
44181 44179
69305 69304
27942 27941
12648 12647
16667 16666
23081 23080
11793 11792
56061 56060
61302 61301
55475 55474
75702 75704
8154 8153
21659 21660
31201 31200
30131 30130
27464 27463
3816 3815
69029 69028
69164 67502
12164 12163
75227 75225
72723 72722
13279 13252
78935 78934
506 477
68168 68167
58004 58003
22005 22004
26734 26733
34264 34263
35764 35743
77397 77396
18894 18893
13065 13066
8009 8007
34207 34206
79920 79919
70680 70679
60336 60390
27466 27465
50719 50718
50947 50975
70563 70562
49660 49658
9915 9914
49239 49240
65477 65476
20834 20833
2221 2220
36129 36128
42434 42433
77975 77974
27104 27103
75273 75244
70162 70161
548 557
39291 39290
20637 20636
12928 12899
27879 27878
33452 33451
58740 58739
48387 48386
5546 5479
8043 8042
38803 38802
57766 57765
14203 14202
59334 59333
45453 45452
63605 63612
9801 9800
12982 12981
39666 39665
50641 50640
66418 66416
37333 37332
20267 20266
62127 62126
18562 18561
35854 35853
49837 49836
1709 1708
10692 10691
18137 18136
39373 38975
60498 60497
65037 65036
66372 66371
13060 13059
44163 42501
78 154
46312 46311
7921 7920
48087 48085
28362 28378
72241 72240
18992 18991
15531 15530
34091 34090
32499 34999
25206 25204
51865 51864
61979 61978
42394 42392
11443 11414
12070 12069
41396 41395
12772 12743
25692 25691
56219 56218
18241 18204
33126 33124
11261 11259
55285 55292
42188 42393
26155 26134
78277 78276
8096 8103
65568 65569
55382 55381
77269 77285
36726 36725
34129 34128
12887 12886
17394 17392
23757 23756
4759 4758
8568 8567
20902 20901
15588 15604
42809 42808
40259 40258
20324 20322
33119 33118
1376 1367
50178 50233
65507 65478
65195 65167
52837 52836
61215 61214
77909 77908
43606 43605
5929 5928
41659 41660
52196 52195
37682 37681
23787 23758
171 170
72119 72118
69929 69928
19203 19202
65170 65169
2323 2324
15278 15277
7547 7546
52816 52815
35275 35273
35453 35452
57372 57371
75830 75840
6188 6187
29780 29779
27642 27641
49270 49269
65758 65757
24236 24235
32904 32903
56031 56030
19274 19273
35421 35420
42959 42958
67432 67460
8843 8842
50800 50801
56843 56842
56526 56524
64298 64220
14074 14072
59332 59331
52064 52063
50709 50708
2522 2576
63651 63650
58943 58942
77399 77398
64082 64083
79313 79312
71697 71696
11181 11209
32713 32715
18209 18208
8071 8070
20085 20084
79739 79737
8600 8599
59929 59928
74294 74293
40848 40847
2549 2556
14639 14638
18944 18916
23595 23593
63649 63648
44564 44563
30550 30549
4564 4563
18020 18019
49021 49020
26783 26782
36310 36325
30066 30065
69189 69188
14529 14502
72653 72652
12304 12267
32976 32975
72095 72094
42026 42025
52530 52529
25883 25882
1026 1033
37166 37165
34643 34642
33856 33855
40914 40913
70122 70121
73290 73289
56657 56656
1783 1782
18871 18870
23591 23590
48801 48800
35284 35291
67190 67238
52230 52229
12489 12488
67011 67012
11488 11487
65849 65848
22885 22884
14304 14303
20343 20342
3956 3954
46411 46410
74975 74974
19116 19115
47209 47224
76499 76498
53840 53838
22411 22410
59422 59421
14396 14411
45514 45513
1113 1114
67368 67367
70589 70605
22419 22418
74531 74425
73080 73079
7518 7519
19021 19020
17652 17651
41322 41321
66560 66559
60450 60451
37795 37810
25925 25924
71179 71178
2173 2172
10939 10987
19700 19699
58443 58442
4610 4659
70350 70349
66708 66707
53265 53264
69843 69816
59385 59413
59445 59444
49764 49766
4997 4996
27346 27362
61918 61917
72338 72337
42076 42075
2188 2393
50186 50185
2648 2647
30663 30702
43184 43185
35587 35585
57874 57889
71082 71081
25003 25002
23287 23286
10830 10837
28046 27979
39499 39498
8798 8789
24732 24731
29264 29263
77055 77054
47656 47655
46055 46063
804 803
53006 52977
72867 72866
57042 57049
73840 73838
19730 19729
60733 60732
70264 70263
40804 40803
38509 38508
63256 63255
73418 73419
69546 69545
11631 11630
41165 41164
69689 69894
29036 29035
72034 72050
43528 43527
29346 29353
66647 66646
7356 7355
43655 43634
21689 21680
13763 13762
61847 61854
17650 17649
64575 64574
8188 8187
26793 26792
47453 47452
11610 11609
38984 38985
52268 52284
76377 76368
42335 42334
43048 43057
74834 74833
41297 41296
57794 57795
7169 7170
27054 27053
2714 2703
14598 14597
37769 37768
29932 29939
30573 30572
6881 6880
71256 71255
61212 61220
61325 61324
62561 62576
16513 16512
46117 46116
58963 58962
64984 64963
7572 7571
58630 58629
44314 44313
10326 10325
48334 48333
38608 38607
24478 24477
71208 71207
16282 16281
4673 4672
44985 44984
28591 28590
74081 74080
57689 57688
73019 73026
22722 22721
52126 52125
66874 66476
72533 72532
30444 30443
42938 42937
43919 43918
133 132
69451 69450
34764 34766
75365 75364
40176 40177
74980 74981
18555 18563
17185 17184
3043 3042
53043 53042
70642 70641
18304 18303
54260 54258
19829 19828
196 195
54632 54647
67439 67438
14161 14162
47451 47450
17674 17675
38387 38386
59567 59566
53665 53664
17568 17567
30495 30494
29964 29963
22310 22309
85 84
49068 49067
34165 34164
17524 17523
52831 52832
27426 27425
37388 37387
51642 51651
74466 74465
55521 55520
13262 13263
18646 18645
18960 18959
66120 66119
20375 20374
24352 24351
72496 72495
12278 12277
3946 3945
37752 37751
3029 3044
49656 49655
75008 75007
14770 14769
13129 13128
71634 71633
48745 48744
79029 79028
26186 26185
15895 15894
26301 26300
70771 70770
40789 40788
2145 2144
45506 45477
14140 14073
66130 66129
73341 73126
25652 25651
27181 27180
45457 45456
51538 51537
70372 70373
5341 5340
59299 59308
73085 73056
18751 18955
32390 32389
3707 3706
10760 10761
25218 25217
7730 7729
32716 32723
42640 42639
58267 58266
64463 64491
4833 4832
65027 65026
34469 34468
74695 74694
58656 58635
53189 53188
64542 64549
79014 79013
21540 21539
77117 77116
42750 42749
21566 21565
33385 33384
36191 36192
47211 47210
23581 23580
28459 28474
58451 58450
28923 28922
29871 29870
61731 61729
47249 47228
73485 73484
58472 58471
60049 60040
22801 22800
52911 52912
58633 58672
62146 62145
10373 10388
26392 26391
44367 44366
39352 39351
61914 61953
45872 45871
56600 56599
78711 78674
69779 69778
3570 3569
50854 50853
31694 31693
2213 2212
19981 19982
11753 11752
36533 36524
43425 43424
38095 38086
20592 20591
40994 40993
33906 33905
4148 4147
23457 23458
20698 20697
25967 25966
39095 39094
79356 79357
50301 50300
37466 37465
5952 5951
12693 12664
15804 15803
29260 29276
43623 43622
47173 47172
74377 74375
70113 70112
40040 40038
72101 72108
25613 25612
29533 29549
64925 64941
52100 52107
59762 59761
32778 32777
5849 5841
46724 46723
67414 67413
19768 19784
45832 45831
16446 16445
9476 9475
12925 12924
63788 63759
15295 15310
32074 32073
76996 76995
61645 61644
14774 14773
13435 13434
76685 76684
35980 35979
58250 58249
51871 51870
21833 21832
79601 79608
37902 37900
39853 39881
21003 21002
62836 62890
25646 25661
47940 47947
61073 61072
63514 63513
54071 54070
37460 37423
2807 2806
36699 36700
29459 29458
1075 1076
21982 21981
3196 3195
5836 5835
59141 59074
13505 13504
27028 27027
20679 20678
29579 29589
17124 17123
78719 78718
29518 29517
76313 76312
34584 34583
60409 60408
21396 21395
10990 10989
19432 19433
8750 7500
65775 65774
18881 18880
28406 28405
17532 17531
35362 35369
77298 77297
17980 17978
20081 20080
61232 61233
27449 27448
54475 54490
74607 74606
65033 65032
58377 58376
69967 69966
391 467
62346 62344
6233 6212
58145 58146
61839 61855
52247 52248
69760 69759
36963 36970
48648 48647
33018 33025
41077 41056
28016 28015
70899 70862
22714 22703
39083 39084
65454 65453
1257 1256
60829 60828
29635 29634
4541 4548
53499 53478
15301 15300
71395 71394
32350 32349
58548 58547
45489 45490
3797 3796
34719 34718
41942 41941
43289 43288
42830 42829
73708 73707
79388 79387
26538 26537
25510 25526
20541 20540
64385 64413
8115 8114
9169 9168
35108 35107
93 92
23215 23214
44883 44891
38818 38817
15510 15526
31896 31911
17730 17729
33739 33738
54904 54905
42257 42256
50770 50769
50615 50614
70342 70341
61624 61639
69075 69073
65894 65893
73725 73724
16268 16269
23058 23056
7585 7584
6658 6657
27166 27165
57800 57799
70574 70573
74441 74440
76229 76228
12820 12819
64141 64074
36362 36361
76664 70002
68153 68152
68134 68133
18976 18974
17938 17937
10543 10542
64779 64778
20230 20229
51699 51700
48944 48916
47828 47827
63967 63974
39410 39409
45455 45454
38060 38059
16379 16378
28414 28413
46180 46179
40074 40073
15571 15570
64008 63908
68941 68940
4467 4466
30755 30754
62592 62591
42080 42087
20091 20090
53927 53928
76042 76041
23890 23889
49297 49219
49761 49760
8735 8734
77709 77708
3393 3392
79872 79871
59252 59251
78303 78318
425 424
77525 77524
13358 13359
49495 49494
29476 29475
41426 41427
77943 77942
9999 19999
15854 15853
44961 44969
75582 75581
35579 35578
7540 7538
41125 41124
11825 11824
7738 7737
17064 17063
8551 8550
77806 77805
59946 59945
55635 55663
48196 48195
23610 23609
23850 24061
40860 40909
49694 49693
49492 49500
7167 7168
45358 45357
58049 58058
48064 48063
55853 55852
57340 57339
26463 26465
74368 74367
39535 39534
55065 55064
40193 40164
69895 69893
7722 7721
27074 27073
16992 17000
66771 66770
2722 2721
44610 44659
61288 61259
8421 8400
45474 45473
5776 5775
66958 66957
1201 1200
39163 37501
46627 46626
35785 35784
1199 1198
76298 76297
77766 77765
45309 45308
7445 7444
33069 32970
73136 73143
25842 25821
47742 47741
70090 70088
51383 51382
5768 5767
7333 7332
24106 24105
4911 4910
19920 19922
37625 37624
59540 59539
75884 75883
75119 75117
53162 53133
71575 71573
596 603
33729 33730
74521 74520
53596 53612
15700 15699
19968 19967
24552 24567
74356 74357
68730 68731
68004 68003
36054 36017
58736 58735
38680 38679
8123 7725
72743 72742
54016 54015
62674 62673
29396 29411
70302 70301
62286 62287
11861 11860
58618 58617
36606 36605
43444 43443
18942 18941
62462 62470
39026 39042
45146 45145
44348 44347
62187 62188
73337 73336
65932 65931
67452 67451
76168 76167
62027 62026
14239 14240
22562 22561
58394 58393
60645 60646
46986 46985
3226 3225
19355 19356
49919 49918
75014 75013
34700 34699
64187 64186
32356 32355
53039 53038
12684 12683
36018 36034
8768 8769
78498 78499
4427 4426
25537 25536
17167 17168
48484 48483
40648 40647
66731 66729
49141 49217
70647 70662
11462 11461
30499 30498
46335 46334
36884 36912
61291 61289
67288 67303
11464 11453
53065 53066
61992 61955
74769 74785
70635 70663
47424 47440
79012 79011
1320 1319
54805 54768
75634 75633
3253 3251
5482 5481
42517 42516
55082 55081
17750 17749
41644 41643
45869 45897
6896 6911
3005 3004
38033 38032
41690 41697
55507 55478
76552 76551
63834 63833
62584 62583
71015 71017
44287 44286
4831 4830
8350 8357
42396 42395
60475 60474
63832 63831
73495 73494
18663 18662
12181 12180
58466 58465
21480 21479
33461 33460
69845 69972
58013 58012
41132 41171
24685 24684
48035 48034
43852 43851
49181 49179
74891 74890
13875 13874
43356 43355
56439 56438
8625 8624
63345 63344
26077 26056
30836 30835
32259 32258
55021 55022
34576 34575
9442 9441
17016 17015
10980 10979
75922 75901
39610 39659
47638 47653
26515 26514
75378 75377
45497 45496
17942 17941
71828 71827
38177 38176
78965 78954
39873 39872
45656 45655
75319 75318
23484 23483
9346 9353
56933 56934
14267 14258
67338 67337
38615 38630
44338 44354
51428 51483
24123 24138
12680 12679
68351 68358
35626 35624
27925 27924
62370 62369
33198 33197
3808 3809
60678 60677
36091 36090
77444 77459
3651 3652
18739 18738
40146 40145
9394 9395
30828 30827
30804 30803
78512 78511
21963 21970
22171 22150
65424 65423
25375 25374
31117 31116
62180 62179
57567 57566
79101 79072
24400 24399
59994 59993
63775 63774
16250 17498
6686 6685
11833 11832
32583 32582
14576 14575
2890 2823
16030 16029
15870 15877
75691 75690
39909 39908
15927 15926
78660 78659
65109 65108
37329 37328
17921 17920
60153 60152
39660 39658
19576 19575
72168 72169
20726 20725
15664 15672
62354 62382
18705 18704
6547 6546
54006 54007
4764 4766
53172 53171
33795 33794
11965 11964
56535 56542
61765 61764
40216 40223
37626 37617
73357 73356
17936 17935
32906 32905
67013 67014
56234 56213
32801 32800
30089 30087
40826 40825
8075 8074
69052 69051
49334 49305
44550 44551
42940 42947
8839 8837
72615 72614
69094 69093
57966 57965
44558 44557
47938 47937
58775 58774
51637 51636
28841 28840
56063 56062
18984 18985
21243 21242
126 117
47086 47085
72582 72581
52386 52385
74551 74552
64303 64302
35115 35086
47268 47284
7553 7552
31526 31542
27261 27260
62733 62732
76309 76310
60504 60503
54022 54021
54944 54959
78390 78389
63654 63655
40335 40389
64511 64512
12018 12017
76963 76991
37084 37083
24726 24765
2369 2368
65111 65110
59349 59348
50427 50426
41460 41459
8398 8361
776 775
25091 25090
23092 23091
16663 10001
40562 40561
1245 1244
51974 51989
70217 70224
65177 65178
3304 3303
28354 28353
68945 68917
54605 54604
1460 1459
71491 71490
13404 13403
32014 31993
21085 21084
62582 62581
27991 28045
34717 34716
71471 71470
75287 75286
27043 27042
34337 34335
1423 1422
77607 77606
35715 35714
9171 9170
36873 36475
35228 35227
72061 72060
15007 15006
77899 77898
63506 63505
42752 42751
69697 69696
2251 2250
68651 68650
63390 63389
3566 3564
37923 37922
63769 63770
428 399
68624 68623
59611 59660
43393 43392
48476 48515
64130 64129
78294 78293
17137 17136
47890 47823
75955 75954
1110 1109
21921 21920
74916 74915
76588 76587
52718 52717
14528 14527
61137 61136
28417 28418
45133 45132
51358 51357
6180 6179
71657 71656
59046 59061
58367 58366
61596 61595
876 875
45174 45175
49905 49884
33490 33489
3293 3292
13293 13292
40912 40911
71526 71524
1547 1546
52466 52465
19047 19046
77840 77839
54523 54522
67766 67765
56393 56392
37373 37372
4619 4647
51303 51302
66395 66394
69309 69307
55618 55617
5994 5993
78531 78530
75803 75818
14178 14149
59605 59604
3352 3351
52503 52502
32856 32855
77044 77043
63694 63709
28541 28540
590 589
35053 35052
43427 43426
68380 68381
64969 64968
10366 10365
45778 45777
9894 9892
54437 54416
73540 73539
41005 41004
12301 12300
16442 16441
6884 6912
52927 52926
57776 57774
20514 20513
4207 4206
8050 8049
32879 32878
54195 54194
52114 52113
37526 37525
47585 47584
29541 29548
20594 20593
61527 61543
53223 53224
35129 35128
40812 40811
15272 15243
14419 14418
72174 72173
6756 6727
72469 72468
37304 37267
21686 21685
58216 58215
78325 78324
52420 52422
35361 35352
6777 6778
76489 76488
73246 73245
47108 47109
17415 17414
50936 50937
11707 11706
68212 68211
46466 46473
41755 41754
38287 38286
53866 53837
59034 59025
51496 51494
56461 56460
9604 9603
54332 54331
69111 69110
78694 78709
56004 56003
35018 35019
25364 25363
30198 30197
27354 27361
65384 65383
5749 5748
45829 45839
912 911
22461 22469
77212 77211
35045 35044
32671 32670
43127 43143
31261 31259
5394 5393
65899 65862
36253 36252
38014 38013
67874 67889
22335 22334
77630 77629
58436 58435
45700 45699
28356 28355
54811 54810
58373 58372
56069 56068
41883 41882
33714 33713
68176 68174
21861 21860
26595 26594
55551 55550
39173 39172
17626 17617
10026 10025
7024 7023
52316 52314
21298 21289
76784 76783
63561 63560
5856 5855
13525 13553
63101 63100
27227 27235
54962 54970
66858 66873
79256 79255
5439 5430
77083 77082
45140 45139
40417 40416
38670 38672
42489 42488
61628 61627
19854 19861
21312 21311
10952 10951
2162 2161
66816 66817
63933 63932
30078 30154
29619 29647
57258 57257
2183 2182
60540 60539
20965 20964
3035 3034
1877 1893
10353 10351
51157 51156
14631 14646
14711 14710
14586 14585
20007 20006
42149 42157
54508 54507
2396 2395
30003 30002
43938 43937
7875 7874
16812 16811
19991 19990
52606 52605
65061 65076
74187 74186
77008 77007
76862 76861
15364 15363
2680 2679
43695 43694
487 488
61258 61257
53773 53827
63477 63516
2610 2609
7644 7643
60870 60898
39816 39814
17702 17701
11119 11118
79309 79307
65018 65017
46946 46945
54498 54497
28302 28317
2219 2218
71414 71413
5353 5351
14915 14914
35629 35628
3860 3859
77571 77570
2485 2484
44955 44954
61668 61667
27033 27049
77446 77445
18924 18925
73430 73429
74397 74412
75731 75730
75485 75484
13480 13479
68296 68295
4302 4301
75137 75138
28465 28464
54271 54270
54783 54782
53985 53986
37181 37180
45465 45464
58969 58968
44957 44956
1055 1063
33776 33775
28228 28227
24308 24306
49385 49392
73361 73410
42558 42559
26593 26592
6390 6389
48324 48323
52671 52670
73063 73062
51861 51860
53673 53722
73000 72999
43674 43690
6001 6000
46207 46206
35791 35798
61835 61806
14373 13975
38440 38456
33047 32969
23909 23908
13113 13112
56236 56235
20480 20478
22181 22180
12809 12808
33092 33091
1913 1952
34793 34792
37786 37785
11174 11190
5537 5536
27348 27347
62653 62652
49156 49155
43733 43712
55504 55503
79112 79103
15921 15900
75477 75476
63405 63404
38362 38378
19308 19306
32282 32281
23695 23694
68861 68860
9764 9766
33982 33981
43245 43244
65420 65419
6551 6550
28482 28481
79174 79173
617 616
75317 75316
9156 9155
35280 35279
20629 20628
67768 67767
78634 78642
42505 42504
21931 21930
26417 26415
6908 6907
6842 6841
30457 30456
41599 41598
26253 26252
7415 7414
38370 38377
52784 52791
14556 14555
29049 29048
71328 71261
49685 49684
42686 42685
20830 20837
42124 42123
27532 27531
51229 51230
10200 10199
74506 74505
67985 67984
54975 54974
48274 48273
67498 67497
63134 63133
28310 28309
318 317
47344 47471
719 718
29270 29269
39413 39452
62380 62379
18310 18309
46324 46323
26041 26040
77939 77938
31999 31998
59802 59801
13791 13807
21146 21145
58641 58640
15214 15203
36226 36225
16432 16431
47386 47385
42466 42465
11597 11596
45607 45622
14281 14280
63135 63163
72326 72327
35675 35673
59542 59549
13956 13954
1863 1862
10516 10515
65069 65068
935 934
28247 28246
21379 21378
73134 73133
18724 18723
56133 56172
18342 18321
2026 2025
59625 59624
56628 56627
58161 58160
38966 38973
11507 11407
66004 66003
21440 21439
56926 56924
50762 50763
24641 24640
22612 22611
48606 48605
12171 12150
78063 78062
4572 4588
10055 10054
31511 31510
8799 8806
37712 37711
22625 22624
623 225
868 867
55513 55512
28383 28382
18228 18227
11669 11668
38228 38227
22122 22121
50003 50002
713 720
70636 70643
4919 4918
29321 29320
35529 35544
76090 76089
30431 30429
24574 24573
50858 50859
78172 78171
3484 3483
46658 46657
69954 69953
27156 27155
42339 42338
25263 25262
36942 36941
33680 33679
35712 35740
10482 10481
64360 64359
186 185
49578 49577
35594 35593
54921 54923
60254 60255
61773 61772
73489 73487
67697 67696
64929 64928
51214 51213
32443 32458
47820 47819
28869 28885
65213 65212
38865 38836
44009 44008
8416 8415
52345 52343
28092 28091
10110 10109
55380 55379
54056 54055
33366 33365
47322 47321
50527 50528
51751 51750
49879 49878
50995 50996
66754 66753
5741 5704
36511 36510
39277 39278
33158 33157
9537 9536
19262 19261
47301 47300
79519 79518
33950 33949
11352 11351
13657 13656
54551 54552
44812 44811
18069 17970
40337 40336
44093 44092
77342 77341
7084 7083
52646 52645
32558 32559
59212 59211
49582 49581
74105 74121
16373 16372
51530 51529
53851 54062
77210 77225
46444 46416
11182 11189
51852 51851
27776 27792
31077 31056
44184 44183
40096 40097
71236 71235
62283 62282
31098 31097
23522 23521
71678 71677
21978 21977
77208 77209
11587 11586
65718 65717
69691 69707
21715 21714
16734 16733
10631 10630
63140 63139
26312 26311
68593 68566
60951 60950
52782 52781
33090 33089
20806 20805
50967 50966
52207 52208
65492 65546
75882 75897
11039 11038
7185 7184
19177 19176
5660 5659
66567 66566
26739 26740
37481 37482
67029 67028
11251 11455
38222 38223
51354 51353
7940 7947
55708 55707
66499 66498
30053 30052
61523 61494
36997 36996
51669 51668
47873 47888
50609 50608
69368 69367
13986 13995
55817 55816
15573 15572
15136 15137
10663 10702
29648 29611
9446 9445
54160 54161
47759 47758
53859 53858
76217 76216
4300 4299
72132 72147
39461 39460
27560 27575
63538 63553
38602 38601
6755 6754
61391 61390
36070 36069
71481 71480
42348 42347
22765 22764
48316 48315
65962 65961
56622 56623
18167 18166
20681 20680
4688 4893
24051 24050
27198 27205
14968 14967
51580 51579
79847 79863
16035 16036
56202 56201
4856 4855
34683 34682
40778 40777
32767 32766
12627 12634
39594 39593
73943 73942
24510 24511
25548 25557
34394 34395
44171 44170
21316 21315
9558 9557
33067 33068
68464 68463
38968 38967
59727 59766
45324 45322
32100 32107
68189 68188
1648 1647
65243 65242
13930 13929
96 97
17663 17662
50131 50130
25106 25105
43308 43307
24894 24892
3950 3949
13982 13981
28528 28527
59231 59229
74328 74327
52076 52075
41003 41002
49780 49779
23750 22500
67180 67179
12242 12241
27474 27473
23724 23723
20550 20549
55485 55484
54316 54317
56548 56547
59124 59139
69695 69694
3459 3474
25253 25254
63836 63835
21688 21687
23592 23565
50832 50831
26426 26427
58044 58043
51936 51915
58088 58086
65612 65611
72305 72268
78233 78232
46840 46839
47175 47174
10144 10143
15288 15287
36641 36717
48566 48564
53736 53735
19215 19214
27982 27981
75207 75205
35876 35875
28212 28240
64832 64831
35914 35913
56164 56163
13139 13138
22517 22516
35749 35748
24848 24847
9296 9229
64617 64616
48100 48099
33329 33339
73750 72706
78815 78814
15337 15336
40394 40393
63584 63583
41779 41794
39144 39143
19144 19143
69067 69066
26887 26886
11658 11657
49886 49885
26965 26964
33280 33174
6865 6864
69932 69960
38230 38229
31732 31731
60247 60245
43257 43256
43436 43437
45123 45122
78382 78397
46263 46262
75765 75744
7052 7067
25278 25277
15324 15322
64632 64647
43175 43173
67713 67712
16722 16721
75447 75446
52515 52514
23946 23945
45546 45479
36025 36053
75426 75425
41940 41939
49787 49802
54335 54306
8238 8237
40194 40166
1443 1414
18852 18851
33845 33844
26104 26111
42310 42309
8431 8430
76820 76721
22401 22402
18190 18189
5360 5359
4685 4684
46458 46457
75695 75694
59908 59907
75042 75058
66769 66776
1743 1742
60780 60753
76691 76698
79511 79512
41688 41687
78019 78026
72006 72005
22505 22504
6580 6579
1726 1725
45394 45393
31406 31405
26214 26213
11070 11069
72442 72443
62345 62472
66801 66800
9015 9014
43638 43637
43404 43403
56746 56745
14721 14720
55636 55643
24110 24109
66853 66852
75473 75472
55606 55607
72645 72644
62727 62725
44860 44859
60811 60810
54463 54491
58223 58224
12530 12529
56666 56665
29763 29762
25785 25784
77395 77393
1468 1467
65697 65696
75746 75745
29224 29223
13054 13053
11591 11590
77922 77921
11600 11571
62437 62436
6250 7498
34279 34294
53987 53996
23121 23120
57973 57972
43539 43538
76501 76500
44019 44018
1318 1317
43447 43475
18348 18347
31009 31008
45093 45092
11759 11757
15757 15756
75124 75123
49421 49420
36627 36626
42955 42954
76523 76494
49829 49828
66217 66216
832 831
79063 79064
73280 73253
76510 76509
28505 28504
29775 29803
65023 65077
12856 12855
75849 75848
58965 58954
43741 43740
9400 9399
28729 28730
70857 70856
1978 1977
21098 21097
24957 24956
43818 43817
64311 64310
22345 22343
34137 34136
68243 68251
6969 6968
18695 18694
18148 18147
11199 11198
13425 13424
66914 66953
2585 2584
31810 31809
40228 40227
73049 73058
52204 52203
6113 6114
56695 56694
48585 48584
72679 72734
70340 70339
72573 72572
76493 76492
6642 6651
169 168
4509 4508
44062 44063
23402 23401
18102 18101
57153 57152
49232 49231
20947 20975
24413 24452
20276 20292
42887 42886
67380 67379
19499 19498
76643 76652
77929 77900
37367 37366
37472 37470
38012 38011
63752 63956
25119 25135
7016 7015
61880 61879
16251 16455
54870 54869
2621 2620
52255 52254
30373 30388
50634 50662
9833 9832
37345 37343
64571 64570
37295 37294
22119 22147
31688 31687
26310 26325
38972 38971
26906 26905
17090 16875
38499 38478
64142 64218
64733 64732
26020 26019
33972 33971
47830 47829
62779 62778
35565 35566
61801 61800
31834 31805
59109 59108
20353 20351
9540 9568
39111 39102
62073 62089
14310 14309
52520 52521
31383 31382
27629 27628
29782 29781
57791 57790
30939 30987
62041 62069
31944 31943
78652 78653
16409 16408
54456 54472
59077 59076
13395 13394
65251 65250
51618 51617
49419 49418
68652 68653
50808 50807
76076 76077
32173 32172
64912 64911
63361 63410
59510 59509
59577 59576
66882 66881
14993 14992
9350 9349
45159 45158
68335 68334
58599 58598
3824 3823
15650 15649
64794 64793
78781 78780
28324 28323
25947 25975
38005 38004
10510 10526
69227 69226
10018 10019
36618 36617
54585 54584
24871 24870
29034 29041
64443 64442
12479 12480
78168 78167
67212 67211
7866 7865
11339 11337
62205 62204
72958 72957
33306 33305
23886 23887
19396 19411
59627 59626
33678 33677
43207 43206
37285 37286
42497 42496
77987 77986
40688 40687
17020 17019
19541 19548
62910 62911
5148 5147
15828 15827
73574 73575
27383 27391
29467 29466
8772 8826
57103 57102
66 65
55830 55840
6421 6420
31150 31149
75019 75020
13280 13174
7680 7679
60932 60931
19594 19593
16925 16923
16883 16882
46373 46372
34629 34630
28816 28815
56941 56940
30842 30821
47765 47764
9637 9636
18439 18487
9707 9708
34127 34126
56522 56521
37316 37314
31940 31939
65412 65413
19260 19276
37755 37756
22468 22467
56304 56303
48205 48221
6377 6384
66302 66301
75958 75959
64859 64858
31699 31700
37185 37184
26030 26029
38650 38649
20595 20586
4863 4864
14379 14378
57099 57098
3027 3028
75549 75558
70213 70212
28312 28311
17305 17313
75720 75719
52986 52985
8644 8642
35040 35038
75857 75856
41767 41758
31852 31851
35169 35168
73527 73534
29253 29252
50303 50302
42928 42899
40234 40235
41371 41370
24818 24817
79290 79289
4961 4969
11808 11806
66964 66971
56733 56732
75651 75650
2230 2229
41540 41539
75670 75669
68806 68805
11855 11856
65547 65480
9266 9265
17342 17315
30971 30970
45003 45002
75483 75482
8427 8426
15198 15197
39677 39676
61025 61024
49234 49233
74929 74928
4116 4115
71451 71450
38448 38455
56527 56543
45095 45094
36837 36835
29446 29445
48457 48458
45684 45685
15749 15748
49038 49037
64054 64053
77787 77786
55388 55387
13459 13474
68426 68425
58698 58697
6585 6639
11402 11401
36127 36126
28050 28049
16450 16449
49894 49892
75195 75167
43209 43208
15480 15478
55219 55218
13873 13872
7118 7117
51793 51792
70655 70654
4400 4399
16392 16391
50115 50086
33598 33597
12505 12504
22572 22571
30465 30464
74583 74582
24175 24174
59160 59161
27755 27756
38676 38675
53581 53580
29835 29834
45188 45187
67279 67278
12572 12571
24570 24569
4087 4086
25444 25443
41581 41582
7215 7214
35757 35756
65572 65571
72893 72902
12016 12015
2137 2136
72616 72587
3280 3174
7149 7157
62059 62058
58468 58467
48283 48299
79513 79514
8334 8333
58756 58755
77456 77455
55699 55698
52080 52087
26908 26907
53109 53108
39503 39501
73730 73731
79330 79329
12345 12343
23336 23335
24402 24401
32999 32998
3436 3437
14177 14176
9550 9551
13134 13162
28697 28696
26343 26342
55494 55493
44396 44411
10431 10429
38528 38527
79745 79744
20198 20197
72637 72638
66139 66138
61830 61829
36123 36122
1049 1048
70798 70797
53373 53372
51631 51630
65685 65686
20889 20888
70683 70684
38876 38867
62707 62705
41098 41097
5770 5769
50385 50384
41566 41565
12581 12580
35623 35225
37560 37575
16428 16483
22663 22662
48828 48904
5560 5559
50736 50735
78114 78113
69712 69711
40095 40094
16343 16342
76968 76967
66010 66009
23513 23512
51528 51527
23283 23299
26348 26349
14533 14549
65001 69999
68030 68045
12100 12107
17253 17252
69510 69509
24618 24617
54388 54387
73609 73608
76712 76711
59261 59277
26322 26321
18399 18407
23184 23185
58460 58475
39310 39309
71323 71322
48302 48317
23137 23136
77387 77386
29666 29665
66162 66161
34989 34988
49369 49368
37631 37630
722 723
48346 48345
9300 9299
23001 23000
53229 53228
75500 75499
29148 29147
7824 7822
26115 26130
59027 59043
161 160
8304 8303
64100 64099
8741 8740
46530 46529
73880 73879
26646 26645
59370 59369
53547 53546
76175 76191
44218 44064
11186 11185
68413 68412
26282 26281
58277 58276
51732 51731
50675 50673
39616 39615
5846 5845
10768 10767
41623 41638
76262 76260
6358 6357
59487 59486
46235 46234
6603 6601
20013 20012
49608 49609
8329 8339
61503 61502
48369 48397
65578 65577
73944 73915
39574 39573
30030 30029
33726 33725
53428 53427
77205 77204
18146 18161
52335 52334
31216 31215
40684 40685
27696 27695
41946 41945
64231 64229
3676 3675
36102 36101
15353 15351
31689 31680
46148 46147
72446 72445
77679 77734
9552 9567
28410 28408
3680 3679
72751 72750
9778 9777
56313 56312
75761 75762
26468 26467
46310 46325
79908 79907
42238 42236
8950 8949
3194 3193
63893 63892
19338 19354
20872 20871
71851 71850
35318 35317
1931 1930
78161 78160
41705 41704
59267 59266
48963 48965
3179 3178
34329 34328
76503 76502
67627 67618
77559 77560
598 597
50734 50733
50077 50010
43990 43989
42215 42214
41997 41996
11188 11187
68914 68913
22692 22691
48952 48951
15550 15549
35648 35647
17908 17907
56451 56450
60977 61016
24144 24143
25017 25016
34462 34490
67596 67595
25115 25086
22680 22679
64254 64253
11779 11794
56321 56320
45438 45437
9359 9358
26665 26664
40694 40693
49317 49318
72624 72623
30446 30445
17917 17916
58853 58852
14900 14899
58752 58956
6532 6531
27207 27208
19960 19923
20283 20274
50977 50985
4121 4122
67044 67043
74605 74604
61401 61400
66101 66100
38592 38565
4516 4515
54748 54749
72914 73749
36589 36588
68418 68419
64517 64516
43433 43432
11341 11340
19683 19682
68047 67980
20936 20937
67781 67780
71422 71421
57619 57617
14384 14412
25936 25937
4709 4724
73472 73471
45522 45521
60803 60818
76380 76379
11999 11998
7850 7821
55059 55060
75143 75142
30583 30582
17574 17573
36675 36674
21648 21647
70458 70457
27522 27576
22259 22258
35997 35998
1466 1473
18693 18708
67140 67139
13389 13388
29410 29409
64607 64606
49812 49811
13412 13411
63359 63360
62552 62551
11170 11172
49911 49910
45916 45915
68124 67726
68590 68589
37644 37643
48680 48679
4080 4079
46978 46977
22479 22480
19033 19024
52989 52990
12892 12901
56979 56978
62019 62018
65807 65806
54849 54848
5516 5515
70869 70868
38745 38744
42993 42992
21618 21617
17333 17332
63341 63126
8701 8700
10161 10160
74561 74560
58420 58421
29827 29806
21066 21064
11946 11945
34711 34710
77265 77267
28134 28162
59284 59283
71033 71032
37143 37142
71377 71368
13135 13142
69380 69379
234 235
51736 51735
52337 52336
72882 72881
18429 18428
5820 5819
33587 33586
3592 3565
15232 15231
55926 55925
18946 18945
71560 71559
77916 77915
54096 54095
14717 14716
21011 21010
24503 24501
38763 38762
53251 53242
65132 65131
68502 68501
58474 58473
55215 55204
3906 3905
71710 71709
63779 63778
75405 75404
78609 78608
40218 40217
48509 48508
46718 46564
68227 68226
70359 70358
57482 57483
14818 14817
45144 45143
79758 79757
28213 28220
64718 64717
44850 44849
12052 12067
42438 42437
58212 58211
22060 22059
75977 76016
59748 59749
68552 68551
15036 15035
5780 5674
78622 78621
18048 18057
6891 6890
77465 77464
34909 34908
10295 10310
54758 54757
54741 54740
18391 18390
41424 41425
47680 47679
64842 64841
63802 63801
5220 5219
74452 74454
52528 52527
58884 58883
50658 50657
44304 44303
70661 70660
49833 49832
40411 40412
4321 4320
17194 17193
45967 45966
7812 7813
77462 77470
45854 45853
36599 36598
55682 55681
48410 48408
64176 64175
74115 74114
7913 8748
55355 55371
2325 2326
76895 76896
47648 47647
15390 15323
22862 22869
30675 30673
35573 35572
1914 1922
1276 1275
41324 41323
39112 39119
72414 72413
65542 65541
48054 48053
28964 28953
67378 67377
13604 13611
53910 53909
26533 26524
8629 8628
70082 70081
26766 26765
70616 70615
78011 78027
20852 20851
57683 57682
10694 10693
71248 71247
5999 5978
77947 77946
64210 64209
16904 16903
28827 28760
51549 51548
55229 55228
18232 18231
57402 57403
43701 43700
12084 12083
53817 53816
76105 76112
61292 61308
64527 64526
43843 43842
71275 71274
65595 65594
69790 69789
62827 62826
31140 31139
41509 41508
7537 7508
60048 60047
16081 16080
62685 62684
6637 6636
72607 72606
14499 14498
63502 63501
60699 60698
50806 50805
44979 44980
3963 3965
68477 68516
36921 36920
14835 14834
69728 69736
3381 3396
52110 52159
29066 29065
9683 9682
40316 40315
26834 26805
33326 33325
42986 42985
33167 33166
45020 45021
62721 62720
30869 30897
64392 64391
62454 62453
33619 33618
17713 17715
63689 63688
8105 8106
41039 41038
44391 44390
23349 23341
76527 76543
9797 9796
69022 69021
53762 53760
67773 67744
65059 65060
54143 54152
68373 68372
75440 75431
31211 31219
47449 47448
47166 47165
41640 41573
40730 40729
31774 31773
62465 62464
43255 43254
1207 1206
1136 1135
78679 78678
77326 77327
38860 38859
51796 51729
57163 57162
10222 10221
72387 72386
51665 51664
30390 30323
39512 39513
46041 46040
44234 44233
18923 18922
15764 15743
1150 1149
70849 70848
11003 11002
66920 66919
77437 77436
58634 58642
40745 40744
5633 5632
71424 71423
74853 74852
26603 26601
9022 8993
49604 49603
6562 6563
67578 67511
50749 50748
61078 61057
30719 30718
43978 43977
65354 65352
68396 68395
33017 33008
25923 25922
63353 63352
76928 76927
34770 34769
63106 63107
25988 25986
31411 31410
73603 73602
16726 16725
5778 5777
40581 40580
48911 48910
45712 45740
28797 28796
16094 16221
16301 16300
78578 78557
66945 66944
18865 18836
33446 33445
53424 53423
44156 44155
10286 10285
33137 33136
46505 46506
75153 75152
738 737
2530 2529
68307 68306
8310 8309
19462 19490
26233 26212
999 978
65185 65184
38535 38536
19377 19393
55346 55345
3350 3357
40965 40964
10272 10243
37883 37882
13589 13588
33290 33318
35104 35103
74901 74900
64349 64348
18047 17969
75712 75711
26335 26334
70951 70950
70687 70666
39285 39284
51779 51794
52951 52966
38247 38246
45379 45378
9338 9354
35537 35536
3900 3899
45034 45033
15713 15720
43831 43830
10518 10525
72444 72459
7108 7109
40635 40642
63437 63438
30881 30896
31081 31080
61666 61665
38573 38574
66040 66039
65634 65633
32431 32459
40967 40966
14955 14954
25171 25170
57565 57564
74720 74719
58544 58543
62694 62665
74023 73994
41961 41960
32377 32376
34033 34024
36301 36300
6350 6561
47976 47975
34425 34423
68592 68591
48419 48420
66989 66988
54269 54276
8822 8821
19331 19330
55233 55232
64504 64502
41235 41234
42740 42739
50459 50458
29427 29426
54029 54028
48360 48409
13181 13180
3482 3481
4344 4343
28750 27500
43982 43981
19624 19623
67323 67322
71918 71917
54792 54791
49507 49506
56590 56589
41736 41735
39472 39473
50529 50544
67770 67769
73817 73816
65880 65881
19259 19257
15250 15249
56370 56386
34957 34956
66463 66462
13154 13153
48651 48652
33289 33288
66025 66024
76993 77001
21751 21750
8133 8132
68155 68154
62573 62572
13304 13303
18888 18903
26358 26357
60845 60844
48366 48365
61563 61564
12871 12872
14936 14935
64362 64361
34440 34439
9681 9680
21276 21275
9858 9857
15255 15256
79100 79099
5842 5821
6007 6006
38182 38183
48921 48920
32589 32587
30188 30187
53090 53089
52736 52745
22963 22962
20394 20393
24793 24792
61615 61614
65614 65613
35830 35837
65319 65318
27835 27889
2505 2504
56366 56337
74157 74156
50449 50450
12030 11924
54048 54047
15969 15968
65046 65045
5214 5203
14224 14223
20547 20469
63061 63060
23659 23658
30077 30010
74197 74196
30354 30370
15812 15811
59561 59560
37932 37948
52858 52857
76884 76883
55865 55864
59754 59753
58010 58008
779 752
23219 23218
73993 73992
42247 42248
37341 37340
25142 25141
17896 17895
17673 17672
72541 72539
27086 27085
13711 13719
21245 21244
42352 42351
48188 48187
50931 50930
67290 67289
40660 40659
5609 5608
45789 45788
38050 38049
66192 66193
64426 64424
50013 50012
56206 56205
40615 40614
34431 34430
13228 13227
59294 59293
54134 54133
73106 73107
52572 52571
9224 9223
61219 61218
36929 36928
41328 41404
16850 16849
23956 23954
15730 15729
2507 2506
1682 1698
77011 77012
20461 20460
10232 10231
56687 56686
60103 60102
70115 70114
65233 65232
34856 34855
66225 66224
20293 20294
59223 59222
8417 8418
63853 63852
76027 76034
48268 48267
28651 28652
60096 60095
39671 39650
33701 33700
20950 20949
28283 28299
63017 63016
66756 66755
32633 32632
41210 41173
10774 10773
72920 72919
30048 30039
21713 21712
65903 65902
60867 60866
24964 24963
15503 15502
50174 50175
74779 74778
55970 55969
22936 22935
59372 59371
23572 23571
54155 54154
49606 49605
59353 59352
75071 75070
14873 14872
76299 76290
42861 42852
9465 9464
30560 30559
4520 4519
36241 36240
6263 6262
30402 30400
38255 38254
10806 10805
68798 68797
46997 46996
39000 38999
31037 31052
78170 78169
3300 3301
9167 9166
32312 32311
21446 21445
49540 49568
39450 39449
7476 7475
20062 20061
67097 67096
53514 53516
32629 32628
58112 58111
78639 78638
50619 50618
73315 73314
29865 29880
28148 28147
66111 66110
69864 69865
9391 9390
10275 10273
4163 2501
61567 61566
29298 29307
40854 40853
31278 31277
70926 70925
56306 56305
67764 67763
62709 62708
17783 17774
28986 28995
37688 37687
79415 79423
2445 2444
59992 59991
73597 73613
40297 40296
14245 14244
35194 35166
67374 67373
76099 76098
41197 41196
40257 40157
47752 47751
10584 10555
5373 5388
64555 64554
3444 3443
10417 10416
37759 37758
3416 3415
45635 45642
70462 70461
9034 9041
22112 22128
20658 20657
65157 65156
47574 47573
19011 19010
1940 1939
26314 26313
41458 41457
8033 8032
6934 6935
21442 21441
18184 18185
58576 58577
50883 50882
65086 65085
16859 16858
76877 76875
9270 9269
70699 70698
12524 12523
62992 63046
45554 45553
37856 37855
35810 35809
29040 29039
34789 34788
36747 36746
30228 30227
76399 76398
53744 53743
51785 51784
54441 54440
64741 64740
13646 13645
32190 32206
3549 3548
67550 67557
73544 73543
67174 67173
68614 68615
52118 52117
56168 56167
52980 52978
78076 78075
63377 63376
64748 64749
63578 63557
30552 30551
12700 12699
28006 27977
51146 51145
43761 43759
35631 35630
7209 7224
55277 55293
64341 64340
6272 6326
6195 6194
46845 46836
6058 6057
69992 69991
36456 36454
50228 50227
1270 1271
22247 22248
29818 29817
42841 42840
72819 72818
73715 73714
77277 77284
43595 43593
26184 26183
49526 49525
5760 5761
58392 58391
14285 14284
20779 20752
16191 16192
42164 42163
22623 22622
74155 74154
19692 19691
74265 74264
7466 7465
66877 66875
38543 38542
68099 68098
51255 51254
5432 5448
13932 13931
45824 45823
4602 4601
34612 34628
22293 22292
55384 55383
52866 52865
36802 36801
1815 1816
32373 32372
74733 74732
49310 49309
18217 18216
75833 75832
33192 33191
184 183
63939 63938
64301 64300
41976 41975
16440 16439
56874 56476
33879 33878
31218 31217
44482 44481
23469 23468
58296 58295
20499 20498
54540 54539
6312 6311
40089 40087
20712 20740
26713 26712
58428 58427
51804 51803
7623 7622
40461 40460
79690 79738
27528 27527
69902 69903
71420 71419
12050 12051
44455 44471
5862 5878
46646 46645
46146 46145
35341 35340
78863 78862
67132 67147
51969 51968
59536 59535
6270 6271
66676 66675
16739 16740
45459 45458
52574 52573
62085 62084
5226 5224
79561 79560
52333 52332
15613 15612
47875 47874
33083 33082
52375 52374
46787 46786
48743 48742
64992 64991
52955 52954
19671 19650
61901 61900
20171 20170
35434 35433
64094 64093
1633 1632
60998 60999
5973 5972
28932 28931
51462 51461
46681 46679
66535 66542
9017 9016
19596 19595
72677 72678
854 853
70354 70352
66830 66829
36316 36315
16188 16187
10003 10002
40824 40823
21883 21882
62590 62588
1686 1685
71907 71906
73633 73672
59178 59177
48583 48582
43824 43823
66933 66934
76851 76850
70380 70379
27196 27195
60831 60838
36737 36738
66918 66917
27636 27637
79297 79230
67205 67204
52274 52273
43598 43597
15489 15490
17940 17947
52396 52395
5415 5414
14461 14460
77715 77704
49417 49416
5592 5591
69390 69389
18602 18601
55029 55028
55777 55776
52175 52174
62439 62438
51144 51142
74728 74736
7732 7731
22560 22575
67651 67650
74739 74737
6291 6307
34438 34437
29033 29024
17388 17387
70568 70569
76437 76436
14541 14548
3463 3462
51705 51704
75310 75309
48934 48933
6398 6397
65231 65230
10060 10075
23471 23470
15269 15268
45297 45296
38272 38271
26121 26120
61655 61654
21991 21954
71885 71913
24580 24587
57380 57379
71691 71698
810 809
53683 53690
46526 46542
57825 57823
5438 5437
54954 54953
18592 18565
18016 18015
72912 72913
49253 49252
70262 70261
33978 33977
34334 34305
67569 67568
35242 35241
17188 17393
27818 27817
30592 30591
29154 29153
20190 20189
39140 39073
9337 9335
34289 34288
53505 53504
23344 23343
75777 75776
76294 76293
33102 33101
38029 38044
9770 9769
53 52
40133 40132
10194 10166
47847 47846
52936 52935
61687 61686
38926 38927
34408 34407
45041 45057
77178 77177
20626 20624
12940 12947
21837 21835
30866 30865
66617 66616
19371 19370
31762 31761
69567 69566
31821 31820
63019 63026
59739 59737
76529 76528
18896 18895
26299 26306
79864 79865
56725 56724
59758 59757
77789 77788
57945 57944
34890 34889
40024 40023
4377 4393
43467 43466
9909 9908
50656 50655
26861 26860
19537 19536
50856 50855
61177 61176
20055 20054
75384 75383
66527 66543
6910 6909
7126 7125
806 805
9342 9341
46834 46805
73172 73171
44702 44701
33131 33130
3674 3690
8358 8359
23406 23405
17595 17594
70160 70159
18573 18574
32352 32351
41024 41023
55960 55975
25669 25668
43442 43441
27799 27798
56964 56971
3144 3145
54579 54578
35118 35116
16777 16778
14247 14246
29616 29615
78296 78295
63523 63522
42626 42617
9639 9638
5337 5336
16272 16326
66067 66065
20265 20264
60107 60106
50684 50685
25269 25268
51652 51650
28549 28548
52984 52983
14791 14790
51927 51926
21631 21630
53694 53709
45759 45758
20757 20756
68519 68535
46726 46725
36753 36752
10108 10107
49040 49039
39315 39316
63212 63211
36022 36021
18778 18777
57401 57400
17173 17172
29759 29758
44574 44573
67523 67577
38651 38652
16026 16033
31696 31695
70435 70434
76828 76827
23200 23199
47202 47201
32894 32893
18280 18174
16694 16693
29744 29743
51845 51836
7263 7262
63103 63102
64466 64465
61134 61142
49427 49426
69409 69408
45709 45708
70920 70921
55689 55688
23722 23720
31182 31189
35567 35568
16724 16723
9932 9939
58386 58385
39763 39762
17636 17637
48678 48677
55665 55673
71501 71500
36827 36826
24879 24878
11129 11128
32896 32895
23638 23637
26291 26307
60063 60062
15728 15727
49602 49601
45350 45321
56050 56049
39917 39916
39951 39950
55056 55055
39829 39828
56154 56155
50707 50706
41837 41835
20011 20009
73668 73667
72947 72946
13820 13819
23230 23229
38743 38742
43096 43103
56719 56565
299 298
6762 6761
60243 60242
71340 71338
7189 7237
36066 36064
69676 69675
28589 28588
42659 42658
31549 31548
26522 26493
61577 61576
56096 56094
20489 20490
42667 42665
9835 9834
58519 58535
31132 31171
55111 55110
73607 73606
57693 57692
46885 46892
8282 8281
1910 1909
9791 9790
19267 19258
8280 8174
33924 33925
43348 43347
34359 34358
33623 33622
9848 9847
70765 70744
73641 73640
52398 52397
28163 28202
5639 5638
49224 49223
71055 71018
57031 56925
55201 55200
4379 4378
64252 64251
2690 2689
8633 8641
11599 11598
58552 58551
10795 10794
20554 20553
20347 20346
46557 46556
34808 34807
2879 2878
45089 45087
10259 10258
48555 48563
51464 51453
56809 56807
65099 65100
41635 41634
10933 10932
46159 46158
60500 60499
7686 7685
13638 13637
25468 25314
62952 62967
11896 11911
63914 63913
34379 34378
46591 46590
12152 12151
43262 43263
27094 27093
63388 63387
70258 70158
1848 1847
79580 79590
44137 44136
57851 57822
15694 15693
27217 27216
14129 14128
5598 5597
30377 30376
44438 44437
764 743
48545 48544
58874 58873
73164 73203
4812 4811
55195 55167
11834 11805
178 233
64777 64784
78327 78326
73628 73627
31673 31672
26797 26719
72891 72824
42596 42597
56264 56263
50950 50949
4373 3975
76410 76409
61004 61003
45303 45302
58804 58803
72869 72868
57025 57024
12997 12996
57831 57830
17820 17819
14989 14988
15887 15886
27661 27660
18171 18170
72260 72259
61951 61950
26618 26617
32939 32930
24116 24115
45848 45847
52213 52212
70367 70366
27226 27265
54183 54199
34532 34531
27114 27113
22369 22368
32505 32504
46030 46029
42524 42523
43241 43204
48222 48223
41265 41264
30385 30384
39749 39728
64790 64789
13117 13116
42625 42624
74887 74886
72928 72927
78103 78102
50007 50006
65713 65741
78571 78570
44462 44490
63941 63940
22405 22384
11470 11469
14144 14143
303 302
74235 74234
15230 15229
41478 41477
13158 13157
5736 5735
64620 64648
42646 42645
56285 56284
18188 18187
21035 21036
38003 38002
30362 30369
48217 48216
26517 26516
28875 28874
72789 72788
68023 68022
866 865
62149 62112
47350 47349
28560 28559
71598 71597
40362 40369
198 197
52434 52433
65628 65644
58933 58932
19264 19263
65344 65343
74313 74312
76870 76869
55978 55986
50453 50452
76376 76375
18958 18957
8674 8690
37540 37538
69498 69497
55996 55997
70544 70543
3314 3313
63889 63904
13729 13730
32215 32214
31144 31142
63969 63968
59531 59425
63872 63871
36079 36078
15034 15033
29981 29982
35562 35561
67893 67902
53965 53954
29898 29897
68382 68397
4867 4866
7976 7975
40973 40972
77093 77072
8733 8712
24976 24975
891 890
39793 39792
53197 53196
76914 76953
60983 60982
26022 26021
25698 25697
66575 66573
6663 19998
29121 29122
9580 9587
59769 59785
76888 76887
40587 40585
57754 57755
2386 2385
45326 45325
41804 41803
17748 17747
9850 9849
65416 65415
76208 76207
44600 44607
21821 21820
15814 15813
66451 66450
32868 32867
32638 32653
40588 40604
22323 22324
32464 32463
5318 5317
18473 18472
32348 32347
64946 64945
72756 72757
17261 17260
53877 53868
75187 75186
13071 13070
12927 12926
29612 29628
5070 5069
49669 49670
35011 35009
33579 33578
67674 67673
35925 35924
46587 46586
77025 77024
10265 10264
19662 19661
52581 52580
23291 23298
28096 28103
74470 74469
27009 27008
51810 51809
73802 73801
31476 31474
72689 72688
16170 16172
65241 65240
39205 39204
60548 60470
46635 46634
40060 40075
4690 4706
71643 71652
49968 49967
31837 31835
23020 23019
69530 69503
2190 2206
18414 18413
25917 25918
53799 53790
16320 16319
67103 67102
37308 37307
29425 29423
60139 60154
19486 19485
60742 60705
16436 16435
5705 5721
70873 70872
20048 20039
49112 49119
52540 52538
904 903
3219 3218
57004 57002
35297 35296
2908 2907
34530 34424
77575 77574
53953 53952
5440 5447
8577 8556
12072 12088
37548 37539
67990 67991
75735 75734
3264 3243
7287 7302
38761 38759
16214 16213
5656 5655
55995 55994
69316 69317
4626 4625
75443 75442
66811 66810
69979 69978
44582 44581
68443 68442
18570 18569
45648 45647
61124 61123
75794 75793
70794 70793
28332 28331
60807 60806
56769 56776
49199 49200
9078 9077
48213 48220
78182 78181
33716 33715
14478 14477
48177 48176
29721 29720
24930 24929
25541 25540
58458 58459
20390 20323
56152 56153
49763 49762
44780 44779
18936 18935
37690 37689
73660 73659
14616 14615
55157 55156
25846 25845
56052 56051
63091 63090
45252 45251
75145 75144
60659 60658
3876 3867
9852 9851
29532 29531
23604 23611
19740 19739
51037 51052
31669 31668
48902 48901
76657 76656
67283 67282
73512 73511
13349 13341
47591 47590
57224 57223
46988 46987
69069 69068
70500 70499
37118 37117
63309 63308
77727 77725
44116 44115
22541 22557
47426 47425
47291 47290
42896 42895
24919 24918
37980 37978
33735 33734
31513 31512
75363 75370
15696 15695
71860 71859
77101 77108
32278 32277
53442 53441
30406 30405
21070 21069
54819 54818
35417 35416
43362 43378
58935 58934
36549 36548
23958 23957
1079 1078
7564 7563
65907 65906
12713 12715
38551 38550
78993 78992
53764 53763
34618 34617
57113 57129
3247 3246
73011 73027
724 739
46532 46531
45701 45703
44032 44031
74504 74502
9947 9946
30284 30291
1739 1740
33577 33556
21600 21571
53220 53219
28950 28949
73197 73196
8608 8607
79437 79416
2474 2473
50778 50777
3513 3512
36400 36399
7520 7521
66183 66190
55940 55988
24078 24077
13850 14061
69557 69556
58242 58205
18856 18855
3369 3397
40404 40403
37748 37747
79701 79700
37344 37471
16375 16374
56254 56253
41356 41355
70469 70315
37293 37292
58210 58209
21887 21886
54802 54801
61192 61193
11533 11524
35988 35986
43236 43235
75934 75933
14610 14659
11270 11271
7060 7059
40637 40636
57427 57426
42826 42825
10190 10189
53130 53129
9385 9392
53847 53848
6430 6429
22312 22311
45501 45500
16132 16171
55525 55524
4389 4388
15040 15038
275 273
67201 67200
44350 44349
57707 57705
34633 34632
69939 69938
55796 55795
67531 67530
12245 12246
75510 75508
50959 50974
76941 76940
18919 18918
11871 11870
66537 66536
17537 17508
734 733
15184 15183
48119 48118
4450 4449
52673 52672
48716 48715
63552 63551
57456 57455
1009 1008
75059 75060
71334 71333
22698 22697
45173 45172
62753 62752
31354 31353
26931 26930
41747 41746
14726 14765
47188 47393
41022 41021
30436 30435
7831 7832
2358 2357
65393 65402
71309 71310
49976 49975
65640 65639
21965 21964
69920 69919
57764 57763
78451 78450
58260 58259
77613 77612
78573 78572
24654 24653
8477 8485
79809 79808
69485 69484
16917 16916
51261 51259
30142 30141
65496 65495
70247 70245
31339 31337
2040 2068
6104 6111
63382 63397
35305 35304
70147 70146
29774 29773
18447 18475
73096 73087
5893 5892
19081 19082
20432 20448
75871 75878
13818 13817
37342 37315
25899 25907
66254 66253
34510 34511
54771 54770
76579 76578
45078 45154
51138 51137
71194 71209
52750 52749
76240 76239
74895 74893
28113 28112
29334 29305
74902 74903
64225 64224
45755 45754
18678 18677
52141 52140
74119 74118
47056 47055
68350 68342
47913 48748
25724 25739
5988 5986
24253 24252
52610 52609
55863 55879
6957 6956
63301 63302
42936 42935
39203 39202
26098 26097
53539 53538
17837 17836
28416 28415
2631 2630
56518 56517
28585 28584
54609 54610
31737 31738
72514 72513
42702 42701
10362 10369
29572 29588
10927 10926
4631 4646
52285 52286
16235 16234
18644 18642
69684 69683
3362 3378
32474 32473
48349 48341
13583 13582
66939 66938
44194 44193
78567 78565
30169 30168
73519 73535
48799 48806
2045 2044
75754 75752
13148 13147
1984 1983
42674 42675
60134 60133
53430 53429
24169 24168
32919 32918
21877 21893
5971 5970
23539 23538
17012 17013
39359 39358
38119 38118
32430 32429
28381 28396
36482 36481
68122 68121
51224 51223
79541 79569
4472 4473
66026 66054
2198 2205
45971 45970
19028 19027
17562 17561
44926 44925
20358 20357
33926 33927
49931 49959
17551 17550
43934 43933
49055 49054
16982 16981
15328 15327
64979 64978
16755 16754
77216 77215
48810 48825
1343 1342
14823 14824
14530 14424
9886 9885
54927 54926
40353 40351
23399 23407
51648 51647
27126 27125
17213 17212
39550 39551
10140 10139
19853 19881
52304 52267
35575 35574
2783 2774
19373 18975
73373 73372
68371 68378
33864 33863
68343 68322
46233 46212
35465 35464
54925 54941
49785 49786
32669 32668
47383 47391
44201 44216
3050 3049
70052 70051
64948 64947
47012 47013
49530 49424
29165 29164
44442 44441
61617 61616
32363 32364
32873 32888
10887 10886
31115 31130
11377 11384
57672 57671
41434 41433
13545 13544
79632 79647
56240 56239
13499 13478
19983 19962
42925 42924
71834 71833
21867 21866
46320 46319
31257 31256
30850 30857
18595 18593
55955 55954
4775 4803
8921 8920
24319 24220
31533 31524
58231 58230
43349 43341
49167 49166
8211 8210
18349 18341
15049 15056
63719 63718
19574 19573
4719 4718
15939 15987
23705 23704
13629 13628
43352 43351
40428 40399
10881 10896
15013 15012
31942 31941
79674 79673
79577 79576
16498 16497
41844 41843
57292 57291
78341 78126
48877 48884
50398 50397
73510 73509
48968 48967
28824 28823
42982 42981
20869 20897
21496 21494
64452 64454
32987 32988
57735 57736
14928 14927
20778 20777
60050 60057
15947 15975
65287 65286
75801 75802
43691 43692
23735 23734
30398 30397
77199 77206
18877 18884
4681 4680
39579 39589
31022 31021
74944 74959
53096 53103
51606 51605
75584 75583
25049 25056
78335 78334
1352 1351
67575 67574
22667 22665
32325 32326
2426 2425
65850 65842
55407 55406
26976 26975
29882 29921
53872 53871
46896 46911
35081 35080
48822 48821
20263 20262
65720 65719
11921 11920
35849 35841
52835 52889
26245 26244
49590 49375
69418 69417
48636 48635
27082 27081
66641 66574
31025 31053
1604 1620
50220 50219
76826 76825
49108 49107
1785 1784
5501 5500
50474 50473
10345 10344
54513 54514
37959 37958
2627 2634
79944 79959
7803 7802
5510 5526
30438 30437
3398 3361
3404 3403
41241 41240
16785 16784
46661 46662
17367 17366
77892 77968
37382 37421
67634 67633
58540 58539
51320 51319
38107 38122
10318 10317
56763 56762
72480 72481
15562 15561
74320 74221
15793 15792
75926 75925
6505 6506
68599 68598
16443 16414
23820 23819
29181 29179
59346 59337
3964 3953
32382 32421
55943 55942
45779 45752
11207 11206
67492 67491
849 841
64299 64308
18864 18863
36741 36795
38473 38472
5558 5556
70783 70782
9945 9944
46667 46666
55487 55486
65285 65292
14040 14039
79418 79417
75599 75598
13722 13720
31297 31296
71431 71430
6741 6795
75815 75814
43484 43483
18111 18110
46243 46242
41233 41212
44917 44916
8362 8378
77006 77005
59069 59068
25715 25714
57855 57871
37495 37494
42345 42343
15286 15285
26519 26518
12854 12870
24888 24887
40020 40021
60882 60897
62087 62086
58639 58638
46969 46968
37074 37073
40066 40065
66977 66976
56737 56736
57277 57284
30070 30069
62651 62650
31290 31288
5931 5930
74405 74404
52720 52719
64155 64154
57077 57076
23160 23159
78269 78268
76429 76484
1286 1285
1020 1019
40114 40113
23749 22705
6877 6893
58817 58816
28688 28687
74498 74497
57813 57814
55779 55778
52871 52872
39190 39197
55006 55005
79752 79751
2047 2046
78254 78252
26509 26508
38786 38785
74760 74759
64162 64163
55488 55489
75610 75609
14550 14551
67376 67375
16774 16773
43324 43323
60078 60011
4492 4500
12987 12988
35095 35094
53098 53097
1777 1778
4931 4959
20533 20532
21490 21489
15246 15244
70008 70007
53031 53030
29983 29962
6039 6038
58844 58843
32830 32829
54031 54030
72286 72287
48854 48853
34664 34663
29256 29227
50133 50132
67023 67022
48876 48867
39913 39912
55348 55347
67819 67818
40468 40314
11641 11717
27339 27338
29924 29940
64557 64556
31327 31260
49448 49447
50373 50388
47776 47792
30854 30853
57639 57654
31869 31868
11762 11761
64975 64974
19629 19630
35303 35302
74231 74229
77418 77417
31106 31105
6681 6679
54261 54277
11178 11177
63307 63306
63901 63900
49622 49621
31440 31439
59351 59350
28513 28512
21652 21650
41444 41416
32656 32655
50330 50329
53579 53578
40343 40342
2377 2376
9243 9242
65481 65479
50250 50249
57758 57658
48549 48548
28150 28149
61890 61889
1641 1717
57429 57428
44230 44228
69536 69535
60761 60762
9340 9339
37636 37637
38241 38204
71962 71961
45912 45911
35644 35645
70363 70370
29941 29942
3287 3286
30615 30614
1496 1494
48572 48571
33071 33070
68355 68354
65695 65694
73828 73761
6900 6899
67784 67775
56670 56669
24841 24840
20148 20147
40856 40855
62482 62483
4131 4130
15959 15974
57296 57295
39941 39942
26369 26385
55462 55461
20236 20245
18810 18825
54777 54784
20491 20545
61175 61191
25828 25827
43476 43515
57514 57513
70456 70455
43921 43920
41502 41501
57313 57312
33707 33706
66767 66766
17164 17163
22726 22724
42131 42146
4158 4157
24945 24944
38902 38901
34848 34847
66031 66030
1500 1499
31814 31813
79984 79963
45451 45466
24594 24593
24845 24843
6293 6292
67966 67965
44505 44504
8686 8685
44896 44895
40272 40243
33602 33601
48528 48527
36931 36930
15759 15758
77330 77329
1087 1086
33346 33345
12694 12666
25133 25132
33865 33836
58515 58517
4677 4676
65555 65554
32621 32620
31644 31643
32066 32065
22255 22254
20423 20422
55392 55468
74437 74416
65365 65364
64712 64711
77132 77147
60175 60176
65073 65072
22098 22097
40126 40117
35482 35481
29142 29151
74063 74064
48372 48371
55435 55434
22783 22774
31919 31918
79914 79913
12623 12622
53600 53599
65608 65623
22740 22739
68891 68890
37537 37508
26247 26246
24488 24487
3520 3519
59620 59648
45214 45203
74223 74222
46482 46481
9321 9320
51151 51152
42906 42905
47682 47681
62279 62278
43194 43193
39656 39655
27790 27789
55172 55171
66704 66703
74309 74307
51831 51830
15123 15122
72224 72223
15810 15809
21814 21813
41278 41277
38379 38380
1478 1477
62142 62141
48238 48237
30607 30622
40832 40831
61619 61618
65584 65583
79451 79450
46352 46351
2181 2180
74638 74637
32485 32484
73758 73757
29025 29023
5701 5703
67695 67667
17457 17456
10461 10460
17955 17954
1157 1156
14579 14589
42780 42779
21032 21031
29522 29521
76920 76919
5658 5657
38490 38489
35316 35315
69240 69241
17693 17664
16345 16344
19055 19054
52959 52958
68321 68320
32753 32754
44043 44044
40711 40710
7375 7374
72855 72871
2871 2872
29562 29561
29686 29687
53734 53713
27830 27829
59315 59314
30734 30733
40535 40534
77328 77307
47763 47762
63809 63810
75880 75881
1621 1622
41840 41839
60253 60252
31948 31947
43146 43161
20660 20659
70046 70045
37866 37865
31075 31076
68830 68839
5102 5101
8065 8066
30514 30513
2816 2815
50278 50277
52198 52205
12078 12077
6604 6620
74591 74376
66300 66307
73233 73232
46350 46561
25999 25978
19839 19838
69544 69543
52615 52586
56664 50001
19205 19204
2133 2132
47566 47565
7322 7321
58258 58257
34979 34980
36999 36998
49719 49718
18596 18612
34600 34607
7499 5001
65063 65062
22991 23045
44875 44874
75622 75621
4649 4657
75949 75956
54063 54064
27678 27733
3499 3478
34146 34145
44281 44280
21677 21676
55126 55125
52921 52920
23650 23649
62697 62696
30202 30201
50098 50099
62157 62156
34524 34523
57821 57820
38349 38341
24599 24591
60219 60218
34457 34456
44296 44229
78197 78196
65943 65942
3841 3840
42200 42199
71653 71651
6068 6067
65517 65516
29478 29477
56596 56595
67387 67386
55718 55717
5138 5153
5520 5519
17464 17463
15098 15099
61481 61480
12466 12465
29051 29050
30990 30989
27431 27459
39480 39479
54901 54900
48856 48855
9719 9718
72733 72732
5584 5555
21753 21752
16576 16575
74101 74072
70059 70060
28391 28390
17100 17107
66601 66572
46684 46683
67992 68046
27363 27364
22164 22163
29697 29725
68309 68308
7955 7954
7276 7283
65409 65408
52765 52764
31959 31958
77224 77223
16747 16746
25876 25875
23073 23072
9648 9611
17610 17609
988 986
23300 23301
69481 69480
60433 60449
79927 79926
2752 2751
72556 72555
26239 26238
71892 71891
30161 30160
36216 36215
49846 49862
55237 55246
16003 16002
35015 35014
79967 79966
42096 42095
22371 22370
42782 42781
56229 56228
48304 48303
67420 67419
17778 17777
50980 50979
22923 22922
1559 1558
25736 25735
14543 14542
18520 18519
53273 53272
5324 5322
74349 74348
20776 20775
74958 74957
60277 60293
12322 12321
1492 1491
73370 73398
49586 49585
63658 63657
4995 4994
59208 59207
5356 5355
60924 60923
36800 36799
37499 35001
23703 23702
77973 77972
68271 68270
72172 72151
53178 53177
9545 9544
22124 22123
79546 79545
25104 25103
60111 60110
54233 54232
70756 70755
67594 67593
37261 37260
29171 29170
76690 76681
24516 24515
51509 51508
9931 9959
66080 66079
43928 43983
38276 38275
37574 37573
12487 12486
49600 49607
28846 28847
8440 8456
79748 79749
68095 68094
55134 55133
7122 7121
61932 61931
3060 3059
13852 13851
19820 19819
4355 4356
39578 39577
50607 50622
41684 41683
67383 67422
2708 2707
2949 2950
5173 5172
29768 29784
27837 27836
7409 7408
20074 20073
56922 56921
61294 61293
16341 16340
1515 1514
66653 66651
67753 67752
5453 5452
45860 45909
57167 57166
32755 32756
53397 53368
8480 8479
71579 71578
48835 48834
62057 62056
21576 21575
11869 11868
55319 55318
9289 9288
26838 26854
34757 34756
76069 76068
26641 26717
63258 63257
11287 11258
79409 79408
73773 73827
52786 52785
48060 48059
44461 44460
47849 47848
28494 28493
961 960
4968 4967
35408 35407
44379 44378
3765 3764
79603 79602
15436 15435
42148 42111
48065 48066
2786 2785
70362 70353
43450 43449
70239 70238
34133 34132
18684 18683
1692 1691
65672 65671
20548 20557
24226 24225
16480 16479
39045 39060
73740 73739
59096 59095
43592 43565
28137 28136
56676 56675
66082 66081
16753 16752
39302 39301
63183 63184
15681 15680
13876 13867
68596 68594
58687 58686
44417 44416
52682 52681
48964 48953
22942 22941
22850 22821
9805 9813
56581 56580
62924 62923
3163 3202
38663 38662
1593 1592
46999 46998
78214 78221
8109 8108
55877 55876
41625 41624
34400 34399
1169 1168
52116 52115
12606 12605
9173 9172
71666 71665
20820 20819
59052 59051
9331 9330
72435 72434
64189 64188
66156 66135
34930 34929
64101 64072
68766 68765
71508 71408
40375 40374
49867 49866
2778 2777
2642 2641
65877 65876
4660 4658
33414 33413
79912 79911
31900 31899
40398 40397
63470 63469
79178 79177
17540 17538
31350 31561
45115 45086
20854 20853
59414 59453
29842 29815
25497 25496
29770 29769
42493 42492
78447 78446
72349 72348
78744 78743
75775 75774
29255 29254
28346 28345
47726 47724
35127 35134
71933 71934
49907 49906
1293 1292
46671 46670
20581 20580
5108 5107
58964 58966
13854 13853
5250 5249
74202 74217
26222 26220
43805 43804
34698 34705
29161 29162
33391 33390
30800 30801
46992 47000
16745 16744
11303 11302
27131 27146
6320 6319
74567 74566
49277 49278
23871 23870
77302 77301
66928 66927
57107 57106
67027 67026
55843 55822
3095 3086
77643 77642
76355 76354
39076 39075
55078 55011
28395 28394
15594 15593
14436 14415
8812 8811
4947 4946
57347 57363
4991 4990
18115 18114
41783 41782
41846 41853
65737 65736
76723 76722
26272 26326
74468 74467
67214 67213
79378 79394
53248 53247
13801 13800
43270 43269
59374 58976
75905 75904
30096 30097
25491 25545
18869 18885
14622 14621
76095 76222
27108 27109
38320 38319
5028 5027
8986 8995
38923 38922
56420 56419
37667 37665
68068 68069
11627 11626
78664 78663
55511 55527
33148 33147
44106 44105
43814 43813
47558 47559
37782 37781
20184 20183
1521 1520
39087 39086
56943 56942
4810 4809
9808 9807
58317 58316
29201 29216
20156 20155
13812 13811
18911 18910
17676 17677
68007 67978
70991 70990
50026 50025
19823 19824
32515 32514
48293 48292
43795 43794
24296 24229
8012 8011
1007 1006
19329 19328
55372 55373
24827 24806
53526 53533
74346 74337
52904 52903
41352 41351
67281 67280
29683 29682
42035 42034
31233 31212
22642 22641
70268 70267
52403 52404
54034 54025
74904 74905
12663 12662
22593 22592
2080 2087
16699 16700
18461 18460
15539 15538
44444 44443
64672 64651
2411 2410
7928 7899
59530 59503
46891 46890
64399 64398
78462 78461
59107 59106
62996 62995
50912 50911
13270 13269
63474 63473
5265 5264
3892 3891
38326 38325
44279 44294
20961 20960
29230 29228
1159 1158
14641 14640
63440 63488
19125 19124
28452 28451
38667 38666
47625 47624
2618 2616
48348 48347
79932 79960
23433 23432
44074 44072
75668 75667
70803 70818
20246 20244
66666 66665
29943 29958
44203 44202
25148 25147
15671 15670
53488 53486
38591 38590
53048 53057
39304 39303
7041 7048
67228 67236
66797 66730
58261 58262
61040 61039
75428 75427
37022 37021
48381 48396
41169 41168
76899 76898
25621 25620
75217 75224
28902 28901
76915 76923
68548 68547
63185 63186
29078 29077
25482 25481
51132 51171
64796 64795
69117 69116
66095 66222
461 460
43457 43458
4289 4288
30690 30689
20138 20153
11085 11084
25425 25424
18402 18401
23226 23225
55790 55789
37217 37216
75289 75288
2066 2065
46741 46795
32965 32964
23782 23781
19635 19634
52010 52011
29993 29992
69517 69516
25546 25479
4236 4235
10554 10553
63498 63499
4047 4046
68884 68883
77233 77232
57649 57648
32881 32880
65805 65804
10383 10382
27850 27821
44853 44881
20768 20767
69208 69207
56349 56350
64240 64241
45368 45367
54701 54700
79278 79279
20316 20315
1891 1890
15633 15632
57819 57818
2959 2958
68220 68219
8864 8863
67496 67495
35779 35752
40664 40672
1411 1410
7112 7128
31054 31017
78329 78328
17728 17727
38707 38706
74463 74491
1243 1242
66710 66709
39850 39849
73434 73433
56397 56396
55706 55722
74143 74152
15505 15504
4167 4166
32054 32053
35499 35498
2335 2334
27626 27617
42078 42077
30650 30649
47807 47806
77311 77310
28934 28933
67737 67746
71584 71585
16961 16960
46333 46332
61674 61673
68280 68253
61723 61722
77015 76994
53551 53550
27072 27088
67645 67644
49095 49094
40474 40473
49083 49084
38075 38074
39492 39500
3366 3365
35663 35702
69786 69787
10810 10809
51121 51120
7591 7590
48710 48673
31452 31451
679 678
35812 35811
77120 77148
69023 68994
40022 40076
70618 70617
62542 62558
66558 66557
48071 48070
18943 18914
35343 35342
14300 14299
69338 69336
76116 76131
48247 48246
74388 74387
34602 34601
29804 29767
25066 25065
12881 12880
30742 30750
72051 72052
26276 26275
32106 32105
48436 48437
39564 39563
37845 37844
22673 22672
54432 54431
74492 74455
71050 71049
112 111
49478 49477
11934 11935
39566 39565
1759 1757
71074 71075
12753 12754
57784 57775
74020 74019
7162 7161
140 139
34763 34762
30726 30725
8944 8916
46815 46816
9108 9107
27280 27279
24097 24096
39340 39339
51295 51294
17181 17180
48016 48015
6299 6306
1218 1217
59828 59807
12861 12852
72395 72393
24005 24006
13714 13713
52426 52425
23064 23063
33805 33804
52472 52470
72494 72493
27843 27842
57838 57837
43381 43396
1390 1389
27145 27144
79990 79989
59813 59812
25275 25273
62546 62545
69260 69258
47661 47660
62034 62050
19196 19195
79672 79651
50594 50593
26365 26336
60407 60406
37198 37205
41796 41729
4371 4370
77817 77816
70241 70240
75488 75489
72791 72790
76166 76165
23366 23365
79611 79660
9669 9670
63664 63663
2301 2300
38308 38307
43768 43769
4928 4927
26280 26279
58842 58841
19133 19132
29371 29370
67187 67188
72592 72591
29203 29202
55492 55546
76835 76806
69533 69532
8372 8371
17915 17914
75578 75577
6543 6544
7946 7945
8501 8500
12714 12703
2400 2399
30808 30807
46574 46572
34205 34204
79623 79622
74134 74133
32841 32840
46121 46120
25152 25151
46237 46236
73369 73368
43314 43313
73933 73932
35564 35563
63072 63071
18181 18180
18948 18947
46640 46573
28798 28789
50436 50435
10617 10616
11576 11575
73863 73862
7417 7416
78213 78241
50142 50141
49045 49060
77334 77333
404 403
65199 65198
64432 64431
26536 26535
20992 20991
73242 73205
57421 57423
56006 56005
14173 14172
79760 79759
3205 3221
26446 26445
32537 32508
49017 49016
59609 59610
74973 74971
51184 51183
36014 36016
7837 7836
27618 27616
78127 78125
19342 19341
34580 34587
27434 27433
36255 36254
73478 73486
66473 66472
10242 10241
6091 6090
27282 27281
27734 27735
65291 65290
22367 22366
34938 34937
53635 53651
11566 11565
77313 77312
26978 26977
11224 11223
44272 44271
18368 18367
54958 54957
34543 34542
4600 4607
61194 61209
15772 15771
23535 23536
79294 79293
36305 36304
75099 75100
62025 62024
11684 11683
65490 65491
1092 1065
57271 57270
38213 38220
71128 71127
2931 2929
35140 35139
62309 62308
72340 72339
71782 71781
62421 62423
71552 71551
18278 18277
47917 47916
49296 49229
70000 60002
40214 40203
13751 13955
37830 37829
11239 11238
76838 76836
28606 28605
75888 75887
50402 50400
41417 41415
28722 28720
27400 27399
10688 10687
23862 23861
45600 45599
23440 23456
31263 31262
73294 73293
66727 66726
17076 17075
70649 70648
57283 57282
33507 33506
70153 70152
33822 33821
37360 37359
8714 8713
33344 33343
43511 43510
3326 3325
50034 50033
55393 55402
108 107
43970 43969
27253 27252
19909 19908
53535 53536
49486 49485
61697 61696
73771 73772
10947 10975
38352 38351
16608 16607
33930 33929
39348 39347
29146 29145
7894 7893
40129 40128
30276 30292
43383 43382
74722 74721
7772 7743
25026 25025
45711 45710
64874 64873
2841 2840
78343 78322
71581 71580
51424 51425
40472 40471
5902 5901
10156 10155
8757 8756
57121 57128
13440 13456
36608 36607
14297 14219
51675 51674
79988 79987
78227 78226
29547 29546
69034 69025
14302 14301
2291 2290
48958 48957
44189 44180
63189 63188
7407 7406
38429 38428
7102 7101
64625 64624
79838 79837
67958 67957
54166 54165
37249 37228
22532 22531
48137 48136
54899 54898
3278 3277
75962 75961
6123 6122
7909 7910
53408 53399
38065 38066
10216 10223
69063 69064
47070 47069
65951 65950
56118 56117
42050 42051
7420 7422
37566 37565
52793 52794
25663 25702
50889 50888
30520 30519
70175 70176
65917 65916
34232 34231
11967 11966
35261 35260
34025 34023
1350 1561
41094 41221
64701 64700
11214 11213
39425 39423
32598 32599
57628 57635
16463 16465
45246 45244
44104 44120
38522 38521
41825 41824
21969 21968
2746 2744
22301 22300
10387 10386
30554 30553
40366 40365
18477 18485
22861 22852
29955 29954
79756 79755
75283 75282
48439 48487
27698 27697
34738 34736
67389 67388
22775 22773
23661 23660
22499 24999
51197 51196
9201 9216
24389 24388
13797 13796
76347 76348
45947 45975
32646 32645
73989 73988
76727 76726
72523 72577
6102 6101
77768 77767
2726 2724
21852 21851
22879 22878
6887 6886
33629 33628
26925 26923
18186 18165
49281 49280
68981 68980
79565 79564
32562 32561
58527 58534
55101 55312
16505 16506
66181 66180
7505 7504
24882 24921
32728 32727
824 823
546 479
65551 65550
29308 29306
2415 2414
69037 69036
20288 20287
25565 25566
44049 44048
55217 55224
45965 45964
36821 36820
39928 39927
18665 18664
42885 42884
52708 52707
29110 29109
76911 76910
60456 60455
38224 38239
55949 55956
55815 55814
69714 69713
61074 61075
19480 19479
10820 10819
12858 12857
501 500
74493 74501
51085 51084
24662 24661
77482 77483
9934 9933
32060 32059
28279 28252
66598 66597
42166 42165
68114 68113
34649 34657
67467 67466
38755 38754
59823 59822
67197 67196
23446 23445
7365 7380
25472 25471
24446 24445
17644 17643
20565 20566
36656 36655
6659 6660
4436 4415
8342 8321
64282 64281
72030 72003
73298 73297
3942 3941
6476 6474
26817 26818
9612 9628
40609 40608
11365 11336
8827 8760
4934 4933
19572 19588
51640 51573
32997 32996
43846 43847
45431 45429
11110 11109
61425 61426
72140 72139
22045 22044
27917 27916
27995 27994
8881 8880
5118 5116
17018 17017
212 211
9123 9138
18480 18479
10931 10930
27831 27832
48442 48441
69115 69114
48077 48076
39772 39771
38427 38426
49915 49914
61792 61791
8898 8897
41421 41420
22226 22265
29317 29318
41030 41029
7272 7271
29488 29487
53165 53163
65143 65142
41678 41649
28144 28145
16222 16220
42204 42203
46963 46970
29584 29583
43980 43979
70890 70889
27379 27378
67691 67690
34081 34082
72205 72204
12491 12490
60105 60104
33551 33550
50990 50989
3691 3692
73836 73835
75086 75085
6178 6177
62783 62782
49845 49843
24576 24575
66311 66326
20402 20400
67988 67989
7574 7573
20115 20086
61238 61237
24837 24836
55048 55047
69878 69877
74603 74602
61866 61865
27407 27406
23714 23713
28988 28987
40686 40665
32595 32594
19327 19326
55185 55184
24300 24299
13562 13561
65116 65087
45722 45723
4259 4257
61612 61603
76151 76150
48006 47977
11741 11795
48562 48561
44034 44041
39005 39006
41863 41862
27493 27492
22864 22863
3037 3036
44713 44712
29761 29760
42240 42239
78418 78419
6150 6149
23596 23612
68870 68886
26055 26063
8930 8929
17139 17138
79370 79369
16793 16792
54806 54814
30140 30139
38848 38849
41938 41937
46054 46017
72918 72917
17765 17764
38324 38323
48595 48593
7608 7607
51798 51807
52604 52603
7037 7036
75565 75564
55559 55557
7219 7218
47074 47073
19505 19504
37650 37649
66962 66961
53357 53356
75697 75696
42390 42389
3795 3794
45692 45691
42032 42031
33160 33159
46250 47498
63762 63760
6665 6664
11237 11236
36986 36985
32489 32488
43845 43844
49742 49741
72924 72923
22555 22554
51226 51225
27598 27599
54191 54198
59278 59279
8803 8802
37927 37926
38585 38584
20064 20063
30537 30536
32980 32978
9972 9970
49863 49864
75407 75406
25965 25964
39947 39946
52106 52105
63715 63714
4268 4275
28678 28677
70054 70053
28747 28746
36087 36086
63777 63776
29787 29802
76786 76785
56822 56821
32911 32912
63013 63012
35688 35687
42192 42191
34410 34409
53783 53782
32020 32019
58114 58113
18127 18143
18018 18025
73325 73324
2379 2378
17841 17840
7858 7857
79322 79321
73353 73352
11478 11477
21798 21807
4913 4912
13029 13044
44854 44861
27524 27523
9425 9423
67479 67478
6608 6607
6077 6056
39159 39160
79395 79396
29192 29191
44747 44748
12759 12758
12845 12844
53305 53304
79487 79486
72099 72098
70168 70166
55566 55567
42816 42815
47230 47229
15442 15441
646 661
22030 21924
2152 2151
65174 65173
11611 11602
22373 22372
6743 6742
38619 38618
57582 57581
8423 8422
39584 39583
29111 29102
65363 65370
2293 2292
210 209
13200 13199
51821 51820
77846 77845
65742 65705
24782 24781
46176 46175
10762 10763
46020 46019
20484 20483
22718 22717
24207 24206
19842 19815
57239 57237
18507 18506
66234 66213
41362 41361
24753 24752
78717 78716
46967 46966
42388 42387
3469 3468
79458 79457
78785 78784
55344 55343
9222 9221
75519 75526
48814 48813
55756 55755
69346 69337
1873 1475
13417 13418
77235 77234
34985 34984
18655 18634
48617 48616
5936 5937
70823 70839
54979 54978
46268 46269
65859 65860
35816 35815
74141 74074
28438 28643
919 920
20656 20655
70422 70421
77785 77792
18329 18339
65294 65295
58985 58986
68460 68475
57486 57485
28442 28441
39432 39433
43729 43730
25719 25718
28431 28430
63074 63073
820 819
71797 71730
58556 58564
52322 52321
711 710
42797 42796
48505 48504
6861 6860
67749 67748
43722 43720
41051 41050
55833 55832
60783 60782
51505 51506
30762 30763
50517 50508
68616 68631
15476 15475
4055 4054
71059 71058
61179 61178
25745 25744
11867 11866
39955 39954
41538 41537
23270 23269
54872 54871
67252 67251
28860 28859
63428 63427
57119 57118
65851 65858
52692 52691
4835 4834
16335 16334
74334 74333
38016 38015
35921 35900
30326 30325
54828 54807
2864 2863
3364 3363
56422 56421
8716 8715
57977 57976
45085 45084
13868 13866
41186 41185
5328 5327
28366 28365
67254 67253
62467 62466
44949 44948
45484 45483
72401 72400
64208 64207
58870 58886
13192 13191
75132 75131
75572 75571
77952 77967
39759 39758
58925 58926
52517 52516
47495 47494
71911 71910
61903 61902
23923 23922
64248 64247
46210 46173
19334 19305
60624 60226
64079 64078
76084 76083
9213 9212
65781 65675
18745 18744
40148 40147
39243 39242
74292 74291
54159 54158
36640 36573
16768 16775
19293 19292
56820 56721
34268 34275
33171 33170
67324 67325
63794 63793
2497 2496
15159 15158
18998 18997
31932 31933
5379 5378
8703 8702
52272 52271
14019 14018
66268 66267
1170 1172
36913 36952
57808 57807
3537 3552
14459 14458
7447 7446
46779 46794
5383 5382
8998 8997
28524 28523
43480 43479
41170 41172
12263 12262
32614 32613
43551 43550
11265 11264
59563 59562
26608 26607
71903 71902
22875 22874
37428 37427
58809 58810
14457 14456
10812 10811
19121 19122
52449 52448
32680 32679
2536 2535
19245 19244
49917 49916
62937 62936
61877 61875
14070 14069
79385 79413
71145 71143
17079 17089
67747 67745
35977 35985
51417 51415
75593 75592
51808 51806
6452 6451
13894 13893
79870 79869
19951 19950
27742 27741
17866 17865
59948 59947
12906 12905
6305 6304
32826 32825
17156 17155
62305 62268
37443 37458
13100 13099
44890 44889
58768 58767
49152 49150
3092 3091
38917 38915
47748 47747
68284 68300
69250 69249
69437 69416
45011 45009
46096 46112
65559 65557
19554 19553
4787 4802
8435 8434
38684 38683
8324 8323
14744 14743
46203 46202
9981 9982
39639 39638
12688 12687
10644 10645
14775 14803
57637 57638
76407 76406
69456 69472
17058 17057
29391 29390
23264 23243
62660 62659
29291 29290
70657 70656
36265 36264
17226 17265
31490 31489
26486 26495
4141 4217
17287 17302
57330 57329
49142 49151
79718 79717
23570 23569
51136 51135
29070 29069
68135 68163
6428 6483
5049 5056
71107 71106
18530 18529
13332 13331
53292 53290
67328 67307
64887 64886
43848 43849
66059 66058
59290 59289
12547 12546
35438 35437
9753 9752
7204 7203
9245 9244
66369 66367
2028 2027
35510 35526
47667 47665
10020 10021
77013 77014
75729 75728
65791 65819
43667 43666
79686 79685
32026 32025
62521 62522
36876 36874
42574 42573
34253 34252
38139 38138
43137 43136
34662 34661
40409 40410
517 508
53897 53896
57653 57652
17078 17077
64876 64875
14558 14557
16151 16152
27547 27546
67040 67039
55645 55646
10609 10608
32268 32284
3670 3672
36823 36822
71626 71625
57519 57520
14552 14567
27692 27691
49033 49024
62458 62457
67624 67623
62918 62917
49022 48993
6211 6219
54695 54694
797 796
71036 71037
40910 40908
30028 30027
27939 27930
9723 9722
46810 46809
45017 45016
22190 22206
28087 28085
66594 66593
25068 25067
45879 45880
3640 3639
69739 69737
55538 55537
35391 35467
16348 16349
13892 13891
37090 36875
29877 29876
46083 46082
51682 51698
66864 66863
38505 38504
69777 69784
59452 59454
41464 41453
50850 50857
48525 48553
78556 78564
64961 64924
78544 78543
77651 77650
16085 16084
31488 31487
59155 59154
71856 71857
16715 16714
38879 38878
59202 59217
8919 8918
68130 68129
18632 18671
38163 38202
11373 11372
49516 49515
14654 14653
78202 78204
14005 14006
77254 77253
5919 5920
29816 29814
29267 29258
76958 76957
52949 52950
45081 45080
35432 35448
56279 56278
11398 11397
73813 73812
39367 39366
73685 73684
43963 43965
31848 31847
6734 6733
10480 10478
2577 2510
43693 43708
19104 19120
63298 63297
53608 53607
33986 33995
7175 7174
70103 70102
31599 31598
53246 53245
30919 30920
63571 63570
61716 61715
76469 76468
7602 7601
33575 33576
7891 7967
67857 67856
15541 15540
19186 19185
79680 79679
38750 37500
69842 69841
11991 11954
55075 55074
65080 65089
63979 63978
24444 24443
3154 3153
21106 21105
51881 51880
72427 72426
56208 56207
76874 76476
72222 72221
51450 51449
26423 26422
30709 30708
70985 70984
77977 77976
631 630
25180 25179
73191 73190
51376 51367
25552 25551
66645 66644
16362 16361
47560 47575
17564 17563
20790 20818
5180 5179
7282 7281
79407 79406
61449 61448
637 636
7244 7243
66835 66806
64088 64087
73138 73137
69458 69457
23839 23837
12585 12584
33213 33220
41515 41514
49753 49752
78375 78374
19943 19958
69559 69558
36466 36473
43707 43706
77627 77618
71192 71193
40569 40470
43799 43806
16519 16518
17240 17239
74517 74516
74330 74329
62675 62676
16314 16313
39797 39796
14898 14897
23739 23738
47518 47519
40385 40384
24085 24139
58355 58354
49612 49628
29671 29650
1490 1489
23247 23246
49823 49824
13543 13542
21392 21391
41032 41031
60319 60318
43283 43299
41789 41788
57120 57148
46914 46922
15248 15247
15079 15088
51049 51048
43591 43590
74674 74673
57214 57213
61328 61261
64111 64110
25641 25640
41967 41966
23465 23464
30684 30685
42432 42439
5635 5642
6394 6393
74386 74393
3329 3339
47919 47918
48579 48578
10719 10718
72981 72979
20910 20908
36948 36947
53844 53843
52652 52651
67912 67913
12579 12588
47152 47151
43554 43517
28207 28206
4702 4701
71342 71341
53610 53609
27738 27737
8693 8708
42629 42628
39188 39187
75601 75600
39152 39150
19947 19946
69745 69744
10171 10170
55141 55140
56198 56197
73254 73252
49981 49982
21959 21958
15361 15352
6929 6928
33484 33483
68893 68892
66632 66631
34679 34678
27633 27632
71630 71629
16261 16259
8192 8191
12124 12123
35976 36015
60716 60715
49236 49235
40077 40010
62330 62329
45598 45597
48014 48013
66761 66777
52022 52021
78078 78077
33003 33002
75033 75032
27342 27315
3921 3920
38648 38647
67366 67381
70769 70768
68481 68480
41932 41933
52329 52328
71031 71030
22234 22233
1747 1746
34241 34295
66433 66432
22447 22446
2520 2521
34497 34496
21585 21639
69668 69669
62969 62815
10497 10496
12354 12361
40503 40502
62031 61925
49159 49160
70735 70734
385 384
11032 11031
21642 21651
35085 35084
79126 79125
41274 41273
43962 43961
51644 51643
77492 77491
20129 20128
70418 70417
6197 6196
76101 76100
61520 61519
29045 29060
17312 17311
42268 42284
31434 31433
41276 41275
9021 9020
39402 39401
1917 1916
59008 58908
57537 57536
65014 65013
35505 35504
52428 52427
54415 54423
19641 19640
64462 64461
43215 43214
45184 45183
60985 60984
43784 43783
56444 56415
10503 10502
23480 23479
2139 2138
31287 31258
69328 69327
45940 45956
62947 62946
38043 38042
7177 7176
28133 28132
29645 29644
22365 22380
42716 42723
42652 42651
71979 71978
18283 18299
25146 25145
38753 38752
89 87
72988 72989
59305 59304
41103 41131
5505 5504
75676 75674
34070 34069
69449 69448
38646 38645
18416 18415
9272 9271
8583 8582
42020 42019
3079 3078
54309 54307
9829 9828
17911 17912
58973 58972
41852 41851
15373 15388
4782 4781
7434 7433
25455 25454
26694 26693
7839 7838
78569 78568
78847 78848
58924 58923
30439 30430
25812 25811
44510 44511
19907 19906
59655 59654
42356 42355
12551 12550
54433 54434
63595 63722
57773 57744
10208 10207
22940 22947
16243 16242
38073 38072
2932 2948
19492 19500
48653 48654
70947 70946
20560 20559
38006 37977
28761 28759
56251 57499
32560 32575
65510 65508
37039 37038
12426 12425
30522 30521
423 422
7331 7330
22460 22423
38839 38837
38457 38458
76537 76536
56579 56578
4402 4401
79899 79898
18427 18426
33376 33375
76847 76854
54708 54709
13001 13000
27877 27876
8490 8489
3423 3422
74672 74651
70049 70040
11195 11194
50783 50799
54571 54570
46732 46731
10307 10306
14848 14847
66355 66354
75837 75836
37837 37836
51438 51437
45891 45890
61989 61988
55540 55539
68436 68435
62747 62745
54916 54915
43016 43015
32263 32262
26079 26078
76518 76517
47730 47729
64052 64051
41739 41740
29118 29117
35354 35370
13433 13432
8062 8061
70712 70711
19533 19549
31492 31491
5527 5528
19384 19412
33988 33987
46910 46909
31667 31666
14599 14591
55578 55577
3936 3935
77662 77661
28701 28700
16253 16252
72611 72610
62804 62803
31789 31788
76365 76364
44274 44273
31840 31839
68752 68956
19484 19483
71019 71035
18726 18725
24797 24796
21755 21754
28234 28233
48158 48157
47931 47929
32033 32049
25933 25932
35967 35966
51884 51912
76328 76261
8213 8220
37148 37111
17740 17739
47215 47214
77305 77268
64958 64957
31823 31822
58586 58585
65502 65501
36944 36943
72727 72725
5590 5589
7312 7311
69538 69537
15707 15706
2375 2374
19639 19638
28435 28434
67260 67259
33869 33885
39801 39800
48868 48866
57804 57803
50404 50403
22513 22512
7261 7260
13648 13647
36519 36518
64698 64726
3619 3618
40539 40538
44327 44326
53121 53120
13018 13025
16100 16099
25650 25649
43402 43401
19698 19705
57212 57211
18395 18394
79079 79078
56792 56791
20015 20014
46299 46306
22925 22924
10402 10400
53727 53726
73216 73215
1517 1516
73842 73841
64138 64137
12517 12516
4930 4929
25114 25113
31049 31048
60490 60491
21640 21573
15806 15805
25626 25624
19558 19557
52323 52324
56374 56373
63168 63167
13600 13599
67157 67156
47858 47857
7137 7136
21364 21363
16627 16626
46522 46493
74735 74734
53944 53915
42997 42996
7896 7895
10432 10448
70928 70927
4457 4456
39979 39980
44873 44872
34308 34306
14081 14082
71752 71751
52441 52442
19461 19460
37215 37214
6635 6634
13606 13605
52939 52930
40341 40340
29323 29322
71612 71603
24262 24261
46707 46706
21335 21334
474 473
55972 55971
68074 68073
22106 22105
826 825
17352 17351
27066 27065
66250 65206
71784 71783
50022 50076
61963 61991
25681 25680
79510 79509
38963 38965
43200 43199
25631 25630
7403 7404
25242 25241
4184 4183
25077 25010
56317 56316
66006 66005
18653 18654
15732 15731
75517 75516
11536 11535
53775 53774
2037 2036
69868 69867
2748 2747
3022 3021
69918 69917
74409 74408
40284 40291
36642 36651
63291 63319
54986 54985
18513 18512
32738 32737
23894 23893
35635 35642
68097 68104
36829 36828
33459 33474
53662 53654
38329 38339
2211 2210
13522 13521
41955 41971
13312 13311
30303 30302
73999 73998
77527 77526
32204 32203
1155 1134
3127 3143
34089 34088
23697 23696
60687 60666
15487 15488
40705 40721
20427 20426
37403 37404
52778 52777
75614 75613
75869 75868
71093 71066
33684 33683
24629 24630
13295 13294
64523 64522
78596 78594
59752 59751
11580 11579
37106 37105
9285 9284
34003 34004
11829 11828
7202 7201
46686 46685
56048 56047
21534 21541
74200 74201
75321 75320
1043 1042
35182 35181
54060 54059
14594 14593
69358 69373
35126 35117
6127 6126
42917 42916
13188 13187
65835 65834
36611 36602
65712 65711
42894 42893
21305 21304
74792 74791
55624 55226
7776 7792
20512 20511
38600 38599
58055 58054
42883 42882
15935 15934
5391 5467
25236 25245
32194 32193
13031 13030
5785 5784
32824 32822
64823 64822
38212 38240
21800 21799
8041 8040
60620 60619
41100 41099
18272 18271
34953 34952
24111 24102
56015 56017
2581 2580
52190 52206
15425 15424
38314 38313
72317 72315
78937 78936
29911 29910
71956 71972
24639 24638
17028 17027
18514 18516
57611 57610
48657 48656
11348 11349
45176 45177
9825 9826
55025 55024
73945 73917
48522 48521
60930 60929
29389 29388
64756 64755
4768 4784
58927 58928
69318 69319
53185 53200
10969 10968
16972 16973
56546 56561
65888 65887
45053 45052
30933 30932
24514 24493
2873 2888
8439 8487
21580 21579
13858 13857
6925 6923
28906 28905
43711 43719
47618 47616
76892 76891
16521 16520
72940 72931
69508 69507
6992 7000
20216 20223
70279 70278
62514 62513
13152 13151
34297 34219
28010 28026
36846 36853
23852 23851
54646 54645
43820 43819
63953 63952
74449 74448
58773 58827
16486 16495
3406 3405
83 82
18524 18523
48803 48802
41261 41259
62 61
45439 45430
62796 62811
27784 27791
8729 8730
54718 54717
33545 33544
56300 56307
18213 18220
37497 37496
60464 60463
31237 31236
68556 68564
58275 58274
65439 65438
8368 8367
32047 32046
17833 17834
78880 78879
12120 12127
34734 34733
53014 53013
5208 5207
60172 60171
50923 50922
74906 74885
27189 27237
25707 25706
77165 77164
30562 30561
64090 64089
79855 79862
42495 42494
38627 38626
12154 12153
21932 21933
55038 55009
35442 35441
74299 74308
45048 45039
79714 79713
52209 52224
15954 15953
1963 1970
31356 31355
73630 73629
40293 40294
69743 69742
77542 77558
21604 21620
74112 74103
65511 65527
45840 45625
43440 43456
66242 66241
3509 3508
78315 78314
56706 56705
701 703
60561 60560
48984 48985
68434 68433
45782 45781
23175 23173
28829 28838
58574 58575
65031 65030
48623 48622
62760 62759
69263 69262
22320 22319
23633 23641
56084 56083
45349 45348
31859 31858
54910 54909
44192 44191
79765 79767
43001 43000
72701 72700
5982 5981
78021 78020
23031 23030
1699 1700
59579 59578
55911 55909
45331 45332
22780 22779
73706 73705
17143 17142
12618 12616
75628 75644
56655 56654
16308 16309
28348 28347
27797 27796
28710 28673
48287 48286
72899 72898
66706 66705
73386 73385
46085 46084
42690 42689
42551 42550
76811 76810
72498 72497
4398 4397
39649 39657
15866 15865
31610 31609
67317 67315
78546 78545
17522 17576
77309 77308
43547 43546
27866 27865
40512 40511
51635 51634
11291 11307
24338 24354
48314 48313
18848 18849
34702 34701
54519 54518
55391 55324
78280 78253
10921 10900
16566 16565
57541 57539
67345 67472
49361 49360
78846 78845
71088 71087
33596 33612
45051 45050
49148 49147
41299 41306
6833 6832
17369 17368
76756 76755
40138 40153
15766 15765
40916 40915
72416 72415
13737 13736
23657 23656
50565 50566
9281 9280
63355 63354
72033 72032
20387 20386
64033 64032
54250 54249
47145 47144
24003 24004
18476 18515
48115 48114
45406 45405
57924 57923
69297 69230
41253 41252
29310 29309
4576 4575
42285 42286
66765 66764
27202 27201
30696 30695
39596 39595
35180 35179
13027 13028
45402 45400
33257 33256
19570 19569
56689 56688
5646 5661
51123 51122
7080 7087
26249 25205
44308 44306
30125 30124
34032 34031
56105 56112
77034 77050
37728 37727
44631 44646
71662 71663
27369 27368
72840 72839
7799 7798
1992 2000
42820 42819
69492 69455
17424 17440
236 245
40999 40978
69286 69285
66441 66440
72859 72858
71365 71364
65429 65400
67922 67921
60682 60681
36593 36592
43322 43338
71378 71385
21095 21093
11821 11820
32543 32542
54855 54862
1887 1886
49114 49113
33585 33584
44704 44703
70393 70402
70536 70535
2156 2155
10068 10067
615 614
66746 66745
5650 5649
40936 40937
3330 3337
31072 31071
76459 76458
73140 73139
40768 40767
53882 53881
46354 46353
3295 3294
3768 3769
53629 53628
2742 2741
11612 11619
30565 30566
18121 18120
53227 53226
77081 77088
32143 32142
47892 47901
16599 16598
56786 56785
69642 69641
72848 72847
32445 32444
72535 72534
47974 47973
75714 75721
15360 15359
67888 67887
54743 54742
20688 20687
61949 61948
64769 64785
25248 25247
39533 39549
62199 62206
7755 7756
52953 52952
66002 66001
15347 15346
35824 35823
47035 47034
34514 34493
49144 49143
26327 26260
8484 8483
10379 10378
72851 72822
39764 39766
51030 51029
14604 14603
21526 21542
15253 15254
18144 18145
55823 55839
31388 31403
4883 4891
22154 22153
54557 54556
59260 59258
59254 59253
8224 8239
51498 51497
61086 61085
76943 76942
27200 27199
34175 34174
53017 53008
52642 52641
35846 35845
55518 55509
79269 79276
9365 9364
73399 73362
78159 78158
60672 60671
4979 4980
17029 17002
70940 70988
31791 31790
24936 24935
8619 8618
7401 7402
25210 25209
26470 26469
65632 65631
61298 61297
79819 79818
26604 26620
4440 4439
78298 78297
20562 20561
40451 40466
2487 2486
60610 60609
46871 46870
49175 49174
58626 58625
76737 76736
47621 47620
77784 77775
42030 41924
15990 15989
55837 55836
63267 63266
48703 48702
53825 53824
50415 50414
10104 10103
50102 50101
24108 24107
3446 3445
35171 35170
59197 59196
54773 54772
71217 71216
42483 42462
49002 49001
30133 30132
43610 43609
51906 51905
14319 14220
65227 65225
73189 73188
10950 10949
59185 59184
30114 30113
38368 38367
59523 59522
8896 8895
61941 61940
24013 24012
787 786
8141 8140
4095 4094
44051 44050
11772 11771
3238 3237
51553 51552
56693 56692
42162 42161
51176 51175
64601 64608
24600 24607
33105 33106
9968 9967
15491 15545
26917 26916
29190 29197
70983 70982
74765 74767
15925 15924
5808 5807
9234 9233
69781 69780
47997 47996
28982 28981
50677 50676
24156 24155
21018 21034
51423 51422
79238 79239
78592 78591
72783 72782
47234 47233
11272 11326
41398 41397
13501 13500
36815 36816
78910 78909
78036 78035
59493 59501
38701 38700
29928 29927
19184 19183
38148 38147
68944 68915
53400 53398
73317 73316
17118 17117
1430 1429
3200 3199
57300 57299
77554 77553
53746 53745
27415 27414
74104 74102
20916 20915
27875 27874
79159 79158
34389 34388
64935 64934
63521 63520
70332 70333
1253 1252
62798 62797
13133 13132
12297 12296
41770 41769
55638 55637
75494 75493
78953 78952
12226 12265
62776 62774
73091 73090
7018 7017
18324 18323
73748 73747
6298 6289
65440 65431
20543 20542
73384 73383
64513 64514
29495 29494
60585 60556
15182 15181
60591 60590
22845 22844
74745 74744
64897 64896
5822 5838
67416 67415
79731 79730
61211 61174
43906 43905
16900 16899
21075 21076
38465 38464
40312 40313
26852 26851
15216 15223
34776 34783
47360 47359
33052 33051
17149 17157
6464 6453
2420 2422
27045 27044
6902 6901
57479 57478
46844 46843
9989 9988
14669 14670
60160 60159
28962 28961
65147 65146
40766 40765
66036 66037
50766 50765
53562 53561
52438 52437
59786 59787
25583 25582
55981 55980
28488 28486
59200 59201
61664 64999
20385 20384
1182 1189
18525 18553
66571 66570
1696 1695
58751 57501
37041 37048
65865 65864
6722 6721
47934 47933
72492 72491
63783 63782
32360 32359
451 466
58097 58104
5361 5352
33024 33023
68449 68456
25762 25763
45927 45926
63403 63402
30257 30157
60542 60541
62355 62362
78872 78871
68738 68737
3575 3576
71886 71893
39905 39884
59697 59696
69605 69604
5301 5300
14003 14004
48330 48337
23278 23277
18623 18622
33787 33758
63218 63217
60723 60724
31167 31166
25879 25880
59621 59628
14025 14023
52702 52701
75107 75106
28711 28719
48846 48847
2692 2691
36709 36708
68213 68241
27167 27168
53480 53479
75861 75910
11314 11313
40501 40500
58715 58714
26492 26491
22807 22806
79081 79080
20663 20702
15402 15400
28471 28470
58961 58960
3577 3556
75496 75495
12818 12817
48111 48110
71223 71221
51982 51981
29560 29559
41978 41977
73961 73960
44768 44784
29059 29058
70369 70368
39165 39164
51028 51027
7461 7469
18433 18432
62488 62487
5562 5561
32659 32658
67359 67358
31611 31602
26759 26757
58783 58782
57527 57526
17485 17484
19664 19663
49171 49170
11295 11294
17238 17236
27058 27057
58529 58528
51092 51065
5444 5443
19841 19840
37438 37437
4144 4143
59849 59848
27650 27649
51942 51941
45999 45978
38113 38112
6703 6702
19315 19316
40594 40593
37661 37660
40881 40896
18249 18248
8911 8910
65120 65136
1869 1868
8856 8855
42757 42657
60279 60278
23188 23187
38919 38918
48452 48451
51718 51564
76660 76661
14772 14771
995 996
45428 45399
30772 30771
53343 53342
5883 5882
75723 75724
58214 58221
4070 4069
3241 3204
69496 69495
24707 24708
28071 28070
64638 64637
23029 23044
4901 4902
74601 74608
533 532
28344 28343
13098 13097
32232 32231
76818 76819
21850 21849
58819 58818
62983 62982
34964 34963
17738 17737
7030 6924
37570 37569
57675 57676
28075 28074
48435 48434
15656 15655
45131 45130
2728 2727
49827 49806
68199 68198
10119 10135
16066 16064
48257 48256
39469 39468
51448 51447
21218 21217
58038 58037
55676 55674
62848 62847
68821 68820
13182 13183
66773 66772
74663 74662
5280 5279
5912 5911
44787 44802
79071 79070
72190 72238
14972 14970
65211 65210
63305 63304
47708 47707
53176 53175
11490 11489
47428 47427
5284 5291
30506 30477
24867 24866
67176 67175
65270 65269
8535 8536
49745 49746
9410 9409
70972 70971
1576 1575
46216 46215
35646 35661
58555 58518
44334 44305
60071 60070
1224 1223
70037 70036
61439 61438
50531 50530
48266 48265
12678 12733
8158 8157
3784 3783
73375 73374
64246 64245
20832 20831
12626 12617
54746 54747
65217 65224
42833 42834
58453 58452
9726 9765
74246 74245
9793 9792
12295 12294
74195 74194
72111 72160
32400 32399
14333 14332
358 357
25764 25743
69235 69234
43459 43474
49898 49897
41749 41748
13207 13206
9406 9405
35476 35475
33818 33817
8160 8159
337 336
28448 28455
35518 35525
65331 65330
5339 5338
17162 17161
25535 25534
17589 17587
8682 8689
59301 59300
45595 45586
31656 31655
37461 37469
68118 68117
11440 11439
42007 42006
24512 24513
77743 77742
10870 10877
33211 33210
20379 20378
17443 17458
42451 42450
37835 37889
15709 15708
6381 6380
3934 3933
41123 41122
60458 60457
22809 22808
6073 6074
47908 47907
3595 3593
7528 7527
49978 49977
57616 57587
15509 15507
61757 61728
60264 60263
35790 35818
55585 55556
78842 78841
41346 41347
35333 35334
66697 66696
34564 34563
49831 49830
44761 44760
8545 8544
59855 59862
78250 78249
40499 40498
41390 41389
36517 36516
68604 68632
40202 40201
72842 72841
26545 26560
2003 2001
67347 67363
53819 53818
41614 41613
45921 45900
22928 22899
73563 73562
20220 20219
5631 5630
14961 14969
38488 38486
43894 43893
32866 32865
27663 27662
44856 44855
45550 45549
65727 65726
26035 26036
16284 16283
114 113
12424 12440
30413 31248
70071 70070
33457 33458
73702 73701
15615 15614
1108 1107
61815 61814
39338 39354
41400 41399
16796 16729
77161 77159
71271 71272
51517 51516
44835 44834
21346 21347
22795 22810
21125 21124
29268 29275
50705 50721
9007 8907
32062 32061
52020 52019
59906 59885
4034 4041
65964 65963
62120 62148
56901 56900
4829 4828
43081 43080
40719 40718
66839 66855
59838 59837
77376 77375
13249 13248
63717 63716
44268 44275
45335 45389
9666 9665
38986 38995
44900 44899
49 56
77632 77631
61544 61545
76592 76591
21268 21269
75915 75914
38943 38914
48833 48832
67675 67676
67935 67934
66813 66812
51522 51493
37828 37827
38102 38101
9590 9375
63869 63867
14363 14362
7141 7140
52276 52283
61309 61310
36797 36719
18131 18130
43986 43995
23583 23582
63032 63031
60763 60764
72683 72682
44837 44836
7944 7943
12348 12347
57080 57090
30074 30073
52373 52372
42092 42071
22797 22796
74297 74230
31663 34998
46517 46516
45732 45731
33657 33656
78096 78087
25121 25120
72831 72830
25246 25244
13913 13912
43471 43470
4003 4004
77616 77587
78042 78041
31692 31691
14165 14164
79540 79539
34492 34500
46434 46433
52543 52542
38048 38057
71706 71705
45988 45986
53861 53860
13898 13897
52518 52519
54667 54666
40053 40052
43293 43292
75454 75453
11094 11221
33532 33531
45102 45101
12873 12888
49267 49258
47274 47273
40772 40771
6492 6491
38406 38405
75851 75858
11976 11975
62714 62716
69212 69211
39981 39982
50387 50386
57125 57124
74456 74472
13190 13189
16940 16939
64684 64683
8436 8437
34723 34722
30104 30103
21368 21366
59663 59662
2099 2091
68065 68064
36808 36806
51951 51953
23960 23959
31291 31307
73614 73615
42767 42766
31724 31723
28820 28819
26174 26190
34791 34790
28022 28021
33913 33912
28073 28072
61634 61633
47007 47006
74657 74656
65532 65531
19459 19458
66269 66270
63641 63640
44753 44752
3133 3132
52041 52048
47358 47357
57584 57583
47014 46993
7353 7381
7160 7158
66443 66442
21282 21281
57366 57381
69382 69381
48960 48959
66872 66871
18767 18766
60221 60220
21768 21775
69523 69522
3913 3912
78698 78697
1068 1067
67121 67128
15558 15556
74511 74512
27445 27444
74824 74825
58370 58398
39667 39668
77168 77169
22308 22307
78603 78602
73462 73461
15967 15966
25093 25092
63903 63902
44363 44362
37192 37191
22790 22789
63781 63780
65475 65474
73777 73776
78185 78186
5581 5580
24602 24601
61899 61898
77477 77476
39146 39145
39158 39157
71225 71224
27305 27313
65426 65425
24059 24058
60294 60295
3545 3544
38088 38104
77628 77635
7843 7842
3962 3961
78153 78152
57013 57014
73447 73446
61340 61338
11948 11947
47746 47744
56086 56085
55870 55898
61099 61098
43858 43857
42371 42370
13219 13218
50343 50342
64493 64501
20600 20599
70289 70288
49178 49149
43572 43571
5548 5557
41913 41952
69031 69030
77180 77179
29558 29557
42426 42425
39270 39269
53708 53707
22022 22021
51734 51733
770 769
30343 30342
64050 64049
78470 78469
76080 76079
48747 48746
3201 3203
54356 54357
20690 20689
17726 17724
54197 54196
78229 78228
44594 44593
15575 15574
25495 25494
57571 57570
67630 67629
30623 30225
27513 27512
78218 78217
11058 11057
61727 61726
15341 15340
61710 61709
27154 27153
49858 49857
26629 26628
15449 15450
13439 13487
47593 47592
19978 19977
78145 78146
77569 77568
29987 29986
17698 17697
7056 7055
42365 42380
39247 39246
12268 12284
47304 47267
61104 61132
1580 1579
27394 27392
2432 2439
41797 41719
10148 10147
35078 35154
53355 53354
65447 65446
48986 48995
46100 46099
41745 41744
28942 28941
22982 22981
47799 47798
66069 66068
76872 76871
68301 68302
73258 73257
50326 50325
40361 40352
37610 37609
12896 12895
40123 40122
69362 69361
64384 64383
72719 72718
46857 46872
72038 72037
42202 42201
10529 10544
17217 17216
6335 6334
28625 28624
19455 19471
2280 2279
50064 50063
26580 26579
73853 73852
59826 59827
4298 4307
18320 18319
49943 49958
7633 7632
40524 40523
57243 57242
79261 79277
65853 65852
11656 11655
70502 70501
57462 57470
23090 23089
13115 13114
71596 71595
30106 30105
55805 55804
59593 59572
71443 71442
68939 68938
79504 79502
60157 60156
72990 72991
57170 57171
11938 11937
22564 22563
68180 68179
28864 28863
61151 61150
16797 16719
42680 42679
72015 71994
23482 23481
73903 73902
25910 25908
57624 57623
36906 36905
24869 24868
37572 37571
56909 56908
40208 40207
18452 18451
49211 49210
27257 27256
48406 48405
40200 40199
52082 52081
28164 28172
11796 11729
14190 14197
44419 44418
23952 23951
28617 28616
2304 2267
26774 26773
78049 78058
24755 24754
74046 74061
34907 34906
72630 72629
27949 27950
73979 73978
64069 64068
23875 23874
28200 28199
50846 50845
7536 7535
39983 39962
23495 23496
33537 33552
24656 24655
60018 60017
61592 61591
4816 4814
24619 24647
11701 11716
2342 2315
6282 6281
16678 16649
38810 38825
72178 72177
67851 67822
58944 58915
29853 29881
79298 79220
79597 79596
46178 46177
4618 4617
42082 42081
79104 79102
51073 51074
21201 21200
60258 60158
63874 63873
69033 69032
63246 63245
13948 13947
14776 14783
17320 17319
21633 21632
78775 78774
21180 21179
47579 47588
26070 26069
37793 37794
78645 78643
30178 30233
29448 29447
4533 4549
45337 45336
27761 27760
47356 47355
705 721
18691 18692
28522 28521
41667 41666
6627 6626
25848 25847
39833 39832
64023 63994
50391 50467
3831 3830
73292 73299
41081 41080
17850 17821
2478 2477
26914 26922
10684 10685
69134 69133
31873 31475
21855 21856
56653 56651
39890 39889
27730 27729
364 363
18003 18002
1656 1655
65433 65449
74035 74042
63095 63094
62184 62183
7548 7539
12026 12025
77624 77623
48306 48305
23079 23078
33393 33392
63191 63190
22835 22889
7692 7691
16570 16569
33270 33269
11538 11537
6648 6647
8148 8147
45425 45424
31100 31099
46536 46535
79326 79325
16540 16539
18568 18567
39877 39876
38181 38180
37183 37182
74668 74669
62892 62968
30679 30678
21770 21769
23404 23403
48681 48709
53244 53260
32780 32779
35598 35597
62281 62280
52847 52846
30688 30687
17179 17178
26251 26455
59932 59960
10411 10412
29497 29496
60021 60022
44907 44906
14694 14693
9964 9963
14867 14866
41957 41956
63076 63075
37179 37178
47507 47506
32493 32492
16478 16477
75329 75328
21718 21564
8077 8076
22126 22125
15375 15374
62743 62742
37122 37121
57727 57725
25584 25555
60229 60228
19457 19456
50198 50197
48541 48540
34444 34443
59961 59924
65827 65826
43763 43762
54267 54266
45535 45534
5957 5958
52485 52484
21925 21923
79263 79262
10220 10219
7487 7486
65094 65093
11400 11399
13795 13794
46555 46554
38526 38533
73053 73052
78586 78585
40238 40237
72559 72560
76716 76715
56723 56722
59368 59367
46379 46378
71387 71388
43329 43339
35489 35490
24274 24273
57939 57938
49707 49708
50793 50792
24877 24876
12543 12542
49677 49676
53010 53026
75115 75114
78426 78425
31658 31657
59086 59140
27974 27973
1119 1118
42325 42326
2171 2150
67163 67162
58281 58175
19822 19821
35373 35388
63491 63490
27356 27355
11997 11996
6772 6771
29709 29724
47805 47804
72605 72604
19391 19390
36707 36706
25354 25370
67195 67194
13497 13498
27853 27851
70723 70724
69680 69679
10573 10572
60287 60286
12816 12815
69003 69002
6859 6858
25301 25300
33352 33351
71294 71293
66313 66312
22589 22587
60432 60430
77498 77497
49732 49731
26009 26008
64510 64509
12564 12563
58341 58126
44144 44143
67030 67003
66792 66791
23940 23939
2282 2281
34562 34561
17642 17641
17024 17023
61483 61482
19810 19809
21865 21864
65940 65988
52047 52046
50184 50183
20906 20905
68140 68139
76856 76857
45077 45010
9900 9899
34385 34392
61287 61286
78074 78073
24062 24063
20446 20445
8610 8609
8589 8588
70477 70476
78403 78402
76349 76350
62498 62497
18505 18504
32164 32163
59990 59989
75995 75994
26808 26806
64714 64713
18205 18221
16507 16407
41585 41639
6013 6012
63656 63635
4932 4939
52896 52895
62212 62211
60355 60371
55035 55034
59411 59410
17623 17622
74341 74340
60075 60074
42420 42422
37530 37529
17577 17510
31532 31531
32436 32435
65680 65679
71234 71213
77010 77009
72149 72112
65530 65545
29907 29906
73953 73952
22285 22286
76975 76990
45 44
24635 24634
79362 79361
68561 68560
54050 54049
20912 20911
13198 13197
15062 15061
69006 69007
61050 61049
163 162
48917 48915
15891 15890
33793 33792
58432 58431
63817 63816
71196 71195
41146 41145
54443 54442
64764 64763
67639 67654
4671 4650
16255 16254
31627 31626
35176 35177
18052 18051
25169 25168
47348 47347
757 756
54599 54598
4396 4411
60452 60467
26831 26830
45764 45743
20759 20758
25755 25754
23425 23424
7984 7983
5480 5478
57264 57263
48511 48510
34171 34170
55139 55154
61126 61125
4348 4347
15371 15372
28399 28407
42417 42416
75892 75891
29373 28975
50929 50928
60781 60675
77080 77090
75189 75188
78983 78982
20020 20021
34645 34644
19645 19644
2264 2266
27337 27336
71818 71819
35248 35247
6148 6147
44995 44994
34406 34405
77590 77588
62781 62780
6146 6145
8650 8649
57101 57108
8476 8515
59686 59685
58330 58340
29463 29470
28938 28937
21362 21361
16551 16550
21610 21609
8890 8889
68455 68454
24194 24193
6045 6044
31749 31748
38115 38114
9355 9356
20705 20721
61750 61749
23966 23973
15465 15464
57962 57961
49979 49980
21747 21746
65746 65745
52710 52709
25971 25970
54580 54590
20982 20981
29727 29735
19140 19073
30944 30943
4907 4906
38798 38789
13088 13104
42736 42745
32209 32224
40980 40979
34237 34238
72933 72949
12092 12071
55574 55573
79786 79787
42520 42521
7119 7147
69748 69749
64326 64325
32238 32236
25136 25137
46184 46183
41533 41524
42974 42973
27293 27292
8344 8343
17403 17404
17507 17506
8871 8870
44823 44824
54107 54106
33041 33040
60955 60954
41898 41897
8360 8409
27833 27834
71183 71190
64378 64394
64407 64406
34304 34303
18264 18243
13513 13512
29510 29511
26476 26474
43014 43013
70608 70623
14518 14517
35368 35367
22007 22006
14903 14904
42786 42785
56471 56470
38541 38540
57643 57642
3776 3775
61344 61343
20242 20241
30121 30120
40182 40181
43312 43311
17108 17109
44522 44521
60207 60205
7712 7711
32096 32095
46796 46729
66998 66997
59600 59592
47213 47212
42656 42655
54422 54421
68597 68613
53520 53519
45583 45582
33134 33162
53062 53061
51400 51399
68290 68289
3697 3696
53313 53312
58861 58860
72404 72405
14797 14796
50789 50788
17618 17616
74034 74025
12211 12210
16369 16385
63593 63566
39344 39343
51272 51326
44262 44261
38900 38899
71095 71222
42064 42063
8127 8143
65410 65411
356 355
70460 70459
47984 47983
19156 19155
78212 78211
7156 7155
49730 49729
66152 66153
59921 59923
36005 36004
63206 63222
50826 50825
22110 22159
48667 48666
72715 72704
59585 59584
32403 32404
16280 16279
10546 10479
45852 45851
78305 78304
28944 28916
5518 5525
73061 73060
18636 18635
78307 78306
26521 26520
62130 62131
27183 27182
67727 67725
28241 28204
24717 24716
50286 50285
66124 66123
57017 57016
25856 25855
11140 11139
35048 35039
14917 14916
12197 12225
77514 77513
39013 39012
44345 44336
65831 65838
49804 49767
62641 62640
11472 11471
27570 27569
60668 60667
7007 7006
33133 33132
36793 36792
48753 48752
33911 33910
42070 42069
12457 12456
421 420
71897 71912
37010 37011
15822 15838
18591 18590
31018 31034
20486 20485
79023 78994
64580 64590
26472 26471
13970 13969
79946 79945
63806 63805
42562 42561
41855 41856
56424 56423
11838 11854
46652 46650
68744 68743
69185 69184
54533 54532
55792 55799
69128 69127
60233 60232
33784 33783
34995 34994
26066 26064
12692 12691
5364 5363
24626 24625
67787 67786
6043 6042
41802 41801
25343 25342
74242 74296
32769 32768
24700 24699
7648 7647
52474 52473
23171 23170
43160 43159
37608 37607
14141 14217
6724 6723
791 798
7612 7611
29076 29075
2608 2607
25226 25224
22167 22168
63265 63244
36159 36158
22186 22187
61230 61231
77391 77390
19379 19378
48581 48580
68792 68808
3435 3434
36711 36710
27680 27679
30368 30367
64762 64761
8029 8044
40995 40996
65534 65533
26859 26858
60101 60312
59219 59065
55601 55600
27540 27538
30588 30604
45419 45418
58832 58831
11699 11700
79939 79938
70892 70891
22545 22544
2032 2031
1627 1626
48797 48796
20631 20630
76769 76776
43084 43055
30136 30137
35161 35160
35583 35582
29837 29836
29357 29372
69339 69355
57431 57430
31286 31285
27171 27150
17548 17539
3560 3559
39194 39193
79874 79873
32961 32960
29732 29731
46566 46565
70525 70524
69489 69488
36484 36485
74041 74040
59834 59833
15654 15653
16201 16200
35503 35502
38336 38335
11153 11154
17022 17021
57011 57012
72361 72360
47980 47978
438 437
25373 25388
8006 7977
7934 7933
74724 74723
20971 20970
33421 33400
34894 34892
69138 69137
48326 48325
16458 16457
39686 39687
51614 51613
3260 3261
21072 21071
62326 62327
58132 58131
4161 4162
26224 26223
52507 52506
42602 42601
62420 62419
26543 26544
78526 78554
32522 32576
31637 31636
19709 19724
20098 20099
16417 16415
17612 17611
72627 72618
79242 79296
31464 31453
46125 46124
65968 65967
18360 18409
17247 17248
45619 45618
79996 79995
35335 35389
63828 63761
19898 19897
49704 49703
54914 54913
9076 9075
35392 35401
65618 65617
13141 13140
37659 37658
79843 79816
72565 72564
34522 34521
46144 46142
52354 52361
48385 48384
74962 74970
29598 29597
14156 14155
56183 56190
49671 49650
5240 5239
37232 37231
49842 49815
56613 56620
12788 12787
60046 60045
13547 13546
32847 32846
20194 20166
40186 40185
65334 65335
45275 45273
53742 53741
10022 10076
42383 42391
60405 60404
31272 31326
67397 67396
58199 58198
10330 10329
63744 63743
6852 6851
59115 59114
75147 75146
55937 55938
57046 57045
2606 2605
61202 61201
43735 43734
53575 53576
37606 37605
48761 48759
50000 49999
76196 76195
51873 51475
25990 25989
18913 18912
71321 71320
37221 37220
56021 56020
27245 27246
13096 13103
67421 67423
69525 69524
28024 28023
8090 8089
16789 16788
11732 11731
61187 61186
53052 53051
30425 30424
54583 54582
54775 54774
50992 50991
67960 67959
21077 21056
25592 25591
17706 17704
31764 31763
70936 70935
8780 8779
37999 37998
63754 63753
38782 38781
66147 66146
32946 32945
27476 27475
23211 23210
39552 39567
14635 14634
19333 19332
42812 42813
56847 56854
879 880
23098 23097
72063 72062
56296 56295
66215 66214
60823 60839
25648 25647
9111 9102
68323 68339
31885 31892
69157 69156
59649 59612
43344 43343
45178 45233
51962 51990
45946 45945
58685 58684
18828 18904
8964 8953
73018 73009
68947 68946
79980 79981
802 817
47553 47552
9949 9948
15627 15643
39396 39411
65589 65605
1249 205
73872 73871
44626 44625
24492 24500
74029 74028
66164 66163
13753 13752
6751 6750
18728 18727
66185 66184
67494 67493
69216 69215
39036 39035
7451 7450
58063 58062
54595 54594
23768 23769
5774 5773
70235 70236
57357 57356
63844 63843
53750 53751
54081 54080
10169 10168
1833 1832
34357 34372
41188 41187
27029 27002
54861 54860
51525 51523
21574 21572
60636 60643
44011 44010
54041 54040
50136 50137
24260 24276
53331 53329
8497 8498
63711 63674
29909 29908
55761 55762
47581 47580
54382 54381
52030 51924
32864 32863
69703 69702
40091 40090
79349 79348
7474 7473
17133 17132
7706 7704
22035 22034
55096 55095
47850 47821
71522 71521
72937 72936
61533 61532
24268 24275
16339 16337
65616 65615
20476 20475
25730 25729
5885 5884
13107 13122
53738 53737
43636 43635
377 376
73654 73655
6942 6941
43780 43779
35138 35153
41303 41302
5484 5483
305 304
56325 56324
43537 43552
67962 67961
41580 41579
66714 66713
37887 37886
47112 47128
46747 46746
57903 57901
47353 47381
24997 24996
15933 15932
57345 57472
57721 57720
33469 33468
41284 41283
8865 8836
21967 21966
70622 70621
8854 8853
22375 22374
34841 34840
66501 66500
21797 21719
67248 67249
4989 4988
18600 18599
79452 79454
27122 27121
26640 26573
55528 55529
31020 31019
21942 21941
13171 13170
29799 29798
64353 64352
32345 32343
63887 63888
65372 65373
53619 53618
53409 53416
22268 22284
24100 24071
38190 38189
58157 58156
38446 38445
13291 13298
10131 10130
9104 9120
54542 54549
37487 37486
7020 7019
76767 76766
45371 45372
74580 74590
13572 13571
38476 38515
57467 57466
72674 72673
47782 47781
26606 26605
60918 60919
59513 59514
34858 34857
15929 15928
51823 51822
58172 58171
4985 4984
61909 61908
3399 3407
12148 12111
19070 19069
53528 53527
7104 7103
73588 73587
74880 74879
3763 3762
77683 77682
53865 53864
39192 39191
27041 27048
73965 73954
25961 25960
75441 75448
64731 64730
13201 13203
71815 71814
21426 21427
33219 33218
11764 11763
64345 64344
35186 35185
56838 56836
68943 68942
12989 12990
32788 32787
75540 75539
47778 47777
6644 6643
79840 79839
62880 62879
29173 29172
24745 24746
69661 69659
24823 24824
71457 71455
69269 69276
48729 48730
55934 55933
54817 54815
15238 15237
20345 20344
72739 72738
51075 51076
51904 51903
54449 54448
53796 53795
61431 61430
35196 35195
37896 37895
54003 54002
73023 73022
13972 13971
45895 45894
72071 72070
39431 39430
36610 36609
14671 14650
24213 24212
62806 62805
38854 38853
69511 69512
74617 74616
52619 52635
58584 58583
37534 37533
5024 5023
62359 62358
79138 79137
16995 16994
77521 77522
47499 45001
74555 74554
24462 24490
17633 17632
74280 74295
66841 66840
1675 1674
43022 43021
52648 52647
68072 68071
480 478
60004 60003
49300 49299
1791 1790
58723 58721
47885 47884
43465 43464
64650 64658
10371 10372
22507 22506
27816 27815
28501 28500
28297 28296
43743 43742
60765 60744
23334 23333
32612 32611
53301 53302
16641 16717
14066 14065
71086 71085
27232 27231
41376 41367
62998 62997
1894 1895
21444 21416
63574 63575
16749 16748
53931 53930
2646 2645
73711 73674
17818 17817
2104 2103
21452 21451
26211 26219
37337 37336
36339 36337
1861 1860
45623 45225
56554 56553
60900 60908
66465 66454
12342 12315
69731 69730
69727 69766
2464 2463
9901 9902
53317 53316
53345 53344
79191 79198
41480 41479
23067 23068
20364 20363
44293 44292
71985 71984
74037 74036
9121 9122
43579 43578
71786 71785
34285 34284
72245 72244
47329 47328
45127 45134
34558 34557
22438 22437
43900 43899
37753 37754
13680 13679
43431 43430
65993 65992
68508 68507
50785 50784
21760 21776
23461 23460
30072 30071
78979 78978
40402 40400
78515 78517
79162 79163
56702 56717
48604 48611
68462 68461
49057 49056
19123 19138
48022 48021
77475 77474
17591 17590
36936 36915
40921 40900
61975 61990
30849 30841
45318 45317
48570 48569
61678 61677
72357 72356
47583 47582
1328 1404
16991 16954
48069 47970
52245 52246
31606 31605
77408 77407
46170 46172
76026 76054
28879 28878
61208 61207
63791 63789
56849 56848
43387 43386
33427 33426
22327 22306
52183 52182
70097 70098
53723 53721
19057 19056
14981 14982
28786 28785
75073 75072
55132 55131
56403 56402
70943 70942
7782 7781
20724 20739
25619 25618
57500 55002
58254 58252
37854 37870
3606 3605
4869 4868
61516 61515
51466 51473
21409 21408
47692 47691
23972 23971
10138 10153
30032 30031
24721 24720
51409 51408
76040 76039
55608 55623
38737 38736
44845 44843
66546 66561
42776 42792
24920 24922
28084 28055
25216 25223
27341 27340
11424 11425
47346 47362
78971 78970
57729 57728
26741 26795
51502 51501
7845 7844
56811 56810
48684 48683
72675 72676
34274 34273
18676 18675
29442 29441
50216 50223
56790 56789
14260 14276
61838 61836
24142 24151
62111 62160
41715 41714
71069 71068
41574 41572
37522 37576
75568 75569
55310 55309
22066 22065
55061 55076
61254 61253
50728 50727
70595 70594
73122 73121
46102 46101
54244 54243
5868 5867
36885 36892
74650 74658
6914 6922
5509 5507
65052 65051
54607 54606
45929 45928
79579 79578
14182 14198
7432 7439
57081 57088
67061 67060
30509 30507
52740 52739
47339 47338
76266 76265
49135 49134
7761 7760
5133 5132
68233 68232
25330 25329
30846 30845
4021 4020
62869 62868
3302 3317
75683 75684
71765 71764
37890 37823
59684 59683
74764 74763
33300 33301
67924 67923
37909 37910
54157 54156
31203 31202
67210 67225
67391 67390
25108 25107
63384 63383
67041 67069
64458 64457
6640 6573
39129 39128
49205 49204
345 344
1840 1839
38625 38624
57051 57052
20609 20608
25957 25958
26381 26380
5850 5857
47139 47138
20212 20211
20104 20103
23573 23574
46298 46289
57250 57229
77480 77481
16681 16679
36251 36455
67351 67350
7388 7387
54952 54951
72193 72192
18163 18202
43924 43925
39361 39360
51155 51134
29003 29004
21123 21122
43856 43855
51089 51088
46705 46704
51661 51662
32320 32319
7022 7021
1132 1171
33494 33493
62065 62064
61643 61652
19148 19147
58920 58919
2578 2654
5104 5103
52860 52859
9685 9684
70884 70883
39161 39162
16466 16473
48241 48204
40110 40109
21110 21109
54318 54319
15944 15943
8366 8365
75616 75615
38913 38912
12099 12091
24620 24627
52339 52338
76008 76007
41214 41213
74515 74494
52854 52870
42511 42509
17890 17823
44427 44426
15326 15325
9578 9577
64136 64135
15404 15403
47183 47182
65863 65879
60241 60240
48805 48804
58187 58166
63616 63631
63931 63930
25408 25407
41781 41780
30159 30158
18638 18637
14637 14636
68963 68962
2833 2834
39070 39069
58787 58786
8846 8847
11333 11332
59931 59930
60606 60607
28154 28153
60069 60068
40431 40429
48691 48692
62762 62761
43012 43011
3780 3779
51597 51596
24610 24659
13461 13460
28818 28817
47398 47397
19518 19517
59891 59890
17604 17603
50852 50851
53341 53348
40552 40551
18782 18781
62842 62841
23644 23642
48886 48887
1507 1407
56275 56274
73065 73064
52633 52632
58849 58850
11942 11941
1197 1196
51047 51046
75393 75402
54370 54369
7430 7429
34459 34458
32883 32882
33492 33491
2560 2575
27684 27683
14163 12501
1039 1038
69060 69059
74447 74446
70632 70631
69200 69201
55746 55745
14825 14826
2289 2288
23022 23021
76325 76324
77461 77424
22894 22893
53054 53053
26850 26849
64567 64566
37131 37146
31913 31952
21327 21260
29211 29210
38741 38740
4637 4636
50558 50556
66735 66734
73403 73402
77677 77678
5210 5209
41850 41849
20633 20632
3084 3055
66086 66085
47596 47597
63468 63467
20186 20185
74613 74629
72619 72617
26699 26700
71664 74999
73849 73850
24596 24595
74374 73976
29158 29157
35522 35521
3735 3734
27801 27800
49610 49659
12596 12597
44649 44657
73616 73631
28655 28634
75191 75190
12035 12034
74687 74688
50047 50046
9255 9254
51127 51126
7245 7246
48871 48870
65350 65349
54115 54114
60354 60352
62840 62839
31058 31057
40596 40603
38436 38437
16496 16494
12291 12290
605 606
76122 76121
2843 2842
26967 26966
68849 68850
2318 2317
634 662
52644 52643
21476 21474
35753 35751
14827 14806
71393 71392
38962 38961
26513 26512
12600 12811
13102 13101
1348 1349
30206 30204
46682 46698
61769 61776
33209 33208
52593 52592
49026 49042
70731 70730
238 237
44624 44623
27908 27907
26356 26355
49289 49288
23213 23220
6646 6645
9507 9506
2249 2228
47528 47527
10902 10901
60285 60292
60035 60034
72342 72341
44888 44887
22946 22945
47092 47071
6873 6475
11286 11285
34030 34029
30318 30317
49643 49642
20182 20181
39936 39935
56862 56861
40952 40951
45931 45930
46381 46380
4177 4176
41711 41710
75162 75161
31802 31801
62739 62738
6848 6847
51362 51361
3532 3531
40957 40958
61820 61721
20524 20523
44491 44454
23129 23128
43389 43388
19034 19041
47365 47380
11726 11725
40577 40576
23360 23409
8731 8732
15898 15861
51709 51708
31593 31592
45770 45769
6365 6336
41701 41716
33868 33866
57910 57911
34461 34460
2861 2852
68546 68545
68925 68926
53592 53565
8537 8552
25347 25346
31267 31266
62140 62139
65670 65669
50660 50659
55743 55751
28484 28483
24015 24014
23272 23271
22223 22222
64776 64804
11211 11219
23249 23248
46633 46632
65585 65556
33399 33407
68526 68554
45482 45481
45760 45761
79149 79148
76626 76625
72454 72453
74921 74923
60414 61249
23438 23643
38665 38664
44142 44151
24057 24056
39841 39840
47363 47364
50596 50603
22407 22406
32367 32366
19856 19855
26117 26116
35717 35716
69360 69359
32690 32689
66880 66879
66424 66423
78010 78008
71941 71940
26331 26330
14911 14910
68897 68896
46545 46560
1845 1836
37483 37462
69880 69879
43360 43409
17753 17754
8461 8460
39810 39809
66512 66511
72910 72911
1505 1506
47540 47538
11066 11064
23282 23281
26329 26338
55890 55889
2189 2237
18873 18872
73788 73759
76809 76807
33886 33887
75193 75192
69254 69253
15381 15380
8923 8922
31568 31567
61702 61717
36 35
67886 67885
30432 30448
21045 21044
62519 62520
49381 49380
76607 76606
50692 50691
40098 40099
31745 31744
34167 34166
57174 57173
74593 74572
28795 28794
48699 48698
6444 6416
54136 54135
40650 40649
76292 76308
70932 70931
50213 50215
55231 55230
29999 20001
64760 64759
73440 73488
54193 54192
8156 8155
34474 34489
17390 17389
59268 59259
44639 44638
54918 54917
25058 25059
3222 3223
69977 69976
9118 9117
774 773
68671 68673
32148 32111
69724 69723
17474 17473
75027 75026
12118 12117
55775 55774
52211 52210
24053 24052
5626 5624
24251 24250
19491 19454
138 153
16522 16493
59720 59719
53935 53934
32434 32433
31060 31059
29414 29422
33615 33630
11709 11708
32441 32442
11944 11943
23127 23143
22337 22336
67941 67948
26182 26189
50125 50124
9983 9962
25747 25746
46804 46803
411 412
43069 42970
58301 58302
29329 29328
62701 62700
36133 36141
31102 31101
38020 38019
41211 41219
69166 69165
48209 48208
61145 61143
11346 11347
26885 26892
75811 75810
23217 23216
39264 39263
77721 77720
62741 62740
5664 5672
25383 25382
27989 27990
56485 56486
11766 11765
44141 44217
42873 42888
55791 55819
60712 60711
64533 64532
77592 77591
37917 37916
58089 58105
4345 4336
63681 63680
74529 74528
30064 30063
38391 38390
78734 78713
20782 20781
59878 59877
45849 45841
46932 46933
3868 3866
2337 2336
17160 17158
3718 3717
1921 1920
37710 37709
20045 20044
6618 6617
35013 35012
22534 22533
54764 54763
70733 70732
51787 51786
28127 28143
65518 65509
5176 5177
64809 64808
70283 70282
16978 16977
56256 56255
68819 68818
19325 19324
2636 2637
8988 8987
3497 3498
56399 56398
36100 36099
21484 21485
19713 19712
30954 30953
13917 13915
64916 64915
48154 48153
79260 79258
1295 1294
40671 40670
1005 1004
49648 49611
45571 45570
73213 73241
6478 6477
50091 50090
8087 8085
18060 18059
71357 71356
76304 76303
66357 66356
27676 27677
70941 70957
78333 78332
7348 7347
27329 27328
28581 28580
43697 43696
78434 78433
38009 38007
12139 12138
11041 11040
1362 1361
8767 8766
74796 74795
7674 7675
68899 68898
49387 49386
59023 58994
579 578
44666 44665
70706 70722
67597 67598
9051 9050
6239 6238
35064 35063
78165 78173
28745 28744
31379 31378
48465 48464
62920 62919
10257 10157
25476 25475
23389 23388
1263 1262
56489 56488
34419 34418
43530 43529
427 426
56501 56500
40286 40285
49873 49872
44694 44693
57404 57405
18164 18172
40212 40211
65004 65003
65576 65575
40043 40042
56899 56898
20917 20918
5793 5792
42868 42867
23177 23176
45461 45460
60779 60778
35326 35325
5242 5241
30387 30386
37197 37225
46440 46439
48718 48717
72258 72257
16696 16695
4943 4958
61026 61054
67065 67064
77647 77646
42614 42613
32835 32889
74430 74429
592 591
58769 58770
74256 74255
44480 44479
11885 11892
44123 44138
52102 52101
39991 39990
47457 47456
64483 64482
47050 47051
41442 41441
7720 7719
30826 30825
71822 71821
18387 18386
13016 13015
25493 25492
74130 74129
70837 70836
21593 21592
73764 73763
3686 3685
52318 52317
69268 69259
72351 72350
24694 24693
22682 22681
53216 53215
30058 30059
53570 53569
25931 25930
36566 36565
69445 69444
12619 12635
53740 53739
3625 3624
17868 17867
41430 41429
45822 45838
34211 34210
2257 2256
73796 73795
3865 3836
56895 56896
20419 20418
2965 2964
79001 79000
53126 53125
78396 78395
71355 71354
65949 65956
76907 76906
8336 8335
6995 6994
2915 2914
31621 31622
12545 12544
68694 68709
20921 20900
77548 77547
8728 8727
60953 60952
31360 31359
68584 68583
50463 50462
36419 36418
31224 31223
10246 10244
79826 79827
44467 44466
30753 30751
77113 77129
32483 32462
56853 56852
75932 75931
267 266
36231 36232
72425 72441
52661 52660
64994 64993
16075 16076
61966 61965
1231 1232
59904 59905
20222 20221
28808 28809
9738 9736
44047 44046
29600 29607
56116 56131
44076 44075
70737 70736
21940 21939
36450 36449
76291 76289
57632 57631
26867 26866
22921 22920
74124 74139
72977 72976
57601 57812
78809 78810
56605 56621
9610 9659
11386 11387
32405 32384
1618 1617
48726 48725
22352 22351
44259 44257
21881 21880
18606 18605
42018 42017
18330 18337
30874 30873
54407 54406
26138 26137
37407 37406
66076 66077
16424 16425
11426 11427
16045 16044
78595 78722
46274 46273
60496 60495
35682 35683
17145 17144
48041 48040
5261 5260
63758 63757
19582 19581
51170 51172
21665 21664
51684 51683
57241 57240
22177 22176
29461 29460
51833 51832
57886 57885
2126 2125
72861 72860
2984 2983
60949 60956
60145 60144
64982 64983
12837 12836
78887 78888
66330 66339
23747 23746
77594 77593
595 586
26587 26586
4614 4613
77960 77959
30085 30084
10864 10863
21625 21624
22166 22165
57664 57663
9564 9563
6386 6387
34932 34939
56059 56058
19142 19151
17991 18045
55181 55180
14148 14147
21153 21154
7419 7418
60122 60121
20330 20329
38150 38149
34182 34198
15745 15744
68844 68843
18043 18042
4873 4872
13520 13519
41133 41141
48336 48335
1988 1987
73580 73579
15131 15130
72364 72365
19112 19119
58235 58234
59760 59759
11150 11149
60262 60261
68750 67706
9745 9746
17211 17210
28376 28375
27377 27376
19778 19777
66862 66861
25387 25386
36375 36374
24898 24897
44700 44699
30017 30016
56767 56766
15914 15913
72647 72646
58430 58429
35554 35553
40971 40970
38156 38155
22428 22427
27845 27844
30617 30616
45449 45450
34472 34473
13695 13694
60012 60010
57670 57669
55867 55866
70517 70516
78800 78807
7339 7338
34140 34073
36950 36949
58290 58289
61884 61883
15512 15511
75821 75820
63048 62970
51003 51002
67326 67327
75708 75707
26562 26563
78066 78067
54035 54042
74699 74706
25795 25794
72857 72856
51235 51234
3017 3008
53645 53644
34255 34254
46703 46702
36621 36622
67607 67606
38501 38500
68882 68881
54581 54588
10468 10314
26432 26431
39697 39725
36703 36702
23511 23510
78370 78398
20944 20943
54008 53908
17449 17448
10904 10903
41270 41271
77264 77263
11677 11676
56582 56583
31894 31895
55000 55001
69674 69673
34123 34138
45253 45254
70006 70005
78281 78175
43346 43345
6218 6217
36896 36911
9053 9052
31348 31349
37931 37929
39576 39575
45898 45861
66158 66157
68504 68503
67776 67774
71964 71971
8289 8288
52090 51875
4025 4023
34943 34958
61756 61755
56097 56113
9686 9687
5188 5187
64351 64350
72144 72143
29361 29360
27110 27159
68006 68005
27129 27130
22457 22456
48198 48197
42890 42823
56315 56314
78373 78372
76822 76821
79364 79363
48329 48339
26466 26473
31612 31619
12748 12747
44321 44320
3156 3155
63830 63839
47652 47651
36276 36275
59341 59340
40681 40680
42663 42662
15963 15962
62195 62194
78804 78803
8079 8078
47126 47125
16950 16949
21100 21099
12223 12222
20005 20004
46094 46221
51781 51780
47522 47576
68762 68760
4629 4630
59986 59985
48417 48418
38787 38758
34432 34433
74557 74556
6087 6086
68317 68316
63235 63234
72254 72253
27849 27848
52526 52525
778 777
3505 3504
7441 7442
75243 75242
14596 14595
63626 63625
60981 60980
6980 6979
72146 72145
31226 31225
12578 12654
48133 48132
59541 59569
42746 42744
17154 17153
33768 33769
27526 27525
49631 49646
18686 18685
12310 12309
9259 9257
68787 68786
61738 61739
25379 25378
31881 31880
56510 56509
48482 48481
24410 24409
12932 12948
26375 26374
23865 23836
33372 33371
77433 77440
8948 8947
3212 3240
23123 22725
57127 57126
21980 21979
59534 59550
7382 7421
77641 77640
74667 74666
56473 56472
9499 9498
71778 71779
75877 75876
32007 32006
22841 22840
24022 23993
49768 49784
49696 49695
57681 57680
28205 28221
60713 60741
16127 16126
58580 58579
32098 32097
47062 47061
39135 39134
51161 51160
5419 5418
61445 61417
52179 52178
21844 21843
50639 50638
66467 66474
4097 4096
20741 20704
24900 24899
32481 32482
6470 6469
627 643
13387 13386
16876 16874
44236 44235
61834 61833
24419 24418
3279 3252
30459 30458
47045 47044
4325 4324
41237 41236
6610 6609
49472 49473
32574 32573
11282 11281
39093 39092
47911 47912
79231 79229
76334 76333
19816 19814
62624 62623
31430 31429
39726 39765
12574 12573
34715 34714
57579 57655
22595 22594
29068 29067
38705 38704
16869 16868
57607 57606
16652 16650
46568 46567
40413 41248
19213 19212
1536 1535
39780 39779
54650 54658
60945 60944
49854 49861
24833 24832
75464 75463
8688 8687
77421 77423
7485 7484
74935 74934
63233 63232
910 908
36919 36918
32718 32717
23488 23486
30749 30748
53857 53856
68132 68131
60750 60749
5617 5616
81 80
50305 50304
6810 6809
5259 5258
34631 34646
53961 53960
5595 5586
46119 46118
9469 9468
7879 7878
61133 61172
41354 41353
11201 11200
3602 3601
7816 7815
30730 30729
77754 77755
26191 26192
3039 3038
57201 57200
36365 36336
64046 64061
20078 20154
17513 17512
60422 60421
48253 48251
77918 77917
77469 77468
32688 32687
9302 9301
73927 73928
62170 62171
67829 67828
22196 22195
56483 56482
69261 69277
65936 65935
76111 76110
6163 6162
14256 14227
58947 58946
30230 30229
42824 42822
61784 61783
13964 13953
3791 3807
75276 75274
49533 49549
36421 36420
35686 35665
33944 33916
71427 71428
36180 36179
41375 41374
44913 44912
27204 27203
45517 45508
13755 13754
62190 62238
28300 28301
48735 48734
19323 19322
39995 39994
41768 41775
16944 16943
5449 5450
6136 6135
6812 6811
56171 56173
75659 75658
58305 58304
66133 66172
43477 43485
32602 32601
43755 43754
13757 13756
25701 25703
32682 32681
54649 54612
40800 40801
47186 47187
14730 14729
62791 62790
9310 9309
14763 14762
33653 33654
79058 79057
79193 79192
3192 3191
6597 6596
52388 52387
57027 57026
39961 39969
60439 60438
2944 2943
15948 15955
68256 68255
6768 6775
25635 25642
67115 67114
34259 34257
11030 11029
9095 9094
23765 23764
62764 62763
4596 4595
50408 50407
18621 18620
77506 77505
20269 20268
5506 5477
38494 38493
55080 55089
73683 73690
65733 65732
39528 39527
72806 72805
63415 63414
54939 54938
31553 31552
37818 37817
32289 32288
6869 6868
52923 52922
76340 76338
28972 28971
74233 74232
35413 36248
13768 13769
71266 71265
23324 23323
56839 56855
31161 31160
17530 17529
17249 17228
14727 14735
36528 36527
61313 61312
43678 43677
71590 71589
5428 5399
17070 17069
39108 39107
79288 79287
61962 61961
26707 26706
43079 43078
19723 19722
58164 58203
43249 43248
55742 55705
32555 32554
55276 55274
35658 35657
66189 66188
42507 42506
37064 37063
23767 23766
61611 61610
51083 51082
38716 38715
39529 39502
44025 44023
71325 71324
37066 37065
33996 33994
49104 49120
53659 53658
65115 65114
72620 72636
4182 4198
2568 2567
64855 64862
56252 56456
57452 57451
11568 11567
73151 73150
12755 12756
44865 44880
35527 35528
63861 63860
29631 29646
31677 31676
20032 20031
29989 29988
38131 38130
76444 76415
78742 78741
72123 72122
77029 77028
36545 36560
35214 35203
71939 71938
58018 58009
47633 47632
48383 48382
45584 45555
42223 42222
19348 19347
63288 63287
49686 49687
1760 1776
2946 2945
34156 34155
45486 45485
76750 76749
13398 13361
52600 52811
63325 63324
18300 18301
64179 64150
68078 68077
27621 27620
63965 63954
53422 53421
65651 65650
78201 78200
19302 19301
51108 51107
54982 54983
72909 72908
59464 59471
29673 29672
57899 57898
26376 26367
62932 62930
79617 79616
74855 74862
26505 26506
76683 76699
26944 26943
4455 4471
415 414
68732 68733
73536 73537
50602 50601
64233 64232
49184 49183
49654 49653
43177 43176
76584 76585
47190 47206
46600 46571
58571 58570
54786 54787
33803 33802
57095 57094
62537 62536
62000 61999
24810 24809
19249 19248
60266 60265
7050 7051
66937 66916
4554 4553
66363 66362
67559 67560
42472 42470
61014 61013
33438 33643
70092 70091
47942 47941
23562 23561
3033 3032
11335 11334
66044 66043
50579 50578
42219 42218
27963 27962
31962 31990
69397 69412
76145 76143
42968 42814
20789 20788
77281 77280
5144 5143
53503 53502
36927 36926
12189 12237
23012 23011
20487 20488
35684 35685
13962 13961
28674 28690
63573 63572
78907 78906
68034 68033
13845 13844
47308 47307
43926 43927
24081 24082
64020 64019
50753 50751
70559 70557
78053 78052
72080 72090
43774 43773
3501 3500
48393 48392
23968 23967
62695 62667
41231 41232
4580 4587
35609 35608
43770 43771
26583 26584
30567 30568
11715 11714
70197 70196
53024 53023
65668 65667
6419 6418
38398 38361
67227 67266
25005 25004
53530 53529
75685 75686
72527 72526
52684 52683
66202 66201
38211 38210
69758 69757
51713 51712
73149 73148
17263 17262
15785 15784
71336 71335
30766 30765
72569 72568
64988 64987
72355 72362
7164 7163
69593 69572
65519 65526
48638 48637
36894 36895
13640 13639
42772 42743
44839 44838
63999 63998
49961 49969
62484 62463
32383 32391
19799 19798
36144 36142
15206 15204
78706 78705
17438 17437
31931 31930
10671 10670
54202 54217
66179 66178
30293 30294
44022 43993
11328 11404
15623 15225
45844 45843
5184 5183
51578 51577
37849 37848
48946 48945
26553 26552
24373 23975
76036 76037
44352 44351
44688 44893
68448 68476
7820 7819
38868 38866
32942 32941
73303 73318
21654 21653
47570 47569
72777 72793
36978 36977
70164 70163
9267 9258
14734 14733
56387 56388
73263 73264
7413 7412
35944 35943
45516 45515
78478 78486
18262 18263
25255 25256
20096 20097
73068 73069
21974 21989
76332 76331
28293 28292
69575 69574
43670 43672
47615 47586
23589 23588
2227 2235
18179 18178
23774 23773
3494 3493
64265 64264
15383 15382
79223 79222
42190 42206
28753 28752
10860 10909
70410 70411
1852 1851
65983 65982
2493 2492
57620 57636
43619 43618
21443 21414
29013 29012
60534 60533
48427 48426
18211 18210
2166 2165
32274 32273
44629 44630
19808 19807
44373 43975
50484 50483
26503 26504
20623 20225
23623 23622
67087 67086
43879 43878
23126 23124
13936 13935
6871 6870
20611 20610
78455 78454
1115 1130
23326 23325
131 130
28619 28618
2449 2448
71702 71717
69273 69272
8663 8662
73834 73833
30976 31015
36377 36384
42499 44999
23541 23540
29677 29676
48433 48432
72025 72024
65262 65261
21699 21700
55627 55625
11889 11888
57273 57272
44738 44736
56632 56631
34159 34160
59449 59448
67370 67369
20202 20201
40013 40012
74098 74097
60792 60799
68573 68572
5476 5475
41341 41340
68011 68027
62456 62455
7179 7178
10484 10483
40 38
39398 39397
77203 77202
64261 64277
26083 26082
18064 18063
44801 44800
34141 34217
73846 73845
3234 3233
31713 31712
54358 54373
24985 24984
71951 71950
72794 72795
40423 40422
37263 37262
44759 44758
50715 50714
70249 70248
63036 63035
68136 68143
68042 68041
73168 73167
58799 58790
31207 31206
59318 59319
60608 60623
16587 16586
73651 73650
7625 7624
15020 15021
47999 47998
49260 49276
28600 28599
55116 55087
1037 1052
45036 45035
19945 19944
33875 33874
39057 39056
19159 19160
57389 57388
18688 18687
37082 37081
53617 53616
4394 4395
14484 14483
23964 23953
667 666
2750 2749
26007 26006
12710 12709
35079 35088
8179 8178
75048 75047
70750 70749
76461 76460
68018 68009
30112 30111
27460 27423
40633 40632
59980 59981
57988 57989
684 685
43497 43498
793 792
56788 56787
49584 49583
56250 55206
74039 74038
19283 19282
65304 65303
76133 76172
74479 74478
71459 71458
59238 59239
18328 18327
13865 13836
32734 32735
77359 77358
36348 36349
9287 9286
6237 6236
13330 13337
25893 25892
43302 43317
69341 69340
37234 37233
20106 20105
71200 71199
63351 63358
48171 48170
20261 20260
56156 56135
6426 6427
68327 68326
7436 7435
54728 54736
18109 18108
19173 19172
3425 3424
66674 66673
53210 53209
78059 78057
15193 15164
38098 38097
46362 46361
65638 65637
25398 25397
11375 11374
15889 15888
27778 27777
66166 66165
15999 15978
61463 61462
53834 53833
49298 49307
32327 32306
20259 20258
49997 49996
75953 75952
42227 42235
35728 35727
53390 53389
64536 64535
67004 67002
61473 61472
20213 20215
44283 44282
53639 53638
63149 63148
10552 10551
17329 17328
66884 66883
23648 23647
58193 58192
66786 66785
14371 14370
58869 58867
60903 60902
1030 1029
63519 63535
19181 19179
9247 9246
68021 68020
12033 12049
4474 4489
17761 17760
19867 19866
67127 67126
51574 51572
58403 58402
28129 28128
65498 65497
75481 75479
51857 51872
42518 42519
47022 47021
482 481
36791 36790
46022 46021
49518 49517
38134 38162
2062 2061
65701 65700
35102 35101
46509 46508
32927 32926
77563 77562
9985 9984
26060 26059
23505 23504
1077 1056
32820 32819
48782 48781
26686 26685
2499 4999
46606 46605
36150 36149
13879 13878
74372 74371
18090 18089
14566 14565
40112 40111
9757 9756
66506 66507
69916 69915
46944 46943
72354 72382
45677 45676
22426 22425
14243 14242
15271 15270
16855 16856
15115 15086
75111 75110
34293 34292
9450 9449
33287 33286
21644 21643
74519 74518
50984 50983
43930 43929
47005 47004
12037 12036
6950 6949
1591 1590
1749 1748
56642 56718
75865 75864
67842 67841
58195 58194
12379 12378
72586 72585
8705 8704
17431 17459
34654 34653
78032 78031
59872 59871
15619 15618
21249 20205
45587 45585
45641 45640
48062 48061
14882 14921
16368 16366
21322 21321
2593 2592
40852 40851
55880 55881
71370 71386
54705 54704
65645 65646
29302 29301
152 151
68478 68486
73331 73338
38027 38028
46515 46514
7455 7454
29104 29120
49009 49008
39287 39286
67878 67877
22474 22473
33810 33825
14852 14851
70042 70058
45982 45981
9920 9922
14015 14014
61044 61043
7238 7236
79935 79934
56531 56530
41267 41266
33416 33415
63088 63086
40541 40540
58523 58522
61933 61934
14323 14322
40406 40405
26452 26451
78666 78665
44253 44252
14389 14388
78550 78549
53657 53656
5782 5781
54088 54087
72488 72487
12558 12559
20421 20420
52892 52901
50663 50702
13595 13593
29277 29278
79134 79133
22417 22416
6611 6602
47373 47372
35444 35443
9438 9437
50350 50321
47169 47170
10872 10871
14554 14553
39121 39122
53598 53597
59468 59467
66818 66819
14205 14204
21869 21868
45129 45128
35409 35410
41925 41923
59271 59270
7086 7085
22799 22798
76649 76648
25938 26143
40333 40334
43710 43673
38123 37725
174 175
69377 69375
50694 50693
66622 66623
49442 49441
31094 31221
50058 50059
1898 1897
31249 30205
64316 64317
52625 52624
76697 76696
14869 14868
13324 13323
35506 35477
26394 26393
858 859
49558 49557
12341 12340
17572 17571
40883 40882
13579 13578
79599 79598
62647 62646
9700 9699
32610 32609
28661 28660
658 657
2007 2006
67203 67202
62029 62028
10267 10266
79305 79304
66548 66547
11428 11483
4175 4174
45228 45227
12968 12814
48467 48466
61156 61135
22483 22462
76473 76472
15129 15128
35022 35076
74866 74881
6825 6824
39637 39636
6713 6712
40068 40067
29384 29412
39025 39023
54380 54379
61600 61599
57461 57424
22659 22658
41838 41854
48650 48649
26511 26510
17010 17011
36898 36897
51039 51038
19734 19733
17481 17482
52783 52774
1013 1012
30605 30606
26551 26550
28751 28955
36557 36556
47614 47613
1538 1537
35148 35147
31517 31516
6879 6878
56391 56390
55016 55015
56674 56673
22052 22067
31521 31520
24363 24362
70317 70316
74623 74622
66483 66482
60199 60198
35436 35435
54593 54572
18875 18874
19835 19834
42079 42089
17325 17326
22638 22653
44097 44096
76275 76274
2204 2203
62601 62812
25654 25653
26460 26459
77779 77778
79143 79152
45652 45651
31280 31279
20881 20896
14974 14973
11604 11620
43438 43643
34825 34826
8022 8021
19093 19092
37356 37355
5800 5801
33398 33361
2102 2101
46625 46624
52873 52888
45301 45300
17946 17945
18798 18789
70124 70123
11482 11481
52942 52941
57749 57748
73573 73572
29030 29029
37940 37947
44083 44084
55241 55240
13890 13889
41413 41412
65332 65333
51182 51189
24539 24538
64473 64474
70781 70675
31195 31194
65991 65990
39467 39466
33923 33922
20337 20336
17615 17586
36368 36366
67973 67972
48264 48243
34966 34965
9690 9706
69334 69333
3135 3142
9856 9855
2346 2362
2247 2248
34993 34992
19363 19362
28387 28386
38017 38008
75974 75973
76951 76950
10895 10894
7972 7971
5747 5746
72458 72457
66987 66986
53088 53104
5881 5896
10954 10953
10248 10247
29304 29303
79020 79019
45995 45996
14425 14423
39730 39729
22491 22490
18824 18823
62372 62371
25272 25243
66679 66650
42481 42482
41364 41363
2518 2519
13568 13567
7524 7523
74117 74116
1106 1105
51022 51021
5870 5877
66909 66908
27896 27895
64157 64156
50828 50827
33632 33671
76504 76505
28035 28034
72041 72069
72753 72752
37843 37842
7183 7182
347 346
39600 39607
5692 5691
48996 48994
10539 10538
15406 15405
7788 7787
43509 43508
37524 37523
35539 35538
51274 51273
76198 76197
23928 23983
20024 20023
14465 14464
79088 79087
44266 44265
44947 44946
54684 54683
57208 57209
51333 51332
68474 68473
70835 70834
4938 4937
68172 68171
30692 30691
55737 55736
74311 74310
55418 55417
32291 32290
68103 68102
933 932
78855 78854
67836 67890
35156 35155
69366 69365
7325 7326
55037 55036
34066 34065
15885 15884
14535 14534
62323 62322
387 386
17291 17290
63333 63332
67548 67547
37740 37739
43663 43662
78006 78005
29333 29332
20715 20714
68403 68402
18107 18122
70875 70874
34281 34280
66445 66417
17951 17966
78959 78958
64521 64520
55892 55891
23322 23338
74678 74677
65483 65482
51838 51854
25178 25233
77584 77583
9363 9362
53214 53212
43358 43359
17365 17380
76815 76814
37623 37622
32342 32315
76453 76452
68555 68518
49941 49942
64263 64262
45976 46015
31646 31645
18795 18794
41521 41520
27209 27224
67544 67543
4425 4423
49133 49132
78208 78207
562 561
15577 15576
73428 73427
70853 70852
29026 29042
46303 46302
29005 29006
43589 43588
25675 25673
71465 71454
2612 2611
24461 24460
32803 32802
19154 19153
40579 40578
33894 33893
4854 4861
39259 39257
24526 24525
121 120
79347 79354
39406 39405
11633 11632
71285 71284
4111 4102
47547 47546
45870 45877
47405 47384
43786 43785
6191 6192
15946 15945
30234 30235
47710 47709
26110 26109
43316 43315
65342 65341
62004 62002
76439 76438
21929 21928
51938 51937
48127 48143
24709 24724
28928 28983
54079 54078
54027 54043
24622 24621
67723 67722
30711 30710
62243 62242
59183 59199
42116 42115
54286 54285
69477 69476
77733 77732
23046 22979
6783 6782
75998 75999
1610 1609
63567 63565
64996 64995
5866 5865
18831 18830
43798 43789
57123 57122
79583 79582
25688 25687
72420 72419
3663 3662
74982 74983
29633 29632
68828 68761
11233 11212
73185 73186
73656 73635
59248 59247
42730 42729
55713 55741
14648 14611
42644 42643
75693 75692
21848 21847
36398 36397
67579 67655
51216 51215
64128 64127
25598 25597
1942 1941
869 897
48421 48400
23579 23578
26127 26126
2925 2924
9032 9031
19226 19225
34442 34441
69191 69198
51098 51097
48627 48626
78945 78917
45688 45687
2483 2462
33096 33103
59695 59694
63742 63741
37696 37695
26092 26065
17242 17241
40619 40618
18750 17500
72567 72566
51390 51389
73093 73092
6310 6325
3555 3563
4260 4276
71229 71228
71641 71574
45874 45873
20517 20508
8739 8738
939 987
35954 35953
70466 70465
37417 37416
73187 73166
491 545
17434 17433
36356 36355
62687 62686
67804 67803
9594 9593
79687 79688
60725 60740
73595 73722
36476 36474
9013 9012
37245 37246
17801 17800
27070 27069
28131 28130
67490 67489
6328 6404
1737 1738
78692 78693
58679 58678
75134 75133
18583 18582
63426 63425
39966 39965
17627 17634
18156 18155
12339 12338
10499 10498
38304 38303
44135 44134
60697 60696
29141 29217
14564 14563
63317 63316
28285 28284
23224 23239
39614 39613
33892 33891
23308 23307
29344 29343
33749 32705
51842 51841
12010 12011
50787 50786
1237 1236
67099 67098
60382 60381
66554 66553
12353 12381
28065 28066
8669 8668
54411 54410
8081 8080
3167 3166
5408 5407
73371 73378
3767 3766
23018 23025
13923 13922
31417 31415
68895 68894
16095 16093
35858 35859
50081 50080
50874 50873
30639 30638
70993 70992
30246 30244
5127 5134
22383 22391
62662 62661
22263 22262
26597 26596
55680 55679
5895 5894
69428 69427
31421 31420
54248 54247
52555 52554
36324 36323
7919 7918
4057 4056
46132 46171
18200 18199
16644 16643
47030 46924
56760 56758
10182 10181
250 249
78191 78190
25439 25430
54098 54097
65313 65314
19507 19506
75530 75545
14114 14113
46276 46275
32112 32128
50085 50084
72691 72690
23257 23256
16210 16173
61649 61648
62958 62957
63878 63885
41035 41036
78878 78885
28429 28428
46898 46897
9140 9073
29875 29874
33808 33809
41394 41393
56960 56959
75845 75844
42245 42246
25935 25934
18972 18971
28803 28802
22965 22964
31235 31234
17396 17395
4845 4843
21503 21504
29363 29362
36722 36721
49789 49788
7656 7655
23791 23807
51398 51397
13514 13516
24689 24737
20125 20124
75640 75639
50068 50067
15600 15599
18442 18441
38606 38605
32455 32454
42548 42539
30079 30088
23801 23800
75706 75722
50583 50582
62541 62539
26894 26895
5295 5310
32534 32533
78675 78691
17255 17254
22824 22822
31652 31650
67292 67291
56443 56442
32451 32450
26779 26794
16503 16504
25333 25334
32270 32269
17995 17994
52845 52844
8262 8263
56645 56644
4019 4018
41060 41059
13761 13759
431 429
71788 71787
57935 57934
353 351
49268 49275
77136 77135
575 574
33488 33486
33509 33508
57115 57114
9215 9214
394 393
4882 4921
79147 79146
37714 37703
6079 6078
23131 23130
17289 17288
26986 26985
35324 35322
65714 65721
74288 74287
21026 21033
44476 44475
73291 73319
51774 51773
71935 71936
43942 43941
28856 28855
73237 73236
17186 17187
23135 23142
20822 20838
41642 41651
66160 66159
15724 15739
26796 26729
37169 37170
12621 12620
42401 42402
9019 9018
41106 41105
70392 70468
63884 63883
32974 32973
2070 2069
67950 67951
40836 40835
35895 35894
7133 7132
30486 30485
8877 8884
19251 19250
38289 38288
4512 4513
41703 41702
14945 14944
67313 67312
14192 14191
49509 49508
15368 15367
8465 8464
50830 50837
1070 1069
22568 22567
6249 5205
33699 33698
13602 13601
60008 60007
71838 71836
66107 66106
3917 3915
38562 38561
3383 3382
9780 9779
21369 21385
24369 24368
43828 43904
37276 37283
1176 1175
43492 43491
54485 54484
42939 42930
35533 35532
12468 12467
27401 27402
29434 29435
6515 6514
57918 57917
17678 17733
61977 61976
44400 44399
1298 1289
79665 79664
52215 52214
31051 31050
66151 66150
75657 75656
73830 73839
77123 77122
23196 23195
18450 18449
36671 36670
40849 40841
12352 12351
31883 31882
22566 22565
7040 7068
77041 77069
17227 17235
62787 62786
30167 30165
23194 23193
23763 23762
59876 59875
21251 21455
50048 50039
34831 34830
31443 31414
53863 53862
63957 63955
31796 31729
64420 64419
14387 14386
52413 52412
16468 16467
70329 70328
60029 60028
12614 12613
3232 3231
883 882
37474 37473
79684 79683
383 382
69012 69011
56523 56494
75258 75158
48463 48462
41096 41112
49596 49595
15982 15981
52748 52747
3667 3666
23881 23880
58182 58181
56826 56825
50214 50203
9586 9585
11358 11357
66712 66711
23490 23489
20977 20985
66596 66595
15350 15321
72262 72261
14482 14481
52062 52061
16186 16185
56046 56045
38911 38910
45726 45725
17007 17006
50866 50865
48711 48719
6919 6918
27997 27996
7028 7027
2192 2191
72703 72702
47217 47216
28372 28371
56357 56356
44342 44341
17797 17796
56714 56713
54149 54148
30595 30586
29905 29884
77914 78749
62914 63749
19030 19029
49564 49563
74533 74532
58493 58492
60947 60946
7197 7225
47862 47869
78110 78109
70922 70901
49323 49322
78030 78045
30660 30659
64880 64879
19827 19806
14080 14079
57454 57453
50093 50092
35415 35414
53729 53728
12090 11875
60769 60768
47261 47260
44211 44210
4385 4392
60086 60085
25864 25863
976 1015
455 454
67687 67686
25453 25452
1484 1485
27310 27309
9133 9132
13260 13261
16808 16806
76130 76129
61864 61863
11678 11649
55097 55098
32790 32789
59779 59778
44805 44813
602 601
57884 57883
66487 66496
33035 33034
21732 21731
11644 11643
13926 13927
9592 9571
34539 34538
17483 17462
21840 21839
51492 51491
10495 10494
60873 60872
60710 60709
72992 73046
33572 33571
18892 18891
71895 71896
19438 19437
50671 50670
46043 46042
77645 77644
50790 50818
36686 36685
3919 3918
28705 28704
44751 44750
41570 41569
37043 37042
39081 39082
70863 70879
4083 4084
43020 43019
50100 50311
3627 3626
35999 35978
77378 77377
20250 20249
13625 13624
48780 48779
36350 36561
17377 17376
7074 7073
43395 43394
49715 49714
22485 22484
76427 76428
68931 68930
19304 19303
64449 64448
55647 55662
69708 69709
58369 58368
6785 6784
55750 55749
67080 67090
36470 36469
30173 30172
53549 53548
1464 1453
59286 59285
37099 37091
3833 3832
31798 31807
62021 62020
64591 64376
38669 38668
5255 5256
44841 44840
60863 60879
39462 39490
49520 49519
34099 34098
43379 43380
49340 49339
12318 12317
4852 4851
69282 69281
71437 71436
52938 52937
51815 51816
65601 65600
27740 27739
148 147
22938 22937
2430 2429
60911 60909
53566 53564
25531 25530
58424 58423
45032 45031
26195 26194
25428 25399
67017 67016
3376 3375
68634 68642
70130 70129
61695 61694
1578 1577
27322 27321
68809 68810
75016 75015
21388 21403
6468 6467
58514 58513
56563 56564
9103 9101
8499 8478
21767 21758
34161 34162
18862 18861
33990 33989
70276 70274
6576 6575
68084 68083
20984 20983
23636 23635
77895 77894
62563 62562
64640 64639
4384 4412
25129 25128
23417 23418
56029 56028
19941 19942
11659 11660
78941 78940
54039 54038
61885 61913
76200 76199
67305 67268
5335 5389
25062 25061
51443 51414
13532 13531
57023 57022
5316 5315
65466 65465
43728 43727
49801 49800
24858 24857
16400 16399
10848 10847
31509 31508
58309 58308
32917 32916
40571 40570
9689 9737
46962 46990
24747 24748
25898 25861
3141 3140
76526 76524
72023 72022
30700 30699
43463 43462
12396 12395
4522 4521
9875 9874
59743 59742
3016 3015
12040 12068
23444 23443
58464 58463
3096 3103
7861 7852
27194 27193
34236 34235
53712 53720
5423 5422
2052 2067
45343 45342
74145 74144
14957 14956
2710 2709
32712 32711
51218 51217
49759 49758
76137 76136
60676 60674
35992 35991
2698 2697
28587 28586
2652 2651
72529 72528
20282 20281
78683 78690
47282 47281
22892 22901
10173 10172
16898 16897
37982 37981
20728 20727
26957 26956
21737 21738
41682 41698
13958 13957
66886 66893
36536 36535
37984 37983
32341 32340
12003 12001
44924 44940
10899 10907
16974 16989
27505 27504
51442 51441
48146 48161
10368 10367
21635 21634
16603 16601
52162 52161
77366 77381
13213 13220
44831 44830
23877 23884
26176 26175
49093 49092
13266 13265
55735 55734
77541 77539
3402 3401
16597 16596
69609 69610
40003 40002
28845 28844
55044 55043
47116 47115
56885 56913
66700 66701
38767 38766
47400 47399
66508 66408
71771 71770
6026 6033
38471 38470
1310 1325
73552 73551
75340 75339
47843 47842
76878 76894
24334 24305
66659 66658
67330 67329
2024 2023
25639 25638
49367 49366
70807 70806
1072 1071
6286 6285
49013 49012
70773 70772
21707 21706
19019 19018
726 725
75361 75360
63533 63532
47716 47723
44512 44513
16291 16307
79530 79503
6767 6758
48659 48658
35711 35710
54965 54964
42694 42666
75388 75387
62966 62965
15257 15157
50730 50729
18096 18103
69809 69808
59670 59671
77099 77098
27396 27395
9877 9876
37394 37392
64663 64662
43958 43957
13037 13036
78220 78219
65989 65987
23501 23500
13743 13742
39987 39986
31003 31002
58418 58419
30126 30117
16848 16847
29028 29027
33873 33872
45876 45875
15533 15532
26364 26363
39514 39493
77670 77669
41222 41220
52098 52097
22398 22397
45196 45195
66615 66614
37543 37542
49140 49073
79380 79379
58645 58643
59840 59839
4711 4710
14342 14341
58506 58505
72521 72522
30814 30813
3655 3634
14414 14422
13701 13700
29900 29899
71569 71568
78819 78818
10654 10653
49616 49615
73250 73249
69620 69648
66118 66117
36772 36771
45780 45674
54265 54264
61956 61972
66550 66549
63964 63966
4742 4741
5517 5508
68641 68640
10394 10393
57205 57204
28222 28223
65071 65070
16138 16137
41972 41973
45626 45624
60113 60112
61605 61621
31478 31477
62821 62820
36798 36807
25320 25319
33482 33481
5677 5676
68489 68487
34579 34589
4507 4506
2972 2971
35885 35884
24178 24149
28843 28842
64214 64213
27824 27822
176 177
10512 10511
57275 57274
63030 63045
26846 26853
12232 12231
64001 64000
27674 27675
24357 24372
22043 22042
73504 73503
44357 44372
25442 25441
67677 67678
65189 65188
47390 47389
37507 37506
76061 76060
22329 22328
2940 2947
32568 32567
57603 57602
5121 5120
51566 51565
56342 56341
45830 45837
14677 14676
68120 68119
50935 50934
7211 7210
76288 76259
16150 16149
19721 19720
6519 6518
58652 58653
25791 25798
28603 28631
60342 60341
5043 5042
76471 76470
75056 75055
9541 9548
22148 22111
38209 38208
24034 24041
42866 42865
6245 6244
52202 52201
15524 15523
73010 73008
10214 10203
57265 57267
42718 42717
9038 9037
12866 12865
3615 3630
21284 21283
5072 5071
67800 67799
11767 11758
1545 1560
30174 30175
68470 68469
55825 55824
11884 11912
28048 28057
49302 49301
53477 53485
7373 7372
27098 27097
78671 78673
18535 18536
36766 36765
49285 49284
78989 78988
29432 29433
42618 42616
21781 21780
26984 26983
766 765
28676 28675
44140 44073
73301 73302
5174 5175
8651 8652
8936 8935
48075 48074
5791 5798
35484 35483
72817 72816
2515 2514
30619 30618
45499 45498
48507 48506
14837 14836
67412 67411
74571 74570
46181 46209
3579 3578
18421 18400
29492 29500
79195 79194
2759 2758
58951 58950
36861 36860
75251 75250
30007 30006
40682 40683
58510 58509
49078 49077
43972 43971
76666 76665
59977 59976
13184 13185
20602 20601
75044 75043
76283 76282
65075 65074
58151 58150
52755 52756
11476 11474
76596 76595
48950 48949
70894 70893
28123 27725
76754 76753
10335 10389
34365 34364
4586 4585
13024 13023
9936 9935
8604 8611
48048 48057
14312 14311
75913 75912
56598 56597
65911 65909
25609 25608
38184 38185
30339 30338
78082 78081
67265 67267
37598 37599
15085 15084
79517 79516
46388 46403
56437 56436
68874 68873
35457 35456
65021 65022
20297 20296
63859 63858
65830 65840
79445 79444
23554 23517
40142 40141
56277 56276
50573 50572
21028 21027
68187 68166
31631 31630
60603 60602
34350 34349
72220 72219
52407 52406
4226 4225
52129 52130
23410 23408
4926 4925
77142 77141
46369 46385
3688 3687
20108 20107
13194 13193
53081 53080
60120 60136
42453 42452
29660 29658
59746 59747
2955 2954
67729 67728
13862 13861
64149 64148
67529 67528
23383 23382
6846 6853
76659 76658
72639 72654
72808 72807
11545 11560
51570 51569
2858 2857
40489 40490
8770 8771
33181 33180
49030 49029
442 441
28201 28203
72854 72852
20440 20447
1925 1923
39448 39447
42039 42038
12812 12813
15881 15896
8146 8161
57323 57322
77862 77853
65361 65360
56586 56640
31865 31864
78004 78003
57609 57608
59388 59387
6711 6710
64405 64404
75354 75352
56784 56783
61920 61919
11486 11495
20163 20162
75899 75862
54210 54209
79630 79631
26599 26598
48731 48732
18113 18112
9938 9937
23950 23949
23681 23709
34404 34403
52775 52773
54339 54355
79553 79568
25036 25035
41618 41617
56949 56948
19078 19077
74322 74321
64828 64807
60362 60353
18879 18878
63044 63043
13406 13405
15415 15414
6129 6128
4186 4185
33791 33807
29093 29092
32024 32023
51251 51455
11087 11086
15779 15752
22536 22535
73277 73276
55760 55759
63526 63554
45362 45369
59984 59963
27308 27307
12904 12903
2769 2768
25562 25561
37489 37488
4383 4382
34537 34536
32957 32956
49562 49561
9671 9650
23205 23221
10700 10699
5392 5401
16533 16524
61763 61762
42478 42477
34846 34862
54275 54274
47790 47789
72384 72392
31783 31782
26438 26437
37706 37704
4683 4682
51293 51292
24066 24065
50018 50019
37320 37319
8862 8861
4312 4311
25232 25231
13551 13550
6103 6131
14810 14809
49505 49504
65913 65912
32090 31875
10202 10201
14272 14271
29947 29946
18627 18626
78263 78264
50491 50545
33583 33582
71884 71883
51703 51702
70695 70694
50600 50599
1814 1813
37259 37258
30648 30647
61096 61094
79676 79675
69149 69148
36543 36544
17566 17565
65268 65267
21329 21338
25860 25909
20849 20841
11301 11300
79587 79586
50074 50073
71369 71367
42171 42150
1608 1607
17106 17105
69265 69264
46808 46806
33129 33128
64216 64215
67863 67870
20876 20875
12483 12462
12908 12907
9432 9433
45627 45643
66212 66220
69750 69729
17862 17869
53585 53584
15482 15481
52536 52535
50701 50703
67882 67881
74301 74300
47337 47336
27064 27063
72323 72322
71366 71337
22877 22876
18245 18244
36521 36520
40005 40004
57905 57904
40747 40746
13992 13991
40701 40703
10690 10689
56126 56125
6876 6874
24604 24603
36032 36031
48079 48078
40250 40249
1188 1187
71740 71741
59384 59383
3429 3428
51402 51401
16108 16107
72695 72667
68237 68236
6055 6063
24713 24712
66200 66199
15077 15010
48864 48863
73288 73287
6284 6283
59939 59938
67404 67405
79705 79704
50973 50972
71499 71498
37275 37303
31768 31775
9509 9508
48228 48227
36364 36363
13810 13825
54330 54329
381 380
70313 70314
23476 23515
19936 19935
39835 39834
61526 61524
30392 30401
46089 46088
36910 36909
53482 53481
70063 70062
69301 69300
26159 26158
72421 72423
53128 53127
75528 75529
36233 36212
36955 36971
45734 45733
51115 51130
732 731
20846 20845
41055 41063
77150 77158
46709 46708
36633 36632
70351 70322
56860 56859
60016 60015
40283 40274
64418 64417
10078 10154
27517 27516
70825 70824
64813 64812
10051 10050
72276 72304
78973 78972
21511 21510
45213 45215
59603 59602
40015 40014
29528 29527
29652 29651
31157 31156
59063 59064
49810 49809
63120 63119
36838 36854
22253 22252
48234 48233
20887 20886
2167 2168
48776 48775
66444 66415
60847 60846
68445 68444
6629 6628
49989 49988
23990 23989
36984 36983
63343 63322
9514 9493
70930 70929
36718 36564
48201 48203
72699 72698
6322 6321
42457 42456
12776 12792
57998 57997
40242 40241
61376 61375
51673 51672
79122 79123
14689 14737
42318 42317
57798 57797
68811 68826
29620 29627
19194 19193
36796 36729
18150 18149
39321 39320
27251 27250
36551 36550
73951 73950
51747 51746
77414 77413
38829 38838
28865 28836
61761 61777
25829 25839
76044 76043
40326 40325
78876 78875
51999 51998
56799 56808
33094 33093
29296 29229
16545 16560
21889 21888
63949 63948
26969 26968
62332 62331
3695 3694
11929 11928
55773 55772
53791 53789
47831 47832
48494 48493
76653 76651
37447 37446
68277 68276
33272 33271
61575 61573
79889 79888
31153 31154
53874 53873
58400 58408
21694 21693
55668 55667
29957 29956
62446 62445
208 207
13960 13959
55813 55812
68386 68385
35383 35382
50486 50485
70445 70444
60321 60320
67709 67708
3009 3007
13177 13176
37305 37313
20361 20352
26764 26763
35929 35928
17148 17111
77127 77126
69414 69453
38417 38418
925 924
21350 21561
40677 40676
17122 17121
9749 9728
25520 25519
22217 22216
58225 58240
14442 14441
22847 22846
56103 56102
61059 61058
55395 55394
24361 24360
22891 22967
57338 57337
214 203
51426 51427
5764 5743
60926 60925
49015 49014
72197 72196
11007 11006
34991 34990
65847 65846
63223 63224
12141 12140
47185 47184
20755 20754
52251 52250
79132 79131
6774 6773
17033 17049
28665 28664
59443 59442
40627 40643
2676 2677
39196 39195
36938 36937
22934 22933
35119 35135
59952 59951
2688 2687
74086 74140
54553 54568
51263 51262
24890 24889
4528 4527
24167 24166
59982 59983
12560 12575
77550 77557
61422 61421
28670 28672
12661 12660
47600 47811
15037 15008
52350 52349
67554 67553
40000 39999
33439 33487
30290 30289
66903 66902
58876 58875
45812 45811
71534 71525
3877 3884
17375 17374
38461 38460
2124 2123
49352 49351
77731 77730
21265 21264
22304 22267
10548 10557
3440 3456
60393 60402
2997 2996
35083 35082
14188 14187
46553 46552
49474 49489
47610 47609
79479 79478
79343 79342
31155 31134
14785 14786
65710 65709
31753 31752
30379 30378
51600 51571
7110 7159
60477 60476
10782 10781
69248 69247
6844 6843
56232 56233
73159 73158
4304 4303
31270 31271
19522 19521
70913 70912
406 405
66063 66062
55861 55910
74170 74169
13667 13666
6589 6588
42771 42770
16861 16860
77250 77229
76738 76739
12642 12641
47854 47870
14011 14010
18729 18730
71158 71157
73313 73312
30055 30054
967 966
36658 36657
48591 48590
61069 61068
75462 75461
17961 17960
13707 13706
32003 32001
55168 55166
60788 60787
63740 63739
62731 62730
58099 58098
66911 66910
13703 13702
34854 34861
68746 68745
43102 43101
123 122
64044 64045
42858 42857
62042 62049
73451 73450
68096 68087
52133 52132
3984 3985
69529 69528
72073 72089
35514 35513
66609 66608
30299 30298
41085 41084
33433 33432
29622 29621
51869 51868
66642 66718
38869 38885
8283 8299
3603 3631
75943 75942
25271 25270
72004 72002
18268 18267
50836 50835
75080 75089
65487 65486
47497 47496
52891 52967
32541 32557
23906 23905
68485 68484
34915 34914
60147 60146
2436 2435
49469 49468
32986 32985
33674 33690
5927 5926
621 620
28249 28248
62103 62102
64977 64976
41180 41179
60943 60942
18818 18817
8765 8764
78428 78427
19296 19229
40438 40437
69315 69314
59559 59558
40036 40035
30637 30636
17082 17081
12843 12842
63592 63591
14761 14760
936 937
69861 69860
39495 39494
29582 29581
24564 24563
63527 63534
19015 19014
53463 53462
61537 61536
62834 62835
15860 15909
48052 48051
17505 17504
70078 70011
32135 32134
46974 46989
333 334
19602 19601
52820 52819
4009 4008
36635 36634
73768 73767
66794 66793
36199 36198
21812 21811
3077 3076
20952 20951
10558 10556
37455 37454
70143 70142
28280 28174
18242 18250
3190 3189
47460 47423
77664 77663
20409 20410
14606 14605
2223 2222
8661 8660
2447 2446
50575 50574
70518 70509
6726 6725
59798 59797
40364 40363
38875 38874
14097 14096
11383 11382
75308 75307
49129 49128
65006 65005
22441 22442
64244 64243
48107 48122
21205 21204
74254 74253
16656 16655
75559 75557
3924 3925
36534 36541
392 401
71546 71561
8139 8138
60460 60459
17629 17628
2524 2523
69124 69139
79044 79045
37244 37243
22837 22836
59250 59249
42160 42158
26730 26728
4590 4375
16932 16933
38282 38281
42232 42231
6972 6973
64288 64287
2881 2880
57442 57443
8245 8244
55657 55656
3368 3367
39429 39428
29917 29916
31845 31836
61514 61513
17045 17044
74054 74053
19804 19767
6737 6738
15362 15369
36003 36002
33942 33941
15535 15534
68523 68522
3952 3951
3198 3197
75701 75700
9344 9343
12583 12582
20749 20748
36446 36445
57668 57666
79619 79618
14685 14684
22949 22950
23822 23821
32028 32027
45621 45620
29338 29354
39182 39198
71389 71404
8488 8486
52562 52561
20707 20706
44576 44575
43699 43698
5434 5433
13111 13110
23594 23721
55685 55686
66090 66089
5954 5953
44637 44636
27137 27136
22999 22998
9049 9048
65769 65768
51540 51539
79994 79993
41011 41010
1314 1313
8098 8097
30489 30490
61389 61404
3259 3258
73235 73234
55279 55278
3336 3335
36902 36901
41530 41529
40864 40863
30449 30450
26857 26872
73070 72971
53887 53888
22856 22855
53033 53032
6705 6704
23047 22969
63981 63980
60767 60766
23600 23599
4808 4807
76832 76831
25984 25983
61897 61912
18158 18157
41115 41130
37694 37666
13665 13664
41228 41227
45935 45934
53899 53898
62897 62896
15017 15016
60853 60852
50814 50813
8095 8086
41597 41596
70958 70959
45409 45410
55183 55182
26346 26347
29556 29555
16764 16763
12305 12313
39297 39219
26058 26057
56227 56226
1553 1552
3391 3390
4011 4010
2196 2195
21696 21695
50738 50737
31902 31901
26690 26697
9325 9324
45820 45819
13043 13042
10707 10706
61311 61326
52716 52723
2050 2051
9417 9416
62681 62680
54238 54239
43439 43487
29850 29849
40891 40890
51616 51615
30015 30014
25480 25478
18737 18736
48259 48258
31371 31370
45491 45545
28896 28895
64164 62502
10711 10710
65351 65322
74084 74085
65627 65625
31838 31854
69553 69568
3514 3516
9484 9483
61285 61284
50898 50861
27583 27582
19062 19063
8129 8128
65283 65282
43633 43641
46377 46384
36072 36071
39189 39180
71461 71460
58792 58808
56977 56976
69944 69959
76055 76018
39669 39670
14850 14849
26308 26309
59912 59911
68700 68699
67025 67024
67184 67183
7757 7657
46865 46864
12511 12509
5427 5426
64174 64173
21390 21389
45234 45235
8753 8752
56088 56087
59378 59394
26526 26542
31547 31546
52007 52006
43520 43519
22194 22193
39218 39064
78736 78735
5003 5002
63202 63204
6701 6716
9091 9090
30942 30941
79693 79692
14211 14210
66960 66959
29669 29670
75386 75385
70668 70667
53532 53531
60195 60167
2801 2800
40517 40508
15398 15397
70948 70976
69980 69981
25457 25456
76441 76440
59335 59306
31819 31720
75174 75173
13693 13708
50020 50021
54409 54408
73417 73416
8381 8396
7560 7575
16102 16101
33473 33472
3543 3542
29566 29565
13686 13685
13492 13491
40509 40507
22543 22542
52066 52065
47690 47689
12503 12502
265 264
19270 19269
8404 8403
72334 72333
46528 46527
48940 48939
61269 61270
46103 46131
38678 38677
29995 29994
56109 56108
46014 46016
68369 68368
71992 71955
77723 77722
24533 24549
40318 40317
77190 77238
32030 31924
30259 30258
70464 70463
16804 16803
42122 42121
30286 30285
33751 33955
40173 40172
57142 57141
72021 72020
73559 73558
30196 30195
79366 79365
48850 49061
59996 59995
7890 7823
7915 7914
39021 39020
29085 29139
8169 8168
75903 75902
75647 75662
4747 4748
73013 73012
10862 10878
26654 26653
61321 61320
78730 78731
25505 25504
56744 56743
25709 25708
36625 36624
18657 18656
74859 74858
23370 23377
30487 30488
16293 16292
8892 8891
18511 18510
19074 19072
55317 55316
50409 50410
10565 10566
13900 13899
71170 71169
7541 7557
53199 53198
22700 22699
41167 41166
54672 54651
72408 72407
24312 24311
13591 13590
60256 60257
47297 47296
32545 32544
22257 22256
53870 53886
78231 78230
72897 72896
39293 39292
76023 76022
73382 73397
44871 44870
16671 16670
52018 52017
62081 62088
79708 79709
16959 16958
26745 26744
67622 67621
10849 10841
23829 23838
37934 37933
33389 33388
68170 68169
31603 31601
12831 12832
34169 34168
21138 21137
75266 75265
47455 47454
34827 34806
59853 59852
1532 1531
44059 44058
202 201
18770 18771
58390 58389
20567 20568
50126 50117
15548 15557
79006 79007
64343 64342
62580 62589
62107 62106
71166 71165
70 69
29100 29071
79115 79114
28716 28715
41885 41892
74646 74645
42183 42182
4654 4653
21376 21367
44671 44650
25939 25987
11906 11905
58546 58545
40874 40873
62276 62304
18714 18713
57065 57064
73267 73266
49947 49946
33917 33915
61444 61415
15734 15733
60995 60994
38459 38474
13186 13165
8387 8386
14488 14487
32108 32109
65300 65299
25575 25574
812 811
69447 69446
22379 22378
58683 58690
3476 3515
16113 16114
36591 36590
78748 78747
11543 11544
62935 62934
21557 21556
31324 31323
35216 35223
77701 77700
78514 78513
46599 46598
15150 15149
44579 44589
65164 65163
3188 3187
59136 59135
62829 62828
9960 9923
67848 67847
37012 37013
42748 42747
16906 16905
30783 30799
35032 35031
67245 67244
62657 62656
23772 23826
15648 15647
58604 58632
47219 47218
37868 37867
36026 36033
69299 69308
6167 6166
17487 17486
4700 4699
12913 13748
67899 67898
35047 35046
30110 30109
34911 34910
76742 76796
48587 48586
74026 74024
58727 58726
68151 68150
2831 2832
18921 18920
48096 48103
59565 59564
44429 44428
54227 54226
20520 20519
22211 22210
22325 22326
60454 60453
22537 22508
45646 45661
44584 44583
30182 30181
78359 78360
44125 44124
3869 3885
49620 49627
49865 49880
73529 73528
76992 76955
25916 25915
26123 26122
37761 37760
69701 69700
37310 37309
29919 29918
7181 7180
55794 55793
74620 74648
12114 12113
58032 58031
66429 66484
354 370
50078 50154
74830 74829
36073 36074
62306 62314
2365 2380
5309 5308
61271 61272
22464 22463
21766 21765
58315 58314
15529 15544
51 50
22591 22590
46995 46994
74214 74213
54703 54702
60340 60339
55798 55797
52862 52869
70126 70125
76534 76525
76238 76237
30797 30796
63630 63629
59420 59419
4697 4725
12738 12737
52072 52088
64921 64923
76970 76969
37 8
8052 8051
49245 49244
21759 21757
5992 5991
26305 26304
54176 54175
53069 52970
21299 21306
71975 71990
60239 60238
34592 34571
7718 7717
43566 43564
75372 75373
60601 60600
16377 16384
73855 73854
61550 61549
192 191
5368 5367
3782 3781
47513 47512
3518 3534
76225 76224
72950 72951
22646 22645
37194 37193
21228 21227
66407 66406
39648 39611
23255 23254
27301 27300
14787 14802
53963 53962
51589 51588
3054 3053
63580 63579
21739 21740
68783 68782
28577 28556
3228 3227
27765 27764
67222 67221
37369 37368
71182 71210
70035 70034
742 750
11549 11548
78769 78770
70716 70715
41151 41152
58609 58608
12272 12271
52342 52315
52234 52233
42135 42134
72544 72543
13360 13409
8917 8915
45000 49998
66285 66284
69611 69660
70792 70799
61937 61916
20253 20254
47371 47370
4616 4615
44161 44162
44169 44168
26151 26152
13598 13597
681 680
7275 7303
6295 6294
59263 59262
55374 55389
44667 44668
51341 51340
67754 67755
27436 27435
75672 75671
27052 27067
19586 19585
51195 51194
75937 75938
53426 53425
76858 76873
32706 32704
76939 76938
53277 53276
1062 1061
72749 72748
79145 79144
4234 4233
45664 45672
15514 15513
23069 22970
21365 21336
65918 65919
36452 36451
52522 52576
17879 17878
34596 34595
37114 37113
31484 31485
25573 25572
30626 30624
23900 23899
43222 43223
64435 64436
67033 67032
34677 34676
34125 34124
11692 11691
49966 49965
62632 62631
75606 75607
9279 9294
26891 26890
70530 70545
25919 25920
77772 77771
23454 23453
7775 7773
8469 8468
17466 17465
47043 47042
65977 66016
33829 33838
25299 25298
22028 22027
59517 59516
32623 32622
51812 51811
50066 50065
28446 28445
509 507
69439 69438
52693 52664
47377 47376
1144 1142
40658 40657
31705 31704
12209 12224
44377 44393
11345 11344
54452 54454
12430 12429
57343 57316
2354 2361
77053 77068
3778 3777
29516 29515
70376 70375
9182 9198
71556 71555
12234 12233
64112 64103
60555 60554
29451 29453
57061 57060
74216 74215
10779 10752
74609 74610
79098 79097
24241 24295
26261 26259
36328 36404
44497 44496
33919 33918
7786 7785
71775 71774
644 645
32175 32174
15611 15610
21734 21733
67699 67698
73032 73031
26201 26200
20018 20019
3572 3571
28226 28225
69464 69471
70995 70994
50681 50680
54762 54761
13848 13849
24955 24954
51406 51405
17417 17416
78859 78858
22602 22601
1948 1947
73941 73940
13127 13143
4203 4202
38733 38712
61171 61173
49402 49401
52797 52796
51844 51843
52014 51993
3442 3441
60718 60717
6047 6046
9839 9838
70048 70047
56433 56432
31906 31905
36282 36281
69649 69612
61185 61184
47989 47990
79902 79903
39123 39138
40667 40666
4232 4231
37673 37672
65972 65971
30667 30666
60044 60043
53311 53310
8648 8647
40602 40601
58382 58397
66464 66466
30973 30972
56634 56633
18207 18206
22676 22677
12742 12741
62544 62543
15005 15004
68538 68553
41595 41594
50457 50456
42491 42490
21678 21649
3452 3451
50396 50395
42991 43045
7335 7334
41724 41723
41144 41142
64084 64085
8287 8286
67609 67608
20328 20327
72376 72375
57713 57712
11163 11162
64256 64255
37549 37556
914 913
57034 57050
28924 28925
62613 62612
65378 65377
62884 62883
65773 65772
72330 72329
8928 8983
75367 75366
34799 34798
32902 32900
44619 44647
1711 1710
33429 33428
20036 20035
73662 73661
51396 51395
35887 35886
17037 17036
21203 21202
52583 52582
44078 44077
40085 40084
3465 3464
76935 76936
62228 62236
56225 56224
17734 17735
67408 67407
64727 64766
65038 65009
58280 58253
17353 17381
28790 28788
5371 5372
51043 51042
56611 56610
73279 73278
14858 14857
56266 56265
49749 49728
72057 72056
65201 65200
46852 46851
52400 52399
59595 59594
31402 31401
37820 37819
23431 23430
9512 9513
22748 22747
8406 8405
45537 45536
39654 39653
79338 79336
159 158
11831 11830
75092 75091
78321 78320
57176 57175
52944 52943
66435 66434
33980 33979
22816 22815
50546 50479
14406 14405
57157 57156
54693 54692
22346 22362
47534 47533
79605 79604
53243 53241
38511 38510
54874 54873
1581 1582
76563 76564
74690 74738
72189 72394
76949 76948
25048 25039
66579 66578
16908 16907
62846 62845
48276 48275
5230 5229
29576 29575
79954 79953
10971 10970
17688 17687
64153 64151
45762 45763
3047 2969
70025 70024
4040 4039
19239 19240
47090 46875
53798 53797
76096 76094
38158 38157
10828 10827
11396 11395
72199 72206
30712 30740
40387 40386
25392 25401
69619 69618
44825 44826
7949 7950
66296 66295
59316 59317
12331 12330
28295 28294
1677 1676
50040 50038
74284 74283
44983 44962
41677 41676
15858 15859
59395 59396
59358 59373
11585 11639
48354 48353
61329 61405
59364 59363
53037 53036
17528 17527
48289 48288
30546 30479
29194 29193
13017 13008
68093 68092
74826 74827
71617 71616
38257 38256
38883 38882
2401 2402
43123 42725
46224 46223
41383 41382
7390 7389
56212 56220
45906 45905
43860 43859
29679 29678
47060 47059
3803 3802
76622 76623
56122 56121
39689 39737
54345 54344
27047 27046
13541 13540
4429 4428
54765 54767
52181 52180
57376 57375
38583 38582
13942 13941
18046 17979
60391 60324
12732 12731
12275 12303
6009 6008
20453 20452
24467 24466
78386 78385
66097 66113
76930 76929
69534 69550
21233 21212
24822 24821
23100 23099
36779 36794
64098 64097
8482 8481
73723 73721
51929 51928
54627 54626
39856 39855
24406 24405
25345 25344
36865 36864
21532 21531
56111 56110
45505 45504
27112 27128
73223 73224
11169 11168
43488 43486
66868 66867
50881 50896
5156 5155
38824 38823
43217 43216
21470 21469
33113 33112
67895 67894
22636 22637
18215 18214
62132 62147
10007 10006
64597 64596
1290 1288
64159 64158
44103 44101
79268 79259
39106 39105
11648 11647
64775 64774
53204 53213
38778 38777
19053 19052
50772 50771
55903 55902
46297 46296
19598 19597
30914 30913
37167 37168
73637 73636
41436 41435
54090 54089
39702 39701
76152 76153
79033 79032
16054 16017
72157 72156
53240 53211
10337 10336
39317 39318
23144 23145
17619 17635
1417 1415
33549 33548
32092 32071
77494 77493
6823 6822
23320 23319
79542 79549
75907 75906
38094 38093
5446 5445
3938 3937
41829 41828
29043 29044
17939 17930
74939 74938
40368 40367
20883 20882
55197 55196
35202 35201
62607 62606
78582 78581
53815 53814
49882 49921
61008 61007
64792 64791
36085 36084
34323 34322
15173 15172
79414 79453
8467 8466
21096 21112
36007 36006
63164 63203
46165 46164
10037 10008
62435 62434
33182 33183
25463 25462
11423 11422
11249 10205
62201 62200
69046 69061
49522 49521
19825 19826
76909 76908
56877 56875
59638 59637
44133 44132
50893 50892
13156 13155
32783 32774
55147 55146
36852 36851
41368 41366
51976 51975
46772 46771
23986 23995
57521 57522
8570 8569
47944 47943
29789 29788
42056 42055
60850 60842
43320 43319
6278 6277
6327 6260
21133 21141
7472 7470
57956 57955
23141 23140
5193 5164
39427 39426
21247 21246
21502 21501
15391 15467
74708 74709
5615 5614
27860 27859
33594 33721
56830 56829
20575 20574
58821 58820
20664 20672
68668 68667
26119 26118
40595 40586
67867 67866
36692 36691
47287 47302
36184 36183
71171 71173
55416 55415
29901 29902
16484 16485
16430 16429
25053 25052
39283 39282
9413 9452
29355 29356
40717 40716
2572 2571
70779 70778
70809 70808
32596 32597
79374 78976
41386 41387
52757 52657
59916 59915
9654 9653
23156 23155
36037 36052
63369 63368
36616 36615
53587 53586
61856 61857
46551 46550
54483 54482
32272 32271
41379 41378
68347 68346
51641 51717
76641 76574
11963 11970
64674 64673
24137 24136
14133 14132
35358 35357
22070 22069
13484 13483
72269 72285
51959 51958
9249 9248
44237 44238
59975 59974
712 740
13592 13565
75380 75379
58323 58339
78756 78755
46104 46111
68076 68075
26902 26901
45272 45243
40617 40616
41658 41657
56834 56833
73074 73073
9059 9058
77296 77295
2824 2822
14751 14750
36290 36288
72508 72507
6581 6582
54353 54352
75164 75163
3883 3882
13988 13987
10333 10334
5700 5699
5037 5008
2468 2467
3554 3517
40598 40597
40822 40838
68768 68767
34381 34380
60701 60700
25041 25057
78999 78998
11770 11769
67071 67070
61860 61859
69914 69913
13450 13449
70714 70721
14789 14788
19110 19109
38054 38053
35664 35672
50961 50960
6450 6449
19626 19625
35902 35901
46329 46338
52553 52552
4656 4655
2409 2408
15312 15313
28289 28288
68384 68383
54969 54968
2084 2083
16914 16922
25182 25181
6169 6168
9744 9743
66238 66237
56463 56462
7230 7229
62300 62299
27221 27220
62115 62114
55262 55261
26502 26501
34934 34933
70996 70997
38467 38466
9404 9403
52154 52153
32564 32563
72662 72661
46138 46137
44596 44595
19744 19743
64468 64467
50347 50346
39346 39353
16153 16154
35571 35570
61105 61112
366 365
34900 34899
63460 63475
29841 29840
25779 25752
22752 22751
33960 33959
59790 59789
70403 70401
60510 60508
37532 37531
49476 49475
56864 56863
77067 77066
65841 65626
51169 51168
27923 27922
30906 30905
2382 2421
5390 5323
15387 15386
53929 53984
76287 76286
74615 74614
63138 63137
50240 50239
660 659
26904 26903
32052 32067
38841 38840
79212 79211
56801 56800
46829 46828
62523 62577
62857 62856
61928 61927
61824 61823
24850 24849
40520 40519
48577 48556
37398 37397
43406 43405
12602 12601
23669 23668
76983 76982
65048 65047
52795 52810
13454 13453
38447 38475
75170 75169
28314 28313
20381 20380
69996 69995
9373 8975
9903 9904
10995 10996
55951 55950
51356 51355
60941 60957
67838 67837
47285 47286
20411 20412
45495 45494
1051 1050
35870 35877
75254 75255
62950 62951
10938 11143
24846 24862
60073 60072
72838 72837
34886 34885
49726 49765
7759 7758
24608 24609
44394 44395
72243 72242
62594 62593
19434 19435
42965 42964
56512 56511
940 956
57015 56994
39524 39523
74565 74564
55450 55451
6997 6996
49413 49452
32189 32237
47856 47855
28735 28734
55873 55872
18579 18578
68315 68314
28278 28277
63049 63058
30095 30094
20734 20733
6526 6542
74138 74137
48135 48142
64063 64064
62165 62164
61660 61661
34344 34343
72418 72417
7595 7594
70038 70009
66668 66667
64219 64065
69773 69772
64498 64497
54109 54108
62711 62710
2154 2153
2345 2343
362 369
42877 42876
30476 30475
44616 44615
41673 41672
60928 60927
4293 4292
71571 71570
64783 64782
30440 30447
38332 38331
45398 45397
58899 58898
23447 23475
28930 28929
30194 30166
66588 66587
59058 59057
46047 46046
4476 4475
27390 27389
57235 57234
13467 13466
20417 20416
23603 23631
1831 1830
44114 44113
73034 73033
73220 73219
50741 50704
50669 50668
70911 70909
30923 30922
25208 25207
19697 19725
2682 2681
68250 68249
30261 30260
58893 58892
1388 1403
60325 60323
74315 74314
34747 34748
2693 2664
46534 46541
923 922
79026 79024
58533 58532
48480 48479
60487 60486
34186 34185
22455 22454
70084 70083
74458 74457
61748 61747
65437 65436
37783 37774
63007 62978
76483 76482
49081 49082
14666 14665
53377 53376
51434 51433
6014 6016
58939 58938
64541 64569
36280 36279
22746 22744
59781 59780
65706 65722
7618 7616
45800 45801
26528 26527
62324 62325
31310 31325
76046 76045
9376 9374
73199 73198
14949 14948
20472 20471
6303 6302
9698 9705
18707 18706
47352 47351
1364 1363
76771 76770
9028 9027
5053 5052
42211 42210
79067 79066
63628 63627
71080 71079
32839 32838
49062 49063
68706 68705
39127 39126
69473 69474
57739 57738
73893 73892
14381 14380
65237 65246
57926 57925
50592 50591
50976 51015
20527 20528
1642 1651
69096 69095
4822 4821
50173 50172
44711 44710
77711 77710
28763 28762
16902 16901
79182 79180
11484 11485
57309 57308
26216 26215
47860 47859
9467 9466
3020 3019
61067 61065
73350 73342
19402 19401
75338 75337
41037 41052
69090 69089
46039 46038
27413 27412
22995 22994
79750 79729
16997 16996
37790 37789
17534 17533
32012 32013
69952 69951
10434 10433
14259 14257
33163 33202
46777 46778
5709 5708
8084 8055
69284 69283
48888 48903
66725 66724
28328 28327
32700 32699
79670 79671
60014 60013
74435 74436
59693 59692
25660 25659
18846 18847
63237 63236
19224 19223
76277 76276
14854 14861
18175 18173
45728 45727
53191 53190
69081 69080
49314 49313
67717 67724
57743 57742
79334 79333
67168 67169
4540 4568
33743 33742
78210 78209
21823 21822
68341 68126
79039 79038
40271 40270
13670 13672
52405 52384
17860 17859
31938 31937
60958 60959
69246 69245
49049 49048
77561 77576
19317 19318
440 447
27976 27975
3755 3754
13682 13689
66000 65979
19622 19621
44055 44054
51301 51300
45126 45117
71503 71502
34694 34693
46580 46579
63248 63247
32793 32794
69834 69833
73819 73818
8253 8251
33638 33637
33682 33689
27331 27330
75981 75980
39808 39807
25503 25502
32119 32147
2961 2960
25015 25014
55714 55721
55710 55709
38047 37969
4662 4661
55149 55148
9083 9084
57943 57942
7604 7603
51889 51888
9652 9651
7570 7569
70266 70265
79735 79734
30404 30403
10564 10563
51060 51059
26642 26651
12891 12967
75521 75520
30421 30420
25906 25905
1562 1563
72571 72570
20295 20310
22873 22888
72512 72510
21381 21380
3306 3305
40390 40323
11013 11012
78899 78898
12803 12802
77372 77371
30024 30023
32730 32729
56182 56210
67939 67938
21121 21120
29654 29653
72462 72470
6438 6437
22553 22552
38765 38764
67537 67536
79475 79490
49215 49214
79439 79438
70099 70100
43629 43628
12499 14999
43370 43377
4159 4160
67504 67503
1825 1824
55399 55398
67916 67915
36850 36849
66092 66091
31251 31455
72370 72369
70120 70136
57832 57833
30005 30004
78405 78404
43385 43384
14112 14119
73692 73693
30965 30964
61242 61241
28572 28571
17934 17933
14649 14657
64035 64042
76182 76210
50535 50534
30060 30075
54665 54664
25051 25050
54390 54389
21054 21017
762 763
42024 42023
29931 29959
71947 71946
76107 76106
21808 21806
68681 68680
4005 4006
62395 62393
62252 62251
8962 8961
51377 51384
45100 45311
2495 2494
38661 38660
53577 53556
43797 43796
69470 69469
72964 72963
25250 25249
27812 27813
34291 34290
57626 57625
36203 36202
2551 2550
50127 50134
44469 44468
15089 15087
8503 8502
9530 9424
3495 3496
53079 53078
33591 33590
50635 50642
47016 47015
7638 7653
58483 58482
47227 47235
633 632
33340 33125
44355 44356
60565 60564
75079 75155
6301 6300
38722 38720
32337 32336
28001 28000
7310 7309
40774 40773
69982 69983
51562 51563
35995 35996
42732 42731
22289 22288
1671 1670
43964 43953
6025 6053
65084 65083
66742 66796
74485 74484
1241 1240
10885 10884
12562 12561
41951 41953
21478 21477
13944 13916
7598 7599
37908 37907
67538 67509
78727 78726
49805 49813
12936 12935
74932 74960
31861 31860
50041 50057
38484 38483
71319 71318
34554 34553
33156 33155
12847 12846
543 542
37702 37701
71052 71051
44389 44388
16364 16363
38770 38771
49484 49483
25887 25886
75279 75278
49455 49471
16022 16021
37839 37838
77804 77803
45573 45572
28801 28800
3930 3929
10581 10580
77300 77299
40869 40897
27690 27689
18356 18355
3701 3700
59933 59940
57448 57447
70483 70482
20613 20612
79817 79815
21295 21294
59880 59879
6732 6731
35705 35721
15417 15416
15 14
63548 63547
58903 58902
42244 42243
3283 3299
4421 4420
51239 51238
39055 39054
40749 40748
18587 18586
57281 57280
64548 64547
16823 16822
62425 62441
66856 66857
70298 70297
48024 48023
70865 70864
70551 70550
19298 19307
43587 43586
33234 33233
730 729
1083 1082
73987 73996
74191 74198
72810 72809
58201 58200
12864 12863
34822 34821
50123 50122
75655 75654
12999 12998
6369 6385
13560 13559
74597 74596
74248 74247
6959 6958
34345 34336
49457 49456
49091 49090
1394 1393
18230 18229
79607 79606
67862 67853
37312 37311
72785 72792
30022 30076
35276 35292
26424 26425
1381 1380
23984 23985
65829 65828
55701 55700
51694 51693
14059 14058
61266 61265
65792 65799
75416 75415
51593 51592
42379 42378
66491 66490
44017 44016
35814 35813
30795 30794
1358 1357
12629 12628
26678 26649
6231 6232
78407 78406
76449 76448
52680 52679
40611 40610
38369 38397
22251 22250
22415 22414
69973 69971
39059 39058
37223 37222
48739 48738
34590 34375
70651 70650
61234 61213
38135 38142
36094 36221
69657 69656
29543 29542
29554 29553
6434 6433
17919 17918
53457 53458
73239 73238
78548 78547
25022 25076
78273 78272
57715 57704
10350 10321
61273 61327
68662 68661
78351 78358
11936 11915
68044 68043
150 149
58361 58410
33888 33903
5524 5523
30210 30209
48547 48546
51298 51289
36663 30001
10997 10998
34043 34044
7713 7715
40062 40061
51314 51313
70538 70537
28871 28870
40779 40752
28780 28779
27242 27241
75624 75226
33230 33229
72922 72921
35331 35332
78654 78655
55702 55704
10230 10229
7748 7747
78122 78121
24209 24208
25849 25841
5671 5670
26815 26816
48966 48973
27520 27521
28514 28516
40391 40467
50036 50035
22099 22091
35736 35735
42942 42941
61139 61138
79485 79484
26443 26414
32457 32456
16549 16548
55008 55007
31039 31038
59682 59681
54122 54123
31808 31806
47604 47603
484 483
30893 30892
15789 15788
35879 35880
4547 4546
59642 59641
51328 51404
51894 51895
9492 9500
40644 40645
1951 1953
25043 25042
16051 16050
3757 3756
60513 60512
42274 42273
52371 52370
193 164
75551 75550
12360 12359
68983 68982
26995 26994
33402 33401
31889 31888
21519 21518
63357 63356
47018 47017
46616 46615
1646 1645
59690 59738
26146 26145
46902 46901
71346 71345
6587 6586
44532 44531
4905 4884
51611 51602
70966 70965
28691 28692
45547 45469
67241 67240
75918 75919
7551 7550
47750 47749
79811 79810
50633 50632
17358 17357
42549 42556
24247 24246
27179 27178
253 254
13121 13120
46663 59999
65657 65656
16865 16864
31686 31685
8850 9061
49934 49933
15194 15166
46648 46647
79250 79249
27304 27267
77764 77763
50190 50189
65308 65307
8960 8959
9268 9275
7009 7008
5921 5900
10451 10466
49359 49358
64899 64898
70767 70766
43952 43951
1755 1754
22524 22523
11603 11601
34852 34851
5627 5643
53884 53883
59235 59234
22678 22733
57867 57866
2022 2021
69921 69923
6241 6240
2799 2798
52455 52454
5196 5195
41041 41040
46197 46196
78969 78968
68877 68868
69853 69852
53572 53571
58624 58623
5681 5680
32993 32992
60595 60594
51759 51757
77258 77257
19141 19217
36104 36111
39900 39899
54046 54061
10646 10661
47524 47523
50381 50380
20997 20998
34213 34212
49348 49347
17468 17467
37515 37514
1228 1227
71767 71766
75331 75330
1365 1336
70211 70210
79859 79858
9304 9303
54190 54181
52035 52034
27820 27819
27507 27506
45936 45937
8602 8601
53675 53691
25810 25809
77275 77274
76330 76339
10728 10727
71504 71505
62198 62226
62645 62644
3737 3736
22291 22290
75359 75358
30694 30693
63294 63293
22173 22172
6675 6674
78540 78539
66943 66942
46689 46680
8749 7705
12976 12975
67670 67669
2005 2004
59014 59013
6513 6512
54573 54589
5948 5955
76989 76988
15392 15401
50253 50254
59292 59291
35364 35363
63734 63713
14189 14180
69109 69108
25921 25900
28854 28853
68773 68827
59298 59220
54830 54829
68628 68627
5860 5909
73907 73906
56194 56209
66952 66954
13705 13704
7579 7588
23391 23390
47310 47309
42636 42637
34446 34445
60553 60552
33514 33516
37807 37806
46938 46937
15320 15319
42270 42269
32245 32246
12826 12825
78430 78429
25499 25498
1392 1391
17669 17668
30856 30855
62250 62229
22618 22616
12373 12372
46249 45205
17219 17218
48242 48250
35957 35958
44543 44542
72085 72084
13079 13078
40051 40050
49566 49565
77077 77076
62550 62557
16578 16577
32799 32798
59925 59941
13613 13614
35208 35207
11468 11467
10049 10056
61541 61540
19926 19925
61461 61460
8348 8347
72707 72705
68689 68688
58912 58911
21838 21854
2177 2176
54351 54350
60462 60461
20634 20662
53781 53780
72829 72828
9966 9965
31887 31886
31165 31164
13429 13428
25252 25251
64168 64167
40722 40723
39839 39838
41150 41149
30275 30273
4085 4139
62500 65000
42593 42592
24391 24390
16984 16983
75991 75990
48943 48914
27600 27811
66319 66318
53627 53626
73734 73713
38805 38804
78853 78852
15617 15616
40465 40464
3137 3136
67891 67824
27728 27727
63951 63950
42803 42802
11914 11922
55544 55543
17682 17681
77063 77062
12604 12603
69407 69406
37219 37218
7997 7996
26388 26403
79627 79626
9152 9150
74790 74789
45842 45821
68265 68244
15836 15835
33495 33496
56750 56749
69364 69363
73153 73152
53450 53449
41610 41609
62264 62263
47270 47269
432 448
23996 23994
23060 23059
77964 77963
23158 23157
8554 8517
38507 38506
39239 39240
39350 39349
37638 37653
70128 70135
68521 68520
55397 55396
453 452
54214 54213
55296 55311
17708 17707
47982 47981
34690 34706
2589 2587
48095 48086
8278 8277
15439 15430
15114 15113
22175 22174
61164 61163
2209 2224
41327 41260
70426 70425
12398 12397
27572 27571
48998 48997
20764 20743
42464 42463
30214 30203
73170 73169
9463 9470
1178 1177
9721 9720
53005 53004
31110 31109
64901 64900
65649 65648
66847 66854
11276 11275
11324 11323
11992 12000
54887 54886
74496 74495
65494 65493
26303 26302
21151 21152
61479 61478
75439 75438
39825 39826
33909 33908
26881 26880
31756 31727
49556 49555
76600 76599
55628 55644
16174 16190
30468 30314
44013 44012
59998 59997
25902 25901
66196 66195
44774 44773
33465 33464
54857 54856
45286 45285
34751 34750
15791 15798
64269 64276
3539 3538
27788 27787
68298 68297
40261 40260
40712 40740
22839 22838
1268 1269
11297 11296
44886 44885
22712 22711
74489 74488
51633 51632
53267 53266
40724 40739
61590 61589
32375 32374
52868 52867
69479 69478
65995 65994
25434 25433
67542 67558
50345 50344
73859 73858
15824 15823
50476 50475
39883 39891
65783 65782
45390 45323
41800 41799
30921 30900
21241 21240
35493 35492
39267 39258
64531 64425
62973 62972
72343 72316
39848 39847
5977 5985
72781 72780
77138 77137
17549 17556
3115 3114
36286 36285
63441 63457
72077 72076
40858 40859
65239 65238
26339 26337
65119 65117
34626 34625
34681 34680
19346 19353
4648 4611
75525 75524
28900 28899
71137 71136
79257 79228
33360 33409
37108 37109
70697 70696
23751 23955
5535 5534
38330 38337
5 4
44852 44851
63448 63476
66271 66272
30764 30743
50870 50877
61141 61140
73687 73686
25276 25292
39062 39063
34578 34577
16686 16685
60578 60577
66206 66205
61469 61468
4723 4722
12633 12632
12720 12719
26934 26935
52864 52863
47133 47132
71463 71462
72450 72449
70065 70064
263 262
1146 1145
41689 41680
34947 34946
67208 67209
17447 17446
23412 23411
37037 37036
75175 75176
17849 17848
57444 57459
18226 18225
43330 43337
48778 48777
13164 13172
31373 31372
65811 65810
1789 1788
55321 55320
10406 10405
53027 53028
24256 24227
73897 73896
45240 45239
74190 74181
24359 24358
65376 65375
38996 38994
118 116
38735 38734
35377 35376
21637 21636
26810 26809
52752 52751
18854 18853
9114 9113
20051 20050
62368 62367
21345 21344
60317 60316
18058 18056
6049 6048
16224 16223
72281 72280
4535 4534
78118 78117
38121 38120
24953 24952
45408 45407
68239 68238
49291 49290
78682 78710
79351 79350
64109 64108
72834 72835
17755 17756
54299 54308
40255 40256
78216 78215
38751 38955
6406 6405
69883 69922
25742 25750
42010 42011
18803 18802
8035 8034
79426 79424
66420 66419
3150 3149
27320 27319
73618 73617
14890 14889
79506 79505
54878 54877
27906 27905
77021 77020
51375 51374
39685 39684
7003 7001
518 525
49772 49771
17215 17214
49003 49004
64515 64494
42728 42727
27568 27567
77496 77495
38482 38481
5904 5903
21825 21824
64401 64400
50161 50160
4367 4366
6779 6794
24938 24937
61056 61064
71399 71398
35762 35763
25976 26015
5976 6015
52365 52380
12299 12298
2963 2962
29976 29975
52965 52964
68571 68570
33688 33687
73407 73406
9837 9836
57897 57896
54555 54554
30501 30500
59303 59302
35738 35737
1428 1483
10824 10823
66963 66991
10354 10370
34844 34971
42648 42647
16528 16527
6159 6158
34871 34870
38081 38080
39365 39364
53448 53455
8306 8305
31759 31757
14033 14024
70272 70271
25749 25748
54288 54287
33222 33223
42074 42073
34842 34815
77829 77828
37953 37952
57254 57253
7293 7292
54384 54383
39626 39625
35402 35400
856 855
30013 30012
79252 79251
3810 3825
46443 46414
46201 46200
77191 77207
9345 9336
30590 30589
27162 27161
54326 54325
72017 72016
8326 8325
26962 26990
10440 10447
78330 78340
14329 14328
59225 59224
37449 37448
47394 47392
64889 64888
4391 4390
6568 6567
4459 4458
33255 33254
48461 48460
69699 69706
10524 10523
79790 79789
33860 33859
5766 5765
34660 34658
63002 63001
8312 8311
4825 4826
3348 3347
68933 68932
330 329
30698 30697
36312 36311
51654 51653
42461 42469
11902 11901
28031 28030
7993 7992
53375 53374
66981 66980
47826 47825
79956 79955
24738 24736
58149 58148
33123 32725
11235 11234
35713 35720
22472 22470
64720 64719
22951 22966
71238 71237
15409 15410
10079 10088
59944 59959
71801 71800
44723 44722
41543 41544
72888 72887
51848 51847
17259 17258
67785 67792
26585 26639
22014 21993
40330 40329
26108 26107
39789 39788
71937 71916
46301 46300
32104 32103
69984 69963
20654 20653
11068 11067
10102 10101
66182 66210
73359 73360
78283 78282
19675 19674
78440 78488
49201 49216
55433 55449
62715 62704
11881 11880
10413 11248
60 75
47673 47672
47623 47622
50696 50695
48067 48068
26444 26416
5194 5166
54141 54074
67733 67732
20607 20622
11360 11359
25768 25767
8835 8834
13678 13677
41476 41474
67546 67545
21043 21042
66541 66540
27999 27998
70720 70719
23395 23394
5694 5693
4715 4714
59060 59059
28613 28614
54069 54068
9348 9347
53335 53334
56273 56327
20684 20685
8039 8038
70191 70190
20644 20645
14719 14718
59724 59723
73586 73585
55014 55013
59636 59635
74937 74936
8956 8954
2383 2391
66459 66458
33184 33185
72554 72553
39281 39280
2757 2657
61818 61819
31329 31338
50444 50443
59119 59118
77149 77112
57844 57843
24528 24527
73548 73547
31908 31907
37078 37077
28575 28576
52767 52766
65821 65820
25808 25807
60437 60436
20696 20695
17763 17762
33146 33161
74004 74005
51180 51179
60130 60129
79046 79061
41472 41471
13069 12970
46659 46660
32625 32624
9677 9676
56179 56178
50419 50418
36472 36471
4503 4501
64735 64734
28714 28713
39110 39109
18522 18521
31855 31856
41127 41126
12358 12357
60141 60140
51009 51008
60939 61144
44518 44517
16257 16256
12939 12930
51515 51514
30428 30399
51791 51790
4865 4880
19509 19508
35942 35941
8938 8937
70934 70933
78604 78632
13366 13365
379 378
31305 31304
11106 11105
72932 72930
18381 18396
37287 37302
50110 50109
1456 1454
67220 67219
8653 8654
22793 22794
65761 65762
67019 67018
44580 44587
5079 5088
21195 21194
5081 5080
48490 48489
29846 29862
63370 63398
39707 39708
977 985
16092 16065
607 622
38469 38468
31984 31983
6525 6523
62294 62293
76073 76072
30337 30336
64286 64285
53641 53640
12942 12941
68017 68016
55930 55929
7152 7151
7270 7269
9955 9954
11098 11097
39715 39714
21333 21332
16976 16975
13787 13758
1488 1487
58508 58507
71090 71089
43117 43116
51764 51763
4652 4651
34450 34449
54257 54228
18198 18197
50869 50897
54343 54342
35844 35843
36108 36107
64680 64679
68842 68841
41195 41194
4612 4628
62699 62698
18962 18961
20980 20979
10083 10082
44053 44052
41505 41506
9175 9174
34234 34233
54809 54808
7778 7777
37928 37899
79929 79928
44300 44299
4078 4077
23711 23719
7765 7764
1599 1598
55829 55828
11635 11634
34108 34107
43391 43390
45091 45090
11267 11266
21430 21429
64235 64234
7543 7542
1261 1259
36369 36385
15669 15668
53239 53238
72044 72043
72987 72986
32124 32123
34015 34014
13393 13392
29938 29937
44599 44591
64318 64319
33322 33338
13376 13375
62288 62303
5115 5086
15965 15964
6677 6676
53206 53205
19976 19975
54366 54365
36810 36809
57414 57413
11774 11773
63840 63838
7443 7458
65661 65660
53947 53946
14978 14977
31127 31126
66055 66018
40444 40443
62290 62289
39778 39777
37885 37884
74351 74350
69403 69402
60580 60579
62477 62476
38001 38000
15834 15833
5409 5410
50431 50429
2014 1993
42299 42298
9459 9458
15802 15817
66815 66814
29664 29663
71531 71530
13224 13239
56659 56658
28913 28912
24566 24565
67741 67740
9135 9134
65325 65323
65310 65309
70791 70819
14270 14269
63895 63894
10126 10117
34097 34096
56425 56426
46163 46162
56340 56338
74500 74499
20030 20029
21343 21342
3728 3727
45889 45888
67561 67576
78806 78805
3705 3704
44951 44950
77146 77145
67155 67154
42795 42810
51231 51232
2987 2988
63271 63270
61780 61795
11452 11451
53925 53926
63945 63917
5844 5843
12022 12021
7769 7768
20967 20966
7752 7751
76315 76314
12656 12655
70555 70554
29083 29084
54859 54858
34812 34811
16988 16987
18492 18491
58897 58896
7438 7437
35866 35865
48402 48401
68866 68837
31377 31384
19770 19769
65635 65663
33686 33685
24089 24088
77087 77086
72687 72686
70989 70987
12056 12055
17898 17897
19719 19718
25982 25981
25895 25894
77945 77944
52491 52490
40303 40302
46814 46813
17904 17903
14822 14821
49213 49212
28594 28721
6121 6120
24159 24160
35114 35113
58637 58636
31690 31697
37264 37266
77292 77291
5136 5137
53231 53230
42100 42107
3344 3343
18123 17725
12253 12252
20940 20956
67442 67443
32141 32140
1085 1084
57132 57147
19526 19525
12411 12410
77531 77530
49459 49458
71622 71623
14740 14739
5772 5771
30272 30243
77535 77534
12555 12554
64170 64169
13385 13384
24966 24965
25045 25044
21583 21584
33644 33642
41760 41776
42957 42956
13372 13371
10163 10162
77737 77746
49383 49382
34652 34651
45533 45532
54162 54163
59282 59281
37335 37334
36825 36824
61905 61904
74364 74363
36812 36811
38096 38103
63254 63252
34778 34777
19957 19956
27543 27542
54680 54679
58628 58627
16871 16870
18196 18195
25766 25765
41681 41679
8395 8394
48513 48512
15988 15986
28160 28159
57473 57471
39920 39922
9419 9418
28135 28142
48018 48025
12646 12645
15330 15329
42099 42091
57488 57487
48163 48202
37797 37796
54611 54660
4192 4191
13864 13863
59237 59236
9822 9821
3943 3914
66544 66545
44656 44655
20442 20441
63481 63480
49438 49437
27403 27404
21176 21175
6667 6666
53009 53007
51859 51858
43646 43645
17555 17554
16631 16630
69986 69985
1881 1880
51739 51740
52883 52882
64918 64917
72694 72665
46644 46643
7957 7956
67590 67588
64927 64926
48416 48415
2753 2754
71021 71020
28876 28867
22487 22486
870 877
18376 18375
51715 51714
65506 65505
60447 60446
55739 55738
28358 28359
13803 13802
62903 62901
79477 79476
35406 35405
24947 24946
32837 32836
1287 1258
20868 20867
58689 58688
9827 9806
15719 15718
44745 44746
1014 1016
37213 37212
31245 31244
2329 2328
74366 74365
34560 34559
75993 75992
72324 72325
26049 26048
23302 23317
23555 23563
2078 2077
76451 76450
69912 69911
67772 67771
16675 16674
30575 30574
20780 20674
38340 38125
56782 56781
58865 58864
36218 36217
62596 62595
49554 49553
49700 49699
7911 7912
26963 26970
74060 74059
32185 32184
30757 30756
16543 16544
46538 46537
79771 79770
24249 24248
11940 11939
26959 26958
28718 28717
10963 10962
40764 40743
62861 62860
40802 40817
52200 52199
68283 68282
22305 22313
74864 74865
53157 53156
16444 16416
5713 5720
46688 46687
8088 8104
39604 39603
39442 39441
56283 56282
27581 27580
69607 69606
22820 22819
21450 21449
10675 10673
74100 74099
17520 17521
52383 52391
29215 29214
57699 57698
48644 48642
41456 41454
47189 47237
47896 47895
79836 79835
37528 37527
66757 66728
9002 9001
74776 74804
58110 58109
2650 2649
44381 44380
4698 4705
23280 23174
46265 46264
36113 36114
3184 3185
38610 38609
48113 48112
17771 17770
12350 12349
47379 47378
66556 66555
53685 53684
48260 48261
70570 70471
64840 64839
12251 12250
61246 61245
67484 67463
1462 1461
37476 37475
2917 2916
49890 49889
16730 16728
50994 50993
77195 77194
74996 74995
54119 54118
44402 44401
51955 51971
22606 22605
52419 52418
68248 68247
62749 62748
26800 26799
32953 32952
73779 73778
7358 7357
24192 24191
75197 75196
10709 10708
9631 9646
23459 23474
1955 1971
48084 48055
27197 27225
43524 43523
9154 9153
32818 32817
35516 35515
78084 78083
7640 7639
76414 76413
36119 36118
71816 71817
63261 63262
16028 16027
33948 33947
71839 71855
13289 13288
58754 58753
65504 65503
54138 54137
73611 73610
72093 72072
76433 76432
8924 8925
12921 12920
2160 2158
25184 25183
76464 76466
31528 31527
54418 54417
67527 67526
74166 74165
56907 56906
66619 66618
4530 4424
57850 57849
53100 53099
50942 50941
715 714
38463 38462
50564 50563
50366 50365
78380 78381
16133 16141
64056 64055
10629 10628
52934 52933
77220 77219
55576 55575
77490 77489
9860 9859
49690 49706
32932 32948
43144 43145
13774 13773
13009 13007
75813 75812
58791 58789
60143 60142
22644 22643
34047 34046
34051 34050
77412 77411
77317 77315
79640 79639
5707 5706
15768 15767
39740 39739
42094 42093
39590 39375
39631 39646
59842 59841
14241 14295
2686 2685
47110 47159
74849 74848
54338 54336
35068 35067
41377 41384
8596 8612
4469 4468
48750 47500
21831 21830
75490 75491
57182 57181
46955 46971
35660 35659
22232 22231
38958 38957
48765 48764
71211 71174
41641 41717
14462 14490
59020 59019
42700 42699
38827 38760
2058 2057
59094 59093
67943 67942
3461 3460
26318 26317
73815 73814
16705 16704
44207 44206
72191 72207
19281 19280
71809 71807
28102 28101
66149 66148
61907 61906
27987 27988
78155 78154
44325 44324
30226 30224
76843 76842
2596 2597
61334 61333
25078 25154
44302 44301
26980 26979
77031 76925
15592 15591
60815 60814
55515 55514
69320 69221
57768 57767
45007 45006
12119 12147
12608 12607
47276 47283
52169 52170
8054 8053
49751 49750
18358 18359
23328 23327
127 134
37547 37546
76708 76707
27382 27421
1842 1841
50316 50315
34780 34779
61487 61496
23212 23240
71952 71954
10772 10771
15282 15281
56832 56831
26207 26206
33984 33985
19169 19168
54292 54291
58764 58763
26574 26572
48144 48145
49396 49411
74414 74453
9883 9891
71868 71867
16310 16325
72850 72849
5816 5815
95 94
28828 28904
21186 21185
77319 77318
17264 17266
42726 42724
7740 7739
79845 79972
35852 35851
65149 65148
25413 26248
57346 57344
65221 65220
75678 75677
66384 66383
6089 6088
33175 33173
25390 25323
39820 39819
32963 32962
50637 50636
53933 53932
44323 44322
5411 5412
7507 7506
8302 8317
57848 57847
73592 73591
78766 78765
64012 64011
42980 42978
74082 74083
43615 43630
1768 1775
63985 63986
2079 2089
8699 8698
14287 14286
32197 32225
2285 2286
20588 20604
51984 51983
3046 2979
33943 33914
15125 15124
13297 13296
69147 69146
69112 69103
53143 53144
43461 43460
52890 52823
56963 56991
31423 31422
50713 50720
11844 11843
55378 55377
18098 18097
49404 49403
72212 72211
36760 36776
77798 77797
61374 61373
48211 48210
6699 6700
1210 1173
35431 35429
22961 22960
45564 45563
74857 74856
75082 75081
463 462
15516 15515
46951 46953
51346 51347
40639 40638
46375 46374
58333 58332
29526 29525
11898 11897
59962 59970
6432 6431
34795 34794
66410 66409
57861 57860
67117 67116
68032 68031
77321 77320
78574 78575
76134 76142
74625 74624
23043 23042
63675 63691
23629 23628
12377 12376
57484 57463
19949 19948
29300 29299
62061 62060
36646 36645
77187 77188
39860 39859
22828 22827
50297 50296
27702 27701
23439 23487
20650 20649
70433 70449
58388 58387
39007 38907
44690 44706
5715 5714
15596 15603
56238 56237
51659 51660
50938 51143
6267 6266
13006 12977
36498 36497
23898 23897
79937 79936
30564 30563
43892 43891
47137 47136
72437 72436
15639 15638
48412 48411
56668 56667
49960 49923
74783 74782
78685 78684
19167 19166
31642 31651
54117 54116
69468 69467
45269 45268
72184 72183
33839 33837
43075 43074
56036 56037
32765 32764
9398 9397
9598 9597
36637 36636
50804 50803
24931 24959
550 549
32080 32087
75342 75341
60124 60123
13350 13357
16593 16592
40760 40761
51591 51590
2923 2922
63136 63143
14709 14724
62664 62663
24272 24271
35356 35355
40870 40877
37079 37089
62051 62052
7464 7463
60099 60100
6265 6264
39727 39735
15188 15187
25309 25308
36268 36269
52566 52565
7323 7324
70796 70795
79650 79658
58593 58566
26869 26868
53836 53835
11791 11790
46136 46135
7750 7749
46328 46404
41113 41114
50121 50120
58159 58158
18741 18740
4315 4316
2116 2115
75219 75218
10112 10111
5463 5462
37024 37023
6538 6537
23503 23502
53254 53253
77097 77096
14444 14443
21621 21622
14348 14347
64086 64140
2348 2347
27276 27283
17736 17745
38399 38407
4484 4483
24000 23999
29540 29568
73261 73262
51331 51330
62182 62181
12432 12439
60033 60032
57328 57307
46533 46524
16482 16481
26570 26569
11442 11441
78242 78205
63110 63109
66592 66591
73832 73831
12060 12059
31500 31499
28558 28557
3276 3275
48990 48989
14051 14050
53943 53942
35759 35758
25844 25843
12443 12458
47476 47475
44602 44601
71439 71438
1127 1126
8175 8173
75664 75703
78183 78184
2868 2867
41224 41223
61377 61368
64496 64495
18648 18647
76128 76127
54601 54608
67051 67052
30940 30956
67100 67092
69798 69797
5795 5794
434 433
39215 39214
73468 73467
71162 71161
3354 3353
52104 52103
68683 68690
79311 79310
73124 72726
60116 60087
74802 74801
48029 48044
64956 64955
72065 72064
48226 48225
9633 9632
12009 12008
20571 20570
25366 25365
40070 40069
14350 14349
39858 39857
39738 39736
43585 43584
14539 14538
36732 36731
26578 26577
6070 6069
11581 11582
18374 18373
44931 44959
1884 1912
47401 47402
47728 47727
79273 79272
66306 66305
29719 29718
52564 52563
16096 16112
28579 28578
72862 72853
43913 43912
23805 23804
44298 44307
5326 5325
944 943
7667 7665
54170 54169
17275 17303
21013 21012
79170 79169
78361 78410
44100 44071
36030 36029
29209 29208
58213 58241
47079 47089
30780 30674
55989 55987
40707 40706
65168 65166
55410 55411
79764 79763
53785 53784
61268 61267
4205 4204
43306 43305
63199 63198
39488 39487
30810 30809
59937 59936
24795 24794
15637 15636
26534 26541
26948 26947
78829 78905
24125 24124
31247 31246
72138 72137
59405 59404
65203 65202
13160 13159
24829 24828
44943 44958
43154 43153
4896 4895
18763 18762
1980 1979
58080 58079
31570 31569
53912 53911
79800 79799
40307 40306
59380 59379
5742 5750
12388 12387
21663 24998
50999 50978
33226 33225
2094 2093
63796 63795
65900 65908
22131 22146
10121 10120
75235 75236
78088 78086
64031 64030
62486 62485
20747 20746
74069 74068
35330 35329
6797 6719
6207 6206
32698 32697
78614 78615
28175 28173
59366 59365
75041 75039
40379 40378
37129 37130
72134 72133
68734 68713
48414 48413
27927 27926
78474 78473
13471 13470
18850 19061
47927 47926
54931 54930
75742 75705
13980 13979
22818 22817
64460 64459
79851 79850
2809 2808
56479 56478
25451 25466
60443 60442
70075 70074
74956 74955
51159 51158
45590 45589
2455 2454
33881 33880
10210 10209
42708 42707
42276 42283
76952 76954
17299 17298
46327 46260
50089 50087
49633 49632
27010 27011
77802 77801
40844 40843
53476 53515
29848 29847
73704 73703
252 251
68127 68125
61412 61411
66613 66620
3772 3826
1936 1915
36877 36893
55264 55263
21155 21134
73924 73923
9619 9647
11745 11744
32323 32324
32344 32471
55920 55921
64067 64066
41388 41403
36867 36866
4491 4454
70056 70055
35856 35855
37936 37935
2148 2111
47474 47473
37726 37724
59164 57502
16178 16177
77985 77984
14645 14644
2788 2787
23088 23104
34421 34420
55179 55234
10043 10042
10923 10922
8790 8788
11293 11292
39175 39174
57829 57828
60940 60988
12610 12609
5942 5941
73474 73473
40654 40653
25293 25294
57332 57331
71601 71572
34017 34016
76533 76532
36096 36112
402 400
74920 74919
45663 45702
25656 25655
37621 37620
59687 59688
19690 19706
19253 19252
39169 39168
11817 11818
19931 19959
25694 25693
12441 12442
65630 65629
20973 20972
25787 25786
34100 34071
61015 61017
20252 20251
38438 38643
52887 52886
57395 57393
19188 19187
43342 43321
68063 68062
72328 72307
8595 8593
70786 70785
35312 35313
14795 14794
56469 56468
62831 62830
64910 64909
63260 63259
7558 7559
47736 47745
39222 39221
28980 28979
29596 29595
50299 50298
64800 64799
76302 76301
50263 50262
9924 9940
3257 3256
17775 17773
13507 13506
36934 36935
16144 16142
35917 35918
44406 44405
33814 33813
53147 53201
45118 45116
23329 23339
74689 74894
76250 75206
40083 40082
35491 35545
46280 46279
75012 75010
5451 5466
67693 67692
52591 52590
74910 74909
18761 18759
47102 47101
46251 46455
52841 52840
26205 26204
44000 43999
77125 77124
73912 73911
59496 59495
35694 35693
3530 3529
43429 43428
77783 77782
76853 76852
43558 43557
46511 46510
26946 26945
13911 13910
31341 31340
57359 57358
25512 25511
28799 28806
77036 77035
73142 73141
984 983
61250 60206
32631 32630
15032 15031
60786 60785
3003 3002
31767 31758
7274 7273
79360 79359
47714 47703
44932 44939
13205 13221
11978 11977
29152 29150
669 668
42189 42237
4414 4422
26180 26179
9704 9703
69693 69692
72042 72049
16001 16000
21578 21577
45774 45773
5402 5400
8083 8082
61330 61339
54033 54032
34928 34927
38946 38945
50795 50794
78828 78761
26333 26332
69573 69589
31352 31351
76431 76430
73042 73041
12166 12165
26406 26405
5493 5492
15634 15662
77850 77849
34480 34479
12885 12884
39619 39647
27868 27867
63829 63905
50822 50838
69395 69396
21434 21433
2720 2719
65329 65328
30091 30090
57155 57154
66336 66335
66299 66290
7092 7071
11448 11447
78460 78475
61441 61440
27352 27351
67036 67035
56162 56161
69969 69968
51297 51296
15423 15422
38896 38895
68498 68499
37026 37025
71676 71675
3107 3122
59689 59894
4772 4771
39526 39525
4757 4756
20866 20865
69193 69192
57958 57957
47167 47168
4486 4485
71632 71631
51087 51086
24909 24908
68080 68079
27577 27510
20584 20555
17009 17008
38960 38959
39274 39273
47722 47721
25690 25689
13488 13486
46049 46048
40476 40475
52577 52510
55 54
66584 66585
22202 22201
21062 21061
66056 66064
2936 2935
51205 51204
78034 78033
32710 32709
40206 40204
72353 72352
59988 59987
71594 71593
45364 45363
27562 27561
15778 15777
76687 76686
77533 77532
19007 18907
49795 49794
21293 21292
26488 26487
11578 11577
6182 6189
49853 49881
34667 34668
14234 14233
23902 23901
24598 24597
20451 20466
79969 79968
24141 24217
50571 50570
9384 9412
49319 49220
21703 21702
58622 58621
69098 69097
33928 33983
47039 47038
24146 24145
31536 31535
27902 27900
14262 14261
45024 45023
3285 3284
29602 29601
50664 50672
57857 57856
76624 76639
52674 52675
74712 74711
14863 14864
17648 17647
47536 47535
57546 57545
15499 15498
60638 60637
69846 69844
38570 38569
25686 25665
37765 37764
76346 76345
8646 8645
1291 1307
67273 67272
19089 19088
61359 61358
41785 41784
18033 18032
2625 2624
17382 17421
47526 47525
56544 56545
52993 52992
52415 52414
15396 15395
69625 69624
42540 42538
22137 22136
75978 75986
54846 54844
63250 63249
46919 46918
71756 71755
47761 47760
10846 10845
37325 37326
9482 9481
5600 5599
29936 29935
16534 16541
58670 58669
52627 52634
73821 73820
37763 37762
21568 21567
57378 57377
40547 40469
7868 7867
15218 15217
75179 75234
70788 70787
57334 57333
10656 10655
33276 33275
16938 16937
70409 70408
36138 36137
44919 44918
44686 44687
10868 10867
5098 5099
55193 55192
41159 41158
50590 50589
28020 28019
21711 21710
62850 62849
10428 10399
9516 9515
24379 24378
30307 30306
11703 11702
62321 62320
20284 20291
10660 10659
23814 23813
50539 50538
19230 19228
74781 74780
61372 61371
51243 51242
38964 38953
51583 51584
5051 5050
35637 35636
64781 64780
35007 35006
18087 18085
78130 78129
43495 43496
53937 53936
38617 38616
33952 33951
37939 37930
70227 70225
43043 43042
27921 27920
60758 60757
44514 44493
79962 79970
19442 19441
57071 57070
40988 40986
60566 60567
48012 48011
17371 17370
14683 14682
71296 71295
55253 55252
67731 67730
76964 76971
70207 70205
20 21
42054 42053
74347 74354
33241 33204
58025 58024
23421 23400
54800 54799
28877 28884
68682 68710
66273 66327
60126 60125
66023 66022
71489 71488
49465 49464
74210 74209
41823 41822
46001 46000
62006 62005
54504 54502
79420 79419
68400 68408
11144 11142
8001 8000
2790 2789
55069 55068
35347 35346
73347 73346
59407 59406
8349 8341
40055 40054
25994 25993
69008 68908
52119 52147
43968 43967
3812 3811
39753 39752
74160 74161
61973 61974
71240 71239
19369 19368
65432 65430
68428 68427
38835 38834
23509 23508
42638 42653
68491 68490
20995 20996
59039 59038
69901 69900
63396 63395
30997 30998
78616 78631
33522 33521
47877 47876
12264 12266
13653 13654
671 670
72029 72028
6251 6455
57288 57303
53593 53487
6486 6495
29406 29405
47472 47470
71636 71635
53642 53652
12312 12311
42400 42399
57186 57185
29845 29843
10619 10618
44795 44794
31030 31029
8797 8796
1327 1260
58662 58661
13524 13523
19337 19335
41982 41981
31991 31954
27169 27170
53846 53845
19831 19830
73877 73868
29890 29889
60871 60878
32133 32132
14036 14035
11193 11208
3332 3331
28509 28508
71109 71108
16110 16109
9005 9006
47122 47121
9905 9884
51934 51935
30581 30580
74840 74839
30062 30061
34656 34655
58651 58650
27795 27810
54182 54180
47801 47800
20232 20231
56866 56865
47577 47510
66262 66260
66664 40001
15276 15292
7247 7248
48290 48318
21222 21220
29586 29585
40288 40287
20546 20479
62374 62373
63842 63841
52957 52956
5283 5274
68500 68479
51068 51067
58284 58300
65443 65442
63449 63456
63082 63081
22530 22529
29844 29971
8111 8110
25789 25788
60469 60315
61277 61276
42060 42059
14707 14708
42976 42975
60861 60910
53359 53360
21505 21506
63059 63057
639 638
76236 76235
12453 12452
19465 19464
68647 68646
22778 22777
66227 66226
23621 23620
18938 18937
67153 67152
64553 64568
48741 48740
12363 12364
60187 60186
14532 14531
36972 36973
41992 42000
4582 4581
69441 69440
71523 71494
75739 75738
24472 24473
77 10
33592 33565
49747 49748
15133 15132
75050 75057
21910 21909
25834 25833
71813 71812
61443 61442
36767 36758
50562 50561
71539 71538
44909 44908
26961 26960
339 338
9431 9430
49398 49397
4036 4035
10282 10281
66168 66167
19387 19386
47264 47266
52621 52620
60334 60335
63959 63958
51855 51856
55289 55288
23525 23553
7965 7964
56569 56568
79813 79812
20856 20855
5381 5380
70201 70200
74861 74860
65469 65315
54710 54725
54303 54302
75350 75349
15394 15393
67465 67464
61851 61850
19321 19320
58491 58490
59003 59002
13300 13301
73095 73094
57252 57251
59092 59091
40360 40359
37776 37792
23932 23931
24711 24710
51163 51162
7066 7065
63290 63289
58363 58379
62172 62151
31312 31311
64260 64258
8402 8401
6528 6527
33667 33666
23354 23353
59418 59417
39137 39136
45611 45610
16536 16535
2367 2366
28682 28689
11075 11076
11331 11330
24448 24447
77861 77860
26001 26000
61256 61255
15112 15111
12455 12454
104 103
52033 52049
61882 61881
3968 3967
45171 45170
64183 64199
17270 17269
29135 29134
57950 57951
31871 31870
67945 67944
33640 33639
60905 60904
33177 33176
51265 51264
6533 6524
70440 70431
18410 18408
43801 43800
47037 47036
64433 64434
32247 32248
28833 28832
74573 74589
23799 23806
44911 44910
21863 21862
46472 46471
21957 21956
57492 57491
16604 16620
58744 58743
41092 41065
60735 60734
54128 54127
60727 60726
62888 62887
14432 14433
45280 45279
52401 52402
59665 59664
65065 65064
19614 19613
46611 46602
67435 67434
4209 4208
78607 78606
25337 25336
45980 45979
5806 5805
16951 16953
56588 56587
43052 43051
12746 12744
3417 3418
67821 67820
10133 10132
29643 29642
33224 33239
64166 64165
26458 26457
43665 43664
36701 36716
50383 50382
45787 45786
22058 22057
63010 63008
41381 41380
55599 55598
28976 28974
17686 17685
14222 14221
57751 57750
3182 3183
27457 27456
26218 26217
27771 27770
77717 77724
60260 60259
63216 63215
40034 40033
21972 21973
63897 63896
48121 48120
9361 9360
26711 26710
10106 10105
74942 74943
45096 45097
71725 71724
7849 7848
56002 56001
2194 2193
28894 28893
47548 47539
8356 8355
11783 11782
16931 16930
7621 7620
43644 43642
71449 71448
71843 71842
72729 72728
61510 61509
38686 38685
18982 18981
45377 45376
78508 78507
59162 59163
65049 65040
35639 35638
70185 70184
58142 58141
49169 49168
15018 15019
79219 79065
2558 2559
1094 1221
5333 5334
56107 56106
58384 58383
60473 60472
62874 62889
75544 75543
77103 77102
53869 53867
32398 32397
46438 46437
31458 31457
78317 78316
65739 65738
16104 16111
73439 73644
12436 12435
6368 6366
4133 4132
13041 13040
27259 27258
40436 40435
58840 58838
59557 59556
61227 61226
78506 78505
34839 34838
4823 4824
694 693
70915 70914
35774 35773
19352 19351
71862 71861
29812 29811
32722 32721
68415 68414
42316 42314
54235 54234
11320 11319
65743 65751
17310 17309
66340 66338
14757 14756
18134 18162
10028 10027
22342 22315
58070 57971
11747 11746
39333 39332
65928 65927
73311 73310
69256 69255
58478 58486
19398 19397
48488 48486
71780 71795
26566 26565
30529 30544
70549 70558
44146 44145
75351 75322
49321 49320
64914 64913
15682 15683
44707 44708
32162 32161
24289 24288
72787 72786
75855 75854
74179 74150
56465 56454
29009 29008
77969 77815
19266 19265
53655 53634
5396 5395
4038 4037
4818 4817
25489 25490
60080 60089
70813 70812
40728 40727
67446 67445
76281 76280
67657 67656
7249 7228
33201 33203
54678 54677
44772 44771
35495 35494
1804 1803
2360 2359
7186 7187
66846 66837
15776 15775
36049 36048
28404 28403
76731 76729
73225 73240
71790 71789
70978 70986
67721 67720
55432 55430
74282 74281
37445 37444
33336 33335
290 289
72100 72092
48469 48468
74338 74336
9011 9010
65302 65301
24321 24320
50745 50744
41058 41057
17119 17147
5814 5813
22143 22142
47887 47886
25912 25911
74525 74524
21231 21232
37240 37239
52877 52876
20392 20401
18081 18080
64075 64073
5852 5851
6466 6473
61733 61732
34215 34214
60006 60005
23944 23916
14135 14134
56019 56035
19812 19811
73305 73304
59897 59896
42040 42068
10852 10851
6224 6223
54788 54803
23841 23840
55414 56249
14943 14958
15110 15109
77827 77826
46900 46899
50631 50630
55359 55358
26360 26359
75211 75210
16350 16561
35552 35551
58233 58232
58859 58858
20904 20903
41428 41483
46797 46719
76947 76946
71002 71001
17894 17893
77290 77289
44260 44276
46737 46738
35212 35211
20516 20515
67605 67604
74432 74431
34152 34150
44903 44904
14376 14374
9159 9160
35592 35591
21482 21481
11500 11499
21458 21457
54620 54648
44459 44458
45404 45403
50712 50740
68999 68998
32570 32569
62080 62090
4108 4107
62512 62510
41068 41067
40948 40955
45381 45380
48129 48128
9003 9004
63124 62726
79035 79042
77675 77676
68799 68790
76329 76405
28644 28642
32750 32749
74275 74274
4291 4290
17301 17300
74399 74398
2540 2538
69500 69499
50230 50229
63066 63067
47928 47899
15212 15211
79470 79469
16692 16691
65843 65822
35868 35867
67081 67088
50208 50207
31392 31391
39078 39077
10196 10195
79113 79120
20976 21015
46623 46638
78013 78012
41484 41485
56288 56259
5246 5244
64798 64797
24704 24703
58596 58594
26170 26172
43452 43451
58611 58610
21845 21836
15091 15090
35793 35792
71824 71823
67042 67049
7534 7533
51005 51004
46339 46337
59432 59431
56012 56011
37913 38748
15210 15209
70023 70077
19928 19927
29087 29086
25600 25599
54132 54131
61283 61282
17581 17580
47816 47815
55351 55322
77420 77419
47434 47433
72506 72505
31963 31970
39034 39041
41774 41773
24545 24544
65875 65874
68193 68192
19359 19358
43731 43732
17835 17889
11028 11027
39560 39559
20621 20620
19616 19615
48972 48971
40482 40481
7070 7069
39837 39836
1534 1541
67808 67807
29723 29722
59773 59772
59079 59078
72125 72124
19091 19090
67454 67453
65317 65316
52194 52193
30713 30720
78002 78001
45284 45291
20040 20038
14429 14428
52722 52721
64649 64612
41007 41006
35836 35835
34190 34197
73969 73968
24459 24458
18297 18296
62040 62039
46614 46613
57630 57629
13943 13914
66860 66859
52790 52789
16176 16175
47676 47677
21117 21116
19869 19868
33858 33857
1850 1849
61512 61511
19414 19422
4123 4138
5142 5141
27249 27228
9717 9716
33121 33120
31988 31987
24457 24456
71441 71440
31148 31147
19685 19684
9795 9794
14747 14748
61556 61555
24698 24705
50368 50367
28274 28273
9898 9897
70382 70381
63323 63339
67462 67470
15747 15746
39279 39294
23084 23055
39133 39132
69563 69562
11318 11317
10999 10978
52432 52439
19726 19765
4201 4216
35110 35109
32192 32191
62643 62642
26018 26034
62383 62422
2919 2918
53993 53992
57439 57438
63068 63069
5398 5397
27953 27952
25780 25674
74168 74167
78132 78131
10936 10937
52240 52239
8547 8546
46883 46882
206 204
21705 21704
59857 59856
26229 26230
26341 26340
25734 25733
8121 8120
38653 38654
15760 15761
30503 30502
56323 56322
30732 30731
79792 79791
23356 23355
50921 50900
55788 55787
37200 37199
1121 1120
77556 77555
47179 47178
26823 26822
1522 1493
50613 50612
12200 12199
17631 17630
37663 37662
61361 61360
30238 30237
22436 22435
31472 31471
11969 11968
12133 12132
6205 6204
33005 33004
43115 43114
15879 15880
32169 32170
66437 66436
65253 65252
52028 52027
47040 47068
31398 31397
2850 2821
25396 25395
43242 43250
3014 3013
26812 26811
76775 76774
13282 13281
60059 60060
30994 30993
63987 63996
25527 25528
57420 57419
35947 35975
54439 54438
37989 37990
7690 7689
1644 1643
20627 20643
17 16
3242 3250
74541 74569
19535 19534
32763 32762
31428 31483
11480 11479
78464 78463
27039 27038
41226 41225
37732 37731
3535 3536
31181 31209
74758 74757
59883 59922
47207 47208
1452 1451
60748 60747
57321 57320
48669 48668
73281 73175
71769 71776
58128 58144
73596 73594
27079 27089
72628 72635
51885 51892
42769 42768
45690 45689
43873 43872
67846 67845
35381 35380
16737 16738
51203 51202
73380 73381
52050 52051
68777 68776
40583 40582
63590 63589
58836 58835
28117 28116
25726 25725
37684 37683
77059 77058
26354 26353
65934 65933
41536 41535
31460 31459
36146 36145
16125 16124
79233 79232
17478 17477
2297 2296
70682 70681
41814 41813
76801 76800
29474 29489
70653 70652
78235 78234
73176 73174
74153 74151
1482 1481
1819 1720
7646 7645
78417 78416
12537 12508
10626 10624
72150 72158
63400 63408
18640 18639
4194 4193
53159 53158
78164 78203
66520 66519
40834 40833
23381 23396
48310 48309
37831 37832
67146 67145
76336 76335
30832 30831
33625 33624
72406 72385
59105 59121
44804 44767
34342 34341
26827 26826
17207 17208
43105 43106
23854 23853
75574 75573
1635 1634
22012 22013
79581 79588
35066 35065
69998 69997
61023 61022
34901 34902
23688 23687
36654 36653
64364 64363
48020 48019
45068 45067
65948 65976
49649 49657
64689 64894
42090 41875
71298 71297
61760 61758
16646 16645
74979 74978
64456 64472
74836 74835
78504 78503
11974 11989
47619 47635
44369 44368
58396 58395
30252 30251
64908 64907
46241 46240
35252 35251
67884 67883
5717 5716
4574 4573
39011 39010
36946 36945
53444 53443
75788 75787
68101 68100
41174 41190
59870 59869
50362 50369
54544 54543
2866 2865
23033 23032
37809 37808
63130 63129
55460 55459
10705 10721
64551 64552
77573 77572
6940 6939
26350 26561
17875 17874
8064 8063
36940 36939
3164 3172
57806 57805
57777 57793
29007 28907
65930 65929
55325 55323
68512 68511
73712 73720
58006 58005
34352 34351
26525 26523
71124 71123
23686 23685
10142 10141
1770 1769
6020 6019
45797 45796
60308 60307
1663 4998
77323 77322
77681 77680
32936 32935
16121 16120
36322 36321
73935 73934
66534 66525
39022 38993
56382 56381
11014 11016
59836 59835
51360 51359
11203 11202
21829 21828
73445 73444
41419 41418
46032 46031
44869 44868
57036 57035
31274 31273
28812 28811
20309 20308
6885 6892
11229 11230
54206 54205
1781 1780
20114 20113
17883 17882
61828 61827
62048 62047
2537 2508
57556 57555
39104 39120
43328 43327
43705 43704
8236 8235
21547 21546
31001 31000
49856 49855
16980 16979
2339 2338
6257 6256
38555 38563
44154 44153
16049 16048
55869 55868
54712 54711
5571 5570
12145 12144
48728 48727
32207 32208
23379 23380
78725 78724
71101 71100
30453 30452
28198 28197
71273 71327
78275 78274
8241 8204
16333 16332
66849 66848
28595 28593
24431 24430
8791 8807
2076 2075
17251 17250
50017 50016
63647 63646
61983 61982
1341 1340
39319 39220
37780 37779
75612 75611
74870 74869
21104 21111
69824 69825
52411 52410
52928 52899
33938 33937
70473 70472
22650 22649
75771 75770
27275 27303
29243 29242
66279 66278
9057 9056
23684 23683
33186 33165
15587 15585
5529 5544
7094 7093
10791 10798
77227 77266
11218 11217
75395 75394
58878 58885
23729 23730
62008 62007
68116 68115
54018 54017
32517 32516
20436 20435
47595 47594
10129 10128
59403 59402
2215 2214
59269 59276
17035 17034
6834 6805
9785 9786
34696 34695
13482 13481
70219 70218
79741 79740
15152 15151
21375 21374
60720 60719
13340 13125
7398 7397
1060 1059
65515 65514
41557 41556
67998 67997
31328 31404
8060 8059
53415 53414
34740 34739
45232 45231
14846 14862
34053 34052
30081 30080
32388 32387
79830 79829
8795 8794
14991 14990
33404 33403
46430 46429
30569 30470
67125 67124
79573 79589
35595 35586
71473 71472
16825 16824
16270 16271
78563 78562
36121 36120
48425 48424
19038 19037
44715 44714
42428 42427
48043 48042
22755 22756
11913 11952
61407 61406
14919 14918
947 975
47054 47053
18784 18783
24327 24326
65321 65320
73825 73824
12807 12806
74407 74406
12405 12384
3477 3485
69899 69898
3711 3719
17453 17452
3433 3432
77030 77003
5938 6143
9488 9487
10186 10185
20598 20597
21081 21080
31701 31716
17959 17958
56868 56867
24474 24489
37135 37134
29985 29984
54950 54949
11528 11527
6682 6698
67586 67585
19711 19710
22849 22848
42595 42594
52325 52326
28077 28076
34704 34703
68664 68663
42984 42983
42145 42144
38898 38897
15595 15586
67789 67788
42849 42848
47419 47418
62670 62669
66073 66072
8808 8809
56920 56919
69330 69329
7860 7859
9694 9693
34671 34650
17441 17442
18236 18235
61531 61530
46846 46853
40537 40536
49011 49010
25018 25019
39033 39024
9616 9615
6226 6225
22478 22477
24099 24098
18105 18106
79353 79352
63555 63518
76630 76629
74204 74203
65725 65740
27669 27668
60507 60478
43047 42969
16606 16605
65610 65609
66956 66972
57892 57968
31585 31639
28454 28453
24009 24008
60363 60370
56962 56961
15527 15528
66809 66807
44291 44290
21827 21826
79595 79594
78746 78745
46961 46960
24968 24967
60384 60383
30434 30433
20736 20735
28596 28612
4987 4986
17828 17827
37593 37592
46696 46695
30417 30416
43966 43973
18088 18104
17245 17246
41661 41662
38480 38479
24277 24278
21762 21761
34478 34477
4222 4221
37589 37587
29764 29766
37092 37071
76560 76559
65996 65997
34533 34549
40550 40549
47197 47225
47244 47243
54686 54685
40698 40697
7511 7509
17986 17985
41020 41019
70638 70637
75945 75944
10541 10540
57916 57915
32156 32155
30982 30981
65756 65755
58096 58087
55357 55356
18603 18631
79525 79524
2526 2525
60653 60652
65784 65800
65960 65975
74933 74940
4049 4048
24068 24067
79878 79877
37491 37490
64728 64736
64599 64598
28784 28783
54492 54455
29436 29415
14315 14316
36684 36683
1398 1397
59776 59804
9451 9453
2373 2372
69048 69047
34189 34180
35641 35640
18659 18658
26265 26264
36417 36415
29829 29828
60313 60314
55122 55121
28334 28333
10198 10197
2921 2920
54733 54732
28476 28515
39066 39065
52164 52163
360 359
8495 8496
73212 73211
76445 76417
41759 41757
1865 1864
3 2
54282 54281
42515 42514
23520 23519
65399 65398
47354 47361
68451 68450
3864 3863
73887 73888
68834 68833
22400 22399
67231 67230
33946 33945
48722 48720
26701 26716
44331 44330
47987 47988
48399 48407
48164 48172
29704 29703
16844 16843
79508 79507
34941 34942
34721 34720
71149 71148
70386 70385
40220 40219
65134 65133
54565 54564
64292 64291
18900 18899
7835 7889
8247 8246
12079 12089
7700 7699
62929 62900
65137 65138
48594 48721
68769 68770
74290 74289
38862 38861
27318 27317
30935 30934
42175 42174
79292 79291
5684 5685
12839 12838
35512 35511
23279 23252
18259 18258
37112 37128
69238 69239
75004 75003
61493 61492
887 886
22489 22488
5872 5871
13020 13019
7663 7662
29730 29729
47432 47439
48503 48502
19997 19996
18212 18240
24780 24779
75185 75184
60859 60860
60378 60377
72996 72995
38728 38727
12824 12822
795 794
42407 42406
7099 7091
47413 47412
35517 35508
6661 6662
36585 36639
52043 52042
53595 53594
66317 66316
74703 74702
51207 51206
17110 17159
26024 26023
75249 75248
44552 44567
1011 1010
26 25
7304 7267
70880 70881
68439 68644
436 435
50747 50746
29315 29316
44675 44674
13841 13840
35253 35254
28805 28804
12204 12203
54124 54139
46879 46878
4334 4305
20026 20025
34028 34027
5213 5215
29327 29326
40629 40628
8592 8565
65340 65339
33194 33193
2476 2475
46850 46849
20493 20492
44905 44884
10261 10260
16286 16285
72452 72451
20278 20277
46460 46459
33423 33422
30664 30672
71799 71808
21951 21953
32786 32785
33304 33303
15753 15751
23663 23662
29057 29056
49036 49035
57319 57318
44827 44806
52177 52176
74846 74844
16089 16088
18768 18769
36967 36966
59765 59767
38936 38935
7426 7425
39894 39892
36756 36727
72374 72373
66288 66259
67107 67106
70116 70087
30358 30357
63386 63385
26684 26683
63363 63379
27312 27311
24205 24204
52972 52971
25547 25469
58065 58064
40007 40006
28774 28773
67681 67680
14209 14208
49727 49735
72685 72684
14121 14122
65386 65385
76668 76667
37716 37723
72389 72388
31581 31582
54998 54997
11104 11111
18608 18607
61414 61413
49775 49803
51876 51874
46887 46886
11100 11099
55313 55314
56189 56188
40081 40080
60525 60524
25267 25266
78040 78039
54798 54797
71872 71871
79806 79814
9389 9388
77347 77363
10797 10796
5997 5998
24398 24397
12879 12878
64475 64490
8031 8030
26992 27000
40947 40975
7606 7605
22183 22182
17005 17004
39314 39313
31210 31173
29156 29155
35899 35907
34865 34880
28848 28849
459 458
65691 65690
26161 26160
2579 2588
77603 77602
68536 68537
58730 58731
22558 22559
39400 39399
70815 70814
22278 22277
53771 53772
42253 42252
70344 70343
29465 29464
42759 42758
8558 8557
68051 68050
14510 14511
33012 33011
49512 49513
36077 36056
37278 37277
49594 49593
63063 63062
2398 2397
2460 2423
18699 18698
15043 15042
12274 12273
61939 61938
3528 3527
78861 78860
37708 37707
6329 6338
30517 30508
45808 45807
70488 70489
33535 33536
74464 74471
6133 6141
74534 74550
29945 29944
66516 66515
21789 21788
43653 43654
11705 11704
68677 68676
75334 75335
36423 36422
32310 32309
29550 29551
9009 9008
4689 4737
61853 61852
45596 45603
34074 34072
52650 52649
9907 9906
6688 6687
39896 39895
75260 75259
20126 20117
26390 26389
9888 9887
41148 41147
38978 38977
56682 56680
58273 58272
62342 62341
56541 56540
18625 18624
36677 36676
45265 45264
76886 76893
66145 66143
32784 32791
27177 27176
21976 21975
63764 63763
59054 59053
68817 68816
14590 14375
38604 38611
7400 7399
19497 19496
51688 51687
64920 64919
58426 58425
30301 30300
21025 21053
63546 63545
15041 15057
24491 24454
65289 65288
32078 32077
26988 26987
8017 8008
67758 67658
68937 68936
2245 2246
40495 40494
30480 30478
67798 67797
58321 58320
64358 64373
70231 70230
65338 65337
20522 20521
52078 52077
37596 37597
24652 24651
68979 68978
4917 4916
75456 75455
60657 60656
18776 18775
71063 71062
37003 37001
69493 69501
11625 11624
23027 23028
69933 69940
69104 69102
28156 28155
75458 75457
47572 47571
78261 78262
21608 21607
52602 52601
21303 21302
47578 47654
66387 66388
9600 9607
19002 19001
18257 18256
37274 37273
56537 56536
74948 74947
45290 45289
27566 27565
23816 23815
62922 62921
48865 48836
59006 59007
24757 24756
68010 68008
40885 40884
35546 35479
66232 66233
1838 1854
9873 9872
37646 37645
29772 29771
63531 63530
70584 70583
62361 62360
51986 51985
78929 78984
38297 38296
53339 53328
31751 31750
70437 70436
14007 13907
33728 33727
24070 24069
55974 55973
74390 74389
40554 40553
46873 46475
32858 32857
16759 16757
29869 29868
78538 78553
51978 51977
25436 25435
38164 38172
57932 57930
45990 45989
66126 66125
66744 66743
15444 15443
73920 73919
68953 68952
72383 72422
45954 45953
5828 5827
12923 12922
14032 14031
19040 19039
15003 15002
34011 34010
4749 4728
46692 46691
11354 11353
56757 56728
39675 39674
78017 78016
49635 49634
9131 9130
65258 65158
55084 55083
52312 52311
60435 60434
39260 39276
11694 11693
4726 4765
46060 46059
24768 24784
55748 55747
14083 14084
2776 2792
11228 11227
23154 23153
6480 6479
4886 4885
23798 23789
17690 17689
12428 12427
64081 64080
64695 64694
63496 63497
12064 12063
35487 35488
34961 34969
61393 61392
76156 76135
51365 51336
18133 18132
50957 50958
12346 12362
45383 45382
43376 43375
45238 45237
11037 11052
25220 25219
62703 62702
31877 31893
54086 54140
14844 14971
16237 16236
1829 1828
53971 53970
66349 66350
44635 44634
45633 45632
26747 26746
63489 63487
4738 4736
36354 36353
5222 5221
56897 56912
42341 42340
10550 10549
864 863
60970 60969
56945 56944
59613 59629
41163 41162
39787 39802
29776 29783
10634 10662
24043 24044
77338 77337
67357 67356
49066 49065
4243 4242
42460 42423
22917 22916
19761 19760
46486 46495
13067 13068
35198 35197
17126 17125
17847 17846
47537 47508
53525 53553
8274 8273
72120 72148
77760 77759
74847 74863
37354 37361
35385 35384
68912 68911
46045 46044
34062 34063
13663 13662
45581 45580
49791 49790
71152 71153
5150 5149
66104 66132
33141 33140
6376 6367
16921 16920
57518 57517
23369 23397
40131 40130
1375 1374
8438 8643
24505 24504
45548 45557
21253 21252
10180 10179
49315 49316
39266 39265
8676 8675
58082 58081
33801 33800
55376 55375
73333 73332
74868 74867
77519 77520
70132 70131
44681 44680
40762 40763
11686 11685
14804 14767
7728 7727
18440 18456
27972 27971
16530 16529
39673 39672
30316 30315
68582 68581
47293 47292
41229 41230
26623 26638
35696 35695
48793 48792
6054 6017
47096 47095
21239 21238
4844 4971
49287 49286
34260 34276
41879 41878
6199 6198
844 843
34620 34627
42891 42967
65056 65055
8450 8449
5236 5245
72477 72476
79208 79207
63907 63906
24230 24228
50252 50251
74172 74171
55174 55173
682 683
4431 4430
24981 24982
77825 77823
47204 47203
57231 57230
29367 29366
60441 60448
14095 14094
15461 15460
1018 1034
14049 14048
68815 68814
5759 5758
74142 74218
34745 34746
45914 45913
11089 11088
10409 10410
26144 26142
23473 23472
22782 22781
54481 54480
18667 18666
62516 62515
2503 2502
63000 62999
78392 78391
72008 72007
2761 2760
77351 77350
45361 45352
49434 49435
60485 60484
36411 36410
60612 60611
78704 78703
66246 66245
36170 36172
15259 15258
44297 44219
51827 51826
26673 26672
28583 28582
63935 63934
40828 40827
58692 58693
16358 16357
21079 21078
12403 12404
72115 72114
26848 26847
16241 16240
76638 76637
69278 69279
34348 34347
26373 26372
28005 28004
19666 19665
15208 15207
18755 18754
8020 8019
7847 7846
44256 44227
28852 28851
57834 57835
61342 61341
76412 76411
3310 3309
33505 33504
36197 36196
5910 5908
37096 37095
37289 37288
419 418
71042 71041
1800 1799
67834 67835
1424 1425
66315 66314
12793 12794
28287 28286
20152 20151
4249 4248
70492 70546
49681 49680
48444 48443
28146 28161
51940 51939
26974 26989
63815 63814
65765 65744
39381 39380
53380 53381
39384 39412
21406 21405
20368 20367
78178 78177
12175 12174
59657 59656
29213 29212
75101 75312
52058 52057
58987 58996
36443 36414
25944 25943
69990 69989
40734 40733
22238 22236
51526 51542
18539 18538
75636 75643
12261 12260
32221 32220
33862 33861
18786 18785
51394 51393
50309 50308
50829 50839
41075 41076
46419 46418
12066 12065
4643 4642
15883 15882
35263 35262
25013 25012
11789 11788
5032 5031
26819 26720
51829 51828
31682 31698
49639 49638
58614 58615
38791 38807
46756 46727
63597 63613
55211 55210
2394 2392
4165 4164
74718 74717
55287 55286
39696 39695
65763 65764
72155 72154
45180 45179
72537 72536
29698 29705
39234 39233
57660 57659
30789 30788
48249 48248
62717 62724
28211 28210
45925 45924
61349 61350
78811 78826
66624 66639
6689 6680
71878 71894
9070 9069
7659 7658
39690 39706
4791 4790
2600 2811
5417 5416
17714 17703
58696 58695
1718 1564
20652 20651
10343 10342
72580 72589
30265 30264
35446 35445
10118 10116
29831 29830
70199 70198
53166 53182
51011 51010
6654 6653
65391 65324
65525 65524
58588 58587
8046 7979
2991 3045
30539 30538
71731 71729
66695 66694
19003 19004
34488 34487
21400 21399
24896 24895
3798 3789
11865 11864
50461 50460
5933 5932
1976 1975
63508 63507
50621 50620
63704 63703
74193 74192
71283 71282
30309 30308
67105 67104
16041 16040
35621 35620
1440 1439
22997 22996
66843 66842
24186 24185
36879 36878
10686 10665
4137 4136
19152 19150
53788 53759
17183 17182
9181 9179
67136 67135
34317 34318
61706 61705
77920 77919
6280 6279
31707 31706
9602 9601
30613 30612
36889 36888
8242 8250
51797 51719
74698 74726
16648 16647
10917 10918
11559 11558
31591 31590
77389 77388
42016 42015
49721 49720
65884 65883
44541 44548
62964 62963
47644 47643
41606 41605
73967 73974
15484 15483
34396 34411
12320 12319
15874 15873
78061 78060
68740 68739
35269 35268
5091 5090
24979 24980
49249 49248
43808 43809
21815 21816
41161 41160
26621 26622
30150 30149
57810 57809
54891 54890
79534 79550
61691 61698
25055 25054
24076 24075
69857 69856
42197 42225
3932 3931
16967 16966
50782 50781
67010 67009
73327 73326
48733 48712
65937 65938
18100 18099
9045 9060
56996 56995
23010 23026
43364 43363
51233 51212
21257 21256
25832 25831
16263 16262
70428 70427
68533 68532
44434 44435
36278 36277
13644 13642
39755 39754
46749 46748
34882 34921
45696 45695
66733 66732
12012 12013
17196 17195
44340 44339
64409 64408
43555 43563
62559 62560
69311 69310
10906 10905
47861 47852
53046 52979
16802 16801
25594 25593
43399 43407
18022 18021
11460 11459
16354 16353
73752 73956
78091 78090
19314 19313
28686 28685
32424 32440
4850 4849
14009 14008
49547 49546
5588 5604
6517 6516
78752 78956
8972 8971
53941 53940
17197 17225
35472 35471
31424 31425
69326 69325
52505 52504
35588 35604
11873 11475
69231 69229
78889 78904
62819 62818
10390 10323
7995 7994
3098 3097
42553 42552
37816 37815
24875 24874
1612 1619
27084 27083
65254 65255
5711 5710
28810 28825
3052 3051
34112 34119
75052 75051
5797 5796
31496 31494
67556 67555
14723 14722
31095 31093
42583 42582
320 319
5218 5217
12394 12392
27646 27645
66763 66762
58922 58921
59646 59645
61162 61161
22453 22452
30644 30645
26681 26679
53752 53956
23186 23165
17547 17546
9036 9035
62693 62692
74370 74369
74579 74578
14331 14330
29293 29292
17776 17792
25394 25393
74227 74226
1096 1112
71963 71991
8514 8516
62017 62016
512 511
18279 18252
35700 35699
77649 77648
13906 13905
17621 17620
7856 7855
57010 57009
74977 74976
62136 62135
58851 59062
10136 10137
25161 25160
3181 3180
34582 34581
40567 40568
31867 31866
49241 49295
73762 73760
14860 14859
76864 76863
37464 37463
58748 58747
12702 12701
71344 71343
71076 71077
64965 64964
11413 11412
76435 76434
43368 43367
14427 14426
70454 70453
44267 44258
40493 40492
70031 70030
19243 19242
57719 57718
62121 62128
31726 31725
43469 43468
79390 79389
10639 10638
57324 57325
69600 69592
56609 56608
61183 61190
9158 9157
8018 8025
10749 10748
41743 41742
22803 22802
43865 43836
65699 65698
34960 34923
59149 59148
55958 55959
52363 52364
33613 33614
20093 20092
79075 79073
4213 4212
75939 76144
35912 35911
21037 21052
35463 35462
56033 56032
69775 69774
48431 48430
57087 57086
2818 2817
48970 48969
11247 11246
77057 77056
59728 59736
11165 11164
1669 1668
16123 16122
74426 74424
1386 1387
64990 64989
14673 14672
17398 17397
47629 47628
73571 73570
70151 70150
1047 1046
30034 30033
70273 70244
8444 8443
27579 27588
74016 74015
50312 50313
20785 20784
45629 45628
13 12
22648 22647
30200 30199
36502 36501
61346 61345
52805 52804
32853 32851
36848 36847
67075 67074
11231 11232
37772 37743
64397 64412
47114 47113
35690 35689
34111 34102
38877 38884
4032 4031
15228 15227
23827 23760
37757 37657
59428 59427
19131 19130
9402 9401
3648 3647
45681 45680
55620 55619
78048 77970
62442 62443
73652 73653
74842 74841
76366 76337
3217 3216
19564 19563
19192 19191
55298 55297
57615 57614
58084 58083
70331 70330
68529 68528
78502 78501
6549 6548
59498 59497
57994 57993
41612 41619
47483 47462
46694 46693
56756 56755
39747 39748
25081 25080
1574 1572
18633 18641
58526 58554
29742 29741
60689 60688
62167 62166
51125 51124
9626 9625
52879 52878
37457 37456
61181 61180
20371 20372
27102 27101
39474 39489
14816 14814
27673 27672
6819 6720
59147 59146
35633 35632
62878 62877
39213 39212
39184 39183
31413 31412
63671 63673
33425 33424
32287 32302
14841 14840
15722 15723
72641 72640
38909 38908
15474 15473
18417 18418
73498 73499
64227 64226
77983 77982
33095 33086
39518 39517
14801 14800
55506 55505
23942 23941
53637 53636
50259 50258
35634 35662
13442 13441
44966 44965
48938 48937
25529 25544
63078 63077
21169 21168
72461 72424
33379 33380
74644 74643
32989 32990
2274 2273
41713 41712
32295 32294
72465 72464
3669 3668
22686 22685
63413 63412
4745 4746
30741 30704
37517 37516
79054 79053
67120 67148
16472 16471
34486 34485
61403 61402
49875 49874
58595 58722
8623 8622
48688 48687
12447 12446
59216 59215
60588 60586
38731 38732
69720 69719
25079 25088
73696 73695
29604 29603
57985 57984
40527 40528
33444 33443
77966 77965
19277 19278
21779 21794
76344 76343
43669 43668
45299 45298
44791 44790
78605 78612
32807 32806
19584 19583
8209 8208
23980 23979
34178 34149
21488 21487
18012 18011
60821 60820
11743 11742
31618 31617
48661 48660
10976 11015
12984 12983
45257 45157
57662 57661
16583 16584
18950 18949
25776 25775
74817 74815
74360 74359
57450 57449
68542 68541
11299 11306
63283 63282
14413 14452
28573 28574
72960 72959
34586 34585
55079 55155
55610 55609
74811 74810
18743 18742
7240 7239
33029 33044
18928 18983
16119 16118
61886 61893
29883 29891
29879 29878
79432 79431
57733 57732
54451 54450
18718 18717
53471 53470
7424 7440
38236 38235
24993 24992
28940 28939
61601 61572
35548 35557
78997 78995
41815 41816
7383 7391
46934 46935
33691 33692
18822 18821
45944 45943
55580 55579
34224 34223
46470 46469
31482 31481
58349 58348
14474 14489
57227 57266
61970 61969
42022 42021
60614 60613
814 813
79958 79957
56647 56646
53809 53810
47255 47254
71219 71218
70395 70394
59142 59218
47906 47905
52054 52053
35259 35258
69819 69818
53829 53905
41988 41987
34905 34884
23828 23904
11390 11389
31678 31649
75930 75929
7295 7294
35874 35873
36103 36131
70061 70076
11115 11130
994 993
15290 15289
61042 61041
46291 46307
61418 61416
47883 47882
38952 38951
2839 2838
66993 67001
77516 77515
27478 27477
30910 30908
35829 35839
77065 77064
35091 35090
14715 14714
41013 41012
31174 31190
19175 19174
9369 9368
59048 59047
13570 13569
19793 19792
1549 1548
38644 38642
60237 60246
78225 78240
61712 61711
51948 51947
53945 53917
63529 63528
32371 32370
23761 23759
25605 25606
21341 21340
1986 1985
30602 30601
75843 75822
11848 11847
39327 39326
11009 11008
3340 3125
36525 36523
31562 31563
78070 77971
75513 75512
51468 51467
24785 24786
5293 5294
36652 36650
50834 50833
54625 54624
56268 56267
52009 52008
12650 12649
46072 46071
72000 71999
19469 19468
73791 73789
71708 71707
28069 27970
57187 57188
19448 19447
16612 16619
12485 12484
9759 9758
34277 34278
61010 61009
28232 28231
72711 72710
14662 14661
37713 37715
50354 50370
44526 44525
61275 61274
51837 51835
76619 76618
52558 52559
10879 10880
43095 43086
68620 68619
9520 9519
33020 33019
14251 14250
29337 29335
71835 71806
46798 46807
40997 40998
56025 56024
33876 33867
74286 74285
9844 9971
48497 48498
29381 29380
73694 73709
17953 17952
35125 35124
75507 75478
3873 3872
71315 71314
2278 2277
39978 39977
8297 8296
60791 60819
32120 32127
62033 62032
52461 52469
43482 43481
37242 37241
42963 42962
50925 50924
4903 4904
3839 3837
61244 61243
79883 79922
19350 19349
3062 3061
20914 20913
1153 1154
69411 69410
40546 40479
71794 71793
38940 38939
6151 6152
23222 23223
62235 62234
55073 55072
31011 31010
34325 34324
64980 64981
73210 73209
65642 65641
55428 55427
56685 56684
43747 43746
34917 34916
19000 18999
62384 62392
63736 63735
42415 42414
32652 32651
33431 33430
55420 55419
13808 13809
1316 1315
26165 26164
36597 36596
2226 2265
28497 28498
52074 52073
19297 19219
68802 68801
3745 3744
53087 53085
6458 6457
17861 17852
41910 41909
16581 16582
22219 22218
56361 56360
53140 53139
54468 54467
44533 44549
59275 59274
44474 44489
55993 55992
40309 40308
67751 67750
70432 70430
57149 57112
23242 23250
1568 1567
25611 25610
67063 67062
3909 3908
38729 38730
12795 12810
78477 78516
27854 27870
37020 37019
63011 63027
68441 68457
28469 28468
75021 75022
52223 52222
28632 28671
54204 54203
41519 41518
25423 25422
9524 9523
58719 58718
74443 74442
284 291
11798 11807
76361 76360
23507 23506
70300 70299
3820 3819
17026 17025
35550 35549
40846 40845
46976 46975
74828 74807
3121 3120
55130 55129
51290 51288
42430 42429
20331 20332
15434 15433
66826 66825
34869 34868
79003 79002
35669 35668
31083 31082
4539 4538
54735 54734
34373 33975
28543 28542
71768 71759
76860 76859
19915 19914
41819 41720
71760 71758
16838 16854
71099 71098
65978 65986
75063 75062
72737 72746
5916 5915
42129 42130
18501 18500
39253 39252
53696 53695
47242 47241
12949 12950
68559 68558
73922 73921
19562 19561
24554 24553
58085 58056
9679 9678
53035 53034
10250 10249
10808 10807
72731 72730
58351 58358
30652 30651
54104 54102
21272 21326
66093 66066
45142 45141
27443 27458
37974 37973
45119 45135
41732 41731
76149 76148
16229 16230
61319 61318
38858 38857
20034 20033
24774 24773
64411 64410
71010 71009
55099 55100
72802 72801
61754 61753
26722 26721
67983 67982
4545 4544
66344 66343
37016 37015
20434 20433
7346 7362
28495 28496
73682 73710
26749 26748
64250 64249
76890 76889
1950 1949
49431 49430
65128 65135
45295 45310
23585 23584
22139 22138
38816 38815
64206 64205
41984 41983
45330 45329
53105 53106
78443 78442
15902 15901
10667 10666
77878 77877
4215 4214
17129 17130
18194 18193
39629 39630
67521 67522
79168 79167
44249 44248
26955 26971
45413 46248
69190 69181
48037 48036
26100 26099
13822 13821
55426 55425
40961 40960
37986 37985
65945 65944
2035 2034
27894 27893
39199 39200
64278 64279
72203 72202
61229 61228
42763 42762
74832 74831
53309 53308
28171 28170
5812 5811
79832 79831
61636 61635
73675 73691
10741 10704
64534 64550
38772 38826
29137 29136
40331 40332
55871 55878
3213 3220
42676 42677
56351 56562
33992 33991
15222 15221
39791 39790
7853 7851
22287 22302
68704 68703
78065 78064
68208 68207
11406 11405
22540 22538
70672 70671
9740 9739
47275 47303
71520 71519
34106 34105
24040 24039
76273 76327
78116 78115
54225 54224
43984 43985
51077 51056
61399 61398
35152 35151
35938 36143
72660 72659
42931 42929
37873 37888
58263 58264
71073 71072
27188 27393
17608 17607
20730 20729
10804 10803
21745 21744
16781 16780
5358 5357
9812 9811
77004 77002
57279 57278
20383 20382
68957 68955
13724 13723
42537 42508
22788 22787
55900 55908
4704 4703
13046 12979
27018 27017
11955 11971
51677 51676
29711 29710
58959 58958
8005 8004
40927 40926
79918 79917
52839 52838
4875 4874
34574 34573
47251 47250
67910 67911
31665 31664
69617 69616
47757 47657
74345 74344
79668 79669
21515 21514
56550 56549
58750 57706
19953 19952
76813 76812
41335 41334
7734 7735
69802 69801
8710 8673
25679 25678
73851 74062
7942 7941
69214 69213
66750 66749
76672 76671
76104 76132
30629 30628
52344 52471
2847 2846
63882 63881
32938 32937
65760 65759
43791 43807
12909 12910
33976 33974
53237 53236
5577 5576
2875 2874
76554 76553
12528 12527
5963 5962
510 526
3761 3759
5248 5247
69823 69822
45182 45181
30026 30025
9533 9549
71189 71188
48117 48116
28245 28244
23810 23825
30535 30534
73884 73883
11305 11304
64585 64584
75435 75434
13352 13351
19560 19559
68370 68398
75469 75315
12356 12355
59179 59150
75332 75333
37824 37822
78542 78541
37352 37351
34319 34220
1138 1137
56981 56980
27965 27964
53271 53270
1631 1630
20990 20989
70841 70626
47080 47087
53183 53184
19764 19766
25522 25521
55023 55077
78813 78812
9890 9889
39118 39117
30579 30578
73567 73565
52712 52711
31295 31294
30190 30189
24161 24162
51532 51531
42522 42576
28898 28897
11755 11754
56878 56894
50581 50580
7291 7290
20180 20179
73483 73482
564 563
45278 45277
54179 54150
44492 44500
55983 55982
9643 9642
66636 66635
42217 42216
15318 15317
49192 49191
55412 55413
62865 62864
63127 63125
27116 27115
65382 65381
28304 28303
60670 60669
43948 43947
26106 26105
12534 12533
56187 56186
66359 66358
27295 27294
46589 46588
4074 4072
6037 6052
69752 69751
30280 30279
23494 23493
1140 1139
66353 66352
48532 48531
23617 23616
2217 2216
36047 36046
26863 26862
3083 3082
50682 50683
39886 39885
60632 60631
75645 75646
46247 46246
39043 39044
48368 48367
58481 58480
42169 42170
17949 17950
75966 75965
39641 39640
36460 36459
49357 49372
31146 31145
57494 57493
23148 23147
12106 12105
77689 77688
27578 27654
52799 52798
23693 23708
17790 17789
37938 37937
52713 52715
32805 32804
23096 23103
26025 26053
75591 75590
68779 68778
74332 74331
28525 28553
3349 3341
75769 75768
78641 78640
76834 76833
31722 31721
22102 22101
44934 44933
65229 65228
16037 16052
36083 36082
5959 5974
69821 69820
50503 50502
44776 44783
19987 19986
1438 1437
53663 53670
520 519
52295 52294
16589 16588
15522 15521
34753 34752
7396 7395
48447 48475
8520 8519
50902 50901
6566 6565
46800 46799
65553 65552
50629 50628
38843 38842
60702 60704
14690 14706
36755 36754
66672 66671
77023 77022
16411 16410
62548 62547
58717 58716
76725 76724
60714 60721
58124 57726
41583 41584
57138 57137
25760 25761
41553 41552
51910 51909
15660 15659
46413 46412
14367 14366
79041 79040
20192 20191
41894 41895
11734 11733
50611 50610
33503 33502
59640 59639
52346 52362
70784 70800
57569 57568
17230 17229
396 395
40030 40029
30927 30926
48982 48981
78337 78336
10375 10374
53537 53552
48098 48097
33659 33658
75756 75755
79372 79371
34463 34470
3703 3702
17515 17514
51913 51952
35971 35970
64691 64707
22520 22521
49053 49052
71048 71047
20133 20132
75936 75935
37268 37284
32152 32151
10356 10355
32211 32210
41908 41907
33001 33000
32447 32446
64414 64453
15283 15274
2169 2170
15774 15773
10331 10332
13846 13847
36448 36447
49087 49086
32037 32036
3729 3730
57317 57315
49532 49531
1629 1628
41753 41752
65407 65406
45520 45519
30885 30884
39795 39794
28033 28032
41054 41017
51276 51275
21627 21626
55561 55560
60894 60893
51472 51471
29820 29819
18566 18564
25350 25321
37282 37281
8234 8233
73265 73244
3986 3995
23988 23987
19404 19403
59661 59659
43167 43166
17839 17838
73882 73881
33848 33849
56429 56484
20722 20723
57416 57415
3031 3030
57687 57686
17858 17857
2678 2733
63550 63549
76012 76011
75168 75166
79498 79497
20444 20443
30213 30215
33196 33195
65599 65598
73424 73423
40933 40932
77620 77636
51020 51019
56915 56923
63877 63868
47720 47719
6462 6461
36163 36162
76508 76408
35692 35691
26228 26227
2532 2531
4076 4075
44799 44798
18077 18076
4953 4952
26295 26294
15051 15050
73957 73955
60365 60364
73367 73366
17772 17743
4608 4609
53623 53622
15872 15871
57302 57301
49274 49273
22690 22689
38348 38347
990 989
45834 45833
34920 34922
74634 74633
34951 34950
71506 71507
7989 7990
43416 43415
64600 64592
63394 63393
52460 52423
58130 58129
3875 3874
43753 43752
33524 33523
76086 76085
68987 68996
56780 56795
76932 76931
67199 67206
39745 39746
24270 24269
552 551
77038 77037
76342 76341
43304 43303
43776 43775
38976 38974
39207 39206
25814 25813
68260 68259
7982 7981
74676 74675
77912 77913
10648 10647
35301 35300
15840 15625
64703 64702
36659 36660
53545 53544
4785 4786
18615 18630
75504 75503
10840 10625
3236 3235
10238 10237
27885 27884
43896 43895
19844 19971
14417 14416
12712 12711
5114 5113
43205 43221
42072 42088
26755 26754
20404 20403
20210 20209
55630 55629
3646 3645
38513 38512
31362 31361
16098 16097
31898 31897
64884 64892
8308 8307
6222 6220
41286 41285
24692 24691
11502 11501
5062 5061
6974 6989
18247 18246
41492 41491
17923 17922
4013 4012
46802 46801
30834 30833
34484 34483
50079 50088
27898 27897
58298 58297
13739 13738
33302 33317
38278 38277
50654 50653
44848 44847
45868 45867
15832 15831
72346 72344
30127 30134
65580 65579
58477 58516
24547 24546
33043 33042
34110 34109
56529 56528
50442 50441
38873 38872
65867 65866
57535 57534
16182 16189
29053 29052
57109 57110
62246 62247
10973 10972
60412 60413
20850 20857
15186 15185
63380 63381
24425 24423
22215 22214
34209 34208
16423 16422
48200 48199
7854 7870
1511 1510
27961 27960
44915 44914
33212 33240
21089 21088
68275 68274
51581 51582
60170 60169
69197 69196
38799 38806
54644 54643
63025 63024
57954 57953
15520 15519
69303 69302
64939 64938
22275 22303
15829 15839
24348 24347
36110 36109
25806 25805
2441 2442
78140 78139
37076 37075
23054 23053
31301 31300
65500 65499
21394 21393
19051 19050
12257 12256
16460 16459
31096 31112
34505 34504
3320 3319
77163 77162
22094 22093
31070 31069
64838 64837
50159 50158
24184 24183
78832 78831
17297 17296
59492 59455
22104 22103
61317 61316
10790 10818
22548 22539
14345 14336
4053 4052
41867 41866
48820 48819
50997 50998
38768 38769
35782 35781
63399 63362
68202 68204
71139 71138
75403 75401
76465 76454
10381 10380
58857 58856
21681 21679
51814 51813
31390 31389
36689 36680
1640 1573
44038 44037
36612 36619
32759 32758
11823 11822
1741 1795
19789 19788
78891 78890
53679 53678
15667 15666
56380 56379
33031 33030
76636 76635
61622 61623
52732 52731
76206 76205
62093 62072
36749 36748
34707 34708
29507 29506
60680 60679
7991 8045
22152 22151
76311 76326
46157 46156
46253 46252
25349 25348
8446 8445
43751 43955
70827 70826
13209 13208
71156 71135
64034 64025
16688 16687
53507 53506
79567 79566
35043 35042
33417 33418
72519 72520
34173 34172
49463 49470
3854 3853
73649 73648
28507 28506
23198 23197
34287 34286
14344 14343
9503 9501
33077 33076
69531 69425
64891 64890
10176 10177
24730 24729
19858 19857
18031 18030
70336 70390
55050 55057
2619 2635
31876 31874
46364 46363
1797 1719
58967 58974
537 536
63500 63479
8996 8994
1774 1773
34898 34897
71826 71825
60649 60648
30345 30344
73449 73456
18454 18453
30558 30556
39224 39223
68164 68203
19400 19399
77926 77925
37864 37863
37803 37802
52570 52569
14131 14130
11456 11454
74445 74444
62077 62076
24524 24523
50257 50157
4497 4496
19989 19988
52487 52486
76937 76916
57914 58749
52299 52298
23876 23867
34785 34786
72578 72511
60065 60064
28259 28258
28018 28025
921 900
44080 44079
59847 59863
25259 25258
7951 7966
52560 52575
73508 73507
38022 38021
32831 32832
42589 42587
77859 77858
55894 55893
37871 37872
62810 62809
30364 30363
51957 51956
677 676
50791 50798
3879 3878
11696 11695
43060 43059
43100 43099
72439 72438
13084 13055
48169 48168
61569 61568
16616 16615
51413 51412
75346 75345
66768 66759
49137 49136
40011 40009
30222 30221
54178 54177
16557 16556
56803 56802
36468 36467
69866 69881
72880 72879
56269 56270
36587 36586
55027 55026
78157 78156
37413 37412
22466 22465
35173 35172
36020 36019
36318 36317
12135 12134
61000 60979
24761 24760
73363 73379
22757 22657
29503 29501
58931 58930
10150 10149
31303 31302
66393 66392
28450 28449
30184 30183
37627 37634
34310 34309
37652 37651
65566 65567
948 955
11132 11171
5947 5975
77241 77240
64096 64095
28755 28754
60217 60224
79462 79461
26760 26776
15015 15014
2268 2284
59311 59310
62772 62771
59705 59704
12080 12087
77893 77902
67298 67297
6736 6735
60061 60076
62862 62853
54212 54211
54347 54354
53573 53574
72473 72471
40497 40496
23268 23267
7259 7258
79682 79681
54473 54474
36623 36638
41468 41467
46869 46868
20169 20168
65790 65789
44033 44024
74630 74631
77500 75002
31583 31584
78791 78789
24032 24031
34507 34506
44981 44982
58180 58179
18192 18191
28423 28422
40349 40348
42577 42510
79200 79201
9043 9044
18287 18286
56418 56416
7120 7127
31486 31495
70678 70677
49329 49328
66630 66629
58889 58904
55386 55385
12156 12155
47491 47490
37812 37813
65079 65155
48058 48056
34873 34872
62412 62411
35055 35054
64124 64139
39455 39471
73523 73522
24715 24714
10058 10059
13264 13243
60551 60550
50895 50894
68437 68438
52885 52884
38117 38116
79521 79520
63601 63600
77657 77656
32530 32529
12674 12675
15997 15998
350 321
43192 43191
35768 35767
42445 42444
50072 50071
54961 54924
62985 62984
51070 51069
42110 42159
59508 59507
27720 27719
74544 74543
77046 77045
20719 20718
29856 29855
5682 5683
38366 38365
47409 47408
51963 51970
35772 35771
42927 42926
23743 23742
8259 8258
65145 65144
53333 53332
46476 46474
18680 18679
46759 46757
2082 2081
34540 34568
71866 71865
37674 37675
64583 64582
48438 48643
7062 7061
64060 64059
40842 40821
25385 25384
59362 59361
59397 59412
4842 4815
15284 15291
2548 2539
23238 23237
61981 61980
52982 52981
61420 61419
3741 3740
71811 71810
17112 17128
24917 24916
54246 54245
70237 70246
31925 31923
19579 19589
56457 56455
79644 79643
18594 18721
79464 79471
79141 79074
54980 54981
11846 11853
2887 2886
52289 52288
49410 49409
31946 31945
54868 54867
28741 28740
73273 73272
55678 55677
9763 9762
38988 38987
49666 49665
63870 63886
41358 41357
66838 66836
26942 26941
29236 29235
5093 5092
49539 49538
49816 49814
74538 74537
14618 14617
28943 28914
30267 30266
31825 31824
49974 49973
29545 29544
77193 77192
61708 61707
73248 73247
6906 6905
27946 27945
28492 28491
29700 29699
409 410
53702 53701
57920 57919
36863 36862
11051 11050
1705 1704
375 374
52040 52068
14359 14358
36496 36494
37604 37603
22076 22075
10349 10348
67794 67795
49346 49353
55563 55562
66084 66083
71928 71927
73135 73163
54368 54367
15762 15763
63220 63219
37612 37611
37541 37557
59056 59055
45206 45204
27708 27707
62773 62744
59313 59312
72079 72078
11430 11429
3175 3173
0 53330
34068 34067
59866 59881
76063 76062
25303 25302
56735 56734
6669 6668
15782 15781
34002 34001
32217 32216
46755 46754
48370 48377
58485 58484
51950 51949
15213 15215
60418 60417
27285 27286
58991 58990
27693 27664
79386 79393
50840 50625
60115 60114
62189 62394
32202 32201
22192 22191
38196 38195
65647 65662
34913 34912
54638 54637
79189 79188
32099 32091
65306 65305
53403 53402
67178 67177
42946 42945
64382 64381
588 604
66824 66823
55850 55842
17887 17886
59910 59909
41409 41408
50588 50604
56141 56140
19801 19800
57469 57468
76219 76218
19993 19992
7139 7138
67914 68749
9842 9815
43603 43631
76052 76051
34363 34362
41604 41620
8205 8221
10159 10158
11466 11473
9062 9063
71518 71517
58059 58057
7619 7635
66702 66717
62222 62221
60037 60036
62347 62363
79328 79327
42526 42525
63920 63919
58559 58558
28608 28607
22160 22158
13005 13004
39742 39741
39357 39372
4237 4238
2595 2594
35800 35801
78527 78534
62100 62092
1369 1385
33154 33153
30381 30380
29858 29857
79544 79543
29144 29143
62030 62003
62683 62682
43940 43939
17032 17031
40442 40441
52669 52668
59817 59815
42765 42764
71111 71110
35271 35270
66050 66049
36486 36495
7166 7165
53518 53534
21310 21325
50688 50687
3360 3409
26900 26899
49877 49876
6005 6004
79824 79825
29239 29240
56952 56954
17793 17794
50295 50310
76922 76921
45468 45314
12285 12286
2056 2055
9357 9372
60272 60271
55221 55220
34801 34800
42566 42565
12917 12916
2479 2480
62777 62793
446 445
45307 45306
58937 58936
38845 38844
42350 42349
30349 30348
60518 60509
67336 67335
19600 19607
27124 27123
10738 10737
33480 33479
9978 9977
12126 12125
71227 71226
36424 36425
56215 56214
11310 11325
5362 5369
23537 23552
15736 15735
20349 20348
61090 61089
18270 18269
54004 54005
60127 60118
20178 20233
32591 32590
24114 24113
29266 29265
75760 75759
69687 69688
68514 68513
19556 19555
59668 59669
57559 57560
13765 13764
37436 37435
37365 37380
14614 14613
73981 73980
10062 10061
25335 25389
21129 21128
48539 48538
47771 47770
54920 54919
69014 69013
4135 4134
7329 7328
5068 5067
58846 58845
16025 16053
78961 78960
72336 72335
14896 14895
74969 74968
77956 77955
68218 68217
23146 23161
30331 30332
37493 37492
68 67
53756 53755
35535 35534
54948 54947
16517 16516
36153 36154
76457 76455
63458 63459
41848 41847
34732 34731
29369 29368
69020 69019
15305 15304
11957 11956
4255 4254
54655 54654
61778 61779
76569 76568
22753 22754
72429 72428
7171 7150
45562 45561
46348 46349
51339 51337
72776 72774
49995 49994
25257 25157
76211 76174
69541 69569
58802 58801
1919 1918
38532 38531
66590 66589
6095 6093
20089 20087
35246 35244
38423 38422
14524 14523
18075 18074
75689 75688
29606 29605
70327 70326
58649 58648
17426 17425
30423 30422
1715 1714
39476 39475
59172 59171
68367 68366
34686 34687
29749 29728
75061 75076
62578 62511
52776 52792
59854 59882
6153 6154
68758 68757
42572 42571
7453 7452
46383 46382
63750 62706
39957 39956
71945 71944
43822 43821
19763 19762
8314 8313
39522 39521
47196 47195
50868 50867
35163 35162
53779 53778
37086 37085
54273 54272
15816 15815
41654 41653
12047 12046
23549 23548
54754 54753
18952 18951
52995 52994
25305 25304
18334 18333
77776 77774
16055 16063
42297 42296
71025 71024
8505 8504
59477 59476
11521 11520
33054 33053
43890 43889
30577 30576
32487 32486
69345 69344
14232 14231
46267 46266
13909 13908
79788 79803
24825 24826
2350 2349
24901 24902
30852 30851
12507 12506
47902 47900
19365 19364
60137 60138
64682 64681
5216 5223
59887 59886
67779 67778
55207 55205
18986 18995
12096 12095
52532 52531
41737 41738
35250 35249
29592 29571
72412 72411
48686 48685
23497 23498
70603 70602
16614 16613
17585 17584
25140 25139
14385 14392
70420 70419
72504 72503
39844 39971
43996 43994
74874 74873
75194 75165
70907 70906
13934 13933
59824 59825
41669 41668
32177 32176
58666 58665
25283 25274
69644 69643
77228 77236
36661 36662
50331 50332
67715 67704
33050 33049
72770 72769
61465 61454
73180 73179
44654 44653
44620 44627
40950 40949
48356 48355
28911 28910
4267 4258
64374 63976
67969 67815
77486 77485
48477 48485
30493 30492
45480 45478
63918 63916
72031 71925
53124 52705
69176 69175
52631 52630
65708 65707
39932 39939
42995 42994
5840 5625
14960 14923
56678 56677
70882 70897
56185 56184
286 285
56401 56400
54460 54459
39652 39651
2106 2105
24883 24891
79536 79535
60092 60091
42854 42870
77935 77934
17511 17509
43545 43544
61662 61663
26003 26002
48602 48601
42673 42672
12995 12994
53949 53948
39586 39585
16658 16657
15856 15855
54521 54520
31444 31416
62432 62460
62729 62728
16891 16890
12289 12288
61539 61538
18490 18489
62161 62159
28646 28645
19901 19902
78260 78259
56149 56148
76926 76924
59101 59072
9256 9227
53145 53146
55004 55003
59918 59917
75900 75908
3980 3979
30232 30231
12116 12115
67865 67864
64603 64602
7327 7306
36245 36244
42633 42632
69613 69629
59134 59133
70179 70234
17710 17709
41876 41874
45984 45983
5824 5823
66930 66929
71704 71703
2131 2146
58283 58282
79849 79848
17667 17665
79712 79711
26290 26288
52122 52121
76019 76035
24038 24037
55947 55946
2860 2859
43291 43298
68685 68684
35760 35761
4022 3993
46817 46818
42479 42480
50759 50758
47078 47077
54399 54398
23737 23736
38217 38216
41308 41309
74382 74381
56095 56222
13539 13538
43234 43233
47755 47756
41934 41935
75781 75675
50083 50082
69054 69053
6413 6412
58929 58984
61752 61751
47367 47366
32644 32643
56414 56413
68951 68950
71168 71167
44005 44006
30782 30781
60974 60973
26611 26602
36908 36907
68390 68389
52353 52381
12805 12804
55365 55364
28230 28229
26396 26395
73127 73125
1859 1858
33936 33935
27881 27880
25804 25803
21950 21949
72579 72655
14038 14037
38613 38614
6521 6520
3119 3118
52940 52947
56147 56146
25295 25310
21358 21357
47693 47664
27143 27142
55367 55366
16654 16653
63407 63406
64029 64028
28535 28536
24530 24424
52843 52842
33812 33811
68281 68175
73415 73414
44241 44295
4732 4731
75763 75764
75823 75839
41028 41027
46188 46187
13676 13675
22209 22224
19578 19577
8585 8584
69621 69628
70105 70104
7961 7960
69174 69173
42058 42057
73330 73340
71909 71908
690 689
10283 10274
32551 32550
15421 15420
53920 53919
31229 31230
76372 76371
37098 37097
54458 54457
38928 38983
41593 41592
54937 54936
73781 73780
54147 54146
41637 41636
30902 30901
10509 10507
9818 9817
57408 57407
45108 45107
6409 6408
50232 50231
60665 60673
56683 56699
75399 75398
22629 22628
14512 14513
73939 73938
51961 51960
64758 64757
62943 62942
63418 63419
5745 5744
53327 53326
28917 28915
7673 7672
36075 36076
46211 46219
40791 40798
67067 67066
26413 26412
34974 34973
67401 67400
75177 75178
55803 55818
74746 74747
7033 7049
18833 18832
6463 6465
10299 10298
60817 60816
69776 69804
44797 44796
55361 55360
63512 63511
65473 65472
15408 15407
18 19
15102 15101
14920 14922
6507 6407
47688 47687
30482 30481
15028 15027
62343 62316
6962 6990
7098 7097
62401 62400
1335 1334
54657 54656
76966 76965
57412 57411
18274 18273
71874 71476
29707 29708
32171 32150
1432 1431
10280 10279
8681 8709
37401 37402
62672 62671
16274 16273
59227 59226
42012 42013
34955 34954
75859 75860
59401 59400
47160 47158
3297 3296
24660 24658
68055 68054
79403 79402
76033 76032
57195 57194
36904 36903
70256 70257
13402 13401
31604 31620
55655 55654
23790 23788
7696 7695
17493 17492
26140 26139
49429 49428
54932 54960
11737 11738
45887 45886
10047 10046
50176 50177
73118 73117
37788 37787
8212 8240
24346 24353
18617 18616
46618 46617
65729 65728
54426 54424
115 86
70877 70876
34340 34339
72391 72390
69313 69312
26054 26017
19495 19494
15472 15471
45259 45258
30916 30915
16381 16380
49333 49332
5202 5201
72186 72185
64294 64293
64200 64201
30745 30744
10421 10420
5923 5922
52024 52023
17221 17220
8027 8028
38888 38903
51671 51670
25409 25410
43681 43709
2517 2516
48001 48000
75767 75766
78903 78902
57030 57003
35236 35245
54414 54453
37850 37821
13549 13548
59868 59867
75790 75789
66805 66804
17684 17683
70578 70577
31436 31435
11136 11135
56481 56480
78687 78686
34978 34977
48892 48891
10701 10703
6460 6459
19026 19042
37054 37053
68846 68845
54826 54827
63170 63169
63453 63452
5190 5189
76004 76003
44810 44809
58567 58565
54776 54804
46007 46006
39009 39008
10152 10151
72832 72833
41762 41761
11055 11063
36629 36628
27564 27563
35188 35187
31589 31588
17177 17176
16942 16941
45539 45538
52746 52744
46793 46792
5421 5420
69682 69681
8841 8840
31184 31183
3071 3070
30253 30254
55239 55238
16707 16706
71970 71969
45192 45191
52667 52665
13530 13529
55031 55030
21007 21006
34103 34101
53832 53831
70334 70335
3073 3072
27726 27724
46743 46742
10698 10697
56712 56711
29385 29392
14034 14041
48962 48961
8632 8671
79773 79772
34355 34356
69796 69795
59360 59359
36724 36723
10537 10536
22116 22115
51193 51208
64653 64652
71044 71043
2902 2900
69832 69831
1846 1853
61071 61070
12445 12444
32365 32380
68363 68379
68040 68039
27807 27806
65998 65999
15354 15370
6821 6820
40048 40039
78279 78278
30541 30540
2451 2450
22771 22770
24002 24001
27264 27266
18282 18281
44592 44571
3094 3093
6944 6943
56987 56986
65624 65226
78365 78364
75357 75356
22242 22241
57021 57020
76418 76416
23077 23076
52763 52762
76824 76823
74510 74509
48600 48599
48613 48614
79975 79974
44877 44876
17295 17294
60386 60385
36386 36387
29926 29925
10312 10313
2591 2590
69515 69494
14463 14470
15869 15897
79018 79017
36257 36256
54796 54795
58877 58868
12192 12191
76479 76478
35051 35050
56211 56174
70630 70629
27388 27387
8778 8777
55807 55806
6800 6799
28518 28534
46426 46427
29808 29807
297 296
48869 48885
6984 6983
952 951
71668 71667
40738 40737
11606 11605
19791 19790
79275 79274
31884 31912
34804 34767
4045 4060
76296 76295
569 470
51318 51317
30738 30737
2242 2241
2009 2008
78670 78669
61659 61658
20529 20544
20455 20454
43369 43397
58106 58107
20994 20993
76010 76009
34759 34758
25461 25460
30040 30038
17928 17899
10575 10574
3871 3870
44213 44212
40840 40625
46421 46420
79897 79896
35916 35915
11290 11288
54479 54478
78708 78707
12780 12779
79483 79482
42133 42132
1054 1017
37299 37298
14266 14265
38598 38597
77537 77536
40709 40708
22986 22985
71757 71728
58671 58673
13039 13038
10453 10452
32428 32427
68603 68602
2674 2675
50919 50920
40634 40662
21297 21296
51919 51918
46637 46636
62176 62175
11739 11740
77552 77551
21030 21029
67101 67108
56299 56290
18805 18804
58220 58219
25501 25500
79405 79404
27534 27533
32242 32241
472 471
20238 20237
34199 34200
29350 29349
42805 42804
8691 8692
35766 35765
29795 29794
72531 72530
42734 42735
19882 19921
66529 66528
38402 38401
62418 62417
10912 10911
22694 22666
38245 38244
59599 59598
47783 47774
55283 55282
18448 18455
42167 42168
5950 5949
36358 36357
12419 12418
66325 66324
30705 30721
19755 19754
49440 49439
28329 28339
18669 18668
51007 51006
57641 57640
4030 4029
38310 38309
75201 75200
38450 38449
47612 47611
55443 55442
22661 22660
23921 23920
23423 23422
70634 70633
45250 45249
50724 50739
32354 32361
56114 56115
4945 4944
23297 23296
28627 28626
61262 61260
71401 71400
69252 69251
14749 14728
61453 61452
14829 14828
67660 67659
70905 70904
57336 57335
49462 49490
6641 6717
27585 27584
53802 53801
25324 25322
18858 18857
19032 19031
22626 22617
24764 24766
3006 2977
19631 19646
76078 76057
44110 44109
49953 49952
57191 57207
66347 66348
14434 14435
58034 58033
30791 30798
47991 48045
47253 47252
64587 64586
49698 49705
35698 35697
3573 3574
43932 43931
74147 74146
77891 77824
47674 47675
21986 21985
30083 30082
28667 28666
75239 75238
10423 10422
47430 47429
24865 24880
41043 41042
41576 41575
2276 2283
42373 42372
50439 50430
46722 46721
13596 13612
24133 24132
76682 76680
31597 31596
17060 17059
40700 40699
50218 50217
75928 75927
68089 68105
16079 16078
61012 61011
36682 36698
53060 53059
326 325
31957 31956
11891 11890
28457 28458
77027 77026
74621 74628
21049 21048
44755 44754
28255 28254
61236 61235
69041 69040
30018 30019
30118 30116
7200 7199
2782 2781
55922 55901
24606 24605
60403 60401
25280 25279
44226 44225
78647 78646
73436 73435
77747 77745
51024 51023
8383 8382
12024 12023
41110 41109
31159 31158
24345 24336
45446 45445
75603 75602
72313 72312
2734 2735
44446 44445
9751 9750
4778 4777
14045 14060
68748 68747
14700 14699
12198 12205
53151 53150
41365 41336
10594 10593
19759 19758
16881 16880
62071 62070
32022 32021
53973 53972
68859 68858
71027 71034
35387 35386
47447 47446
70127 70118
16526 16542
54845 54972
53047 52969
79703 79702
59082 59083
46003 46002
34245 34244
4357 4372
52280 52279
47898 47897
26163 26162
75791 75819
5613 5612
52192 52191
63034 63033
13655 13634
22908 22907
45509 45507
63983 63982
48050 48049
44478 44477
24135 24134
43064 43063
77271 77270
76662 76663
55481 55479
52052 52067
581 580
33854 33853
278 277
76351 76562
79492 79455
35371 35372
73634 73642
47793 47794
23312 23311
5030 5029
5034 5033
14053 14052
56080 56079
24820 24819
65456 65455
26075 26076
40184 40183
39300 39299
9188 9187
77888 77887
20079 20088
33308 33307
8010 8026
67361 67360
4599 4591
71096 71094
43749 42705
23587 23586
43936 43935
61384 61383
29860 29859
18095 18086
60214 60216
67170 67171
67533 67532
10527 10528
36237 36236
65460 65459
39599 39591
6796 6729
21127 21126
6591 6590
61647 61646
25783 25799
1308 1309
3177 3176
11103 11131
34387 34386
12365 12380
46781 46780
59889 59888
59902 59903
398 397
77198 77226
20946 20945
56556 56555
75523 75522
61626 61625
57895 57894
19964 19963
46079 46078
70532 70531
7517 7516
48278 48277
16833 16832
59031 59030
61304 61303
32160 32158
76097 76113
77276 77304
10085 10084
79244 79243
35017 35016
51766 51765
14283 14282
73584 73583
61858 61873
49186 49185
49545 49544
49774 49773
785 784
75247 75245
13362 13378
53294 53293
55786 55785
8207 8206
11409 11408
31980 31979
74705 74704
45421 45420
12782 12781
73798 73797
25954 25953
68269 68268
12316 12314
25238 25237
24480 24479
31463 31465
62197 62196
24649 24657
50434 50433
56139 56138
58997 58995
75183 75182
13839 13837
35677 35676
14253 14252
31318 31317
28369 28397
60289 60288
13968 13967
30959 30974
1587 1586
21857 21872
21167 21166
48919 48918
4556 4555
10053 10052
34327 34326
66219 66218
48350 48357
65122 65121
5303 5302
23797 23796
39681 39680
79214 79213
72103 72102
26635 26634
60174 60173
19312 19311
24387 24386
34154 34153
53392 53391
41009 41008
41119 41118
45602 45601
50842 50821
44319 44220
70189 70188
2388 2387
48824 48823
68574 68575
17598 17599
26768 26775
73201 73200
11463 11465
36559 36558
72836 72890
44945 44944
17843 17842
77674 77673
49226 49225
61582 61583
20577 20576
23115 23114
5005 5004
66027 66034
51825 51824
78738 78737
43581 43580
64322 64321
17638 17653
17346 17362
40108 40107
66737 66736
29484 29483
68025 68024
33661 33660
22156 22155
64561 64560
57342 57341
1371 1370
13241 13204
25127 25134
48924 48925
20959 20974
13881 13880
49913 49912
16318 16317
44974 44973
13718 13717
11995 11994
7305 7313
10598 10597
3805 3804
54779 54778
37479 37480
66236 66235
18581 18580
20406 20405
74523 74522
28499 28478
57029 57028
59698 59726
41756 41727
18431 18430
77383 77422
663 702
71563 71564
17716 17723
18027 18028
27682 27681
71674 71673
62387 62386
54760 54759
42104 42103
41140 41139
17732 17731
69244 69243
32297 32296
51119 51118
28768 28769
51388 51403
43211 43210
68531 68530
60183 60182
18499 18478
78874 78873
21517 21516
17646 17645
57048 57047
1713 1712
43446 43445
78834 78833
50360 50359
32995 32994
8591 8590
43152 43151
24450 24449
32076 32075
44673 44672
47904 47903
48332 48331
57351 57350
77144 77143
46484 46485
70917 70916
68781 68780
69513 69514
14013 14012
4805 4813
21595 21594
1530 1529
22096 22095
13996 13994
997 998
54935 54934
7194 7193
27291 27290
64861 64860
72198 72226
15358 15357
19905 19884
46070 46069
56038 56053
57888 57887
63666 63665
65397 65396
4920 4922
29186 29185
73866 73837
74263 74262
25328 25327
1426 1427
29237 29238
11108 11107
70790 70789
39572 39588
8369 8397
65127 65118
40543 40542
43875 43874
62668 62666
50108 50107
38697 38696
14279 14294
21068 21067
24045 24060
53615 53630
18661 18660
17335 17334
18843 18842
18092 18091
1772 1771
3431 3430
42902 42900
68853 68852
30176 30177
56748 56747
24905 24884
27350 27349
29886 29885
43490 43489
57996 57995
73028 73029
312 313
58597 58613
74022 74021
56884 56883
67429 67428
38270 38269
69506 69505
43046 42979
78510 78509
45997 45998
70553 70552
57354 57382
30366 30365
61746 61745
10793 10792
45242 45241
26157 26156
77605 77604
1724 1723
39497 39496
43135 43142
46603 46601
16014 16016
31299 31306
21083 21082
27757 27657
2261 2260
60559 60557
62527 62526
56192 56193
1736 1735
973 972
54561 54560
6446 6445
18575 18576
64836 64835
5083 5082
70141 70140
64676 64675
45220 45219
30068 30067
69010 69009
41025 41053
14907 14906
53418 53419
68670 68669
63447 63446
23293 23292
10093 10092
61693 61692
17098 17097
33476 33515
58830 58839
63021 63020
4327 4326
68399 68362
17517 17516
59191 59198
28739 28738
68036 68035
33568 33567
50096 50097
50824 50823
9816 9814
17003 17001
64847 64863
11298 11289
16303 16302
23232 23231
57000 56999
25602 25601
50862 50878
47240 47239
58681 58680
4451 4453
55334 55335
13503 13502
48818 48817
23778 23777
47323 47324
1161 1160
13924 13925
70490 70491
15581 15580
69788 69803
41280 41279
32708 32707
772 771
34850 34849
60627 60625
45917 45918
20694 20693
78047 77980
13877 13884
20301 20300
75515 75514
70763 70764
47671 47670
26456 26454
76612 76603
76945 76944
49154 49153
57987 57986
19232 19231
51503 51504
79016 79015
67563 67562
15992 15991
51364 51363
45736 45735
68969 68968
68292 68299
30533 30532
60570 60471
30049 30056
33200 33199
68658 68657
54674 54673
29469 29468
34346 34353
20824 20823
9620 9627
62302 62301
35034 35033
25891 25890
18774 18773
74661 74659
68727 68726
49576 49575
34616 34615
41917 41916
28188 28187
70871 70878
51482 51481
27511 27509
22280 22279
58872 58871
6798 6807
16515 16514
57091 56876
48364 48363
48948 48947
77431 77430
39624 39623
41432 41431
72067 72066
69627 69626
9230 9228
38801 38800
41600 41571
55018 55017
29991 29990
33342 33321
58147 58162
8290 8318
70412 70413
37104 37103
50210 50209
36024 36023
17257 17256
68563 68562
37358 37357
37005 37004
747 746
73857 73856
76491 76490
37949 37950
27050 27051
6308 6309
45802 45817
34302 34301
73227 73226
74111 74110
77243 77242
53706 53705
16211 16219
8990 8989
46610 46609
50552 50551
38864 38863
59170 59169
42972 42971
11804 11803
43923 43922
5017 5016
10595 10586
40041 40057
56336 56335
34230 34228
22198 22205
46940 46939
52849 52848
1186 1185
57697 57696
49342 49341
40783 40799
72048 72047
59256 59255
27014 26993
67015 66994
27003 27001
58076 58075
62735 62736
75097 75098
51058 51057
73464 73463
53284 53283
25728 25727
18996 18994
5066 5065
59650 59658
75784 75800
27190 27206
79399 79398
30123 30122
16464 16453
61306 61305
60151 60150
57741 57740
32891 32967
28121 28120
44652 44651
44277 44278
61116 61131
31345 31344
33778 33777
24616 24615
73165 73173
13287 13286
37291 37290
69551 69552
66403 66402
43617 43616
1871 1870
38596 38612
72372 72371
19742 19741
73889 73904
18253 18251
27022 27021
46642 46651
6201 6200
20564 20563
75487 75486
21551 21550
11191 11192
62245 62244
79107 79106
35864 35863
71067 71065
48328 48327
22010 22011
64565 64564
28650 28649
1216 1215
16846 16853
26648 26647
65175 65176
17659 17658
3972 3971
21726 21725
78601 78600
6553 6552
6522 6493
34761 34760
13831 13830
37353 37381
13306 13305
19547 19546
54256 54255
10531 10530
45899 45907
16267 16266
39608 39609
13087 13085
4624 4623
76374 76373
13436 13437
53083 53082
20495 20494
21163 21162
40565 40566
28014 28013
1303 1302
43869 43885
32890 32823
2633 2632
14215 14214
35146 35145
52659 52658
22396 22395
53401 53417
44398 44397
42875 42874
10385 10384
24943 24958
38090 38089
27438 27437
59246 59245
4524 4523
54724 54723
76363 76362
47094 47093
31123 31122
53541 53540
33562 33561
29112 29119
50282 50281
42578 42654
46503 46504
52585 52584
13081 13080
26865 26864
62091 61876
39799 39798
49436 49415
52092 52071
58407 58406
59555 59554
41948 41947
64686 64685
59037 59036
12461 12469
45417 45416
6837 6835
47788 47787
28968 28967
17244 17243
1400 1399
35307 35306
70777 70776
22615 22586
21927 21926
31578 31577
25427 25426
18438 18643
26081 26080
21802 21801
6081 6080
14438 14437
24036 24035
75792 75799
72368 72367
49163 47501
75576 75575
37238 37236
40072 40071
50379 50378
75414 76249
61809 61807
10146 10145
61332 61331
65896 65895
65090 65088
3109 3108
47104 47103
70748 70747
40868 40867
69811 69810
43279 43252
37614 37613
20635 20642
25836 25835
36762 36761
57863 57870
6352 6351
248 247
40506 40477
16863 16862
45923 45922
62105 62104
36343 36342
74014 74013
63053 63052
62794 62795
34057 34056
60593 60592
10829 10839
48862 48861
49450 49449
72844 72843
71877 71875
33027 33028
29032 29031
75362 75353
64212 64211
46654 46653
69958 69957
24723 24722
33312 33311
65970 65969
15299 15298
44387 44386
28862 28861
66607 66606
52135 52134
15419 15418
48046 47979
36028 36027
4797 4796
45347 45346
6831 6830
20505 20504
57907 57906
53758 53757
3886 3887
6482 6481
8182 8183
44844 44971
47543 47542
17997 17996
5594 5593
28152 28151
16986 16985
48795 48794
13633 13641
14175 14174
24863 24864
71798 71720
6186 6185
963 962
66503 66502
64605 64604
14574 14573
64752 64751
71141 71140
54530 54503
2108 2109
56700 56701
5343 5342
57085 57084
22354 22361
51991 51954
55649 55648
24017 24016
25684 25685
6530 6529
56975 56990
45072 45071
2564 2563
51678 51649
70429 70400
26898 26897
37862 37869
21555 21554
62227 62266
52728 52727
47993 47992
8722 8720
42534 42533
60865 60864
35850 35857
70310 70309
61435 61434
21462 21461
63337 63336
1028 1027
23035 23034
60392 60468
19774 19773
36734 36733
2356 2355
13109 13108
72271 72270
72231 72230
77214 77213
63132 63131
65464 65463
10320 10319
49991 49990
71116 71131
14078 14077
36406 36405
39845 39843
28604 28611
72884 72883
2547 2546
736 735
56947 56946
73876 73875
59206 59205
46293 46292
51595 51594
37363 37364
23625 23624
9987 9986
68013 68012
32921 32920
46980 46979
43150 43149
71899 71898
78870 78886
61217 61216
52578 52654
14926 14925
4270 4269
36965 36964
3324 3323
58788 58759
1368 1366
50144 50143
31068 31067
31432 31431
22518 22519
43988 43987
37377 37376
77697 77696
54824 54825
1509 1508
3793 3792
65452 65467
43285 43284
48005 48004
2481 2482
14681 14680
11148 11147
18041 18040
62193 62192
66890 66889
31346 31347
23543 23542
42837 42836
65798 65797
19310 19309
18073 18072
58605 58612
22570 22569
31170 31172
65869 65868
20459 20458
45276 45292
32285 32286
74600 74592
12282 12281
49209 49208
58449 58456
38171 38170
9192 9191
64441 64440
61204 61203
60338 60337
23976 23974
40776 40775
21675 21674
7805 7804
75553 75552
57872 57873
59895 59893
69840 69839
75511 75527
64487 64486
62895 62894
6003 6002
57425 57441
73015 73014
46478 46477
48090 48089
3617 3616
26802 26801
7278 7277
76160 76159
30658 30657
45423 45422
38603 38631
26045 26044
16743 16742
72107 72106
43816 43815
7301 7300
39704 39703
29387 29386
42305 42313
58380 58381
35654 35653
32301 32300
14480 14479
28196 28195
75214 75216
35396 35395
66453 66452
3268 3267
36331 36330
45933 45932
78422 78401
3650 3649
49125 49124
75452 75467
66493 66492
57737 57746
60420 60419
216 223
43111 43110
5305 5304
1322 1321
51925 51923
45524 45523
48980 48979
54216 54215
18350 18357
26102 26101
7702 7701
17171 17150
68813 68812
13222 13223
10472 10471
45660 45659
44129 44128
61363 61362
75996 75997
30876 30875
33731 33732
65284 65275
59615 59614
78662 78661
9211 9210
57246 57247
61240 61239
5413 6248
8726 8725
27272 27271
36562 36563
28402 28401
53016 53015
10732 10731
29129 29128
35935 35934
73182 73181
28659 28658
1098 1097
45745 45744
8926 8927
22356 22355
41287 41258
24688 24893
49131 49130
64830 64829
42678 42733
36039 36038
63925 63926
28041 28040
40976 41015
13799 13806
40169 40168
69764 69763
36186 36185
37904 37903
5159 5158
929 928
14875 14874
79166 79165
50037 50008
5312 5313
16559 16558
32714 32703
77340 77339
55338 55337
1480 1479
66979 66978
43300 43301
29340 29339
71384 71383
11583 11584
37375 37374
27005 27004
21486 21495
35820 35819
33073 33072
4129 4128
2403 2404
55191 55190
41301 41300
55784 55800
14905 14884
36505 36506
64172 64171
46768 46775
37160 37158
66283 66282
31231 31232
16324 16323
50226 50224
28444 28443
6498 6497
31450 31449
27398 27397
67182 67181
73861 73860
56619 56618
17759 17758
62854 62852
54364 54363
10745 10744
23179 23178
11024 11023
15849 15841
12227 12235
10919 10920
9957 9956
46597 46596
35732 35731
12716 12723
14520 14519
56353 56352
69401 69400
61351 61562
71175 71191
38322 38338
61196 61195
10869 10897
11972 11973
22084 22083
22079 22089
53465 53464
39875 39874
11343 11342
4804 4767
75542 75541
5007 5006
9747 9748
33264 33243
12850 12821
28787 28758
52780 52779
56196 56195
14713 14712
33349 33341
72275 72274
74530 74503
61299 61290
32 31
16316 16315
77343 77316
46424 46425
12122 12121
70888 70887
67149 67112
4622 4621
32318 32317
22003 22001
62216 62215
22227 22235
46123 46122
70597 70604
16772 16771
55143 55142
30898 30861
70624 70226
28060 28059
28693 28708
46009 46008
39547 39546
14455 14471
60189 60188
8638 8637
43594 43721
31842 31841
61130 61129
25100 25311
55835 55834
64305 64304
30790 30818
76082 76081
2200 2199
53446 53445
79428 79427
68922 68921
6144 6142
39622 39621
11532 11531
32797 32796
63210 63209
39854 39861
73271 73270
49778 49777
63432 63431
47181 47180
27736 27745
36045 36044
10944 10943
65636 65643
75149 75148
72011 72012
51908 51907
4340 4339
62859 62858
33663 33662
48190 48189
65689 65688
74305 74304
65187 65186
39345 39336
39823 39824
68601 68600
17354 17361
73775 73774
50509 50507
4017 4016
52534 52533
79710 79725
50797 50796
25138 25153
31129 31128
75638 75637
27139 27138
79377 79375
74401 74400
70485 70484
2129 2130
72939 72938
49844 49971
49964 49963
63792 63808
42118 42117
27100 27107
7661 7660
74563 74562
64933 64940
60616 60615
69634 69633
74090 74089
11837 11835
76700 76701
71105 71112
28699 28698
66134 66142
51755 51754
67444 67459
78239 78238
63977 63975
28890 28889
43033 43032
75327 75326
18050 18049
38524 38523
69887 69886
30115 30086
45742 45750
46182 46189
12390 12389
20590 20589
16713 16712
136 137
24154 24153
11243 11242
69504 69502
65915 65914
16787 16786
11777 11778
34749 34728
8264 8243
45230 45229
5935 5934
40741 40704
55781 55675
14321 14320
52497 52496
61968 61967
4799 4798
70447 70446
3894 3893
33970 33969
39074 39072
21999 21998
71609 71608
18793 18792
39558 39557
31255 31254
14291 14290
3787 3758
78136 78143
50028 50027
53382 53282
41450 41449
64710 64725
50129 50128
28791 28807
45194 45166
173 172
36261 36259
1229 1230
32084 32083
64906 64885
26659 26660
38623 38622
79282 79281
30627 30643
42487 42486
2765 2764
56516 56515
22619 22635
71846 71837
78821 78820
61055 61018
56230 56231
72228 72236
20800 20801
30093 30092
44507 44506
28398 28361
66425 66426
74395 74396
18238 18237
50698 50697
56056 56064
78740 78739
36547 36546
66334 66333
62977 62976
4081 4082
1796 1729
34376 34374
79733 79732
61082 61081
72486 72485
30904 30903
7626 7617
18471 18470
41817 41818
1908 1907
79069 79068
45698 45697
62364 62365
38167 38166
15686 15665
29823 29824
49025 49023
495 494
24972 24970
32782 32781
8524 8523
39116 39115
38238 38237
53497 53498
37350 37349
35671 35670
31772 31771
68440 68488
46715 46714
38545 38544
29535 29534
11025 11053
69378 69394
3290 3318
3547 3546
40106 40105
44451 44453
35783 35799
24995 24994
42879 42878
72575 72574
57709 57708
14277 14278
47131 47146
57496 57495
34823 34824
68059 68057
64372 64371
1003 1002
27714 27703
50318 50317
19135 19134
36819 36720
74252 74251
17700 17699
35112 35111
24664 24663
21891 21890
17190 17206
1961 1960
23450 23449
19463 19470
9584 9583
17043 17042
64615 64614
66662 66663
33065 33066
43131 43130
27951 27966
16087 16086
55175 55176
2629 2628
75221 75220
28669 28668
15609 15608
20617 20616
45881 45896
43621 43620
68725 68724
69650 69658
24941 24942
1434 1433
5152 5151
32984 32983
59538 59537
71996 71995
18009 18007
23613 23614
63855 63854
10844 10843
33060 33059
16129 16128
30992 30991
74680 74679
32369 32368
34059 34058
45527 45528
56071 56070
50864 50863
61719 61565
16060 16059
53107 53122
3562 3561
79299 79308
67649 67648
69904 69905
20068 20067
31640 31573
63639 63638
51113 51114
8492 8491
41079 41078
60119 60117
66489 66488
1934 1935
23924 23925
6690 6697
23285 23284
78865 78864
17202 17201
53823 53822
46513 46512
35569 35470
46950 46949
12518 12519
56558 56557
65653 65652
25607 25622
29822 29821
2570 2569
21417 21415
36783 36782
49936 49935
16167 16166
68660 68659
21667 21666
50742 50750
2086 2085
33786 33785
28793 28792
68108 68123
76395 76394
25307 25306
46423 46422
9820 9819
61485 61486
41498 41497
66052 66051
35840 35625
19805 19813
74771 74770
77404 77405
59324 59323
59456 59472
654 653
40954 40953
62649 62648
48936 48935
8528 8527
49304 49303
58694 58709
49283 49282
76845 76844
50927 50926
15598 15597
218 217
65593 65592
73284 73300
79559 79558
24438 24437
46583 46584
79910 79909
65974 65973
20161 20160
74693 74692
61768 61759
13674 13690
6106 6105
14934 14933
3710 3673
50182 50181
74182 74180
74092 74091
15104 15103
49337 49335
8886 8887
14514 14493
77713 77712
12625 12624
45644 45645
12375 12374
36444 36416
9761 9760
53903 53902
14537 14536
20787 20786
27944 27943
72929 72900
73130 73129
10826 10825
37693 37664
52356 52355
67130 67131
8958 8957
17788 17787
69716 69715
35776 35775
74058 74057
23362 23378
36376 36367
63462 63461
49626 49625
31104 31111
5489 5490
23499 23478
29717 29716
44099 44098
11785 11784
17409 17408
68626 68625
72758 72658
78500 78479
69891 69890
64368 64367
56177 56176
15844 15843
68483 68482
56754 56753
59954 59953
28039 28038
79090 79089
26089 26088
5899 5907
71926 71924
16448 16447
55145 55144
75948 75976
74208 74207
45248 45247
58502 58501
26402 26401
19474 19489
32460 32423
10098 10099
38657 38656
70817 70816
49543 49542
23429 23428
3992 3991
71329 71405
34624 34623
23065 23066
8572 8571
1470 1469
27772 27743
13814 13813
22082 22081
1902 1901
13092 13091
18906 18905
73493 73492
4448 4447
47129 47130
41896 41911
8131 8130
39440 39439
1129 1128
73101 73100
73157 73156
52436 52435
5730 5729
68294 68293
77842 77841
37738 37737
14184 14183
33450 33449
1255 1254
18293 18292
12259 12258
1600 1571
45749 45748
43179 43178
55616 55615
61088 61087
63411 63409
40328 40327
6578 6577
16732 16731
32110 32159
28 27
6060 6059
73323 73339
33518 33534
8332 8331
34321 34320
78367 78366
1734 1733
59935 59934
78134 78133
53073 53072
37892 37901
66778 66779
72252 72251
16718 16564
28322 28338
24196 24195
65678 65677
68633 68672
63280 63253
67309 67308
36176 36175
38084 38055
13253 13251
61036 61037
5200 5199
6362 6361
50944 50943
12757 12657
8276 8275
41995 41994
33520 33519
11138 11137
71761 71777
71670 71669
71744 71743
1694 1693
43583 43582
18423 18422
46398 46397
41965 41964
14237 14238
45216 45223
65214 65216
74632 74647
11381 11380
64003 64002
44450 44449
20535 20534
53432 53431
5278 5277
11925 11923
55441 55448
37957 37956
57531 57530
64041 64040
72288 72303
22742 22741
18308 18307
22772 22743
52301 52300
23017 23008
64952 64951
38539 38538
65890 65889
76689 76688
7479 7480
73321 73320
59794 59793
8425 8424
34727 34735
46881 46880
16388 16403
68985 68986
55115 55114
26039 26038
44472 44473
34835 34834
19772 19771
78901 78900
13370 13377
33648 33647
75968 75967
30047 30046
46066 46064
11768 11775
72345 72472
23164 23172
53413 53412
74048 74047
20043 20042
8573 8574
42932 42948
4338 4354
14127 14126
65754 65752
58413 58412
20188 20187
47466 47465
72664 72663
40522 40521
69722 69721
15100 15311
3126 3124
56223 56221
44590 44375
10757 10756
29114 29113
21022 21021
13123 12725
4404 4403
30774 30773
42181 42180
55227 55225
19300 19299
19279 19294
60350 60349
65837 65836
9253 9252
5969 5968
73502 73501
9614 9613
14357 14372
72713 72712
21055 21063
27360 27359
4461 4460
51018 51034
35238 35237
70974 70973
14526 14525
67565 67564
10463 10462
6927 6926
55918 55919
62899 62898
73717 73716
15072 15071
77872 77873
43871 43870
7460 7423
54105 54121
74965 74964
46711 46710
61874 61476
79368 79367
11910 11909
522 521
37860 37859
56818 56819
26274 26273
3356 3355
29692 29691
7526 7525
40371 40372
41528 41527
31047 31046
35577 35576
62269 62285
64819 64818
59435 59436
6360 6359
830 837
12767 12766
34931 34959
1652 1650
27864 27863
52589 52587
39602 39601
57937 57936
33896 33895
30611 30610
73441 73457
42621 42620
17050 17051
32413 32412
49488 49487
293 294
68472 68471
69813 69812
11444 11416
48839 48837
72945 72944
62480 62481
50390 50323
57869 57868
68432 68431
13064 13063
46140 46139
62010 62009
4188 4187
14913 14912
72294 72293
24201 24216
66029 66028
44719 44718
16011 16010
20373 20388
58569 58568
7562 7561
64593 64572
30411 30412
72127 72126
72998 72997
24163 22501
45472 45471
39363 39362
46073 46074
67791 67790
21944 21943
57100 57092
66888 66887
70223 70222
70285 70292
14000 13999
58357 58356
48881 48880
37405 37384
14545 14544
60231 60230
6318 6317
24486 24485
50307 50306
269 268
41205 41204
77810 77809
54023 53994
55445 55444
77186 77185
17830 17829
32579 32588
19291 19290
73088 73086
69838 69837
23330 23337
9396 9411
32198 32205
33139 33138
60968 60967
40575 40574
78783 78782
39091 39090
7196 7195
16312 16311
46464 46453
282 281
21722 21721
1665 1664
55424 55423
62893 62902
79861 79860
34787 34802
38127 38143
37323 37324
36188 36187
23602 23601
52686 52685
64297 64230
63112 63111
38710 38673
54866 54881
48787 48758
67311 67310
53187 53186
40919 40920
34509 34508
71742 71796
70510 70508
77813 77814
43228 43227
37942 37941
52881 52880
47436 47435
21774 21773
1995 1994
39930 39929
31316 31315
21091 21090
57651 57650
22652 22651
79798 79797
55582 55581
71147 71146
44118 44117
38503 38502
14924 14940
47066 47065
6247 6246
34608 34609
14116 14115
78441 78457
32415 32414
62533 62532
16837 16835
74122 74123
36480 36479
38194 38193
32524 32523
74411 74410
19727 19735
54511 54512
67508 67507
21460 21459
54362 54361
35379 35378
77639 77654
23879 23878
25870 25877
12449 12448
74339 74355
39272 39271
21468 21467
4532 4531
41117 41116
7449 7448
26484 26485
54967 54966
4264 4263
68377 68376
32009 32008
24237 24238
834 833
65655 65654
22382 22421
34201 34216
26873 26475
45125 45124
15931 15930
76420 76419
72306 72314
39543 39542
29081 29082
13368 13367
53602 53601
28636 28635
53136 53134
63114 63113
27957 27956
47072 47088
52809 52808
1301 1300
51167 51166
6789 6788
23109 23108
12280 12279
17968 17814
31992 32000
35860 35909
52238 52236
57218 57217
45255 45256
59864 59865
72954 72953
43024 43023
74094 74093
15385 15384
66628 66627
47939 47930
34000 33999
2043 2042
60291 60290
25368 25367
70193 70192
65924 65923
1938 1937
56158 56157
50051 50050
35455 35454
48391 48390
2417 2416
49932 49939
32548 32539
34034 34041
69422 69421
69257 69228
11675 11674
23253 23251
10957 10958
26652 26650
36576 36575
57355 57362
77218 77217
50446 50445
68496 68497
1857 1872
73309 73308
54223 54222
45565 45566
36267 36266
3224 3239
12957 12956
19163 17501
42152 42151
14446 14445
14742 14741
28374 28373
20335 20389
19118 19117
76481 76480
76710 76709
44404 44403
43109 43108
32532 32531
48009 48007
30282 30281
29074 29072
51576 51575
29259 29257
78732 78733
72081 72088
8164 8172
72892 72968
62427 62426
25770 25769
44087 44086
49552 49567
16228 16227
25858 25859
78415 78414
72905 72904
57657 57656
8316 8315
60511 60527
54334 54333
9203 9202
2513 2512
8412 8411
12417 12416
64386 64393
73453 73452
45939 45987
9047 9046
74403 74402
15078 15154
10024 10023
62844 62843
55691 55690
32010 32011
29331 29330
39342 39341
78483 78482
60268 60267
58243 58251
15459 15458
20127 20134
62766 62765
13438 13643
41547 41546
68422 68401
63645 63643
28385 28384
23868 23866
50421 50420
73345 73344
47148 47111
6331 6330
28054 28053
40939 40987
38079 38078
12074 12073
59551 59552
74546 74545
40156 40155
32257 32256
2853 2851
10677 10676
67046 67045
19673 19672
22750 22749
32518 32519
44108 44107
21280 21279
63876 63875
73977 73975
24907 24906
69851 69850
60634 60633
5539 5538
35240 35239
28167 28166
15629 15628
12944 12943
17661 17660
35150 35149
26231 26232
48404 48403
33782 33781
73307 73306
26011 26010
31904 31903
9381 9380
77458 77457
47786 47785
62981 62979
51026 51033
18526 18533
40161 40160
23795 23794
62431 62430
45212 45211
13615 13630
42698 42697
28858 28857
76194 76209
22693 22664
25353 25351
62298 62297
50560 50559
15377 15376
69733 69732
64665 64664
60936 60935
46894 46895
6599 6598
75748 75747
49161 49162
14410 14409
26785 26784
5238 5237
79092 79091
31633 31632
19745 19746
23845 23844
46462 46461
41906 41905
3551 3550
58331 58338
54577 54576
34045 34060
46492 46491
26791 26790
9991 9990
46917 46916
13938 13937
5611 5610
58345 58344
22133 22132
14377 14393
61248 61247
43501 43500
23463 23462
21286 21285
38035 38034
78436 78435
27409 27408
69603 69602
66775 66774
1446 1445
46436 46435
77707 77705
41018 41034
3638 3637
19863 19864
17712 17711
76702 76717
50118 50116
61926 61924
48992 48991
76512 76511
73335 73334
12783 12774
36222 36220
10408 10407
71586 71640
23119 23118
53725 53724
61679 61650
26871 26870
48906 48905
24633 24632
12137 12136
19237 19238
26362 26361
71604 71602
68329 68328
63296 63295
78271 78270
43334 43333
56099 56098
15602 15601
51210 51173
18340 18125
49446 49445
43268 43267
56886 56893
4879 4878
38577 38556
59451 59450
1148 1147
24586 24585
69153 69151
1526 1542
49599 49591
50148 50147
43943 43914
69638 69637
942 941
15343 15342
79783 79782
26419 26418
30870 30877
32082 32081
44057 44056
5269 5268
72239 72237
6991 6954
58882 58881
18978 18977
74998 74997
51770 51769
60915 60914
36035 36036
76839 76855
17074 17073
64636 64635
18067 18068
59214 59213
69162 69163
6730 6728
49331 49330
33940 33939
8186 8165
28473 28472
66439 66438
9727 9735
57941 57948
65369 65368
21804 21803
39408 39407
73351 73358
58017 58016
58307 58306
9377 9393
12532 12531
69159 69158
3814 3813
67364 67365
52056 52055
46675 46674
43126 43124
49702 49701
48913 48912
79527 79526
61063 61062
56992 56955
31426 31427
24978 24977
1827 1826
28064 28063
1810 1809
68525 68524
15543 15542
16840 16839
25950 25949
641 640
36787 36786
23843 23842
938 1143
32720 32719
59182 59180
56389 56404
48674 48690
49394 49395
39226 39225
35950 35949
37029 37002
49182 49198
40564 40563
35940 35956
45791 45798
55109 55108
65096 65095
47024 47023
37853 37851
16591 16590
56594 56593
8094 8093
35881 35896
57544 57543
69178 69177
36540 36539
17120 17127
78836 78835
1184 1183
54493 54501
49391 49390
26997 26996
14497 14496
2244 2243
63891 63890
32968 32814
21191 21192
14505 14504
34266 34265
58208 58207
14361 14360
49000 48999
20639 20638
49338 49354
18765 18764
30669 30668
27118 27117
42367 42366
21456 21454
24325 24324
34945 34944
31736 31735
64846 64844
48827 48760
16013 16012
65107 65106
42513 42512
32219 32218
35174 35175
67277 67284
63004 63003
4529 4502
73744 73743
75798 75797
22906 22905
17656 17655
63275 63274
16331 16330
33188 33187
11526 11542
62123 62122
27090 26875
40726 40725
47047 47046
20760 20761
54603 54602
49100 49071
11280 11279
15053 15052
46308 46309
15200 15199
17526 17525
10822 10838
9755 9754
74422 74421
19440 19439
77781 77780
62153 62152
70754 70752
60181 60180
76378 76385
57770 57769
78206 78222
44622 44621
79286 79285
40265 40264
67783 67782
30138 30153
675 673
51102 51101
18839 18837
24913 24912
2333 2332
54942 54943
30952 30951
13786 13785
62406 62385
79392 79391
19919 19918
13535 13536
38992 38991
32255 32254
71347 71348
65871 65878
29431 29430
10800 10801
39080 39079
1278 1277
7790 7789
19883 19891
48875 48874
16396 16395
62448 62447
272 243
74899 74898
63436 63435
50548 50557
34188 34187
35366 35365
41921 41920
55483 55482
36228 36227
16181 16209
43340 43125
56738 56739
47396 47395
20501 20500
27619 27635
15605 15606
16511 16510
65687 65666
28526 28533
31320 31319
23846 23847
57446 57445
57597 57598
71477 71475
22270 22269
37545 37544
24093 24092
46842 46841
40180 40179
45083 45082
53020 53019
27333 27332
56918 56917
8198 8197
32636 32637
33525 33553
77121 77128
10444 10443
56888 56887
44081 44082
52367 52366
55046 55045
79164 77502
30543 30542
57228 57236
64750 64729
8606 8605
23699 23698
79111 79110
7493 7492
9871 9870
25415 25414
14688 14893
10476 10475
61084 61083
29365 29364
44968 44967
18255 18254
28094 28093
77719 77718
78448 78476
1802 1801
70831 70838
13003 13002
8073 8072
14062 14063
53704 53703
62338 62337
73214 73221
28749 27705
24696 24695
68493 68492
77442 77443
68736 68735
10072 10071
27551 27550
59783 59782
43190 43189
43596 43612
74189 74188
60544 60543
16163 16162
48224 48239
59771 59770
33084 33055
8525 8553
69415 69423
54756 54755
66514 66513
75630 75629
16711 16710
16205 16204
8374 8373
47299 47298
76604 76602
52156 52155
12730 12729
35309 35308
52476 52475
26293 26292
49697 49725
5074 5073
76403 76402
34529 34502
2461 2469
56427 56428
18629 18628
72651 72650
38846 38847
9518 9517
619 618
12382 12421
46547 46546
946 945
35497 35496
38890 38889
53256 53255
4015 4014
60790 60789
14692 14691
29888 29887
77172 77151
6348 6349
257 157
8845 8844
71122 71121
40895 40894
13509 13508
76234 76213
77033 77032
73679 73678
69483 69482
71332 71331
79433 79434
35299 35298
3862 3861
20240 20239
1597 1596
62599 62600
27873 27888
30621 30620
39770 39769
9979 9980
1181 1209
19009 19008
24683 24682
24267 24258
12830 12829
38699 38698
64160 64161
37226 37265
73561 73560
67000 66999
1823 1822
56592 56591
56298 56297
49190 49197
58218 58217
67573 67572
17826 17825
33737 33736
72516 72515
41741 41795
47551 47550
15501 15500
24140 24073
64470 64469
73593 73566
16103 16131
31293 31292
1967 1966
15121 15120
66996 66995
17030 16924
11368 11366
13829 13838
31480 31479
28272 28271
8970 8969
47824 47822
24860 24859
63375 63374
25826 25825
64422 64421
52070 52069
39717 39716
55469 55315
58620 58619
25677 25676
19451 19453
11005 11004
64866 64881
19540 19568
74710 74725
12728 12727
53583 53582
74508 74507
10263 10262
31734 31733
12409 12408
12902 12900
56816 56817
43169 43168
50238 50237
64492 64455
28733 28712
57647 57646
51282 51281
61200 61199
77538 77509
78787 78786
58445 58444
44679 44678
65193 65192
76179 76178
73426 73425
30208 30207
54392 54391
36887 36886
71613 71620
33757 33756
24983 24962
76424 76423
46356 46355
75680 75679
23575 23576
79315 79314
32875 32874
14856 14855
68949 68948
3334 3333
73677 73676
6488 6487
47740 47739
77174 77173
43909 43908
79237 79236
63768 63767
34331 34330
39867 39866
20354 20370
67048 67047
1667 1666
41608 41607
10419 10418
8379 8380
62616 62587
33150 33149
19618 19617
70029 70028
66287 66286
1817 1818
12549 12556
5724 5739
35889 35888
11362 11361
2112 2128
67486 67485
52489 52488
23619 23618
55329 55328
50438 50437
20558 20556
58746 58745
43682 43689
4314 4313
29920 29922
55767 55766
78485 78484
5848 5847
30305 30304
57233 57232
8024 8023
9434 9435
26625 26624
44520 44519
39028 39027
40282 40281
9913 9912
76485 76486
14979 14980
23776 23775
75713 75741
27468 27467
65151 65150
47041 47048
2928 2899
17927 17926
31974 31989
26095 26093
73910 73909
45957 45958
29169 29168
47511 47509
12400 12399
68711 68674
51129 51128
79880 79879
20713 20720
43577 43556
63085 63056
31929 31928
48928 48983
17400 17399
39943 39958
14745 14746
12244 12243
15174 15175
64204 64203
55570 55471
34499 34498
33780 33779
78924 78923
44175 44174
36492 36491
64014 64013
43139 43138
67296 67295
37152 37151
11517 11516
41764 41763
73727 73726
12860 12859
18827 18760
47706 47704
68495 68494
41343 41342
42301 42300
17192 17191
6062 6061
78432 78431
9237 9238
79473 79474
24243 24242
37430 37429
71433 71432
26464 26453
29091 29090
55268 55267
53555 53563
42790 42789
71288 71259
3018 3025
35451 35466
36250 37498
63563 63562
9572 9588
38970 38969
57384 57392
60481 60479
48621 48620
12963 12962
43767 43766
48236 48235
40480 40478
79823 79822
14732 14731
499 498
72798 72797
24021 24020
65025 65024
39931 39959
64824 64825
13126 13124
68527 68534
3255 3254
38793 38792
33169 33168
56504 56505
10520 10519
35360 35359
7555 7554
17348 17347
23560 23559
69077 69076
54112 54103
36690 36697
39898 39897
37579 37588
43129 43128
41138 41137
75237 75246
33448 33455
53319 53291
68506 68505
76251 77499
8268 8267
3105 3106
77153 77152
54722 54721
2119 2147
22730 22729
4694 4693
71185 71184
8320 8319
11540 11539
65260 65259
55128 55135
59859 59858
42692 42691
27447 27446
21545 21560
35100 35311
7793 7794
63633 63672
46767 46758
72201 72200
77450 77449
75890 75889
10188 10187
56506 56507
23731 23732
17308 17307
79086 79140
19482 19481
19795 19794
38105 38106
7257 7256
60777 60776
2020 2019
10013 10012
38514 38516
38711 38719
65346 65345
36688 36687
48450 48449
59458 59457
68836 68835
34774 34773
9993 9992
8385 8384
71544 71545
24239 24240
66649 66648
47833 47834
19749 19728
55536 55535
906 905
79358 79373
55831 55838
49451 49453
10984 10983
38554 38517
36210 36173
28098 28097
16509 16508
43287 43286
78991 78990
45026 45025
4860 4859
65723 65724
33332 33331
38207 38206
57477 57476
46371 46370
16538 16537
68191 68190
72366 72381
79699 79706
9080 9079
32928 32899
15552 15551
13077 13076
79324 79323
17175 17174
34637 34636
12676 12677
18932 18931
59483 59482
66046 66045
48665 48664
61336 61335
11001 11000
74260 74258
78712 78720
40505 40504
34414 34422
10613 10612
71512 71511
76748 76747
69849 69848
69384 69383
43067 43068
8934 8933
39960 39923
58957 58955
41950 41949
1305 1304
44152 44150
67760 67759
64122 64123
79575 79574
51117 51116
11054 11017
14402 14401
63857 63856
5550 5549
31681 31679
78777 78776
19255 19254
19013 19012
33144 33145
11718 11564
53420 53435
17131 17146
18119 18118
79777 79784
10560 10559
30925 30924
9570 9569
75475 75474
12835 12889
61584 61585
77416 77415
54689 54894
42619 42635
11534 11541
15742 15750
1762 1761
24497 24496
36345 36344
52447 52446
62851 62822
13828 13904
13728 13727
50988 50986
46222 46220
52700 52699
51245 51244
8414 8413
57006 57005
50248 50247
48596 48612
28186 28165
62940 62931
6612 6619
44432 44433
16077 16056
61690 61681
23241 23204
16148 16147
25234 25235
17805 17804
70260 70259
57079 57078
47232 47231
12698 12697
75917 75916
8152 8151
9298 9307
42323 42324
17853 17851
2883 2882
75796 75795
5354 5370
16032 16031
74838 74837
65249 65248
15045 15044
33324 33323
14938 14937
1965 1964
15950 15949
6614 6613
28602 28601
43745 43744
16438 16437
26671 26670
18139 18138
6815 6816
44414 44422
8805 8804
25820 25819
50627 50643
19875 19874
1396 1395
47489 47488
52640 52639
5829 5839
54101 54072
69975 69974
55729 55728
14540 14568
64147 64146
23615 23630
42862 42869
32253 32252
37633 37632
70096 70095
48215 48214
56294 56293
60197 60196
78668 78667
61744 61743
51345 51344
76015 76017
46161 46160
71773 71772
77770 77769
15738 15737
33898 33897
63182 63181
7999 7998
23316 23315
7515 7514
16618 16617
64739 64737
79533 79532
73038 73037
27405 27384
34158 34157
42871 42872
57305 57268
16322 16321
73546 73545
68775 68774
73751 72501
37518 37519
12167 12168
68223 68224
67897 67896
70361 70360
11083 11082
46409 46408
15356 15355
50982 50981
72397 72396
55272 55271
27549 27556
55243 55242
51181 51209
15148 15147
48829 48838
2555 2554
32520 32521
67461 67424
7688 7687
47120 47127
21182 21189
61198 61197
57928 57927
44121 44122
47957 47956
35524 35523
70137 70138
16413 16412
4552 4567
12481 12482
48682 48689
12686 12685
44188 44187
23087 23085
47839 47838
18484 18483
45442 45441
75325 75323
51944 51943
42564 42563
62055 62054
5906 5905
70177 70178
72321 72320
24522 24521
11062 11061
42843 42842
46442 46441
29462 29490
6117 6116
65606 65607
39459 39458
26150 26149
70145 70144
58237 58236
72886 72885
21785 21784
41251 41455
37965 37964
9579 9589
47780 47779
66397 66396
66693 66692
10269 10268
55067 55066
30461 30460
60869 60868
47194 47193
67193 67192
8613 8614
71277 71276
1753 1752
56334 56333
3988 3987
65197 65196
71004 71003
3370 3377
44365 44364
728 727
49938 49937
72456 72455
68622 68621
2341 2340
68157 68156
31331 31330
51730 51728
44255 44254
23117 23116
59463 59491
7054 7053
41902 41901
41373 41372
52925 52924
75841 75626
53643 53650
75595 75594
44987 44986
74762 74761
2135 2134
54832 54831
47033 47049
36291 36307
53361 53370
28262 28263
77962 77961
78849 78850
71514 71513
38856 38855
68698 68697
61380 61379
40263 40262
686 665
36614 36613
7763 7762
30635 30642
38260 38261
4274 4273
49734 49733
30442 30441
52932 52948
10487 10488
38638 38637
74384 74383
23181 23180
42304 42267
79271 79270
47949 47950
17692 17691
8092 8091
63973 63972
72966 72965
19543 19542
67402 67403
70391 70324
27713 27715
48295 48294
45543 45542
37771 37770
35062 35061
57111 57160
3522 3521
2122 2121
49797 49796
4972 4970
24049 24048
73260 73259
58489 58487
51368 51366
51486 51495
57193 57192
3801 3800
38111 38110
32566 32565
27593 27592
79225 79224
26884 26912
77306 77314
67399 67398
67243 67242
33703 33702
41555 41554
48526 48533
68607 68606
43562 43561
23818 23817
8150 8149
32432 32439
75313 75314
7221 7220
18065 18066
26072 26071
38037 38036
51768 51775
19080 19079
9055 9054
31927 31926
37968 37814
7906 7905
46284 46283
66342 66341
42003 42001
38201 38203
76139 76138
78633 78672
59320 59221
64754 64753
18290 18318
48724 48723
59481 59480
4068 4067
24560 24559
6570 6569
14104 14120
5629 5628
14600 14607
55437 55436
16677 16676
53918 53916
69908 69907
5465 5464
21047 21046
55915 55914
10789 10788
78628 78627
62138 62137
64027 64043
23917 23915
28554 28517
27883 27882
42831 42832
58989 58988
30634 30662
62479 62478
3467 3466
67947 67946
26929 26928
1402 1401
38820 38819
72717 72724
36043 36042
36151 36152
68388 68387
78138 78137
18465 18464
44540 44568
51201 51200
71154 71155
11072 11071
51308 51309
46270 46271
33228 33227
11608 11607
15047 15046
63365 63364
41707 41706
24222 24221
36193 36208
34222 34221
48280 48174
23139 23138
38452 38451
67525 67524
73914 73913
64105 64121
36745 36744
49373 48975
61657 61656
30844 30843
62737 62746
78291 78319
33828 33904
31253 31252
13651 13652
19087 19086
10696 10695
34685 34684
38268 38267
68235 68234
41675 41674
67437 67436
1421 1420
16390 16389
9576 9575
72772 72771
45658 45657
60203 60202
22221 22220
21787 21786
20102 20101
27612 27611
48232 48231
14226 14225
24873 24872
27656 27655
29133 29132
11681 11679
70955 70954
39148 39147
54254 54253
58762 58760
32511 32509
79187 79186
29017 29016
3081 3080
50939 50987
45375 45374
39700 39699
65922 65901
61128 61127
78751 77501
28888 28903
38279 38252
36859 36858
28757 28756
45070 45069
61846 61837
26148 26147
16684 16683
46108 46107
36595 36594
38350 38357
46581 46582
12249 12228
60361 60360
60841 60626
65207 65205
32925 32924
67233 67232
35232 35231
76443 76442
29232 29231
74809 74808
14547 14546
56376 56375
62378 62377
26932 26933
70845 70844
41392 41391
66038 66053
66378 66385
21536 21535
66479 66478
52443 52458
32005 32004
60506 60505
44562 44561
33370 33377
66569 66568
3117 3116
62099 62098
77903 77901
35234 35235
31654 31653
14660 14658
31400 31399
42720 42719
76227 76226
56217 56216
46498 46497
41045 41044
26051 26050
2295 2294
40514 40513
43503 43502
60302 60301
56813 56812
9675 9674
32179 32178
61315 61314
64039 64038
2371 2370
77091 76876
60884 60883
35142 35141
36434 36433
7931 7929
62579 62655
57548 57547
21955 21971
46305 46304
1767 1758
22047 22046
3926 3927
25011 25009
3186 3165
60428 60427
41104 41111
66485 66486
53378 53379
35619 35618
58 59
57685 57684
54280 54295
63213 63241
17039 17038
53787 53786
45444 45443
73973 73972
70439 70438
25188 25187
18071 18070
45793 45792
40275 40273
13310 13309
21898 21897
43163 43202
69542 69549
22953 22952
21354 21353
40078 40154
20465 20464
76735 76734
70229 70228
63038 63037
43065 43066
49738 49736
194 166
55720 55719
66298 66297
26798 26807
54575 54574
60298 60297
29438 29437
53411 53410
73525 73524
71792 71791
65750 65749
55086 55085
36604 36620
76522 76521
10787 10786
42291 42290
67053 67068
20173 20172
11553 11552
72762 72761
79004 79005
26032 26031
39510 39511
74819 74818
22264 22266
21741 21795
31108 31107
16146 16145
60739 60738
11988 11987
43600 43599
44085 44139
70610 70609
60367 60366
67275 67274
21159 21158
42543 42542
9297 9219
70949 70956
69859 69858
57599 57600
26696 26695
64817 64815
67406 67385
69018 69017
38747 38746
14702 14701
78399 78362
13978 13977
29408 29407
26241 26240
10517 10508
15808 15807
69806 69814
14026 14042
50152 50151
42476 42475
16673 16672
73044 73043
11369 11385
33383 33382
54174 54173
20305 20304
77880 77879
42230 42229
33179 33178
70067 70066
68825 68824
60907 60906
22200 22199
69599 69598
9697 9725
52853 52851
49371 49370
34535 34534
38198 38197
76611 76610
26557 26556
66208 66207
47028 47027
13946 13945
11555 11554
36352 36351
57940 57931
28926 28927
25664 25672
30980 30979
37669 37668
34114 34113
74697 74696
78768 78767
33636 33635
9112 9119
72693 72692
65947 65946
2706 2704
74786 74787
76849 76848
79796 79795
22919 22918
56740 56741
54420 54419
68920 68919
20060 20075
18364 18363
72273 72272
65780 65753
38069 37970
37468 37467
57594 57593
19850 19849
75649 75648
37434 37433
20318 20317
38083 38082
46984 46983
6423 6422
55855 55854
64872 64871
31394 31393
6287 6258
35961 35960
7405 7384
50049 50056
22896 22895
57842 57841
13259 13258
25110 25109
20077 20010
56882 56881
41121 41120
78085 78056
15267 15266
927 926
23201 23203
51621 51622
26837 26835
70811 70810
41182 41189
20919 20920
37141 37140
16640 16573
50497 50496
4181 4179
1959 1958
7708 7707
75122 75121
33006 32977
62679 62734
56104 56132
62987 62986
33279 33252
371 372
40459 40458
13379 13380
28545 28544
64834 64833
45360 45359
15938 16143
20812 20811
40419 40418
64126 64125
33570 33569
74800 74799
73145 73146
49808 49807
48608 48607
40246 40244
30192 30191
35952 35951
49256 49227
3978 3977
33295 33294
24281 24280
35133 35132
60706 60722
11908 11907
48575 48576
70414 71249
58108 58123
28306 28305
57596 57595
30600 30599
58140 58139
40592 40591
32181 32180
36568 36567
52714 52703
62619 62617
71659 71658
12790 12789
37116 37115
75256 75257
6261 6259
16488 16487
72597 72598
76778 76779
60084 60083
74918 74917
16360 16359
4578 4577
42934 42933
54445 54444
52976 52975
69460 69459
44782 44781
63924 63923
29594 29593
70494 70493
58002 58001
51749 51748
73506 73505
20675 20673
64690 64738
50816 50815
47841 47840
957 958
43398 43361
60798 60797
13636 13635
45339 45338
39376 39374
29167 29166
51559 51558
25623 25225
44239 44240
66678 66677
37656 37655
65941 65957
37671 37670
34888 34887
36507 36407
51840 51839
54884 54892
67926 67925
14820 14819
26442 26441
35265 35264
59033 59032
59617 59616
13169 13168
39907 39906
15064 15063
1151 1152
74684 74683
42904 42903
28592 28565
75635 75663
43212 43240
44182 44198
20836 20835
69392 69391
10446 10445
63373 63372
78323 78339
38595 38593
79422 79421
35656 35655
79382 79381
67535 67534
4002 4001
70214 70216
72040 72039
71134 71142
23896 23895
51091 51090
28629 28628
78576 78577
4308 4306
79638 79637
29839 29838
11509 11508
78135 78163
32536 32535
54113 54120
10876 10875
70830 70840
76535 76542
37177 37176
77601 77812
38894 38893
41350 41561
77176 77175
29103 29101
17084 17083
69370 69369
36299 36306
78897 78896
79571 79570
3659 3658
33111 33110
3024 3023
71905 71904
4218 4064
32226 32265
36982 36981
48848 48849
48073 48072
46753 46752
58949 58948
9742 9741
27892 27901
72290 72289
2999 2998
63292 63299
59001 59000
62429 62428
64630 64631
57880 57879
67109 67110
40484 40483
37478 37477
72721 72720
25946 25945
49308 49306
629 628
32316 32314
61093 61066
16140 16139
13105 13106
7809 7808
29552 29567
59328 59327
31442 31441
6534 6541
21432 21431
62444 62459
32678 32733
78357 78356
60395 60394
50119 50135
61915 61923
33190 33189
23393 23392
21094 21221
32339 32338
56435 56434
35747 35746
54745 54744
29188 29187
19097 19096
34013 34012
45529 45544
56248 56247
11123 11122
79411 79410
77739 77738
27545 27544
6982 6981
31193 31208
58500 58479
40787 40786
38354 38353
34594 34593
36381 36380
7716 7723
6456 6454
25533 25532
12293 12292
46081 46080
38010 38026
48192 48191
70859 70860
48655 48634
21291 21307
27530 27529
62912 62913
12640 12639
31409 31408
22871 22872
5146 5145
12566 12565
63846 63845
69805 69768
56271 56272
20341 20340
16829 16828
67473 67471
7898 7897
10940 10956
29578 29577
76477 76475
15712 15740
49384 49412
69678 69677
24377 24393
26658 26657
73681 73680
57097 57096
76382 76381
70588 70586
76981 76980
25929 25928
28681 28709
73202 73204
79842 79841
79634 79633
50030 50029
42320 42319
41861 41860
7698 7697
38141 38140
28503 28502
6845 6836
33471 33470
11623 11638
74927 74926
14808 14807
41629 41628
30824 30823
76506 76507
39167 39166
6976 6975
76897 76912
1658 1657
19751 19750
58785 58784
45040 45038
4110 4109
44732 44731
31576 31575
1756 1727
79265 79264
71444 71415
37915 37914
64479 64478
3970 3969
16821 16820
59330 59329
25595 25586
51348 51349
63910 63909
16857 16872
4066 4065
70308 70307
67059 67058
73918 73916
15684 15685
465 464
20200 20199
23835 23834
44697 44725
15440 15447
21216 21215
31446 31445
79153 79151
74483 74482
79463 79491
35719 35718
45288 45287
64944 64959
7881 7880
51316 51315
32726 32724
67620 67636
16600 16571
35755 35754
40736 40735
52263 52262
56794 56793
11450 11449
77836 77890
39774 39773
41591 41590
64538 64537
21371 21370
65513 65512
42623 42622
7513 7512
63178 63177
11184 11183
52688 52687
22734 22735
2805 2804
52131 52146
41857 41872
19643 19642
33968 33967
78023 78022
12736 12745
66820 66721
75827 75826
44730 44729
33665 33664
33260 33261
54697 54696
41448 41447
37485 37484
12032 12031
21197 21196
35862 35878
41446 41445
78106 78107
52145 52144
73078 73077
68345 68344
37618 37616
73097 73104
753 751
14582 14581
66266 66265
2299 2298
54200 54201
74775 74774
70708 70707
69335 69306
69653 69652
55907 55906
12221 12220
33655 33634
29997 29996
20891 20890
42207 42208
4727 4735
73959 73958
6392 6391
58191 58190
70069 70068
78798 78797
14879 14878
19344 19343
19036 19035
28772 28826
68291 68319
56983 56982
62461 62424
79022 79021
40167 40165
58828 58761
61594 61593
18354 18353
58582 58581
75532 75531
71689 71688
59674 59673
55214 55216
9730 9729
7684 7683
38358 38359
33419 33420
17413 17412
78561 78560
76548 76547
78559 78558
2661 2660
18435 18434
54322 54321
10627 10643
67111 67160
49679 49678
7431 7459
36713 36712
21188 21187
45705 45721
54933 54940
59583 59582
9629 9630
63443 63442
22860 22859
12784 12791
52548 52539
6157 6156
52987 52988
31831 31830
50114 50113
48926 48927
58437 58438
9186 9185
79950 79949
3270 3269
3480 3479
9867 9866
27759 27758
29251 29250
61111 61110
12667 12665
74984 74963
43902 43901
49444 49443
54403 54402
47226 47265
11511 11510
42441 42442
46760 46776
41108 41107
56459 56458
34093 34092
27652 27651
5826 5825
71061 71060
47082 47081
32581 32580
11927 11926
6255 6254
9941 9942
11919 11918
73040 73039
20810 20809
28043 28042
45592 45591
57679 57734
27441 27442
60528 60529
64356 64357
15379 15378
57922 57921
21756 21727
70374 70389
40806 40805
47515 47514
3328 3327
52861 52852
19590 19375
50860 50909
1688 1687
74318 74319
46386 46387
24291 24290
49207 49206
51992 52000
4776 4783
9025 9023
50320 50319
331 332
20360 20359
27968 27814
20136 20137
41 57
70968 70967
58448 58476
26682 26698
43703 43702
64145 64144
57694 57665
3714 3713
15726 15725
53071 53070
9656 9655
48714 48713
51802 51801
65336 65390
37640 37639
56552 56551
7742 7741
33262 33263
59581 59588
7350 7349
21692 21691
79096 79095
33387 33386
72670 72669
27861 27852
64693 64692
73161 73160
78533 78532
26047 26046
57703 57702
13446 13445
10271 10270
6297 6296
55589 55605
27640 27639
15171 15170
15455 15454
70513 70512
50406 50405
31557 31556
26450 26449
16247 16246
41072 41071
45440 45447
79853 79852
75151 75150
24083 24084
37833 37834
64202 64217
45493 45492
54687 54688
38414 38413
48207 48206
7264 7266
39323 39322
48010 48026
53315 53314
47881 47880
61794 61793
6616 6615
57134 57133
20041 20057
33238 33237
47995 47994
21398 21397
13473 13472
18791 18807
11815 11816
2942 2941
74575 74574
75538 75537
35037 35008
12240 12239
27782 27781
17972 17971
7371 7370
65591 65590
70519 70526
67372 67371
74268 74259
61771 61770
63596 63594
69718 69717
15030 15029
9529 9502
14976 14975
69058 69057
52430 52429
71628 71627
27141 27140
3113 3112
24590 24375
25484 25483
76212 76220
62178 62177
50543 50542
10780 10674
74392 74391
5531 5530
6184 6183
44385 44392
72167 72166
61888 61887
24007 23907
41827 41826
48841 48840
59399 59398
32453 32452
51656 51655
4091 4090
66985 66984
39032 39031
65597 65604
52850 52821
13163 13202
1356 1355
13421 13400
38169 38168
79821 79820
4763 4762
58538 58553
55857 55856
33956 33954
51458 51457
65223 65222
28316 28315
19552 19567
71204 71203
70855 70854
68618 68617
32299 32298
3621 3620
565 566
39251 39250
17272 17271
3503 3502
10123 10122
28291 28298
48374 48373
7116 7115
33790 33788
17906 17905
23718 23717
32016 32015
42028 42027
65380 65379
78920 78919
1837 1835
3828 3904
23006 22977
13833 13832
53989 53988
28778 28777
39562 39561
15977 15985
6557 6556
11492 11491
52961 52960
56989 56988
18964 18953
17987 17988
16502 16501
75710 75709
39491 39454
42799 42798
66932 66931
12801 12800
40491 40545
47631 47630
45345 45344
76794 76793
51519 51518
7342 7315
51557 51556
40446 40445
40377 40376
36715 36714
5330 5329
10596 10603
4363 4362
44413 44452
52919 52918
23314 23313
37119 37147
37799 37798
32650 32649
41986 41985
23577 23556
31675 31674
79925 79941
4007 3907
25992 25991
156 155
61987 61986
50055 50054
20583 20582
35468 35314
14199 14200
341 340
28182 28183
34239 34240
59090 59089
20072 20071
72283 72282
56491 56490
1222 1220
55697 55696
75589 75605
71989 71988
20808 20807
14171 14170
59084 59085
12270 12269
24852 24851
57458 57457
41766 41765
3682 3689
20927 20926
70194 70165
21181 21209
60837 60836
79034 79025
1730 1728
40533 40532
55886 55885
68331 68338
60399 60398
8980 8979
12591 12590
33539 33538
43632 43671
16963 16970
68977 68975
41889 41888
11595 11594
62376 62375
54731 54730
4089 4088
54912 54911
24677 24676
45114 45113
64771 64770
36224 36223
55151 55150
18079 18078
71993 72001
6545 6560
42278 42277
16305 16304
23667 23666
4381 4380
35283 35274
26005 26004
39852 39851
65273 65244
34087 34086
41411 41410
78851 79062
25518 25525
22445 22444
77294 77293
38594 38721
71118 71117
37420 37422
48300 48301
12160 12158
18835 18834
50595 50586
20816 20815
11503 11504
11522 11493
76558 76557
62357 62356
63682 63710
62556 62555
2696 2695
49400 49399
62975 62974
55103 55102
79130 79129
17543 17542
53524 53523
11081 11080
54284 54283
30242 30241
69636 69635
12086 12085
52139 52138
2407 2406
48340 48125
18930 18929
19022 18993
61683 61699
1100 1099
43219 43218
65731 65730
75268 75267
46402 46401
1413 1412
64115 64114
51478 51477
69800 69799
45790 45818
25516 25515
50501 50500
4051 4050
44463 44470
18497 18498
3770 3771
45973 45972
77345 77472
34528 34527
10218 10217
77834 77835
79235 79234
58291 58319
43181 43180
4639 4638
11852 11851
66122 66121
36442 36441
27558 27559
969 968
33454 33453
30391 30467
78187 78166
22434 22433
60886 60885
62113 62129
68510 68509
26287 26258
28119 28118
10652 10651
59634 59633
44359 44358
67855 67871
22551 22550
25816 25815
18589 18588
55517 55516
37861 37852
37072 37088
22350 22349
32507 32506
35596 35603
13391 13390
77619 77617
13650 13649
19852 19851
19272 19271
26610 26609
78189 78188
20939 20987
20929 20928
75596 75587
22108 22109
13276 13275
1603 1601
44528 44527
19652 19651
893 892
31635 31634
48524 48523
35226 35224
72804 72803
6210 6173
5879 5880
53554 53517
850 857
54853 54852
73742 73741
21661 21662
2316 2314
25200 25199
61120 61119
39308 39306
12771 12770
74162 74163
67410 67409
36396 36395
33558 33557
39236 39235
72332 72331
10755 10754
15236 15245
33152 33151
61467 61474
62637 62638
70319 70318
12993 12992
15163 15162
22776 22792
47541 47557
54075 54073
74079 74078
44524 44523
71841 71840
19085 19139
29455 29471
44178 44149
40931 40930
70284 70275
21290 21288
75412 75413
75733 75732
66114 66115
22993 22992
1103 1131
3636 3635
6442 6441
19785 19786
35590 35589
28100 28099
24991 24990
2671 2670
10742 10750
12094 12093
959 974
53777 53776
4028 4027
39369 39368
68394 68393
29529 29502
1133 1141
14255 14254
21463 21465
3249 3248
4125 4124
46314 46313
1066 1064
46231 46232
7923 7922
68210 68209
53371 53369
13824 13823
37040 37068
49146 49145
21682 21698
66187 66186
68964 68966
46821 46820
68723 68721
36165 36164
2164 2163
44586 44585
26777 26778
57760 57759
22736 22745
35872 35871
20844 20843
60273 60244
46562 46563
29785 29786
56074 56075
46791 46790
17976 17975
8370 8377
992 991
77454 77453
27614 27613
1906 1905
76264 76263
60948 60976
25213 25215
60547 60480
63153 63152
39520 39519
11530 11529
61152 61153
24302 24301
27149 27157
38674 38690
76582 76583
46982 46981
8667 8666
56082 56081
10114 10113
57210 57225
17854 17870
13010 13026
27828 27827
30419 30418
46446 46445
44683 44682
66376 66375
75113 75112
76613 76620
15011 15009
76594 76593
28707 28706
73072 73071
24371 24370
14337 14335
45282 45281
60962 60961
21819 21720
58971 58970
79109 79108
75272 75271
62258 62257
53876 53875
58447 58446
36169 36168
59548 59547
59703 59702
2438 2437
8541 8540
56128 56127
49755 49754
70251 70250
60270 60269
17094 17093
246 244
40904 40903
29825 29826
17072 17088
12548 12539
16180 16179
54153 54151
34688 34893
47345 47343
21352 21351
12438 12437
48003 48002
78857 78856
46521 46520
71845 71844
69143 69152
69084 69085
49820 49819
33765 33764
46456 46454
37035 37034
12965 12964
36390 36389
77354 77382
44173 44172
42953 42952
74876 74875
10623 10225
61433 61432
21448 21447
13217 13216
48245 48244
70953 70952
40820 40819
4966 4965
74460 74459
8594 8721
51599 51598
9845 9843
31376 31367
23524 23523
10783 10799
9379 9378
42331 42330
1329 1338
34083 34084
46519 46518
19879 19878
40213 40215
63229 63228
29342 29341
30633 30632
19476 19475
44818 44817
74149 74148
12230 12229
27255 27254
19717 19716
5925 5924
47767 47766
43494 43493
40623 40225
36553 36552
31967 31966
11800 11799
76782 76781
30671 30670
66670 66669
56040 56039
52352 52351
70829 70828
71516 71515
16070 16069
5077 5010
50335 50389
14099 14098
63227 63226
34251 34250
31358 31357
64613 64629
46346 46347
19408 19407
10836 10835
38998 38997
6379 6378
48459 48474
8566 8564
980 979
65194 65165
14901 14902
70591 70590
46331 46330
3088 3104
60691 60690
63472 63471
48763 48762
6781 6780
25000 29998
9408 9407
76674 76673
28047 27969
3684 3683
13886 13887
5474 5473
60054 60053
23398 23361
60523 60522
24 23
15234 15235
4266 4265
29348 29347
62535 62534
29226 29225
7345 7343
21014 21016
41243 41242
32742 32741
67514 67513
79157 79156
68048 67970
35869 35897
58777 58776
14167 14166
43107 43122
19045 19060
66251 67499
71040 71039
51488 51487
32860 32859
75025 75024
37698 37697
70743 70751
3632 3671
12961 12960
34476 34475
53842 53841
28568 28567
6709 6708
27718 27717
39053 39052
36428 36483
11316 11315
30098 30099
10658 10657
59733 59732
64802 64801
65939 66144
16383 16382
2951 2966
44499 44498
20667 20666
38822 38821
19532 19531
27080 27087
13410 13408
67996 67995
3395 3394
17282 17281
79031 79030
67872 67873
70365 70364
15307 15306
31595 31594
20795 20794
60332 60333
50489 50490
17925 17924
33215 33214
69141 69074
75054 75053
62569 62568
47803 47802
56690 56681
22826 22825
38808 38809
50780 50674
62336 62335
27826 27825
59437 59416
2974 2973
30736 30735
51760 51776
11640 11573
840 625
31045 31044
60563 60562
1463 1465
44021 44020
35411 35412
74477 74476
39694 39693
55695 55694
3843 3842
24293 24292
72083 72082
73394 73393
76918 76917
40174 40175
21553 21552
45150 45149
13691 13692
49535 49534
48255 48254
13150 13149
70487 70486
63172 63171
57762 57761
17600 17811
37094 37093
77597 77598
76306 76305
54992 54991
53878 53885
26263 26262
40560 40559
62538 62509
47503 47502
5679 5678
27192 27191
71311 71326
76059 76058
41699 41700
5564 5563
39744 39743
59012 59011
20463 20462
14194 14193
76695 76694
52291 52290
44539 44538
21749 21748
11652 11650
55300 55299
17455 17454
63823 63822
51513 51512
19161 19162
32407 32406
37186 37187
12177 12176
19178 19149
5686 5665
36062 36061
17316 17314
54541 54569
62802 62801
66947 66946
56514 56513
4410 4409
67641 67640
40889 40888
37124 37123
77924 77923
52037 52036
71299 71290
36869 36868
39097 39096
10032 10031
15190 15189
12383 12391
28724 28723
77435 77434
29106 29105
60494 60493
8126 8124
67711 67710
63989 63988
1354 1353
41980 41979
71232 71233
32600 32811
6967 6966
3960 3959
73671 73673
24690 24706
75831 75838
656 655
48362 48378
28463 28462
63773 63827
3661 3660
43083 43082
66611 66610
30100 30311
11618 11617
54172 54171
45682 45683
73466 73465
1180 1179
52551 52550
56890 56889
36182 36189
48790 48788
24245 24244
64546 64545
48770 48771
48395 48394
53218 53217
38274 38273
25850 25857
22024 22023
16766 16765
37156 37155
38852 38851
45138 45153
60827 60826
31364 31363
44614 44613
3421 3400
22074 22073
29694 29693
42375 42374
10590 10589
52801 52800
53064 53063
57136 57135
76248 76247
65683 65684
10091 10090
468 314
38410 38408
43917 43915
46098 46097
78038 78037
40356 40355
77523 77577
60466 60465
78151 78150
76882 76881
48047 47969
51511 51510
8249 8248
12890 12823
71529 71528
77998 77997
56319 56318
55771 55770
12946 12945
33242 33250
72235 72234
75608 75623
20255 20256
7783 7774
38547 38546
48017 48008
61960 61959
59680 59679
58725 58724
50667 50666
20923 20922
12972 12971
30383 30382
40100 40311
62241 62240
23358 23359
55588 55586
9776 9783
31741 31795
22120 22127
70355 70371
9574 9573
48755 48754
69187 69186
53386 53385
61353 61352
20391 20467
5712 5740
6356 6355
954 953
43525 43553
7064 7063
35036 35035
44545 44544
75429 75400
17767 17766
33079 33078
78243 78251
59242 59296
2434 2433
21906 21905
33669 33668
54752 54751
69595 69594
11654 11653
41320 41319
34755 34754
1203 1202
59845 59972
62615 62614
26692 26691
12553 12552
15770 15769
17694 17666
18917 18915
47712 47711
30283 30274
9995 9994
21570 21569
31343 31342
21690 21697
77425 77441
71805 71804
52568 52567
5290 5289
47959 47958
39612 39628
64280 64295
53951 53950
40226 40224
20925 20924
75199 75198
46195 46194
547 469
73329 73328
46631 46630
74854 74882
23691 23692
9660 9658
29624 29623
59500 59499
22931 22929
47602 47601
33827 33760
78195 78194
20176 20177
32394 32392
79531 79425
65955 65954
61122 61121
583 582
5047 5046
27316 27314
44425 44423
60327 60326
26781 26780
32032 32031
29019 29018
30778 30777
56928 56927
29755 29754
66230 66231
7902 7900
55733 55732
64430 64429
52537 52508
1333 1332
24484 24483
42784 42791
76393 76392
14369 14368
52457 52456
79998 79997
30948 30955
24432 24433
226 224
72821 72820
4793 4792
31559 31558
47734 47735
15446 15445
78112 78111
65676 65674
19702 19701
72697 72696
70833 70832
29512 29513
8200 8199
51867 51866
71748 71747
51140 51139
14572 14588
49377 49393
21772 21771
56973 56974
37591 37590
56935 56936
22078 22077
30812 30811
27940 27947
25615 25614
57306 57314
36730 36728
35461 35460
12185 12184
9241 9295
14845 14843
8745 8744
54781 54780
45883 45882
45028 45027
72359 72358
32940 32947
57406 57385
16207 16206
4178 4149
72525 72524
12775 12773
53501 53500
25980 25979
65596 65587
18062 18061
28217 28216
30946 30945
60661 60660
77615 77614
13179 13178
18372 18371
1089 1088
20159 20158
9846 9862
15565 15566
51777 51778
15688 15687
14100 14071
822 838
20842 20821
17472 17470
1211 1219
76773 76772
24886 24885
32264 32266
77988 77989
6138 6137
34845 34843
70004 70003
54164 52501
72019 72018
53901 53900
68206 68222
52005 52004
65082 65081
12786 12785
489 490
6963 6970
4795 4794
18467 18466
70640 70639
8167 8166
29131 29130
53889 53904
25196 25195
28379 28380
38144 38145
25790 25818
79805 79768
41734 41733
66252 66456
11570 11569
22360 22359
39662 39661
60374 60389
31961 31960
77851 77822
75409 75408
50425 50424
45066 45065
72233 72232
42337 42336
58335 58334
76605 76621
3753 3752
13585 13584
68823 68822
15431 15429
19190 19197
42474 42473
30335 30389
33499 33478
2795 2810
31169 31168
71246 71245
47678 47733
3845 3844
14941 14942
71292 71308
79887 79886
44036 44035
8393 8392
22431 22459
58072 58071
37520 37521
7497 7496
40432 40448
71497 71495
19146 19145
50577 50576
50904 50903
63727 63726
42363 42364
75270 75269
3581 3580
69937 69936
18988 18987
19871 19870
59731 59730
60213 60212
42919 42918
32064 32063
60306 60305
79866 79881
68273 68272
42139 42138
72256 72255
55568 55569
7131 7146
78525 78524
52249 52228
46092 46065
63899 63898
46833 46832
25738 25737
26883 26882
78493 78492
42710 42709
1174 1190
8300 8301
3835 3834
38568 38567
1472 1471
5864 5863
43829 43838
47915 47914
34556 34555
8113 8112
24429 24428
343 342
52149 52157
70073 70072
20307 20306
35282 35281
78055 78054
79982 79983
4106 4105
12058 12057
47963 47962
31755 31754
33293 33292
8047 7969
79769 79785
4740 4739
7483 7462
17583 17582
23477 23485
37126 37125
10017 10016
874 873
24465 24464
3152 3151
652 651
6268 6269
8163 8202
55247 55245
69686 69685
23518 23534
16406 16405
27120 27127
35701 35703
46827 46826
74714 74713
50333 50334
56905 56904
15876 15875
2856 2855
11255 11254
65103 65102
26013 26012
32676 32677
20717 20716
30051 30050
76790 76789
78943 78942
3457 3458
78912 78911
32114 32113
77370 77369
10486 10485
28095 28086
68959 68958
72613 72612
4514 4493
56951 56950
69463 69491
10041 10057
21331 21330
16398 16397
32086 32085
129 128
31026 31033
31079 31078
34192 34191
75433 75449
19775 19803
24934 24933
46365 46336
5891 5890
29002 29001
61061 61060
55653 55652
33871 33870
47549 47556
16276 16275
26507 26407
9810 9809
1889 1888
28623 28622
28731 28732
44371 44370
10089 10087
21736 21735
58325 58324
59914 59913
52358 52357
38749 37705
14408 14407
30152 30151
59699 59706
25131 25130
70270 70269
41102 41101
57753 57752
47 46
64026 64024
68085 68056
29509 29508
12833 12834
6110 6109
50646 50661
41329 41338
67861 67860
43230 43229
25125 25124
34131 34130
20931 20930
53173 53164
295 310
62756 62757
61964 61971
27148 27111
11950 11949
11713 11712
54268 54259
18379 18380
38372 38371
61281 61280
28728 28727
74212 74211
61598 61597
20206 20204
58246 58245
4442 4441
38219 38218
13684 13683
54640 54639
32809 32808
31921 31920
42141 42140
26203 26202
32845 32844
72055 72054
12005 12004
65582 65581
26153 26154
54252 54251
12513 12512
44928 44927
45942 45941
46931 46930
67601 67812
49106 49105
54851 54850
56493 56492
79901 79900
56520 56519
27037 27036
76598 76597
24030 24029
42989 42990
12333 12332
26559 26558
11760 11776
4839 4838
13035 13034
69088 69087
33543 33542
52379 52378
58178 58177
75983 75982
6936 6915
4780 4779
3594 3721
10276 10292
78599 78598
75277 75293
57364 57365
49711 49710
46150 46149
25889 25888
21884 21912
53613 53614
37692 37691
76120 76119
70523 70522
23416 23415
78377 78376
3598 3597
72500 75000
12953 12952
6343 6342
23545 23544
74481 74480
37615 37586
32577 32510
78681 78680
47965 47964
71453 71452
74716 74715
57862 57853
42671 42670
13414 13413
44989 44988
10240 10239
79008 78908
33693 33708
48139 48138
22763 22762
59382 59381
49983 49962
9099 9098
38154 38153
73901 73900
60372 60373
19818 19817
5587 5585
21318 21317
75229 75228
52468 52467
51352 51351
47149 47157
61725 61724
58798 58797
22430 22429
577 576
32982 32981
21411 21410
64334 64333
64380 64379
33062 33061
69792 69791
41218 41217
67796 67811
68195 68194
73533 73532
42761 42760
36341 36340
18926 18927
40121 40120
52270 52269
10288 10287
45333 45334
32862 32869
47156 47155
11392 11391
43883 43882
32213 32212
22708 22707
37750 37749
71870 71869
53855 53854
5253 5254
68609 68608
44744 44743
58563 58562
67218 67217
29656 29655
808 807
3890 3889
54126 54125
57172 57151
9732 9731
62239 62237
61579 61578
4753 4752
45609 45608
14987 14986
55754 55752
63371 63378
26709 26708
72903 72901
5663 5702
62452 62451
53138 53137
4337 4335
2980 2978
33755 33754
44007 43907
53447 53475
21521 21520
25617 25616
44015 44014
76118 76117
58422 58401
18701 18700
68580 68579
51850 51849
23678 23677
79979 79978
56731 56729
21039 21038
36247 36246
16226 16225
10682 10683
78292 78299
65008 65007
45104 45103
20193 20164
44816 44814
41129 41128
6028 6027
71359 71358
42999 42998
55304 55303
846 845
36161 36160
60835 60834
316 315
4359 4358
78311 78310
18117 18116
21438 21437
7014 6993
42682 42681
1032 1031
75253 75252
59701 59700
5349 5348
61740 61741
72296 72295
41842 41841
14296 14229
8295 8294
59874 59873
6174 6190
4296 4229
61922 61921
58030 58045
54842 54841
73937 73936
47320 47319
11117 11116
21914 21922
15202 15201
4251 4250
2885 2884
42198 42205
10081 10080
9462 9490
11562 11563
19917 19916
49896 49895
66021 66020
33530 33529
74884 74892
52612 52611
8873 8872
1373 1372
10535 10534
66391 66390
35003 35002
42468 42467
17602 17601
18094 18093
8003 8002
4888 4887
27904 27903
78521 78520
65327 65326
27793 27794
56242 56241
9033 9024
23310 23309
56710 56709
64577 64576
50272 50243
20271 20270
6827 6826
35320 35319
324 322
55523 55522
31066 31064
25288 25287
16245 16244
58136 58143
10015 10014
16371 16370
37371 37370
47732 47731
20377 20376
69925 69941
33356 33355
69298 69220
63582 63581
12474 12473
61878 61894
72036 72035
65570 65471
73405 73404
42249 42228
79620 79648
37062 37061
64242 64296
34550 34551
42528 42527
76126 76125
52481 52482
18909 18908
13285 13284
19930 19929
9696 9695
15220 15219
30510 30526
33617 33616
30250 30249
51456 51454
6035 6036
62044 62043
28566 28564
21543 21544
46174 46190
32843 32842
68715 68714
50222 50221
27763 27762
18528 18527
69353 69352
3471 3470
70304 70303
40421 40420
3171 3170
38739 38738
34566 34565
28477 28485
52807 52806
15339 15338
47972 47971
17931 17929
32275 32303
38383 38382
27915 27914
37585 37584
44808 44807
77546 77545
68178 68177
5041 5057
23934 23933
816 815
48088 48104
62886 62885
51066 51064
20058 20059
11436 11435
35200 35199
41083 41082
79345 79344
3158 3157
42137 42136
328 327
46129 46128
73275 73274
19256 19227
47698 47697
32497 32496
4434 4435
45058 45059
46855 46856
14154 14153
33670 33672
4721 4720
63811 63826
79183 79199
6083 6082
31092 31065
17116 17115
46913 46952
20646 20661
59098 59097
61704 61703
43532 43531
30717 30716
6913 6952
20047 20046
79689 79894
69082 69083
43659 43658
37133 37132
68935 68934
39606 39605
13196 13195
27518 27519
28192 28191
61447 61446
61410 61409
26133 26141
6606 6605
34384 34412
4949 4948
57674 57673
73949 73948
10293 10294
62933 62949
51543 51544
9709 9724
31781 31780
13952 13951
49266 49265
68586 68585
3829 3838
32528 32527
66329 66405
62926 62925
71882 71881
53174 53181
56407 56406
71464 71466
41927 41926
1595 1594
69630 69631
61849 61848
63006 63005
44879 44878
33467 33466
64895 64893
75172 75171
36777 36778
55363 55370
47388 47387
45022 45076
40631 40630
36013 36012
17795 17810
66760 66758
26237 26236
61251 62499
64746 64747
1022 1021
30361 30352
38133 38132
39417 39416
36272 36326
58981 58980
58206 58222
66885 66913
48152 48151
46218 46217
22295 22294
18650 18649
15252 15251
73392 73391
65735 65734
59843 59816
77079 77078
19715 19714
40115 40086
15335 15389
8100 8099
10127 10134
53288 53287
7986 7985
42259 42258
48495 48496
72601 72812
16831 16830
70027 70026
19385 19392
16703 16702
54145 54144
47769 47768
16568 16567
40942 40941
17331 17330
61641 61574
66141 66140
16689 16680
6793 6792
62928 62927
21421 21420
8181 8180
10077 10010
9711 9710
8257 8256
60440 60431
28393 28392
30463 30462
22100 22107
34622 34621
49097 49096
12669 12668
73491 73490
64366 64365
15083 15082
73689 73688
32280 32279
43366 43365
29394 29395
24844 24971
71914 71953
54527 54526
47124 47123
21314 21313
61031 61030
53142 53141
23133 23132
64868 64867
21263 21262
76447 76446
20899 20907
17373 17372
4272 4271
70548 70470
40347 40346
8459 8474
11350 11561
33249 33248
43276 43275
21938 21937
69555 69554
54349 54348
1442 1441
64500 64499
16751 16750
59965 59964
36157 36156
56727 56726
32166 32165
44408 44407
22761 22760
47485 47484
23627 23626
15862 15878
22710 22709
44677 44676
10316 10315
66449 66448
14888 14887
22866 22865
22596 22597
23340 23125
66689 66688
42788 42787
31125 31124
42112 42128
4598 4597
74267 74266
68800 68807
66071 66070
1707 1706
61457 61455
37080 37087
64335 64306
39901 39902
9283 9282
34635 34634
12369 12368
34879 34878
7629 7628
72863 72870
53849 53850
34837 34836
18703 18702
6490 6489
65044 65043
63159 63158
55882 55897
62013 62014
66088 66087
73147 73162
68149 68148
68550 68549
51932 51933
55213 55212
61797 61730
24763 24762
60211 60210
53123 52725
78000 77999
56575 56573
71281 71280
3148 3147
74303 74302
49514 49493
78656 78635
10404 10403
76071 76070
35681 35680
42669 42668
24224 24223
17864 17863
75075 75074
55187 55186
21902 21901
57550 57557
27891 27967
76387 76388
19606 19605
39556 39555
64849 64848
11322 11321
5732 5731
68515 68517
69577 69576
41834 41805
56410 56409
70970 70969
79056 79055
76571 76570
26644 26643
8869 8885
21226 21225
45963 45962
745 744
40529 40544
58561 58560
26591 26590
30527 30528
6867 6866
30864 30863
30816 30815
73983 73982
58941 58940
5497 5496
71397 71396
16265 16264
77865 77864
43414 43413
15917 15918
4770 4769
67567 67566
688 687
53396 53395
23152 23151
72277 72284
60589 60605
73698 73697
10730 10729
67909 67908
17625 17624
45121 45120
58601 58600
65521 65520
16115 16130
53792 53808
38581 38580
32593 32592
24404 24403
65162 65161
45828 45827
42005 42004
13119 13118
2534 2533
68165 68173
30 29
2090 1875
46394 46393
73084 73083
23892 23891
55203 55202
38249 38248
70805 70804
46965 46964
61506 61507
52917 52916
72760 72759
55209 55208
67079 67078
12029 12002
8718 8717
52112 52128
10030 10029
16062 16061
10856 10855
78124 77726
60843 60822
57418 57417
49196 49195
68791 68789
78792 78808
34867 34866
70964 70963
30631 30630
17809 17808
56027 56034
48697 48696
28236 28235
22577 22510
79722 79721
31103 31131
46656 46655
12337 12336
14196 14195
41249 40205
65179 65234
19419 19418
53522 53521
12659 12658
29021 29020
64018 64017
27503 27502
29279 29294
32396 32395
41272 41326
22282 22281
11661 11662
34315 34316
23646 23645
70850 70842
56679 56650
59130 59129
57286 57287
46665 46664
53964 53966
9624 9623
5375 5374
43827 43760
52549 52556
42041 42048
39598 39597
49637 49636
61154 61155
24091 24090
7568 7567
30356 30355
43374 43373
70718 70717
37558 37559
55851 55858
51432 51431
34516 34515
63097 63104
62163 62162
31574 31572
41239 41238
59233 59232
58654 58655
37451 37450
3786 3785
63536 63537
71600 71599
42898 42897
14782 14781
71206 71205
48312 48311
71803 71802
73806 73805
63634 63642
59117 59116
31815 31816
17344 17471
57220 57219
10361 10352
75875 75874
19633 19632
71966 71965
12495 12494
24631 24646
32346 32362
65435 65434
39131 39130
63865 63864
33406 33405
76798 76720
40222 40221
33883 33882
20552 20551
35797 35796
72973 72972
44560 44559
32553 32552
69105 69121
38342 38321
78371 78378
5366 5365
75725 75740
55033 55032
49900 49899
7615 7586
33046 32979
40058 40059
18014 18013
71268 71267
27461 27469
16376 16367
8410 8408
55302 55301
36855 36856
26014 26016
28326 28325
62882 62881
45783 45799
57506 57505
36667 36666
37145 37144
61811 61810
64324 64323
18585 18584
48791 48807
73193 73192
54727 54766
53853 53852
51284 51283
64464 64471
8177 8176
1991 1954
54613 54629
17902 17900
55336 55390
70134 70133
53012 53011
6759 6757
39888 39887
28282 28281
3583 3582
69433 69434
63042 63041
72410 72409
67224 67223
19394 19395
2528 2527
33010 33026
15226 15224
62469 62468
50349 50348
61841 61840
100 311
34203 34202
78729 78728
60875 60874
5055 5054
9608 9609
25869 25897
19688 19893
70582 70581
16197 16196
75850 75842
4331 4330
53170 53169
2830 2829
54094 54093
31214 31213
22984 22983
68702 68701
49121 49122
38930 38929
77637 77638
280 279
15607 15622
63445 63444
65141 65140
77928 77927
68424 68423
73128 73144
65050 65057
15780 15674
71264 71263
55498 55497
35070 35069
39141 39217
33348 33347
44742 44741
40383 40382
51310 51325
71763 71762
12589 12587
52676 52677
50353 50351
51148 51147
76369 76367
22898 22897
3596 3612
5533 5532
60892 60891
24804 24767
52678 52733
44867 44866
12082 12081
55127 55118
505 504
68918 68916
21992 22000
15242 15241
9896 9895
21115 21130
15677 15676
33841 33840
52991 53045
42923 42922
13257 13256
14932 14939
57041 57069
47968 47814
55405 55404
60283 60282
77374 77373
44158 44157
77364 77365
56137 56136
74178 74177
62218 62217
77886 77885
60655 60654
47327 47306
18886 18887
7841 7840
4543 4542
55456 55455
51025 51053
16155 16134
2472 2470
707 706
37255 37254
7818 7817
49032 49031
36430 36429
27934 27933
29863 29864
18398 18361
66605 66621
6203 6202
30936 30937
63286 63285
7784 7791
7939 7930
34361 34360
21267 21266
24751 24750
77355 77362
36881 36880
11519 11518
76763 76762
2092 2071
79563 79562
51917 51916
59343 59342
42684 42683
6364 6363
1616 1615
54661 54659
49793 49792
25126 25117
25637 25636
58405 58404
79179 79150
54716 54715
71958 71957
64773 64772
22684 22683
3041 3040
41833 41832
57701 57700
29740 29739
65538 65537
16402 16401
13603 13631
67756 67757
34078 34077
46051 46050
20802 20817
46341 46340
53979 53978
24436 24415
11883 11882
12718 12717
12014 11993
59204 59203
2566 2565
21597 21596
72250 72229
24550 24551
5468 5314
19165 19164
4620 4627
72479 72478
12213 12212
42066 42065
8399 8407
56577 56576
71120 71119
41549 41548
58294 58293
4976 4975
1946 1945
71467 71474
70296 70311
64048 64047
54385 54413
40797 40796
37149 37157
48148 48147
64902 64903
34639 34638
6673 6672
46257 46256
65264 65263
45110 45109
21709 21708
39721 39720
74353 74352
1528 1527
7367 7366
18336 18335
39017 39016
31268 31269
30686 30665
68305 68304
13058 13056
51507 51407
41798 41807
79456 79472
70918 70919
44317 44318
49177 49176
13495 13496
60877 60876
42106 42105
77855 77871
75128 75135
73804 73803
31982 31981
65016 65015
56166 56165
44346 44353
14679 14678
77100 77092
11962 11990
38419 38420
15923 15922
14560 14559
36914 36922
77288 77303
59111 59110
55266 55265
76678 76677
22129 22130
57105 57104
6684 6683
16611 16602
28194 28193
57437 57436
28370 28377
2623 2622
21796 21729
44270 44269
25596 25603
1745 1744
22331 22330
6443 6414
27327 27306
21308 21309
42604 42603
54600 54592
27299 27298
34949 34948
77256 77255
64447 64446
64853 64852
75103 75102
45948 45955
34007 33907
64328 64327
10328 10327
43260 43261
39924 39940
5834 5833
52696 52695
71092 71091
48543 48542
44863 44864
20954 20953
24087 24086
12540 12538
21500 21499
77611 77610
56359 56358
53625 53624
15048 15039
56985 56984
51035 51036
22989 22990
9772 9771
8447 8475
77567 77566
2968 2814
48134 48162
25381 25380
44717 44716
38774 38773
77756 77757
2894 2893
4505 4504
39938 39937
13731 13732
43266 43265
17780 17779
31608 31607
67615 67614
13047 12969
40178 40233
13587 13586
50916 50915
5675 5673
21997 21996
28079 28078
63588 63587
79339 79355
55945 55944
78411 78409
51237 51236
12217 12216
60805 60804
29797 29796
6229 6230
54813 54812
36530 36529
26689 26680
64119 64118
77907 77906
55042 55058
3058 3056
28978 28977
73051 73050
56856 56857
7593 7592
72709 72708
48767 48766
75031 75030
15711 15710
1972 1973
12196 12195
33555 33563
40018 40019
4558 4557
70960 70975
17345 17343
46576 46575
51789 51788
4319 4220
5575 5574
2202 2201
32449 32448
52217 52216
39516 39515
77937 77936
6938 6937
42358 42357
43259 43258
25411 25412
32775 32773
30328 30327
18860 18859
60647 60662
48554 48517
43750 42500
2712 2711
19845 19843
52963 52962
40879 40880
57817 57816
14055 14054
34936 34935
17489 17488
15690 15689
30912 30911
28520 28519
31972 31973
22784 22791
26250 27498
67186 67185
53969 53968
17877 17876
9232 9231
61535 61542
50848 50847
14768 14784
55429 55400
38071 38070
66723 66722
60249 60248
1766 1765
47493 47492
57504 57503
40713 40720
73794 73793
35440 35447
4774 4773
14985 14984
23436 23437
59678 59677
21885 21892
7908 7907
42661 42660
37280 37279
75262 75261
51997 51996
23632 23671
39178 39149
6170 6172
24264 24263
14495 14494
39785 39786
37028 37027
43282 43281
36438 36437
63214 63221
32513 32512
11547 11546
75264 75263
61459 61458
19660 19658
21669 21668
2767 2766
20003 20002
38439 38487
789 788
44608 44609
67008 67007
72983 72982
16068 16067
18366 18365
38344 38343
54517 54516
44572 44588
63679 63678
6802 6801
66361 66360
5939 5987
78420 78421
40977 40985
69705 69704
66899 66898
51603 51601
41648 41647
68847 68848
58945 58917
51178 51177
12671 12670
49920 49922
9106 9105
25644 25645
19467 19466
42696 42695
10866 10865
64573 64589
32438 32437
33395 33394
79094 79093
14207 14206
31035 31036
27499 25001
42280 42279
42014 41993
75046 75045
43094 43093
46876 46874
74316 74317
59157 59156
45320 45319
14022 13993
46942 46941
17318 17317
40795 40794
50267 50266
1551 1550
21936 21915
69847 69863
70761 70762
44068 44067
33877 33884
19099 19098
52003 52001
58061 58060
50070 50069
18876 18867
25509 25507
19608 19609
23888 23903
60351 60322
35210 35209
19103 19101
36371 36370
65395 65394
73756 73755
25866 25865
46037 46052
49841 49840
28268 28267
24279 24294
26377 26384
34427 34426
14404 14403
11241 11240
32249 32228
68353 68352
36925 36923
37583 37582
14093 14092
50192 50191
75620 75619
34675 34674
26718 26564
17189 17237
9329 9328
76998 76997
32915 32914
63329 63328
33016 33015
31850 31849
13073 13072
15427 15426
22987 22988
60019 60020
22728 22727
22585 22584
8636 8635
34262 34261
40829 40839
10567 10568
13669 13668
26345 26344
57383 57422
4361 4360
35959 35974
4438 4437
24333 24332
18201 18203
64347 64354
14612 14628
255 256
44209 44208
31519 31518
30984 30983
41821 41820
71483 71482
38587 38586
26631 26630
71349 71350
69356 69357
60380 60379
46432 46431
66966 66965
61046 61045
17578 17654
39142 39151
40755 40754
57605 57604
4247 4246
10178 10233
3944 3916
62634 62633
55548 55470
45605 45606
69210 69209
50885 50884
63231 63230
57432 57460
60483 60482
7797 7796
71723 71722
48039 48038
21274 21273
16810 16809
2976 2975
22902 22900
59100 59099
37207 37208
79119 79118
39554 39553
79884 79892
1962 1990
38906 38905
47505 47504
15995 15996
74548 74547
75561 75560
39038 39037
71655 71654
33268 33267
79636 79635
14057 14056
5569 5470
39478 39477
40600 40599
62990 62991
4444 4443
61095 61222
1406 1405
48798 48789
20509 20507
2074 2073
57691 57690
4679 4678
53922 53921
69663 69662
24434 24435
67482 67483
74682 74681
35904 35903
70506 70505
62689 62688
67956 67955
38205 38221
59345 59344
8102 8101
38188 38187
56328 56261
6100 6099
57019 57018
37386 37385
72985 72984
36270 36271
40816 40815
11045 11044
76244 76243
25228 25227
17350 17349
31041 31040
32627 32634
58815 58814
27638 27653
15906 15905
57262 57261
4789 4788
55905 55904
25868 25867
16184 16183
31333 31332
61805 61804
55019 55020
23674 23690
17999 17998
18346 18345
12039 12038
7096 7095
14516 14515
22868 22867
14812 14811
44232 44231
539 538
76780 76795
75506 75505
40862 40878
54067 54066
15000 10000
59956 59955
71719 71565
2443 2458
75231 75230
15428 15399
21559 21558
76271 76272
78925 78926
39444 39443
35547 35469
55452 55467
26197 26196
30594 30593
55977 56016
57216 57215
47951 47966
35893 35892
65815 65814
13083 13082
77473 77471
16934 16935
58880 58879
37944 37943
28412 28411
42555 42554
41777 41778
26825 26824
4224 4223
44764 44766
51241 51240
18549 18548
66469 66468
40210 40209
18970 18969
2543 2542
16798 16807
2098 2097
3888 3903
62817 62816
58729 58728
37189 37237
49158 49157
73809 73810
49770 49769
31951 31953
19106 19105
22547 22546
9917 9916
72482 72483
48320 48319
51299 51306
35394 35393
32335 32334
8848 8849
38444 38443
43417 43418
58271 58270
12696 12695
73208 73207
30947 30975
42839 42838
5461 5460
19059 19058
72153 72152
21730 21728
59189 59188
74278 74279
11210 11173
9146 9145
50104 50103
16009 16008
31787 31786
64006 64007
18934 18933
43549 43548
38629 38628
4417 4416
5131 5130
5917 5918
6400 6399
23963 23965
67319 67318
5898 5861
6316 6315
1896 1911
62231 62230
75989 75987
15066 15065
18469 18468
69343 69342
73847 73848
34049 34048
7411 7410
8272 8271
64595 64594
43676 43675
6536 6535
20774 20773
9440 9439
55439 55438
38041 38040
10961 10960
3998 3997
78869 78867
24915 24914
7503 7502
64010 64009
38259 38258
39620 39627
26688 26687
37946 37945
74003 74002
77565 77564
1533 1524
16819 16720
52219 52218
32426 32425
18169 18168
50971 50970
37171 37150
29854 29861
34883 34891
29400 29399
19381 19380
39664 39663
11263 11262
37007 37006
12526 12525
33610 33609
30472 30471
36195 36194
1583 1584
79384 79383
19127 19126
68392 68391
25318 25317
43688 43687
45552 45551
76397 76396
16800 16799
14068 14067
65882 65897
31969 31968
30288 30287
20112 20111
46417 46415
65786 65785
13856 13855
23113 23112
75336 75390
8900 8899
59597 59596
22608 22607
58578 58557
77579 77655
1684 1683
59088 59087
26235 26234
65348 65347
60708 60707
47809 47808
3010 3026
67216 67215
20286 20285
18711 18719
35939 35987
77660 77659
18545 18544
23376 23375
17982 17981
68967 68974
30360 30359
8711 8719
55875 55874
35328 35327
63929 63984
15912 15911
27862 27869
39711 39710
22656 22655
9491 9454
13780 13779
74988 74987
5984 5983
20000 39998
19620 19627
39812 39811
44789 44788
73766 73765
66277 66276
24190 24197
8473 8472
3419 3420
70821 70820
30967 30966
38871 38870
35096 35097
25190 25189
27485 27484
8621 8620
73800 73807
9505 9504
75223 75222
42775 42773
23289 23288
7047 7046
11043 11042
61803 61802
39040 39039
33998 33997
47333 47332
36631 36630
32293 32292
21606 21605
19974 19973
16290 16288
39379 39378
42289 42288
15631 15630
32885 32884
26532 26531
74343 74342
27016 27015
14047 14046
36574 36572
38356 38355
3657 3656
29182 29198
69351 69350
19530 19424
24342 24341
15058 15059
6094 6221
41616 41615
13268 13267
34520 34519
15583 15582
79227 79226
9196 9195
23236 23235
22621 22620
54496 54495
77504 77503
49945 49944
58498 58499
48285 48284
51327 51260
47562 47561
75518 75509
36817 36818
15486 15485
39530 39424
58712 58720
15127 15134
27602 27601
17099 17091
70924 70923
46629 46628
79489 79488
4667 4668
2100 2107
33831 33830
13632 13671
14871 14870
6341 6340
50053 50052
25840 25625
15904 15903
26324 26323
68106 68107
21103 21131
52120 52127
70701 70700
26094 26221
15820 15819
10252 10251
40350 40321
17198 17205
1867 1866
30848 30847
38495 38496
14842 14815
70725 70740
68872 68871
46480 46479
68719 68718
57882 57881
47961 47960
38334 38333
48094 48093
8171 8170
63176 63174
47280 47279
4262 4261
29314 29313
38179 38178
57073 57089
31797 31719
41203 41202
71915 71923
21165 21164
79621 79628
62508 62507
43854 43853
42541 42557
77111 77160
25722 25723
20898 20861
70174 70173
45202 45201
23803 23802
23182 23183
29702 29701
22911 22912
32572 32571
19111 19102
19566 19565
69884 69892
62956 62955
75209 75208
50140 50139
33627 33626
3450 3449
21549 21548
42052 42067
13697 13696
45531 45530
25326 25325
25030 25029
21894 21895
8868 8866
48448 48455
79697 79696
70601 70600
75215 75204
45836 45835
66256 66255
24177 24176
61546 61561
32757 32657
71493 71492
40510 40526
36432 36431
32674 32675
2186 2187
72246 72247
33753 33752
41500 41499
18541 18540
64678 64677
55998 55999
7877 7876
47868 47867
55555 55554
28190 28189
8048 8057
30394 30393
24932 24939
10255 10256
59050 59049
43514 43516
52906 52905
20131 20130
75805 75804
49363 49362
76000 75979
16298 16289
78007 77978
16007 16006
45049 45056
32056 32055
72714 72716
30171 30170
34726 34765
16834 16805
46789 46788
72876 72875
16047 16046
71537 71536
12194 12193
60329 60328
76171 76173
79720 79719
64071 64070
35459 35458
63239 63238
34116 34115
58495 58494
25904 25903
45594 45593
57827 57826
75642 75641
52305 52313
28062 28061
44421 44420
56145 56143
30524 30523
46011 46010
16018 16034
42295 42294
119 135
40959 40974
21150 21149
27323 27324
65845 65844
16058 16057
59426 59424
55254 55255
65279 65278
12931 12929
69142 69218
53347 53346
70338 70337
57040 57039
58350 58342
33207 33206
71114 71115
2784 2791
57063 57062
53221 53222
47696 47695
16470 16469
29530 29424
53155 53154
17671 17670
79557 79556
39768 39784
222 221
27839 27838
78018 78009
45148 45147
25085 25084
39249 39248
276 292
5789 5788
69910 69909
46604 46620
6503 6504
79952 79951
62832 62833
26226 26225
68468 68467
73985 73986
9974 9973
30969 30968
26950 26949
6633 6632
48816 48815
66687 66686
26910 26909
43006 42977
63849 63850
75743 75751
44486 44485
41062 41061
23190 23189
51257 51256
33081 33080
9596 9595
32094 32093
23978 23977
37251 37250
56773 56772
68182 68181
29793 29792
25759 25758
64332 64331
52812 52813
35724 35739
59244 59243
42419 42418
516 515
17405 17384
48352 48351
20053 20052
41627 41626
9421 9420
53689 53688
24365 24364
41578 41577
61279 61278
18749 17705
29486 29485
20415 20414
79335 79306
31844 31843
27913 28748
32686 32685
6373 6372
39237 39238
38018 38025
39451 39453
50764 50743
62366 62381
7360 7359
68002 68001
56134 56142
45186 45185
28368 28367
44991 44990
30320 30319
25156 25155
44556 44555
52909 52910
15942 15941
64191 64198
20066 20065
13594 13721
66323 66322
51165 51164
72105 72104
70676 70674
49355 49356
47415 47414
46318 46317
24188 24187
45432 45448
51877 51893
50188 50187
50952 50951
53977 53975
62079 62078
74595 74594
67093 67072
74451 74450
68675 68691
51753 51752
42714 42703
24791 24790
45814 45813
9774 9773
70511 70527
32949 32950
68420 68421
16625 16624
24842 24815
61607 61606
2060 2059
48930 48929
39404 39403
31163 31162
70291 70290
3207 3206
44993 44992
64544 64543
43164 43172
2238 2236
39869 39868
11417 11415
28963 28965
23606 23605
38956 38954
25312 25313
60640 60639
3134 3162
79828 79807
39241 39295
19137 19136
17560 17575
18547 18546
73605 73612
64315 64314
70612 70611
35257 35157
12041 12048
29805 29813
71056 71064
54298 54220
21876 21874
73343 73322
66552 66551
9618 9617
60920 60921
12401 12402
69769 69785
48831 48830
48291 48298
917 918
6345 6344
20537 20536
64661 64659
22424 22440
54012 54011
2626 2617
31614 31613
31879 31878
800 801
74619 74618
65813 65812
78866 78837
77586 77585
42864 42863
46169 46168
18177 18176
48646 48645
3308 3307
8943 8914
38530 38529
51104 51111
46751 46750
57465 57464
63417 63416
69430 69429
60964 60963
47636 47637
70739 70738
33964 33953
22974 22973
48342 48321
64870 64869
79876 79875
46261 46259
27297 27296
36383 36382
26073 26074
35848 35847
42342 42315
6436 6435
59489 59488
25587 25585
72895 72894
79124 79139
49537 49536
19966 19965
58592 58591
36526 36542
79977 79976
71361 71360
41257 41256
39507 39506
42853 42851
13048 13057
51270 51271
4495 4494
15940 15956
35822 35838
62628 62635
47627 47634
13245 13244
37047 37046
54237 54236
18787 18758
50255 50256
59691 59707
9641 9640
17746 17744
59010 59009
62586 62585
46450 46449
71930 71929
17784 17791
14169 14168
72796 72811
74250 74249
13581 13580
61998 61997
57876 57875
26767 26758
2583 2582
53543 53542
67952 67967
41877 41893
46677 46676
71960 71959
16295 16294
4894 4892
49272 49271
68466 68465
23873 23872
34080 34079
64451 64450
16661 16662
2644 2643
12102 12101
26243 26242
37722 37721
63622 63621
63093 63092
40584 40555
790 818
43998 43997
27335 27334
6747 6746
41305 41304
8463 8462
63702 63701
16999 16998
78424 78423
9841 9840
27430 27429
38518 38534
9352 9351
26411 26410
1025 1053
4858 4857
53323 53322
13364 13363
59466 59465
9194 9193
42312 42311
75369 75368
54838 54837
4482 4481
2466 2465
23551 23550
64765 64767
59619 59618
7289 7288
66788 66787
71533 71532
6417 6415
38655 38634
48126 48124
32476 32475
20862 20878
58677 58676
42693 42664
78796 78795
30596 30603
68666 68665
56447 56446
54464 54471
32615 32586
59800 59799
54821 54820
37911 37912
78689 78688
41587 41586
74986 74985
45952 45951
3524 3523
53050 53049
44894 44892
6965 6964
25977 25985
40440 40447
44410 44409
42409 42408
65528 65529
76645 76644
75084 75083
11371 11370
41914 41922
54876 54875
24637 24636
21611 21602
8913 8912
13869 13885
55534 55533
8786 8785
54883 54922
58512 58511
78363 78379
74136 74135
18444 18443
58347 58346
41686 41685
10297 10296
35963 35962
61501 61500
52500 52499
78301 78302
15790 15818
4199 4200
38253 38251
74559 74558
15468 15314
31863 31862
60628 60644
13835 13834
3490 3489
37270 37269
39256 39227
73874 73873
54634 54633
77095 77094
11222 11220
46245 46244
42062 42061
60746 60745
25973 25972
68038 68037
33718 33717
53983 53982
2673 2672
27211 27210
38632 38671
49619 49647
42606 42605
73114 73113
32923 32922
62603 62602
56636 56635
27186 27187
53115 53114
26726 26725
25560 25559
72216 72215
10425 10424
23492 23491
8513 8512
78347 78346
71084 71083
66229 66228
35286 35285
73639 73638
75618 75617
67975 67974
72165 72164
9667 9668
68375 68374
30375 30374
4253 4252
32606 32605
40127 40134
7862 7869
14201 14216
22020 22019
47141 47140
67456 67455
26705 26704
60756 60755
20028 20027
77332 77331
28684 28683
23387 23386
23568 23567
10834 10833
10034 10033
40732 40731
31709 31708
48499 48478
30236 30245
42783 42774
11688 11687
37424 37440
32240 32239
58758 58757
71244 71243
34833 34832
67256 67255
14799 14798
11859 11858
41268 41269
51555 51554
66258 66257
24232 24231
28111 28110
16767 16758
26715 26714
2604 2603
17965 17964
42909 42910
32549 32556
57787 57786
54290 54289
47953 47952
10465 10464
61552 61551
58983 58982
35190 35189
40427 40426
25802 25817
25174 25175
51253 51252
10988 10986
35230 35229
11682 11698
44930 44929
9116 9115
59806 59814
72010 72009
20208 20207
56571 56570
5698 5697
69204 69203
36335 36334
50732 50731
63367 63366
20326 20325
12593 12592
44535 44534
51722 51721
3623 3622
12673 12672
77157 77156
20333 20334
27712 27711
49592 49571
18509 18508
71151 71150
37678 37733
73844 73843
28743 28742
41014 41016
48322 48338
12636 12637
42631 42630
58279 58278
59830 59829
3064 3063
55553 55552
55251 55250
57781 57780
14697 14725
31239 31238
32693 32664
8879 8878
7148 7111
10547 10469
33316 33315
41887 41886
76973 76974
36917 36916
60097 60098
39633 39632
18370 18377
62399 62398
600 599
5100 5311
51627 51626
19189 19180
76192 76193
36770 36769
37600 37811
64854 64882
21525 21523
44901 44902
4707 4708
26927 26926
67091 66876
75817 75816
19656 19655
67431 67430
13274 13273
32154 32153
17479 17480
25554 25553
59777 59784
74132 74131
31265 31264
45079 45088
60849 60848
79128 79127
44344 44343
27955 27954
76977 76976
106 105
7079 7089
66412 66411
39709 39724
73076 73075
16233 16212
7386 7385
5020 5021
32854 32870
57981 57979
46957 46956
47135 47134
59462 59461
11863 11862
14017 14016
39245 39244
30396 30395
78590 78589
52618 52616
71619 71618
28490 28489
70903 70902
57992 58046
65682 65681
39618 39617
62273 62272
78489 78487
30102 30101
63023 63022
29444 29443
14831 14830
8968 8967
20793 20792
13075 13074
52382 52421
38980 38979
78128 78144
33330 33337
33463 33462
74727 74766
63683 63690
65926 65925
5106 5105
6889 6888
23467 23466
19514 19493
50280 50279
74961 74924
77073 77089
61365 61364
48262 48263
12143 12142
56431 56430
53263 53278
65266 65265
66033 66032
1383 1382
67777 67793
71435 71434
5728 5727
61497 61495
41070 41069
31505 31506
24808 24807
55153 55152
39732 39731
51291 51307
36976 36975
26576 26575
38435 38434
79460 79459
77107 77106
16532 16531
44431 44430
48845 48844
12915 12914
30895 30894
68185 68186
34673 34672
29685 29684
11690 11697
37987 37988
57878 57877
27936 27935
55693 55692
19357 19372
73891 73890
76285 76284
42581 42580
62433 62440
664 672
66895 66896
33799 33806
77286 77287
44643 44642
77626 77625
31833 31832
14089 14088
33381 33396
46026 46033
62109 62110
14298 14307
48175 48173
23192 23191
71103 71102
3749 2705
4592 4571
33554 33517
59195 59194
40590 40589
58811 58826
57178 57177
21658 21657
12407 12406
17718 17717
56204 56203
30701 30703
26633 26632
1929 1928
79449 79448
76223 76221
3146 3161
65092 65091
55948 55976
40656 40655
73578 73557
60813 60812
74794 74793
49528 49527
38283 38299
41511 41510
14696 14695
15554 15553
69521 69520
72548 72547
35220 35219
73082 73081
76317 76316
22549 22556
11616 11615
74542 74549
17803 17802
21058 21057
11756 11727
70628 70644
27932 27948
59792 59791
27716 27723
38077 38076
16005 16004
9177 9176
12938 12937
60773 60772
25517 25508
52913 53749
39414 39422
54619 54618
9074 9072
52278 52277
70014 70013
16547 16546
58155 58154
54487 54486
67859 67858
63281 63175
11421 11420
8598 8597
71685 71684
47369 47368
3982 3981
31730 31728
79678 79677
29080 29079
48282 48281
76215 76214
8751 8955
8471 8470
37227 37235
11458 11457
59126 59125
53092 53091
62095 62094
44127 44126
9472 9473
39734 39733
19677 19676
41722 41721
31507 31407
77609 77608
59809 59808
42615 42586
16621 16622
34482 34481
79468 79467
1623 1638
47164 47163
28003 28002
28320 28319
72059 72058
74475 74490
78882 78881
71177 71176
3613 3614
58176 58174
4033 4024
26136 26135
36478 36477
52167 52168
34448 34447
58732 58733
20783 20799
79117 79116
64428 64427
65953 65952
43772 43826
76792 76791
76581 76580
11505 11506
45631 45630
74006 74007
11060 11059
37898 37897
27671 27670
50506 50477
59546 59545
63559 63558
44196 44195
53299 53300
11394 11393
57969 57815
20531 20530
57276 57304
1498 1497
7341 7340
69405 69404
8270 8269
34768 34784
41963 41970
61868 61867
10341 10340
51335 51334
69487 69486
46678 46649
56560 56559
35808 35807
38100 38099
48909 48908
42530 42529
37045 37044
31804 31803
43473 43472
55362 55353
5914 5913
24679 24678
13688 13687
10391 10467
18651 18652
41859 41858
8454 8453
78384 78383
28839 28837
38039 38038
27238 27236
4230 4228
43310 43309
15060 15075
44820 44819
79625 79624
61798 61720
5804 5803
53119 53118
57370 57369
79779 79778
26743 26742
37955 37954
3739 3738
29312 29311
72265 72267
16193 16208
41568 41567
36041 36040
2179 2178
61571 61570
53732 53733
52253 52252
8279 8252
38575 38576
33606 33605
25194 25166
42255 42254
25028 25027
73729 73728
50169 50168
56309 56310
20828 20827
5779 5752
33932 33931
32861 32852
21589 21588
67619 67617
19686 19687
44696 44695
34417 34416
17280 17279
49218 49064
62876 62875
7285 7286
73437 73438
46595 46594
26737 26738
71403 71402
15497 15496
78658 78657
78051 78050
75284 75275
58202 58204
5596 5603
59511 59512
56892 56891
24499 24498
40558 40556
63668 63667
13022 13021
29218 29064
48701 48700
61489 61488
6314 6313
25083 25082
9085 9139
43003 43002
59788 59803
58292 58299
35581 35580
1689 1680
18598 18597
10816 10815
67611 67610
31997 31996
53077 53076
72563 72562
66422 66421
38062 38061
529 544
42944 42943
76714 76713
67150 67158
63122 63121
44778 44777
5299 5298
8442 8441
57326 57327
34669 34670
24926 24925
68313 68312
64878 64877
4287 4286
4604 4603
47718 47717
21834 21805
56449 56448
46884 46912
18956 18954
27173 27172
43198 43197
59571 59570
9371 9370
75588 75586
61826 61825
59504 59502
48956 48954
14268 14275
70416 70415
47837 47836
2736 2745
19903 19904
36583 36584
33447 33475
72227 72266
41652 41650
63028 63029
44997 44996
63350 63342
11722 11721
52495 52494
22830 22829
3896 3895
59112 59103
79136 79135
8952 8951
19512 19513
72053 72068
43113 43112
449 450
11026 11033
19911 19910
55821 55820
35734 35733
26278 26277
56508 56408
4346 4353
59901 59900
10096 10097
52595 52594
77580 77589
2713 2715
75585 75556
240 239
51972 51973
77000 76999
19222 19221
69172 69171
54750 54729
76733 76732
12612 12611
30868 30867
27096 27095
68159 68158
16231 16232
13469 13468
7885 7884
65702 65704
16635 16634
58286 58285
76979 76978
7010 7011
51846 51853
12769 12768
54880 54879
61052 61051
65544 65543
70580 70579
6917 6916
36503 36504
44495 44494
31197 31196
30963 30962
43412 43411
21255 21254
4730 4729
20957 20958
17722 17721
26616 26615
12763 12762
60209 60208
76384 76383
1555 1554
27589 27587
46736 46735
44383 44382
49118 49117
60917 60916
32466 32465
11877 11893
47305 47313
27035 27034
60796 60795
74126 74125
64107 64106
78750 77706
66784 66783
42913 43748
4993 4992
8522 8521
16157 16156
58914 58913
74273 74272
28067 28068
73030 73045
38364 38363
46783 46782
59544 59543
5652 5651
25230 25229
74527 74526
8833 8832
26132 26171
39509 39508
31468 31467
53677 53676
61114 61115
54906 54885
73365 73364
27472 27470
29262 29261
26409 26408
9274 9273
230 229
77653 77652
55939 56144
39505 39504
8617 8616
69372 69371
33722 33720
67683 67682
58256 58255
44516 44515
36413 36412
62292 62291
16356 16355
3090 3089
51568 51567
15569 15470
32304 32267
64117 64116
63706 63705
9100 9071
23050 23049
15976 16015
21817 21818
41671 41670
56355 56354
57311 57310
75355 75371
46345 46344
75809 75808
25284 25291
55659 55658
56630 56629
35709 35708
21934 21935
45106 45105
52244 52243
59575 59574
53407 53406
37562 37561
64708 64709
17824 17822
36513 36512
19413 19452
486 485
8640 8639
10455 10454
39532 39531
50269 50268
33435 33434
63108 63123
44091 44090
66531 66530
68417 68416
32746 32744
1476 1474
63451 63450
43651 43652
41496 41494
57044 57043
8452 8451
11308 11309
19865 19880
75773 75772
8883 8882
67354 67382
55458 55457
73531 73530
5163 5162
33608 33607
23982 23981
75181 75180
18801 18800
61554 61553
72649 72648
8587 8586
34877 34876
74257 74228
43158 43157
42961 42960
63422 63401
48092 48091
6371 6370
27753 27754
53084 53055
66292 66308
79500 79499
78951 78950
26193 26208
34987 34986
6132 6171
67937 67936
56441 56440
64320 64221
13526 13533
71380 71379
70405 70404
13232 13231
6424 6425
56160 56159
76903 76902
13374 13373
28919 28918
66655 66654
12615 12586
22403 22404
7746 7744
7987 7988
52377 52376
42911 42912
20791 20798
69026 69024
67905 67904
48568 48567
51222 51220
77990 77991
34095 34094
78593 78566
28088 28104
69762 69761
62150 62158
30427 30426
22515 22514
70760 70759
76962 76961
27858 27857
64178 64177
14293 14292
19648 19611
43454 43453
14218 14064
73670 73669
59756 59755
49957 49956
42570 42569
21988 21987
22145 22144
75863 75879
47407 47406
48358 48359
53494 53493
10236 10245
6955 6971
67831 67830
13950 13949
33107 33122
31661 31662
38395 38394
69540 69539
7676 7677
59832 59831
79240 79241
10874 10873
24112 24119
5762 5763
2780 2779
14629 14630
65078 65011
44976 44975
8201 8203
62768 62767
65462 65461
21148 21147
51891 51890
30240 30239
22197 22225
65405 65404
41318 41317
38477 38485
9236 9235
6375 6374
27353 27381
72075 72074
14125 14124
6119 6118
13963 13965
50045 50044
76719 76565
56384 56383
68258 68257
76254 76253
52417 52416
69632 69647
48942 48941
74741 74740
61788 61787
26430 26429
68049 68058
68971 68970
20413 21248
37997 37996
12247 12248
49926 49925
23716 23715
34863 34864
11274 11273
24287 24286
79316 79317
42084 42083
57893 57902
74754 74753
2913 3748
16203 16202
37991 38045
78949 78948
47106 47105
55124 55123
26478 26477
45512 45511
59430 59429
7532 7531
78246 78245
45961 45960
76147 76146
982 981
21278 21277
6883 6882
78468 78467
61427 61428
19649 19657
79649 79612
17337 17336
40136 40137
21020 21019
34829 34828
56330 56339
68229 68228
77432 77460
2772 2743
40358 40357
59176 59175
49667 49668
66380 66379
68924 68923
51199 51198
13328 13327
62571 62570
71645 71644
73355 73354
3568 3567
51681 51679
27750 27749
8526 8533
17274 17273
64268 64259
9734 9733
56601 56572
28936 28935
66586 66640
23003 23002
9087 9086
44333 44332
9312 9311
30295 30310
70937 70938
51762 51761
73206 73222
72800 72799
12255 12254
56615 56614
12186 12187
13014 13013
69242 69296
78877 78868
29614 29613
30255 30256
14966 14965
26199 26198
79246 79245
20497 20496
66008 66007
43419 43420
67850 67849
12541 12557
35278 35277
2431 2459
47650 47649
73229 73228
28680 28679
45267 45266
72380 72379
26669 26668
26614 26613
15652 15651
51819 51720
3379 3380
50234 50235
8014 8013
24455 24471
2755 2756
36295 36294
25564 25563
41282 41281
21051 21050
47923 47922
44960 44923
9928 9927
38776 38775
20587 20585
56044 56043
14308 14306
21646 21645
13308 13307
53700 53699
43290 43318
59708 59709
69001 69000
20167 20165
34503 34501
45715 45714
59515 59494
43297 43296
75376 75375
41656 41655
19429 19428
30531 30530
10192 10191
38566 38564
862 878
23295 23294
19837 19836
58866 58837
12335 12334
10036 10035
75382 75381
76706 76705
21174 21190
20619 20618
59044 59045
3589 3588
42234 42233
25711 25710
26383 26382
28264 28243
42177 42176
11091 11090
50547 50469
15451 15466
31386 31387
3852 3851
28029 28044
38290 38318
44829 44828
14503 14501
24118 24117
33603 33631
1284 1283
3291 3298
61357 61356
66346 66345
48619 48618
71251 72499
64092 64091
55177 55178
48615 48630
1525 1523
1999 1998
21119 21118
28266 28265
71187 71186
7522 7576
47686 47685
49480 49479
57433 57440
57846 57845
1117 1116
25150 25149
74237 74236
76279 76278
14346 14353
8457 8458
72187 72188
34391 34390
58185 58186
25590 25589
66897 66912
74428 74427
33266 33265
1214 1213
10522 10521
35425 35424
45747 45746
22915 22914
3438 3643
73521 73520
25037 25008
13255 13254
14562 14561
59519 59518
41589 41588
29207 29206
213 215
56937 56916
49251 49250
36844 36843
14152 14150
33087 33085
7545 7544
35806 35805
22913 23748
28440 28456
20510 20526
77222 77221
25852 25851
43087 43085
25060 25075
40248 40247
40125 40124
50584 50555
51551 51550
10011 10009
61630 61629
78927 78928
24667 24668
78931 78930
57533 57532
33320 33319
70481 70479
30999 30978
43423 43422
9510 9511
30297 30296
5425 5424
74018 74017
71250 70206
14264 14263
6092 6065
53338 53340
51646 51645
30451 30466
71126 71125
62349 62348
14764 14766
70452 70467
54698 54726
10583 10582
40946 40945
12460 12423
40626 40624
55119 55117
4463 4470
26787 26786
67519 67520
35707 35706
15590 15589
45064 45063
66096 66094
51608 51607
49524 49523
22204 22203
69155 69154
45396 45395
62414 62413
24199 24200
29249 29248
40354 40370
56708 56707
61366 61337
8942 8941
30587 30585
10635 10642
7974 7973
5623 5225
23169 23168
45654 45653
20692 20691
24310 24309
21423 21422
46908 46907
26855 26856
62754 62755
5719 5718
5554 5553
57256 57255
15178 15233
9497 9496
61223 61221
57731 57730
64805 64768
35982 35981
9543 9542
46904 46903
12323 12324
2740 2739
78265 78244
1611 1602
44785 44786
57083 57082
48625 48624
64705 64704
6440 6439
31228 31227
42828 42827
8876 8867
50946 50945
78844 78843
51249 50205
63242 63205
19268 19275
58365 58364
17204 17203
9882 9921
62340 62339
40607 40622
27805 27804
64195 64194
74851 74850
3374 3373
50288 50287
51536 51535
39757 39756
1377 1384
50005 50004
61477 61475
32972 32971
16490 16489
12974 12973
57575 57574
36402 36401
61714 61713
57912 57913
37209 37224
31381 31380
15663 15702
50356 50355
61170 61169
20150 20149
3131 3130
18001 18000
25449 25450
53132 53131
32139 32138
55440 55431
74750 74729
53924 53923
33651 33652
872 871
76232 76233
67613 67612
70294 70295
74636 74635
39645 39644
12520 12521
7299 7298
46428 46483
52282 52281
32959 32958
3312 3311
21328 21404
79776 79804
31545 31560
44763 44762
51446 51445
33232 33231
69828 69807
6692 6691
40830 40837
50512 50511
26921 26920
63193 63192
32186 32187
8743 8742
24285 24284
42532 42531
15842 15821
51369 51385
26091 26090
48279 48252
14608 14609
64668 64669
71353 71352
3511 3510
1876 1874
66992 66955
11047 11046
62023 62022
29097 29096
48272 48271
43790 43788
66901 66900
27591 27590
65298 65297
2904 2903
62117 62116
52759 52758
53671 53672
11022 11021
17419 17418
40026 40025
70107 70106
15755 15754
30957 30958
8364 8363
60235 60236
64687 64688
11900 11899
53003 53002
39974 39973
37346 37362
35098 35099
54546 54545
16873 16475
69130 69129
78345 78344
26627 26626
69855 69862
3822 3821
5832 5831
19247 19246
68325 68324
16072 16071
22528 22527
17845 17844
45567 45568
42600 42811
66915 66923
79931 79930
36235 36234
13283 13299
68605 68612
11376 11367
63040 63039
63677 63676
43778 43777
35206 35204
7012 7013
44882 44921
5161 5160
72907 72906
74206 74205
17276 17283
22188 22393
3412 3411
79443 79442
62863 62870
56246 56245
40487 40488
63542 63541
73500 73479
55496 55495
21871 21870
58138 58137
17974 17973
49116 49115
50043 50042
48988 48987
23276 23275
7039 7038
49652 49651
37734 37735
68927 68928
79254 79253
15196 15195
27007 27006
41959 41958
45210 45209
3410 3408
75069 75068
72962 72961
5889 5888
67300 67299
68855 68854
6509 6508
10753 10751
22072 22088
50550 50549
51625 51624
50196 50195
20303 20302
22579 22588
33217 33216
27993 27992
16419 16418
63624 63623
77954 77953
22413 22412
16327 16260
5048 5039
15333 15334
30822 30838
413 1248
25222 25221
73865 73864
27056 27055
6216 6215
72 71
4983 4962
72872 72873
46543 46544
43017 43008
77508 77507
4900 4899
33511 33510
20299 20298
1904 1903
16965 16964
61397 61396
27841 27840
26096 26112
58800 58807
46035 46036
32183 32182
61166 61165
54470 54469
20948 20955
21612 21619
16020 16019
26268 26269
13302 13317
37318 37317
74587 74586
10713 10720
4350 4349
1798 1807
34997 34996
40814 40813
17495 17494
59861 59860
50112 50111
45795 45794
28105 28106
63089 63105
7883 7882
34402 34401
22162 22161
76577 76576
13095 13086
36303 36302
31369 31385
8144 8145
24529 24502
11724 11723
4323 4322
52348 52347
65855 65854
12883 12882
759 758
79916 79915
71554 71553
75835 75834
28958 28957
67480 67481
48808 48809
18326 18325
60079 60155
62962 62961
38454 38453
15108 15107
75298 75297
64506 64505
60109 60108
16117 16116
73443 73442
3608 3607
74992 74991
2909 2910
74077 74076
34118 34117
20539 20538
37419 37418
5648 5647
73296 73295
38389 38388
98 99
34820 34819
40434 40433
25074 25073
77800 77799
64267 64266
27919 27918
36155 36134
46228 46227
51686 51685
28998 28997
28052 28051
40770 40769
67342 67341
4686 4687
58829 58905
65054 65053
10095 10094
38031 38030
68330 68340
26938 26937
72309 72308
61147 61146
18344 18343
10602 10601
8429 8428
43077 43076
64745 64744
43862 43861
408 407
2562 2561
13033 13032
68588 68587
53495 53496
69388 69387
28360 28409
4713 4712
67892 67968
1226 1225
53681 53680
68231 68230
11159 11158
2793 2794
33711 33719
64525 64524
14626 14625
49782 49781
25341 25340
14236 14235
180 179
41087 41086
21324 21323
52511 52509
14492 14500
53469 53468
47775 47773
21603 21601
69386 69393
2934 2933
50337 50336
46867 46866
23005 23004
71510 71509
7207 7208
75213 75212
58895 58894
14983 14962
68889 68904
68263 68264
28921 28920
42108 42109
56771 56770
22904 22903
30785 30784
71695 71694
28290 28318
72764 72763
17769 17768
77184 77183
33705 33704
74912 74911
66828 66827
70542 70541
24697 24725
73155 73154
18940 18939
4406 4405
61862 61861
64851 64850
49059 49058
51032 51031
31538 31537
39582 39581
22344 22471
23442 23441
36115 36130
25539 25538
52390 52389
71679 71650
34896 34895
7927 7926
77071 77070
68712 68720
77479 77478
25391 25467
73746 73745
10290 10289
22980 22978
9226 9225
35159 35158
39051 39050
59280 59295
42047 42046
10309 10308
50711 50710
29689 29737
26026 26033
41406 41405
5331 5332
34772 34771
29345 29336
78313 78312
19979 19980
3266 3265
76704 76703
19753 19752
8330 8337
2775 2773
51001 51000
78439 78644
74553 74568
29713 29712
54506 54505
36055 36063
17420 17422
24799 24798
53957 53955
6018 6034
41199 41198
15692 15691
64845 64972
31188 31187
52275 52303
28703 28702
36207 36206
71382 71381
45312 45313
34267 34258
20677 20676
30180 30179
23753 23752
58239 58238
50480 50478
14103 14101
17135 17134
47879 47878
28467 28466
13511 13510
36148 36147
20814 20813
32585 32584
10533 10532
76746 76745
57947 57946
67802 67801
79691 79707
6214 6213
24255 24254
52730 52729
29979 29980
25800 25801
13452 13451
54346 54337
50965 50964
27234 27233
16462 16461
36570 36569
31530 31529
13919 13918
20745 20744
56797 56730
67592 67591
33902 33901
65272 65271
61672 61671
37511 37509
5472 5471
67425 67441
53604 53611
29099 29098
61872 61871
73604 73632
41871 41870
23107 23122
39679 39678
44315 44316
49645 49644
25297 25296
63729 63728
10074 10073
44846 44862
44503 44501
50650 50649
8222 8223
10579 10578
36785 36784
8963 8965
11525 11523
41263 41262
76744 76743
65041 65039
60517 60516
32137 32136
19913 19912
47010 47011
39377 39393
9951 9950
58863 58862
69016 69015
33033 33032
63738 63737
67918 67917
20829 20839
79794 79793
78044 78043
66845 66844
75924 75923
12045 12044
24129 24128
77599 77600
56453 56452
51667 51666
6707 6706
66194 66209
19612 19628
45218 45217
7 6
30715 30714
17327 17306
47589 47587
58439 58644
52232 52231
58116 58115
44215 44214
5512 5511
75397 75396
41095 41093
47119 47147
26428 26483
73470 73469
42881 42880
24047 24046
13733 13712
46058 46057
1570 1569
26661 26662
24776 24783
78350 78342
56344 56343
61092 61091
42154 42153
68910 68909
21157 21156
73555 73518
67264 67263
30163 30162
55530 55545
54466 54465
35255 35256
40548 40557
24297 24219
9926 9925
10766 10765
25034 25033
39209 39208
36673 36672
881 896
72609 72608
22169 22170
57353 57352
11356 11355
12868 12867
8858 8857
20732 20731
59667 59666
42503 42502
2553 2552
14340 14339
72467 72466
10910 10908
36117 36116
66563 66564
61323 61322
9495 9494
71160 71159
76353 76352
78794 78793
27659 27658
35293 35294
63712 63720
42610 42609
48749 47705
28340 28125
36308 36309
29289 29288
8119 8118
51545 51560
74777 74784
73925 73926
72735 72736
33963 33965
50917 50918
22610 22609
59392 59391
65549 65558
39125 39124
74067 74066
47772 47743
24408 24407
61048 61047
13062 13061
71447 71446
49909 49908
14076 14075
49717 49716
45193 45164
2344 2471
59712 59711
10457 10456
52524 52523
26103 26131
70713 70741
24578 24577
9161 9162
14738 14736
24666 24665
36669 36668
42642 42641
56742 56796
46641 46717
10916 10915
27244 27243
7114 7113
70540 70539
6978 6977
74010 74009
17445 17444
36681 36679
63723 63721
71611 71610
56932 56931
24011 24010
31566 31565
21701 21716
5123 5122
34641 34640
31119 31118
20449 20450
11151 11152
38376 38375
4664 4663
9308 9306
45588 45604
38784 38783
3048 3057
14476 14475
71890 71889
42612 42611
33745 33744
63922 63921
75896 75895
13778 13777
5810 5809
58887 58888
77248 77249
72218 72217
69741 69740
15275 15273
68804 68803
51767 51758
309 308
2120 2127
37102 37101
25064 25063
59035 59042
77349 77348
42738 42737
73377 73376
16024 16023
12476 12475
20885 20884
75392 75468
41091 41090
25927 25926
43448 43455
23016 23015
67743 67742
52974 52973
43 42
16791 16790
48676 48675
39692 39691
51547 51546
18406 18405
59187 59186
39723 39722
4951 4950
23936 23935
8134 8162
37595 37594
28570 28569
10174 10175
65574 65573
63569 63568
38232 38231
63620 63619
8627 8626
68028 68029
42185 42184
10925 10924
13990 13989
5119 5135
43898 43897
72292 72291
8909 8908
20320 20319
60429 60400
53195 53194
29974 29973
10398 10397
5514 5513
65172 65171
70277 70293
38416 38415
1346 1347
31846 31853
48389 48388
17066 17065
40742 40750
19961 19969
32479 32480
59460 59459
46906 46905
79942 79943
31936 31915
6595 6594
42186 42187
15579 15578
1883 1882
20573 20572
9455 9471
62174 62173
21087 21086
59309 59307
23962 23961
24928 24927
9264 9263
7076 7075
64699 64706
39818 39817
32887 32886
68091 68090
59475 59490
43864 43863
417 416
45959 45974
28158 28157
53438 1
57349 57348
54587 54586
5967 5966
48774 48773
22881 22880
64132 64131
39805 39813
19076 19075
25070 25069
60128 60135
36696 36695
79663 79662
64403 64402
28058 28056
31503 31504
32379 32378
54297 54230
57508 57507
2995 2994
17891 17967
39438 39437
6583 6584
3678 3677
25377 25376
57563 57562
55565 55564
40320 40319
22574 22573
63327 63326
61168 61167
52259 52258
73006 73005
21178 21177
27270 27269
73243 73251
53161 53160
8875 8874
26877 26893
22669 22668
39775 39803
24789 24788
45994 45993
46343 46342
14995 14994
68430 68429
6894 6895
33526 33533
46095 46093
47520 47521
9547 9546
34604 34603
72584 72583
59644 59643
6502 6501
66941 66940
64415 64423
14704 14703
46525 46523
68863 68862
2457 2456
50844 50843
32461 32469
43171 43170
54242 54296
18369 18397
72552 72551
56956 56972
69948 69947
71605 71621
53766 53765
48033 48032
79301 79300
56346 56345
67302 67301
889 888
48181 48180
29690 29706
15303 15302
27358 27357
55847 55846
44770 44769
29491 29454
12434 12433
63637 63636
59676 59675
71649 71648
20228 20227
35802 35817
55164 55163
38757 38756
1690 1697
48535 48536
25419 25418
27623 27622
37247 37248
11637 11636
1673 1672
50324 50322
18224 18239
56567 56566
7045 7044
38058 38056
57140 57139
35024 35023
48898 48897
75502 75501
10303 10302
62994 62993
3600 3599
53558 53557
57723 57722
55369 55368
22240 22239
67077 67076
59811 59810
9715 9714
65886 65885
46770 46769
41047 41046
19446 19445
8888 8903
63018 63009
50499 50498
12849 12848
32308 32307
74878 74877
28948 28947
8982 8981
38549 38548
42102 42101
37060 37059
32043 32042
10621 10620
41881 41880
58337 58336
13052 13051
31222 31220
32411 32410
44384 44412
77346 77344
58901 58900
3414 3413
52039 52038
77488 77487
7143 7142
55723 55724
28886 28887
37993 37992
54984 54963
63099 63098
74113 74120
40439 40430
25874 25873
21522 21493
79698 79726
10814 10813
70215 70204
61033 61032
17593 17592
7577 7510
58120 58119
61775 61774
37137 37136
22640 22639
18495 18496
6791 6790
23992 23991
77231 77230
72956 72955
54538 54537
46490 46489
58766 58765
4978 4977
4241 4295
3774 3773
75847 75846
76642 76718
57387 57386
2896 2895
25712 25740
74362 74361
49406 49405
32618 32616
78093 78092
63313 63312
63118 63117
53461 53460
27491 27490
78922 78921
56499 56498
42377 42376
28330 28337
41181 41209
19610 19659
29751 29750
41751 41750
41718 41564
37921 37920
32468 32467
8603 8631
37686 37685
5089 5087
59527 59526
67964 67963
55260 55259
18010 18026
66012 66011
30146 30145
12329 12328
75597 75604
12202 12201
69275 69274
22581 22580
17491 17490
78080 78079
77019 77018
10206 10204
16669 16668
29062 29063
65659 65658
62210 62225
67672 67671
71932 71931
77467 77466
18980 18979
24719 24718
3585 3584
12722 12721
49624 49623
72311 72310
79904 79905
50290 50289
40280 40279
36648 36647
58028 58029
28027 28028
50283 50274
52297 52296
32196 32195
50516 50515
39776 39783
79197 79196
27078 27077
64697 64696
52026 52025
76632 76631
28850 29061
58700 58699
52738 52737
21919 21918
73719 73718
3282 3281
49043 49044
56124 56123
4480 4479
40675 40673
16955 16971
47420 47422
60426 60425
43841 43840
17041 17048
35222 35221
41298 41289
51834 51805
558 556
31298 31289
22674 22675
5641 5640
51079 51078
59821 59820
1450 1449
5654 5653
7251 7250
77672 77671
11161 11160
38280 38174
7887 7886
66365 66364
64058 64057
54263 54262
67073 67089
36961 36960
79210 79209
24165 24164
42712 42711
50954 50953
75160 75159
7242 7241
18966 18973
37513 37512
38831 38830
6904 6903
32642 32641
9713 9712
79084 79085
74640 74639
60622 60621
12276 12283
41452 41451
72279 72278
70620 70619
14909 14908
43410 43408
13896 13895
76038 76053
2353 2381
13928 13983
23262 23263
49818 49817
66431 66430
50411 50412
5980 5979
77932 77930
75807 75806
37881 37880
23111 23110
75920 75921
23707 23706
43050 43049
50899 50907
7363 7364
19472 19473
11894 11895
5522 5521
20425 20424
66634 66633
4499 4498
10883 10882
18820 18819
70547 70480
33369 33397
23048 23057
60132 60131
62475 62474
32251 32250
57199 57206
51343 51342
24384 24412
30144 30143
12919 12918
65183 65182
28436 28437
34782 34781
58095 58094
75304 75303
60618 60617
7320 7319
71254 71253
38064 38063
23608 23607
62567 62566
33088 33104
76805 76804
57197 57196
59950 59949
36314 36313
31043 31042
57161 57159
18814 18813
62872 62873
40944 40943
53269 53268
30887 30886
28081 28080
1659 1660
52464 52463
38688 38687
8135 8142
46452 46451
40079 40088
58918 58916
38693 38708
31205 31204
68645 68643
66019 66035
63080 63079
8816 8815
28814 28813
73286 73285
31785 31784
52293 52292
5276 5292
79155 79154
27847 27846
26371 26370
71735 71734
7578 7654
30584 30555
17268 17284
29402 29401
48858 48857
62525 62524
44465 44464
15140 15139
50261 50260
49673 49672
29715 29714
59630 59631
73624 73623
33589 33588
36644 36643
49325 49324
22322 22321
15119 15135
22805 22804
524 523
72180 72179
78830 78839
59479 59478
78142 78141
46075 46076
46593 46592
51604 51620
76788 76787
78015 78014
14091 14090
29757 29756
3898 3897
73059 73057
40899 40907
16328 16404
53813 53812
45717 45716
53997 53995
48184 48185
77992 78046
3923 3922
56649 56648
49987 49986
69267 69266
42333 42332
13215 13214
65441 65448
43543 43542
76670 76669
24645 24644
16346 16347
26448 26447
49848 49847
77512 77510
38886 38887
44964 44963
19592 19571
55113 55112
37767 37766
37175 37174
41369 41385
71000 70979
51896 51911
63321 63320
45373 45388
76006 76005
59022 59021
21261 21259
52032 52031
41931 41930
32626 32617
73569 73568
28555 28563
72741 72740
57190 57238
8226 8225
19776 19783
44488 44487
18674 18690
43946 43945
22033 22049
50598 50597
45305 45304
38374 38373
77406 77385
29089 29088
35742 35750
17401 17402
60913 60912
31438 31437
5565 5566
24440 24439
56624 56639
8494 8493
38833 38832
24537 24536
45005 45004
46745 46744
22213 22212
35927 35926
75029 75028
67034 67050
25192 25191
78588 78587
52999 52998
10228 10227
59573 59589
47481 47482
20671 20670
1614 1613
46448 46447
26770 26769
51228 51227
29966 29965
5232 5231
58189 58188
40276 40292
69580 69590
41709 41708
75139 75154
34 33
10070 10069
20518 20525
32478 32477
3731 3732
69889 69888
74843 74816
51188 51187
23780 23779
5045 5044
19924 19940
4369 4368
69086 69140
40782 40781
8946 8945
66691 66698
10715 10714
30862 30878
53730 53731
25261 25260
48879 48878
47626 47617
51463 51465
78496 78497
13431 13430
54714 54713
35337 35336
842 821
63730 63731
60635 60663
7457 7456
58051 58050
22854 22870
61160 61159
27769 27768
852 851
24315 24316
4142 4151
829 839
54559 54558
31087 31086
16249 15205
61996 61995
42915 42914
35072 35071
12862 12869
50275 50273
77958 77957
29287 29286
54168 54167
44709 44724
60855 60854
20017 20016
42242 42241
53589 53588
13518 13534
1095 1093
33820 33819
67144 67143
57573 57572
47646 47645
43039 43038
26732 26731
51623 51638
67844 67843
73964 73966
39255 39254
78825 78824
23784 23783
36178 36177
11671 11670
11840 11839
58036 58035
45707 45706
49951 49950
51863 51862
65485 65484
62053 62068
51211 51219
36167 36166
22887 22886
42713 42715
76463 76462
39761 39760
49618 49617
16762 16761
47464 47463
66970 66969
16239 16238
50193 50164
58702 58701
55162 55161
75825 75824
18037 18036
45785 45784
13427 13426
22244 22243
23102 23101
27871 27872
25969 25968
31284 31283
14431 14430
54836 54835
38718 38717
4960 4923
46167 46166
29505 29504
16877 16893
26821 26820
23350 23357
76803 76802
61029 61028
38682 38689
49293 49292
33100 33099
78523 78522
16169 16168
25193 25164
33410 33408
13998 13997
26434 26433
5275 5273
79142 79218
13741 13740
71973 71974
31368 31366
65042 65058
11155 11134
13322 13338
36426 36427
42921 42920
22627 22634
23374 23373
13381 13396
76740 76741
47853 47851
17963 17962
13619 13618
50617 50616
48883 48882
64722 64721
28956 28954
46488 46487
42987 42988
79060 79059
57130 57131
27160 27158
33350 33357
62397 62396
25240 25239
63208 63207
56660 56661
25331 25332
14953 14952
55683 55684
7636 7637
49901 49902
71410 71409
45615 45614
75126 75125
58779 58778
71592 71591
36181 36209
59796 59795
6383 6382
2938 2937
50212 50211
15994 15993
71306 71305
12007 12006
68407 68406
77668 77666
22230 22229
25558 25556
22377 22376
34148 34147
46991 46954
61642 61718
17461 17469
55519 55526
29934 29933
51887 51886
45198 45197
24376 24374
68630 68629
78715 78714
36297 36296
62691 62690
36011 36010
63943 63942
9863 9864
31934 31935
45776 45775
55500 55499
60584 60583
39482 39481
6600 6571
67981 67979
45856 45855
57435 57434
5579 5578
11629 11628
79284 79283
34455 34471
43839 43837
61300 61307
49688 49893
2854 2870
76067 76065
23848 23849
56824 56823
27604 27603
31186 31185
2175 2174
20840 20625
63971 63970
68357 68356
29960 29923
60162 60161
19211 19210
64508 64507
33890 33889
46392 46391
44457 44456
78101 78100
60416 60415
67628 67635
64619 64618
56604 56602
68794 68793
29429 29428
2016 2015
65622 65621
75109 75108
77246 77247
15161 15160
20858 20859
28737 28736
10226 10224
53891 53890
24759 24758
9461 9460
76422 76421
79727 79766
61101 61100
65414 66249
22274 22273
27803 27802
28547 28546
69160 69161
71202 71201
50095 50094
38714 38713
17680 17679
74473 74474
45938 46143
32234 32233
54794 54793
53513 53512
58603 58602
78620 78619
60149 60148
71445 71417
69101 69072
15118 15116
18425 18424
11961 11960
56966 56965
38572 38571
17606 17605
62626 62625
69420 69419
35474 35473
31136 31135
79027 79043
19604 19603
56870 56869
49051 49050
48670 48672
30571 30570
10592 10591
18797 18796
6176 6175
50587 50585
3087 3085
35272 35243
27428 27427
73025 73024
1787 1786
259 258
38152 38151
22786 22785
13272 13271
73550 73549
76752 76751
16659 16660
75570 75471
65796 65795
54185 54184
3653 3654
1519 1518
56395 56394
69233 69232
9854 9861
65126 65125
20738 20737
45316 45315
7379 7378
64904 64905
40872 40871
48492 48491
13419 13420
60082 60081
58135 58163
62518 62517
73736 73735
44898 44897
37396 37395
76242 76241
37327 37306
6739 6740
74611 74660
54240 54241
9097 9096
1163 1162
40269 40268
50969 50968
25290 25289
21113 21114
16426 16427
67038 67037
43264 43243
19017 19016
37110 37159
15795 15794
33741 33740
2835 2889
16756 16727
30518 30525
51110 51109
52579 52588
15156 15155
12577 12510
33724 33723
63311 63310
9026 9042
10712 10740
21073 21074
46825 46824
77336 77335
62416 62415
22759 22758
66752 66751
53511 53510
50171 50170
70614 70613
50849 50841
42398 42397
11 9
17989 17990
70253 70252
54219 54065
902 901
33247 33246
66477 66475
48514 48516
19236 19235
79948 79947
12173 12172
650 649
43613 43614
50271 50270
12522 12576
2730 2729
17209 17224
26257 26256
48379 48380
21001 21000
62214 62213
8860 8859
55049 55040
44222 44221
7917 7916
77040 77039
16386 16387
57789 57788
56365 56364
49111 49102
75203 75202
3966 3973
64185 64184
35770 35769
33442 33441
57516 57515
29000 28999
71737 71736
38192 38191
75460 75459
25588 25604
39177 39176
55549 55558
43278 43277
34194 34193
33245 33244
39570 39569
20095 20094
56023 56022
57490 57489
51726 51725
61006 61005
67549 67540
22927 22926
70727 70726
45686 45665
31950 31949
35919 35920
35990 35989
9532 9531
4103 4101
52830 52829
70981 70980
61264 61263
7035 7034
40198 40197
32871 32872
50341 50340
45575 45574
76185 76184
30353 30351
102 101
46713 46712
30830 30837
146 145
40605 40606
49414 49422
72448 72447
40925 40924
43280 43174
23228 23227
24582 24581
27215 27214
54020 54019
66137 66136
66291 66289
34333 34332
5040 5038
7833 7834
63195 63194
3881 3880
70050 70057
74174 74173
55985 55984
24396 24411
51153 51154
12162 12161
12129 12130
15495 15494
46087 46086
42536 42535
36229 36230
53828 53761
37700 37699
52094 52093
49425 49423
19158 19157
58440 58488
59819 59818
47438 47437
9865 9880
42043 42042
27608 27607
67817 67816
14314 14313
74994 74993
52898 52897
13793 13792
14664 14663
68595 68722
42045 42044
26270 26271
4669 4670
5406 5405
74845 74972
698 697
13444 13443
32732 32731
48473 48472
51350 51561
58303 58318
4329 4328
11593 11592
11092 11065
2363 2364
77245 77244
24541 24548
25465 25464
23259 23258
54405 54404
78630 78629
78472 78471
74219 74065
65101 65312
4761 4760
6411 6410
62083 62082
23052 23051
18393 18392
58127 58125
53754 53753
14853 14881
73931 73930
55454 55453
71242 71241
3747 3746
4510 4511
76158 76157
63155 63154
60488 60489
30724 30739
20100 20311
50202 50201
1764 1763
19043 19044
47162 47161
7255 7254
30041 30057
78649 78648
15658 15657
41808 41806
28083 28082
43027 43028
4924 4940
41001 41000
55332 55333
11253 11252
70149 70148
71535 71542
58040 58039
56765 56764
54790 54789
14213 14212
69830 69829
47247 47248
29095 29094
78637 78636
24960 24923
32041 32048
23651 23652
26087 26086
30409 30410
53967 53974
36759 36757
45510 45526
39545 39544
3139 3138
28238 28237
5491 5545
51470 51469
55308 55307
62630 62629
35652 35651
61382 61381
26840 26839
45826 45825
24801 24800
27432 27439
68687 68686
79667 79666
75348 75347
28109 28108
13346 13345
2732 2731
39387 39386
76487 76496
28425 28424
6857 6872
62855 62871
21235 21234
53806 53805
9911 9910
56798 56720
24182 24198
49110 49109
49598 49597
25286 25285
200 199
43133 43132
57552 57551
74686 74685
69004 69005
78963 78962
74225 74224
79172 79171
62789 62788
53296 53295
64670 64671
28009 28007
55510 55508
5688 5687
22831 22832
48537 48552
3716 3715
33109 33108
39580 39587
7581 7580
10891 10890
38160 38159
33547 33546
18868 18866
43625 43624
28419 28420
50138 50153
35906 35905
7904 7903
2694 2666
64223 64222
58979 58978
16879 16878
68458 68459
78445 78444
36287 36258
66716 66715
55256 55257
15864 15863
1345 1344
65536 65535
10650 10649
5552 5551
8820 8819
42608 42607
34981 34982
68053 68052
70847 70846
43739 43738
49345 49336
77448 77447
27451 27450
69168 69167
6181 6209
55502 55501
36774 36773
6770 6769
78400 78408
25431 25429
69935 69934
48423 48422
61930 61929
26436 26435
36580 36579
55841 55626
14400 14399
30043 30042
49744 49743
7780 7779
54994 54993
29626 29625
37578 37654
29696 29695
32816 32815
8774 8773
5637 5636
71615 71614
13767 13766
68288 68287
19095 19094
23770 23771
49230 49228
36379 36378
17558 17559
69988 69987
30899 30907
74581 74588
54372 54371
44698 44705
41772 41771
77751 77750
49408 49407
1312 1311
50200 50199
45391 45467
72599 72600
45161 45160
60023 60077
25581 25580
69583 69582
17363 17364
43073 43072
75065 75064
77634 77633
31462 31461
16709 16708
72046 72045
28480 28479
3427 3426
19955 19954
34121 34122
13577 13556
66973 66974
79965 79964
49541 49548
60369 60368
77796 77811
76985 76984
77380 77379
47272 47271
567 568
47517 47516
75632 75631
54908 54907
22702 22701
53653 53439
31133 31141
12690 12689
12708 12707
39903 39904
8814 8813
49007 48907
8784 8783
72300 72299
79105 79121
60223 60222
70397 70396
43787 43758
72176 72175
47331 47330
63263 63264
18681 18709
36992 37000
23883 23882
17451 17450
19738 19736
56626 56625
51879 51878
21614 21613
33364 33363
15919 15920
49776 49783
14486 14485
68796 68795
69876 69875
36951 36953
74 73
21793 21792
26498 26497
40893 40892
27119 27147
5013 5012
49376 49374
41633 41632
457 456
13661 13660
1297 1296
23653 23654
51737 51738
33966 33973
36957 36956
19550 19551
9480 9479
14624 14623
59273 59272
55642 55641
33164 33172
54653 54652
11751 11750
72754 72755
48440 48456
40516 40515
75779 75778
21538 21537
6808 6806
74183 74199
70665 70673
59190 59181
76634 76633
4239 4240
41348 41349
57929 57900
22390 22389
40119 40135
43499 43478
18735 18734
6898 6897
34924 34940
76319 76318
45236 45245
72097 72096
4152 4150
60094 60093
73283 73282
63748 63747
62254 62253
38293 38292
28835 28834
44289 44288
79160 79161
17856 17855
60972 60971
66103 66102
37190 37206
28990 28989
60934 60933
68851 69062
66798 66720
27030 26924
60549 60558
26028 26027
40692 40691
12327 12306
71376 71375
22631 22630
40850 40857
68225 68240
25316 25315
12570 12569
15567 15568
28695 28694
26736 26735
34552 34567
13921 13920
26068 26067
56291 56289
78529 78528
42455 42454
24331 24330
35218 35217
42411 42410
63961 63960
22185 22184
15081 15080
62473 62471
31580 31579
7090 6875
2263 2262
45476 45475
66294 66293
14778 14777
34983 34962
25123 25122
42329 42328
47845 47844
7678 7733
57374 57373
28141 28140
15675 15673
12054 12053
40252 40251
75870 75898
62905 62904
15971 15970
78580 78579
38691 38692
13843 13842
23640 23639
68654 68655
33354 33353
34135 34134
46214 46213
45163 45162
6932 6933
53669 53668
64370 64369
71548 71547
6986 6985
3001 3000
53606 53605
41184 41183
29734 29733
37211 37210
62784 62775
18182 18183
14451 14453
27365 27380
26043 26042
59447 59446
29801 29800
7253 7252
59716 59715
34926 34925
38200 38199
26037 26052
58607 58606
46191 46192
77061 77060
73390 73389
12149 12157
34810 34809
62248 62249
27887 27886
4317 4318
58078 58077
42346 42362
33440 33456
32040 32068
26398 26397
67694 67665
19732 19731
38497 38498
66204 66203
47555 47554
49491 49454
26169 26168
55170 55169
26762 26761
16637 16636
37875 37874
21946 21945
55258 55158
55235 55236
51055 51063
16642 16651
72773 72744
65801 65802
46739 46740
30312 30313
27325 27326
79435 79436
35353 35351
64338 64336
48219 48218
74665 74664
66414 66413
14110 14109
32358 32357
79318 79319
57695 57667
75970 75969
22959 22958
1885 1892
76956 76972
20144 20143
46077 46056
45679 45678
4848 4847
2424 2440
60890 60889
26772 26771
73349 73348
69672 69651
9444 9443
16165 16164
18747 18746
58616 58631
66660 66661
75786 75785
79921 79923
68197 68196
56533 56532
25371 25372
45667 45666
43148 43147
15493 15492
41507 41407
10438 10437
24355 24356
45804 45803
61149 61148
59159 59158
20879 20880
3012 3011
78957 78955
5431 5429
58550 58549
55041 55039
9768 9784
40118 40116
61638 61637
64193 64192
9474 9489
52221 52220
14522 14521
63819 63818
17430 17429
46812 46811
48843 48842
55896 55895
70561 70560
53281 53280
18841 18840
30950 30949
62319 62318
44547 44546
27928 27899
28873 28872
6339 6337
47431 47459
57260 57259
15024 15023
47342 47315
70801 70802
55727 55726
35617 35616
30806 30805
27783 27774
13290 13318
2272 2271
6749 6748
2275 2303
43332 43331
72747 72745
59805 59768
44689 44737
68742 68741
39019 39018
24702 24701
38780 38779
52186 52187
23071 23070
75391 75324
3818 3817
26368 26366
2413 2412
28242 28250
72952 72967
73448 73476
55661 55660
33022 33021
53117 53116
66643 66652
59580 59590
64932 64960
63277 63276
29599 29591
63420 63421
24987 24986
34005 34006
70507 70478
32039 32038
47568 47567
50423 50422
65788 65787
22972 22971
40887 40886
63708 63707
74433 74434
74585 74584
1024 1023
37972 37971
27026 27025
24681 24680
14759 14758
69519 69518
71527 71543
50358 50357
52185 52184
11268 11269
15848 15847
12190 12206
54621 54628
36991 36954
46396 46395
58525 58524
23856 23855
9782 9781
29570 29569
61558 61557
63800 63807
20275 20273
21629 21628
16770 16769
67810 67809
69623 69622
61002 61001
27615 27586
49080 49079
76768 76759
57561 57576
6850 6849
43714 43713
33767 33766
30548 30557
19704 19703
35780 35674
63180 63179
44833 44832
3610 3609
75498 75497
38790 38788
19520 19519
67191 67207
60410 60411
70033 70032
60067 60066
59521 59520
42156 42155
53095 53086
37009 37008
8539 8538
55827 55826
58153 58152
22261 22260
53440 53456
56851 56850
38948 38947
79661 79659
67707 67705
64559 64558
33835 33834
73099 73098
22245 22246
25356 25355
27541 27557
67262 67261
24148 24147
32955 32954
25282 25281
16525 16523
31711 31710
33274 33273
33513 33512
51268 51269
34312 34311
77115 77114
75418 75417
24734 24733
13745 13744
47812 47813
33064 33063
62224 62223
77910 77911
2614 2613
1637 1636
4526 4525
72975 72974
63165 63173
49262 49261
55294 55295
15265 15264
1274 1273
1879 1878
73599 73598
58353 58352
53452 53451
49503 49501
75867 75866
12112 12128
15952 15951
59347 59354
44329 44328
6388 6403
67085 67084
31178 31177
28276 28275
34038 34037
68785 68784
65450 65451
9293 9292
70498 70497
79346 79337
66244 66243
16159 16158
18352 18351
62758 62658
71372 71371
45366 45365
69122 69123
58855 58854
33314 33313
5192 5191
22853 22851
13575 13576
49871 49870
49860 49859
15783 15799
54130 54129
63670 63669
11205 11204
49467 49466
13448 13455
15564 15563
11197 11196
39015 39014
20214 20203
1035 1036
49389 49388
5696 5695
78176 78174
53235 53234
74691 74707
6324 6323
37322 37321
15068 15067
40152 40151
19406 19405
33560 33559
13966 13973
24367 24366
21896 21911
71469 71468
39331 39330
24417 24416
55270 55269
27911 27912
11812 11811
60031 60030
59958 59957
43876 43867
60310 60309
77981 77979
30654 30653
47443 47458
75130 75129
79248 79247
68214 68221
54010 54009
5946 5945
72163 72162
41534 41541
40810 40809
43881 43880
9184 9183
18222 18223
43911 43910
4342 4341
61021 61020
10747 10746
44941 44942
32072 32088
51329 51338
39463 39470
78453 78452
30879 30880
40037 40008
39383 39382
18160 18159
55063 55062
27060 27059
51980 51979
13984 13985
58183 58184
71888 71887
27020 27019
13144 13145
58891 58890
28996 28994
73515 73517
55758 55757
65563 65562
9961 9969
67235 67234
38560 38559
5457 5456
594 593
7005 7004
60760 60759
56369 56367
20280 20279
26844 26843
79397 79412
11736 11735
39989 39988
16827 16826
2659 2658
30036 30035
12367 12366
7124 7123
16913 16952
52287 52302
59018 59017
68637 68636
23755 23754
26298 26289
3858 3857
74012 74011
70044 70043
78466 78465
55350 55349
368 367
64489 64488
57975 57974
4635 4634
8852 8851
6931 6930
19654 19653
77401 77400
14123 14138
1606 1605
17047 17046
66281 66280
22272 22271
79280 79295
77130 77131
22909 22910
49574 49573
61832 61831
21498 21497
77857 77856
71006 71005
51741 51795
15899 15907
63116 63115
65771 65770
6125 6124
53337 53336
76401 76400
40940 40956
46889 46888
60599 60598
60899 60862
25144 25143
79933 79940
58977 58975
76601 76572
74655 74654
49683 49682
57538 57509
31013 31012
27185 27184
66738 66739
30020 30021
26547 26546
31800 31799
67269 67285
8824 8823
38385 38384
46701 46716
13902 13901
74052 74051
4560 4559
51701 51716
18285 18284
2240 2239
78918 78916
67603 67602
27278 27277
35948 35955
7369 7368
53895 53894
6253 6252
21024 21023
68447 68446
8194 8193
64530 64503
37629 37628
29281 29280
78981 78980
29618 29617
74946 74945
17166 17165
63599 63598
44662 44661
30646 30661
74176 74175
1123 1122
30840 30625
52608 52607
61676 61675
71830 71829
51094 51221
60344 60343
9645 9644
66719 66565
47003 47001
61529 61528
45846 45845
46927 46926
49580 49587
17579 17588
60025 60024
15457 15456
17339 17338
63937 63936
11102 11101
16610 16609
47058 47057
1339 1337
13329 13339
56093 56066
16476 16474
32050 32051
11904 11903
10778 10777
32772 32743
32495 32494
14883 14891
39421 39420
61790 61789
54044 54045
25959 25974
23824 23823
8291 8298
40669 40668
17871 17872
4566 4565
75157 75156
56752 56751
18412 18411
70348 70347
9486 9485
18816 18815
24026 24042
16199 16198
6814 6813
69854 69882
37162 37161
33009 33007
5212 5211
21599 21598
65873 65872
24323 24322
22018 22017
40759 40758
19108 19107
54305 54304
242 241
55991 55990
19860 19859
18152 18151
18316 18315
61499 61498
11842 11841
57542 57558
11887 11886
49350 49349
34689 34737
5619 5618
12799 12798
58647 58646
54142 54218
4734 4733
22481 22482
39871 39870
91 90
64313 64312
43005 43004
33733 33712
36060 36059
16195 16194
43098 43097
41207 41206
8755 8754
28970 28969
47009 47008
15096 15097
36327 36260
22353 22381
36488 36487
30598 30597
5787 5786
65105 65104
40652 40651
18291 18298
46322 46321
4877 4876
76960 76959
24831 24830
27411 27410
77994 77993
37257 37256
5112 5111
76816 76817
29125 29124
9662 9661
69039 69038
63151 63150
41466 41473
34512 34513
36974 36989
27133 27132
56958 56957
65561 65560
35131 35130
29662 29661
36857 36872
22976 22975
13342 13321
38024 38023
55672 55671
24951 24950
7058 7057
49740 49739
9148 9147
43716 43715
1267 1266
22016 22015
64445 64444
35020 35021
66600 66599
20569 20470
52341 52340
3750 2500
22443 22458
71682 71680
21962 21990
29199 29200
63430 63429
71968 71967
25793 25792
67258 67257
5790 5818
2891 2967
6625 6624
36814 36813
62351 62350
30455 30454
66951 66950
61437 61436
30037 30008
18812 18811
13012 13011
44131 44130
18219 18218
51707 51706
25772 25771
37339 37338
24507 24506
66539 66538
31308 31309
24974 24973
14755 14754
44026 44042
47171 47150
22432 22439
45741 45704
68649 68648
25358 25357
10571 10570
35398 35397
61491 61490
76183 76190
55012 55010
20362 20369
35184 35183
78552 78551
35123 35122
34218 34064
13354 13353
2352 2351
38520 38519
67516 67515
5011 5009
26568 26567
20797 20796
46106 46105
70742 70705
70843 70822
68337 68336
63273 63272
56101 56100
43272 43271
20146 20145
635 642
25579 25578
63269 63268
44243 44242
78624 78623
65219 65218
6161 6160
27289 27288
61370 61386
74931 74930
37052 37067
11986 11985
73195 73194
2982 2981
52171 52150
63863 63862
37030 36924
11496 11494
46578 46577
24775 24803
35144 35143
6946 6945
20860 20909
26612 26619
33921 33920
47694 47666
71746 71745
27959 27958
60519 60526
49188 49187
26589 26588
22341 22340
49499 49498
79973 79971
23913 23912
9333 9332
20428 20399
32540 32538
43238 43237
21250 22498
6496 6494
74536 74535
70664 70703
70691 70690
39964 39963
11127 11126
67334 67333
40064 40063
35973 35972
57711 57710
34019 34018
12841 12840
2862 2869
62605 62604
22495 22494
73626 73625
76797 76730
46507 46407
69219 69065
67448 67447
45043 45042
42568 42567
32663 32662
50451 50466
301 300
11513 11512
49085 49139
56911 56910
14793 14792
37730 37729
54630 54631
43505 43504
232 231
48297 48296
48083 48082
56170 56169
15055 15054
3629 3628
73103 73102
61816 61817
39334 39305
66061 66060
31779 31794
71660 71661
25040 25038
4465 4464
79906 79885
2029 2002
42753 42754
76761 76777
22713 22715
26656 26655
41904 41903
1997 1996
29421 29420
58068 58069
48530 48529
79895 79893
27344 27471
70287 70286
46502 46501
77134 77133
35898 35861
3111 3110
28037 28036
53459 53474
4277 4278
29325 29324
25506 25477
70729 70728
27515 27514
21402 21401
9414 9422
21108 21107
40455 40454
38393 38392
34742 34741
19201 19216
48860 48859
25569 25470
70012 70010
5669 5668
74872 74871
31028 31027
41157 41156
36490 36489
41646 41645
5169 5168
54386 54393
39371 39370
36106 36105
50569 50470
38934 38933
21193 21208
11980 11979
54642 54641
77051 77052
72109 72110
76268 76267
42449 42448
79303 79302
49127 49126
11667 11666
30938 31143
29472 29473
5345 5344
7072 7088
57779 57778
33747 33746
73400 73408
47866 47865
14580 14587
560 559
2718 2717
54462 54461
59942 59943
32029 32002
4189 4180
33278 33277
2511 2509
59973 59971
73089 73105
17984 17983
17696 17695
79854 79882
75661 75660
4413 4452
28177 28176
13747 13746
27455 27454
25997 25998
77429 77428
78149 78148
15022 15076
17892 17901
1821 1820
50722 50723
5129 5128
8255 8254
13463 13462
28433 28432
28107 28122
35965 35964
70157 70156
3948 3947
57184 57183
20396 20395
38346 38345
30484 30483
68070 67971
35832 35831
48429 48428
21144 21142
58227 58226
70945 70944
46831 46830
62770 62769
33958 33957
55189 55188
77075 77074
68903 68902
77996 77995
37139 37138
54084 54085
26842 26841
70576 70575
76002 76001
11845 11836
71832 71831
22600 22811
72431 72430
24671 24650
79986 79985
5944 5943
14289 14288
14930 14929
29175 29174
56378 56385
24350 24349
41936 41915
36932 36933
41696 41695
36988 36987
3123 2725
39976 39975
4146 4145
48978 48977
71029 71028
44566 44565
59166 59165
66626 66625
50644 50645
65767 65766
30218 30217
55917 55916
40646 40661
9178 9149
33501 33500
14570 14569
49047 49046
142 141
4140 4073
29896 29895
21842 21841
64284 64283
42114 42113
38724 38723
63880 63879
45950 45949
3733 3712
7316 7314
7807 7806
18572 18571
55340 55339
5874 5873
23419 23420
75536 75535
48663 48662
8509 8508
46540 46539
8433 8432
47316 47314
50757 50756
53473 53472
21900 21899
56846 56837
75627 75625
7936 7935
60880 60881
63611 63610
7280 7279
69027 69043
45427 45426
53621 53620
17341 17340
18722 18720
70086 70085
531 530
43009 43007
40345 40344
22297 22296
24727 24735
63392 63391
26896 26911
20234 20235
32035 32034
58847 58848
10066 10065
76693 76692
21466 21473
76025 76024
58796 58795
36243 36242
39329 39328
70203 70202
54428 54427
31091 31090
59529 59528
21724 21723
11245 11244
1045 1044
40573 40572
63096 63087
46837 46835
53202 53135
26062 26061
57397 57396
39171 39170
56914 56953
22604 22603
22883 22882
36789 36788
67599 67600
25940 25956
77167 77166
30263 30262
11802 11801
40793 40792
13726 13725
38381 38396
19707 19708
28427 28426
48932 48931
23869 23885
34666 34665
46018 46034
46699 46700
54515 54494
52320 52319
64481 64480
64390 64389
38300 38301
9823 9824
2010 2011
66211 66174
46290 46288
40757 40756
15366 15365
780 674
61799 61808
62719 62718
10569 10470
77693 77692
59356 59357
9457 9456
48751 48955
1566 1565
25214 25203
5961 5960
10942 10941
50679 50678
2305 2313
55597 55604
47020 47019
66321 66320
13399 13407
62402 62403
38302 38317
71212 71220
76590 76589
25007 25006
9144 9143
78267 78266
4941 4942
53719 53718
29038 29037
40159 40158
63804 63803
62046 62045
11689 11680
65664 65703
13554 13517
71853 71852
13326 13325
1448 1447
44938 44937
48501 48500
27694 27666
75018 75017
58329 58328
59533 59532
46612 46619
72874 72889
27367 27366
32736 32745
38944 38916
77687 77686
74164 72502
21102 21101
26129 26128
70183 70182
21671 21670
61471 61470
67286 67287
21913 21952
52137 52136
1844 1843
36831 36830
14450 14449
38795 38794
16962 16990
5018 5019
3316 3315
75105 75104
34298 34307
27213 27212
78099 78098
7213 7212
67006 67005
50906 50905
11011 11010
53981 53980
65012 65010
2253 2252
79657 79656
60695 60694
19877 19876
6766 6765
18332 18331
7873 7888
15070 15069
1104 1111
40457 40456
9323 9322
1239 1238
38537 38552
17503 17502
43726 43725
49664 49663
49173 49172
52264 52266
21436 21435
10396 10395
59041 59040
37173 37172
78495 78494
52690 52689
3274 3273
73218 73217
1251 1455
77170 77171
60284 60275
15826 15825
17092 17071
70441 70448
38291 38298
33681 33709
73963 73962
46390 46389
40425 40424
57480 57481
73432 73431
64950 64949
52012 52013
20938 21143
32409 32408
20963 20962
48376 48375
21492 21491
51054 51017
62191 62207
52424 52440
36298 36289
14325 14324
51452 51451
12991 13045
5940 5956
34547 34546
1360 1359
64857 64856
73066 73067
59081 59080
59745 59744
5126 5117
72632 72631
52614 52613
58093 58092
1793 1792
77882 77881
28126 28124
14780 14779
69079 69078
11827 11826
38316 38315
45136 45137
54636 54635
34413 34452
43372 43371
33650 33649
46877 46893
57008 57007
20140 20139
34270 34269
20119 20135
13146 13161
24033 24024
60784 60800
44002 44001
66510 66509
14186 14185
30641 30640
58496 58497
57038 57037
32230 32229
53717 53716
34371 34370
30793 30792
36098 36097
55780 55753
24314 24313
59132 59131
10301 10300
76323 76322
47468 47467
50339 50338
20893 20892
40028 40027
52483 52462
16136 16135
36781 36780
21199 21198
74385 74413
51013 51012
40396 40395
35449 35450
67928 67927
5140 5139
7032 7031
554 553
10605 10606
34860 34859
15192 15191
54395 54396
16073 16074
5547 5469
72643 72642
2803 2802
78355 78354
7652 7651
35000 30000
30119 30135
37253 37252
36743 36742
15093 15092
52143 52142
24095 24094
62260 62259
34775 34803
26125 26124
46690 46697
40876 40875
24614 24613
24669 24670
67994 67993
52124 52123
59927 59926
32503 32502
30108 30107
43608 43607
29852 29851
74897 74896
13827 13760
70170 70169
20988 20986
37891 37967
30045 30044
39100 39071
65067 65066
71485 71486
62565 62564
79653 79652
16043 16042
7694 7666
38087 38085
22179 22178
77402 77403
4173 4172
60993 60992
21528 21527
37642 37641
43960 43959
56332 56331
9692 9691
60729 60728
62620 62636
51724 51723
55664 55703
3075 3074
18029 18044
50690 50689
53363 53362
7135 7134
25885 25884
6346 6347
41438 41437
75096 75095
63947 63946
60737 60736
40301 40300
45018 45019
6921 6920
14043 14044
3526 3533
40518 40525
62313 62312
66399 66398
24298 24307
68000 67999
23970 23969
13770 13771
11095 11093
30278 30277
56363 56362
45222 45221
54956 54955
47461 47469
16452 16451
75780 75753
65256 65257
65861 65910
71130 71129
76269 76270
66014 66013
14633 14632
22037 22036
3799 3806
62063 62062
16946 16945
67095 67094
15797 15796
17993 17992
73108 73123
62125 62124
47263 47262
76204 76203
35778 35777
57590 57588
16562 16563
54699 54706
10377 10376
49243 49242
27424 27440
41831 41830
34184 34183
72668 72666
59920 59919
36125 36124
22114 22113
16629 16628
78180 78179
27909 27910
44604 44603
37432 37439
27453 27452
42818 42817
25198 25197
8555 8563
41026 41033
28960 28959
21587 21586
51247 51246
6621 6622
37801 37800
8232 8231
3129 3128
57144 57143
10994 10993
44554 44553
53353 53352
63455 63454
59067 59066
65276 65274
27230 27229
75241 75240
51988 51987
78097 78104
60388 60387
56930 56929
70378 70377
31986 31985
71981 71980
69223 69222
39030 39029
3067 3068
52227 52235
33236 33235
39713 39712
58248 58247
67469 67468
61935 61936
25952 25951
78353 78352
50236 50245
58288 58287
15293 15294
59601 59608
5667 5666
27247 27248
53203 53279
45030 45029
19833 19832
19207 19206
66851 66850
17476 17475
56968 56967
53633 53632
23566 23564
13336 13335
68929 68984
25696 25695
63798 63797
76124 76123
57410 57409
67518 67517
40463 40462
4283 4282
12986 12985
9125 9124
10489 10490
65588 65586
15074 15073
61206 61205
36089 36088
15644 15645
12308 12307
23733 23712
55603 55602
12020 12019
11035 11036
70775 70774
4964 4963
30860 30909
22522 22576
45694 45693
64634 64633
60937 60938
48923 48922
64657 64656
12598 12599
3448 3455
35826 35825
43835 43834
76868 76867
3102 3101
67920 67919
18963 18965
16500 16499
73869 73867
44618 44617
74109 74108
36068 36067
65130 65129
76154 76155
13750 12500
37602 37601
36804 36803
23304 23303
75829 75828
27263 27262
25671 25670
25948 25955
44245 44244
26400 26399
34055 34054
53560 53559
2287 2302
69585 69584
19516 19515
4751 4750
49709 49724
10358 10357
47871 47872
53180 53179
29241 29295
19319 19220
2663 2662
12183 12182
79 88
56761 56777
62296 62295
24340 24339
44448 44447
78884 78883
8196 8195
59143 59152
38633 38641
8801 8800
16817 16818
34249 34248
76258 76257
34163 32501
41345 41344
17104 17103
29272 29271
43575 43576
69271 69270
15910 15908
30011 30009
43058 43056
8697 8696
28653 28654
57549 57540
70094 70093
55809 55808
77529 77528
20121 20120
42226 42265
37400 37399
39465 39464
26982 26981
16815 16816
7828 7827
35178 35233
12726 12724
30728 30727
72766 72765
9522 9521
26663 79999
33633 33641
22149 22157
45639 45638
31641 31717
11073 11074
54037 54036
41991 41954
28776 28775
444 443
53075 53074
2033 2049
70645 70646
38703 38702
21908 21907
13681 13709
57290 57289
46193 46208
76029 76028
54615 54614
36409 36408
76256 76255
12980 12978
61395 61394
76575 76573
45613 45612
19894 19892
10442 10441
58781 58780
73477 73516
24476 24475
74773 74772
5455 5454
55884 55883
60359 60358
27809 27808
29011 29010
67343 67316
17169 17170
25095 25094
60530 60545
57168 57169
3342 3321
17102 17101
63614 63615
1625 1624
79430 79429
62825 62823
55327 55326
79775 79774
77048 77047
18266 18265
14087 14086
65693 65692
24903 24904
61076 61077
50106 50105
59075 59073
60177 60178
68254 68252
66782 66781
9068 9067
54301 54300
48446 48445
28253 28251
64821 64820
10770 10769
46091 46090
18482 18481
47238 47236
3848 3849
53388 53387
48518 48534
6951 6953
57269 57285
26113 26114
34818 34817
10184 10183
40171 40170
33566 33564
54435 54436
69579 69578
15546 15479
390 323
33039 33038
3940 3939
13242 13250
5442 5441
43247 43246
23014 23013
77017 77016
47382 47421
27345 27343
4537 4536
76177 76176
23710 23673
69332 69331
50541 50540
2197 2225
40144 40143
283 274
18494 18493
58668 58667
42847 42846
44775 44803
76497 76495
10633 10632
56078 56057
52099 52091
43718 43717
63652 63653
8190 8189
5178 5233
35375 35374
78985 78986
17360 17359
51287 51258
44199 44200
7308 7307
36900 36899
27631 27630
7682 7681
57368 57367
24556 24555
31176 31175
26845 26836
39926 39925
23547 23546
8184 8185
42650 42649
8657 8656
29234 29233
10115 10086
12431 12459
46785 46784
14839 14838
18035 18034
52656 52655
78519 78535
22614 22613
12415 12414
40299 40298
32102 32101
14833 14832
64257 64228
24469 24468
5095 5094
42033 42049
57580 57589
28215 28214
47784 47791
56090 56089
64931 64930
69746 69747
46764 46763
51612 51619
65833 65832
43724 43723
16574 16572
39003 39004
71412 71411
53830 53839
63424 63423
73783 73782
12413 12412
29247 29246
26756 26727
74952 74951
24856 24855
51800 51799
39592 39571
19410 19409
50440 50447
44920 44922
67433 67440
7026 7025
3385 3384
44726 44765
69961 69924
5644 5645
71738 71739
4171 4170
41049 41048
71262 71260
76628 76627
61588 61587
36833 36832
54500 54499
65359 65358
7297 7296
36532 36531
65367 65366
74701 74700
66748 66747
72347 72363
31419 31418
19450 19449
67031 66925
76765 76764
77832 77833
7352 7351
6623 6638
6066 6064
8678 8677
10724 10739
35558 35556
56970 56969
25421 25420
17596 17597
35192 35191
63483 63482
75306 75305
2308 2307
34296 34229
62391 62390
2327 2306
44727 44735
20762 20763
57298 57297
57909 57908
12108 12109
1834 1805
62909 62908
45904 45903
8285 8284
18883 18882
12752 12751
34572 34588
36092 36065
18613 18614
13558 13557
71252 71456
15980 15979
46110 46109
28439 28487
10587 10585
41333 41332
27497 27496
24584 24583
70181 70180
8976 8974
4104 4120
28767 28766
50015 50014
14592 14571
59710 59725
23041 23040
26178 26177
47312 47311
9869 9868
29482 29481
35605 35606
59415 59423
65357 65356
21616 21615
49365 49364
43119 43118
2638 2653
27722 27721
72027 72026
28537 28552
65235 65236
1957 1956
3447 3475
53880 53879
46226 46225
68147 68162
46199 46198
60775 60774
22090 21875
76141 76140
79037 79036
23274 23273
71026 71054
71133 71172
1058 1057
62622 62621
47663 47662
13566 13564
25446 25445
47259 47258
8978 8977
13334 13333
40253 40254
44028 44027
30347 30346
75758 75757
41066 41064
56244 56243
59409 59408
3454 3453
41470 41469
7925 7924
58910 58909
74950 74949
40295 40310
43850 44061
14327 14326
35804 35803
4169 4168
49928 49927
15345 15344
5499 5498
48598 48597
25118 25116
15679 15678
7489 7488
783 799
41291 41307
61613 61620
35741 35704
68751 67501
46127 46126
48308 48307
4352 4351
4376 4374
60348 60347
66975 66990
25096 25097
77695 77667
7491 7490
476 475
57498 57497
71014 71013
29667 29668
14334 14305
73496 73497
78095 78094
18537 18552
50726 50725
54973 54971
60168 60166
59439 59438
31600 31571
13476 13515
24624 24623
67165 67164
75492 75546
50472 50471
53225 53436
37379 37378
10611 10610
20070 20069
18532 18531
55532 55531
77201 77200
26210 26173
72121 72128
53233 53232
11917 11916
58434 58433
78939 78938
69294 69293
29972 29970
42272 42271
52771 52770
31540 31539
2669 2668
20350 20321
23793 23792
79077 79076
58823 58822
63128 63144
11850 11849
30248 30247
59390 59389
27012 27013
74731 74730
45487 45488
46972 46973
58047 57980
50465 50464
36394 36393
58455 58454
60857 60856
25186 25185
3911 3910
30776 30775
70399 70398
22316 22314
38990 38989
37680 37679
63051 63050
62311 62310
63284 63300
33900 33899
4127 4126
50524 50523
64973 64971
27627 27634
52360 52359
73997 73995
30760 30761
23234 23233
2957 2956
25577 25576
41944 41943
48786 48785
35789 35788
14947 14946
41603 41601
16936 16915
29404 29403
59026 59024
38640 38639
7223 7222
75120 75136
35613 35612
57627 57618
3958 3957
26814 26813
32850 32821
30722 30723
29539 29538
70851 70858
10474 10473
26255 26254
17816 17815
58011 58027
22890 22823
38129 38128
18446 18445
8448 8455
54026 54024
50180 50179
41663 44998
31551 31550
47445 47444
46368 46366
67418 67417
63732 63733
50156 50155
79591 79376
23448 23455
75038 75009
52029 52002
35795 35794
74908 74907
9218 9064
45730 45729
30917 30918
7714 7703
6829 6828
49560 49559
53365 53364
8518 8534
58411 58409
44089 44088
47099 47091
60424 60423
24911 24910
69145 69144
7953 7952
13094 13093
52541 52557
2232 2231
75294 75295
36764 36763
34744 34743
23167 23166
31739 31740
2259 2258
44953 44952
31777 31778
52445 52444
17386 17385
55899 55862
58023 58022
41310 41325
37847 37846
68066 68067
73048 72970
73120 73119
77197 77196
30889 30888
77844 77843
59339 59355
61911 61910
73538 73553
56704 56703
63700 63699
34434 34435
72550 72557
4281 4280
42742 42741
6817 6818
32692 32691
23745 23744
31659 31660
53939 53938
9110 9109
2072 2088
16633 16632
28461 28460
50914 50913
54988 54987
74823 74822
895 894
73899 73898
76048 76047
25774 25773
62916 62915
144 143
5271 5270
40230 40229
48 39
72433 72440
79401 79400
61782 61781
59899 59898
38431 38430
75296 75311
56497 56495
53484 53483
47029 47002
48270 48269
17054 17053
46863 46862
64642 64641
77105 77104
19066 19065
63439 63644
21810 21809
71407 71406
79185 79184
22493 22492
13976 13974
15309 15308
28966 28973
4000 3999
67580 67589
25550 25549
66374 66373
828 827
38881 38880
64667 64666
34314 34313
30516 30515
21961 21960
58470 58469
47118 47117
51312 51311
38942 38941
22207 22208
950 949
70977 71016
35005 35004
29184 29183
58664 58663
15167 15165
13537 13552
72475 72474
57983 57982
4675 4674
19900 19899
71550 71549
52629 52628
23452 23451
6243 6242
31671 31670
79332 79331
45919 45920
25047 25046
31648 31647
39541 39548
66170 66169
7830 7829
50242 50241
72378 72377
2716 2723
74240 74241
74420 74419
3507 3506
34526 34525
33824 33823
29450 29449
55731 55730
30707 30706
27040 27068
40324 40322
65160 65159
42413 42412
36845 36836
26999 26998
1458 1457
63603 63602
4062 4063
36174 36190
76880 76879
9688 9893
1969 1968
55473 55472
27373 27372
4059 4058
17782 17781
41665 41664
54324 54323
4974 4973
63279 63278
68142 68141
9436 9415
38295 38294
6656 6655
34009 34008
67714 67716
27644 27643
67057 67056
44972 44970
55306 55305
14805 14813
42722 42721
24853 24881
60642 60641
21948 21947
373 388
46549 46548
25486 25485
14391 14390
71716 71715
26829 26828
48156 48155
5022 5076
15138 15153
65355 65371
52409 52408
24121 24122
29903 29904
56805 56804
261 260
25524 25523
77357 77356
50623 50225
43253 43251
12515 12514
41250 42498
3387 3386
52226 52265
899 907
30891 30890
67134 67133
66577 66576
41247 41246
74577 74576
32991 33045
60572 60571
47289 47288
51629 51628
971 970
70534 70533
19681 19680
22511 22509
24329 24328
35349 35348
6085 6084
12098 12097
53769 53770
58168 58167
73738 73737
78349 78348
30216 30223
67271 67270
62713 62712
74008 73908
72825 72823
53490 53489
59525 59524
45757 45756
54682 54681
51421 51420
514 513
2702 2701
47684 47683
50686 50665
37056 37055
51460 51459
23346 23345
50510 50526
56372 56371
21656 21655
64439 64438
5755 5754
8215 8214
64273 64272
27732 27731
9787 9802
58229 58228
17356 17355
45724 45739
61387 61388
11312 11311
2320 2319
26879 26878
42293 42292
5125 5124
16216 16215
66526 66524
54328 54327
6999 6998
28663 28662
23860 23859
68696 68695
33763 33762
79267 79266
78089 78105
45169 45168
36329 36338
70627 70625
25404 25403
7428 7427
61252 61456
51756 51727
45969 45968
14142 14151
23943 23914
17957 17956
28017 28008
74653 74652
66175 66191
37568 37567
25032 25031
60731 60730
27479 27480
61985 61984
78914 78913
11388 11403
37577 37510
59473 59474
3245 3244
4118 4117
64238 64239
63556 63564
26379 26378
58265 58244
46255 46254
44606 44605
76425 76426
39099 39098
23094 23093
35611 35610
59846 59844
68989 68988
35419 35418
64743 64742
9142 9151
17040 17068
74088 74087
26320 26319
60966 60965
71647 71646
32333 32332
38525 38553
40696 40695
43648 43647
9526 9525
32331 32330
2185 2184
62168 62169
8037 8036
55859 55860
62119 62118
3850 4061
18710 18673
49123 49138
43684 43683
76359 76358
69817 69815
8575 8576
25633 25632
42120 42127
61118 61117
60445 60444
15547 15469
43141 43140
50872 50871
16394 16393
33750 32500
63997 63995
34495 34494
53058 53056
41201 41200
41513 41512
9129 9128
77252 77251
35390 35323
67552 67551
34226 34225
60185 60184
69050 69049
5573 5572
58706 58705
46936 46915
35501 35500
77941 77948
27099 27091
55941 55957
62723 62722
32386 32385
28209 28208
39262 39261
7234 7233
42221 42220
2545 2544
70867 70866
21237 21236
20615 20614
57245 57244
29417 29416
75972 75971
42098 42097
72596 72595
15126 15117
56008 56007
43886 43887
44734 44733
32795 32810
31276 31275
8829 8838
58704 58703
61895 61896
38579 38578
45152 45151
31502 31501
44440 44439
17411 17410
77762 77761
37963 37962
10889 10888
69571 69570
6032 6031
68183 68184
59741 59740
78987 78996
1513 1512
27938 27937
22040 22068
35026 35025
66309 66310
57586 57585
27483 27462
15331 15332
56993 57001
64275 64274
50246 50244
18558 18557
6011 6010
37202 37201
3230 3229
19599 19591
70475 70474
71097 71113
33710 33673
67987 67986
23414 23413
13888 13903
59377 59375
6276 6275
77260 77259
62597 62598
43182 43183
22633 22632
38146 38161
78147 78162
38938 38937
22056 22055
37348 37347
67719 67718
9319 9220
17428 17427
52706 52704
48212 48240
56262 56260
50605 50606
27106 27105
41726 41725
10278 10277
68878 68885
42443 42458
60000 60001
59288 59287
39486 39485
73582 73581
48194 48193
38726 38725
78947 78946
66892 66891
50375 50374
71374 71373
46570 46569
29745 29746
78840 78838
70221 70220
18731 18732
26833 26832
2598 2599
56292 56308
24518 24517
65665 65673
19667 19668
77703 77702
39842 39815
35350 35321
17383 17391
54189 54188
8932 8931
17278 17277
3289 3288
63785 63784
35093 35092
59029 59028
42322 42321
27574 27573
6472 6471
46496 46494
77361 77360
78696 78695
15432 15448
11125 11124
10213 10215
34606 34605
23948 23947
79555 79554
42261 42260
39298 39307
42560 42575
48852 48851
36373 36372
52803 52802
71198 71197
53094 53093
69615 69614
22358 22357
52513 52512
75547 75480
65428 65427
68128 68144
50482 50481
47818 47817
4820 4819
30977 30985
70018 70017
31812 31811
37581 37580
70962 70961
22054 22053
64967 64966
49852 49851
25406 25405
43196 43195
18419 18420
54591 54376
8763 8762
49839 49838
25854 25853
76031 76030
38924 38925
50487 50488
73047 72980
4717 4716
24173 24172
30512 30511
44537 44536
76252 76456
20969 20968
42179 42178
60191 60190
42344 42471
17807 17806
5064 5063
73792 73808
70119 70117
7227 7235
8067 8068
61958 61957
25440 25447
52108 52109
56010 56009
17293 17292
67123 67122
54231 54229
23037 23036
63685 63684
41488 41487
32667 32665
71479 71478
52086 52085
56302 56301
55924 55923
2738 2737
41545 41560
33850 34061
47335 47334
23245 23244
27274 27273
59322 59321
68576 68577
74752 74751
30802 30817
40715 40714
27775 27773
74378 74394
29108 29107
53698 53697
40240 40239
78120 78119
52478 52477
34467 34466
53492 53491
14398 14397
74756 74755
42793 42794
47278 47277
8352 8351
67458 67457
47564 47563
10167 10165
28562 28561
78584 78583
15701 15703
67735 67736
27371 27370
48573 48574
34692 34691
69322 69321
58007 57978
10193 10164
7029 7002
48589 48588
74415 74423
25265 25264
71425 71426
43090 43089
49005 49006
19068 19067
60042 60058
63991 63990
23726 23725
71330 71339
5858 5859
12934 12933
75894 75893
47797 47796
37154 37153
49955 49954
20709 20708
33772 33826
35531 35530
31743 31742
8984 8985
1331 1330
78458 78459
32223 32222
31113 31114
29580 29587
55687 55666
18005 18004
56477 56475
14274 14273
60502 60501
69170 69169
61451 61450
60809 60808
73947 73946
7669 7668
68788 68759
49344 49343
36840 36839
59470 59469
47936 47935
34026 34042
57222 57221
9478 9477
41486 41495
50717 50716
29376 29374
1272 1326
17545 17544
59506 59505
20770 20769
15800 15801
68361 68410
6540 6539
72542 72558
54397 54412
37453 37452
41463 41465
37050 37051
23938 23937
35946 35945
11819 11720
53682 53710
76056 76064
63084 63083
36736 36735
32126 32125
47257 47256
78977 78975
24509 24508
79781 79780
40902 40901
24055 24054
65548 65470
39882 39921
72590 72588
67161 67159
41526 41542
307 306
60536 60535
24778 24777
77794 77795
27780 27779
51521 51520
60515 60514
61822 61821
14106 14105
31917 31916
2110 2159
44530 44424
42951 42966
1779 1794
29383 29382
68729 68728
44264 44263
12478 12477
38306 38305
39949 39948
50194 50166
74244 74243
63065 63064
7217 7216
33075 33074
30961 30960
7864 7863
54014 54013
51072 51071
10965 10964
20506 20477
12761 12760
54663 54662
45283 45274
10360 10359
67977 67976
16456 16454
75548 75470
48398 48361
66248 66247
67827 67826
16278 16277
18135 18142
55466 55465
28726 28725
67954 67953
39863 39864
75302 75301
8391 8390
5783 5799
23701 23700
700 699
77950 77951
71983 71982
69432 69431
34177 34176
37775 37773
73787 73786
69710 69725
30415 30414
21562 21563
12877 12876
26724 26723
24337 24335
79802 79801
10664 10672
14997 14996
32261 32260
47295 47294
32188 32393
19431 19430
69962 69970
42591 42590
2310 2309
32828 32827
74096 74095
66377 66368
25212 25211
27625 27624
62867 62866
13316 13315
29629 29630
78964 78966
31995 31994
18733 18712
66907 66906
45411 45412
20312 20313
56487 56496
45354 45370
52638 52653
60276 60274
75886 75885
78369 78368
68973 68972
55281 55280
53303 53358
42275 42303
22394 22392
8507 8506
55763 55764
10347 10346
6511 6510
70172 70171
71487 71496
70101 70312
25402 25400
18772 18826
41314 41313
54902 54903
53794 53793
21419 21418
37925 37924
34709 34724
22578 22654
17499 15001
52493 52492
3525 3553
22812 22813
13617 13616
57772 57771
19888 19887
9953 9952
19580 19587
41611 41602
64377 64375
35089 35087
63515 63517
12734 12735
36883 36882
75853 75852
9251 9250
12451 12450
60038 60009
12188 12393
34247 34246
61586 61640
69587 69586
6075 6076
22955 22954
70685 70686
16852 16851
65019 65020
18577 18556
47795 47810
19100 19071
56503 56502
76615 76614
16553 16552
27606 27605
73007 72978
497 496
77777 77793
72087 72086
63510 63509
3372 3371
78309 78308
69132 69131
11879 11878
40045 40044
24394 24395
20700 20699
62233 62232
70021 70022
49662 49661
55622 55621
79052 79051
62785 62792
53275 53274
71351 71562
65277 65293
26804 26803
24540 24568
11250 12498
43029 43044
4093 4092
59485 59484
50276 50292
61604 61602
30129 30128
44190 44197
1927 1926
65097 65098
23864 23863
73542 73541
63142 63141
9189 9180
22189 22237
1409 1408
58907 58906
69288 69287
28257 28256
57165 57164
9239 9240
62554 62553
24211 24210
11049 11048
33412 33411
56130 56129
46500 46499
43010 43026
21348 21349
20110 20109
50652 50651
24579 24589
67119 67118
42029 42002
33285 33284
50146 50145
25741 25704
37995 37994
6484 6485
4100 4071
32740 32739
37032 37031
15142 15141
65620 65619
5876 5875
49888 49887
4827 4806
26490 26489
67664 67663
35541 35540
271 270
39968 39967
4645 4644
78802 78801
49529 49502
38442 38441
37188 37393
21673 21672
71847 71854
1193 1208
60227 60225
29610 29659
31857 31872
29738 29736
58134 58133
41462 41461
10040 10038
51440 51439
13236 13235
69601 69608
55107 55106
26677 26676
30682 30683
28169 28168
5320 5319
61892 61891
22118 22117
20196 20195
50879 50880
43803 43802
60888 60887
77714 77716
8831 8830
24266 24265
56858 56873
39337 39335
33282 33281
67762 67761
75422 75421
60664 60703
67929 67900
2390 2389
43944 43916
65981 65980
14158 14157
16665 16664
28615 28630
28765 28764
48890 48889
71008 71007
61296 61295
21530 21529
40969 40968
53509 53508
8659 8658
5387 5386
8670 8672
29205 29204
49165 49164
13608 13607
64644 64643
77773 77744
6760 6776
15413 16248
6333 6332
20248 20247
18503 18502
47713 47715
39457 39456
15635 15642
24074 24072
44224 44223
41255 41254
13555 13563
11216 11215
58399 58362
45098 45099
79695 79694
29047 29046
39993 39992
2906 2905
28012 28011
2828 2827
45617 45616
34465 34464
30677 30676
59714 59713
67679 67734
55962 55961
62038 62037
8389 8388
78618 78617
73929 73984
33310 33309
63821 63820
68267 68266
72865 72864
9207 9206
4981 4982
9066 9065
49835 49834
70407 70406
18697 18696
5734 5733
63145 63146
14085 14139
45862 45878
69667 69666
40163 40162
25112 25111
51278 51277
62494 62493
51392 51391
69435 69436
40923 40922
77353 77352
43092 43091
71987 71986
58682 58710
71624 71639
19782 19781
54996 54995
22029 22002
16091 16090
31007 31006
35295 35310
51692 51691
15263 15262
45263 45262
40984 40983
49237 49238
60357 60356
2118 2117
11018 11034
40381 40380
58021 58020
61027 61034
51014 51016
67321 67320
29116 29115
13447 13475
46730 46728
20408 20407
49993 49992
59979 59978
1379 1378
74743 74742
79493 79501
3069 2970
2602 2601
7968 7814
43604 43611
10339 10338
37426 37425
8266 8265
23024 23023
68261 68262
68991 68990
58708 58707
38092 38091
75049 75040
39068 39067
7082 7081
37805 37804
7192 7191
61560 61559
53111 53110
56778 56779
47223 47222
25072 25071
46762 46761
43650 43649
53325 53324
45208 45207
49074 49072
3902 3901
62262 62261
39997 39996
64477 64476
71567 71566
32771 32770
70443 70442
65247 65245
28350 28357
13772 13826
59153 59151
51133 51141
33048 33057
58441 58457
40917 40918
13457 13458
63540 63539
21791 21790
32227 32235
44793 44792
23676 23675
59433 59434
38828 38904
33774 33773
57361 57360
11133 11141
34076 34075
66223 66221
11797 11719
50392 50401
10305 10304
48812 48811
66690 66681
65422 65421
16365 16336
48558 48557
24028 24027
58573 58572
23385 23384
23530 23529
47487 47486
24854 24861
73664 73663
18017 18008
76514 76513
1585 1639
23831 23830
11167 11166
22064 22063
22738 22737
2820 2819
69655 69654
23812 23811
8560 8559
48640 48639
8219 8218
48081 48080
4955 4954
45356 45355
21210 21173
79523 79522
70357 70356
42908 42907
20942 20941
29867 29866
74599 74598
66504 66505
50812 50811
63478 63486
62808 62807
25459 25458
63851 64062
66581 66580
20174 20175
76567 76566
24592 24571
47341 47340
8787 8758
52997 52996
71700 71701
72634 72633
1855 1856
58118 58117
35428 35399
43041 43040
19995 19994
34541 34548
47417 47416
33676 33675
182 181
46239 46238
8511 8510
45577 45576
41176 41175
11515 11514
42263 42262
49482 49481
35560 35559
54510 54509
15518 15525
6863 6862
41193 41208
27553 27552
66427 66428
3722 3720
32892 32901
33697 33696
44721 44720
361 352
37383 37391
3488 3486
67239 67237
11327 11260
66099 66098
61107 61106
4692 4691
11113 11114
78597 78613
69443 69442
67907 67906
73732 73733
79754 79753
30872 30871
9291 9290
78028 78029
24770 24769
626 624
53168 53167
56716 56715
28530 28529
66683 66699
46287 46258
51745 51744
64290 64289
53208 53207
72298 72297
66078 66057
63303 63318
59257 59228
63766 63765
39782 39781
55591 55590
47921 47920
37100 37107
860 909
12215 12214
14584 14583
19637 19636
71269 71270
61109 61108
63944 63915
10491 10545
10959 10974
69347 69354
54834 54833
35828 35827
20439 20430
12169 12170
75420 75419
11226 11225
26352 26351
60193 60192
57059 57058
24535 24534
22363 22364
20123 20122
74642 74641
64563 64562
34598 34597
55199 55198
43054 43053
29524 29523
39156 39155
45074 45073
29639 29638
62101 62108
48102 48101
34383 34382
8747 8746
8828 8904
54977 54976
692 691
1678 1649
37297 37296
535 534
53907 53906
45816 45815
66128 66127
3272 3271
5267 5266
1557 1556
69452 69454
66275 66274
1205 1204
49949 49948
11781 11780
65540 65539
74358 74373
71820 71721
8793 8792
12131 12146
32419 32418
38067 38068
38126 38124
18463 18462
29245 29244
37411 37410
46358 46357
48150 48149
74954 74953
33058 33056
34972 34970
8058 8056
18436 18437
47478 47477
18404 18403
77758 77658
74748 74749
70565 70564
29127 29126
22526 22525
23290 23318
25167 25165
33291 33298
24019 24018
35834 35833
65113 65112
46621 46622
62011 62012
27752 27751
15787 15786
18753 18752
15180 15179
6098 6097
11984 11983
48105 48106
76757 76728
67055 67054
62208 62209
36095 36093
24189 24180
60833 60832
24383 24382
52915 52914
79728 79736
79529 79528
21005 21004
9649 9657
37784 37791
45893 45892
54897 54896
44648 44611
16896 16911
19234 19233
32608 32607
45047 45046
57180 57179
79992 79991
57198 57226
4871 4870
33283 33299
9429 9428
78491 78490
44148 44147
79466 79465
25881 25896
61685 61684
1073 1074
69927 69926
33334 33333
66042 66041
3681 3709
57248 57249
15026 15025
28984 28985
2419 2418
25824 25823
10669 10668
11379 11378
17913 18748
1982 1981
44251 44250
26581 26582
71300 71307
46959 46958
75985 75984
46360 46359
26540 26539
71949 71948
27481 27482
2986 2985
67571 67570
50394 50393
36694 36693
30995 30996
64197 64196
4285 4284
42485 42484
74813 74812
42892 42901
75374 75389
75116 75087
45541 45540
7129 7130
55542 55541
10679 10678
21507 21407
68869 68867
21743 21742
1589 1588
32812 32813
31793 31792
6072 6071
32849 32848
69202 69217
60215 60204
42545 42544
42807 42806
9775 9803
37204 37203
50493 50492
9554 9553
12951 12966
42327 42306
47143 47142
33962 33961
43888 43903
21009 21008
13278 13277
23682 23689
37409 37408
35891 35890
73895 73894
6718 6564
79724 79723
41929 41928
76647 76646
17323 17324
29398 29397
38695 38694
39446 39445
70079 70155
36739 36740
68145 68146
49070 49069
64724 64723
28352 28351
59174 59173
59775 59774
22497 22496
10832 10831
37894 37893
43661 43660
3743 3742
18898 18897
228 227
57203 57202
19689 19737
1265 1264
52761 52760
38921 38920
66105 66112
28657 28656
78290 78289
65565 65564
37648 37647
10253 10254
51883 51882
38242 38250
74925 74941
29778 29777
52828 52827
57033 57032
30330 30329
21373 21372
39683 39682
13369 13397
23680 23679
50522 50521
33573 33574
58019 58026
35213 35215
22032 22031
49713 49712
10858 10859
56939 56938
35994 35993
49579 49589
28539 28538
58993 58992
5385 5384
69280 69295
4550 4551
46585 46639
68857 68856
4462 4490
31191 31192
43868 43866
69399 69398
45753 45751
33761 33759
29377 29393
46113 46114
47052 47067
73647 73646
78223 78224
77578 77511
29726 29765
22026 22025
68569 68568
12179 12178
24158 24157
23368 23367
56055 56018
35931 35930
65124 65123
76516 76515
35290 35289
22451 22450
2892 2901
73388 73387
60056 60055
7596 7597
28892 28891
11959 11958
21214 21213
36834 36805
79496 79495
30779 30752
68544 68543
17096 17095
45713 45720
10992 10991
36051 36050
55422 55421
8655 8634
18560 18559
29297 29219
25432 25448
72768 72767
7232 7231
66604 66602
62677 62678
33362 33378
14111 14102
43186 43165
35667 35666
50371 50372
64309 64307
5690 5689
66015 66017
31978 31977
34697 34725
29649 29657
28909 28908
10439 10430
10501 10500
13883 13882
76230 76231
39002 39001
55490 55491
8549 8548
42431 42459
24317 24318
16555 16554
43088 43104
6593 6592
56120 56119
61103 61102
62639 62654
3587 3586
65905 65904
27700 27699
11146 11145
70016 70015
29953 29952
26549 26548
27164 27163
75566 75567
56287 56286
51585 51639
77484 77463
76074 76075
28868 28866
64182 64180
67083 67082
21270 21271
17536 17535
27268 27284
45671 45670
25163 25162
5621 5620
12778 12777
23306 23305
37742 37741
51931 51930
79585 79584
15852 15851
13234 13233
63927 63928
10850 10857
13230 13229
39391 39390
43602 43601
46005 46004
25543 25542
77085 77084
79481 79480
9556 9555
31498 31497
69349 69348
35404 35403
54208 54207
40373 40388
5198 5197
75911 75909
73811 73826
19545 19544
31543 31544
7337 7336
10048 10039
49641 49640
76617 76616
29163 27501
23655 23634
5990 5989
79600 79592
73231 73230
69826 69827
7318 7317
1900 1899
61504 61505
23808 23809
5854 5853
59138 59137
4853 4881
23372 23371
74071 74070
73481 73480
75090 75088
63687 63686
77869 77868
47154 47153
51305 51304
52331 52330
44692 44691
71977 71976
8902 8901
47032 47031
69754 69753
18619 18618
32578 32654
37841 37840
63485 63484
71012 71011
48454 48453
63504 63503
33117 33116
64016 64015
79868 79867
24520 24519
43201 43203
63495 63494
1444 1416
52545 52544
76370 76386
35722 35723
67662 67661
48131 48130
59718 59717
75233 75232
26328 26404
35339 35338
74439 74438
36462 36461
40190 40189
41812 41811
4594 4593
35136 35137
51379 51378
55054 55053
45385 45384
56073 56072
40990 40989
32472 32470
18295 18294
39698 39705
12955 12954
71858 71873
69462 69461
53454 53453
70710 70709
8684 8683
25571 25570
68311 68310
37415 37414
77933 77949
63576 63577
19199 19200
78025 78024
23150 23149
31623 31638
58103 58102
41295 41294
57075 57074
17885 17884
39865 39880
66780 66795
42251 42250
8695 8694
71920 71919
7354 7361
36284 36283
35439 35430
77821 77820
54567 54566
44978 44977
25862 25878
58066 58067
47909 47910
74487 74486
56311 56326
14440 14439
8117 8116
4156 4155
10734 10733
54294 54293
38659 38658
62144 62143
10415 10414
7566 7565
61429 61484
33852 33851
14507 14506
58313 58312
42126 42125
1732 1731
68242 68205
57150 57158
9383 9382
19345 19336
24812 24811
32673 32672
15297 15296
69646 69645
57859 57858
48471 48470
27419 27418
63866 63837
41900 41899
57783 57782
34805 34813
29949 29948
20356 20355
53102 53101
7549 7556
24558 24557
61464 61466
77819 77818
52742 52741
32908 32907
44578 44577
29352 29351
20474 20473
51250 52498
20398 20397
7226 7265
24421 24420
53692 53693
53351 53349
14021 14020
20605 20606
24562 24561
30820 30819
65191 65190
35427 35426
28511 28510
55614 55613
52453 52452
61870 61869
26919 26918
4245 4244
25339 25338
23665 23664
16760 16776
40392 40401
51914 51922
32329 32328
24203 24202
42801 42800
19340 19339
54531 54425
12028 12027
73256 73255
44598 44597
40453 40452
55464 55463
42213 42212
67167 67166
11673 11672
14002 14001
70693 70692
71279 71278
73183 73184
68997 68995
71291 71289
9165 9164
12595 12594
4957 4956
75001 70001
5567 5568
23558 23557
73178 73177
51096 51112
41551 41550
49550 49551
32702 32701
76114 76115
43188 43187
52772 52743
48632 48671
48633 48641
67541 67539
5228 5227
78449 78456
3389 3388
69548 69547
848 847
27667 27665
41089 41088
32244 32243
49972 49970
59587 59586
70109 70108
75682 75681
3996 3994
63618 63617
21995 21994
75127 75118
18024 18023
62988 62989
19539 19538
19679 19678
66822 66821
31335 31334
34398 34397
54187 54186
66799 66808
12371 12370
18968 18967
10459 10458
44669 44670
43134 43162
72969 72815
5297 5296
76544 76545
49028 49027
69044 69045
14877 14876
15169 15168
69872 69871
42194 42193
46766 46765
3358 3359
45766 45765
21984 21983
41136 41135
46608 46607
1280 1279
36440 36439
75960 75975
23598 23597
46153 46154
43640 43639
60492 60546
35679 35678
38328 38327
78611 78610
59128 59127
79206 79205
4365 4364
65823 65839
59967 59966
9030 9029
54840 54839
66983 66982
65374 65389
8230 8229
58536 58537
54360 54359
38814 38813
71230 71231
20895 20894
14365 14364
61689 61688
37736 37745
39232 39231
12911 12912
14352 14351
18682 18689
11557 11556
29359 29358
27706 27704
55913 55912
75737 75736
65139 65154
15868 15867
77582 77581
38412 38411
49924 49940
32276 32283
15957 15958
54739 54737
34648 34611
1703 1702
66740 66741
45569 45470
68567 68565
33833 33832
16927 16926
50648 50647
13782 13781
31817 31818
61518 61517
74269 74276
28881 28880
6988 6987
20482 20481
50760 50761
77596 77595
13211 13210
2141 2140
60801 60802
37961 37960
46559 46558
22092 22071
15453 15452
49264 49263
45436 45435
66522 66521
33374 33373
25102 25101
28946 28945
9606 9605
65215 65204
3751 3955
10785 10784
54058 54057
69794 69793
76546 76561
35923 35922
27076 27075
14894 14892
2405 2384
188 187
58165 58173
62328 62307
59265 59264
46068 46067
50554 50553
41316 41315
69385 69413
27610 27609
3169 3168
24283 24282
2845 2844
51946 51945
78237 78236
53286 53285
62015 61994
71287 71286
38404 38403
46400 46399
29641 29640
67689 67688
67685 67684
15106 15105
27548 27539
78108 78123
31770 31769
20083 20082
78248 78247
8810 8825
61534 61525
75450 75451
63751 62501
73460 73475
65181 65180
73991 73990
349 348
67739 67738
50364 50363
44436 44415
78072 78071
5286 5285
58375 58374
52148 52111
56607 56606
18306 18305
47245 47246
18312 18311
12493 12492
56014 56013
68656 68635
54054 54053
53991 53990
70281 70280
12959 12958
69466 69465
63963 63962
42403 42404
5503 5502
25020 25021
58197 58196
70659 70658
78437 78438
51902 51901
66905 66904
15261 15260
76866 76865
70388 70387
30883 30882
3473 3472
63746 63745
43657 43656
35074 35073
4154 4153
35615 35614
9566 9565
34976 34975
78193 78192
66523 66494
45634 45662
60521 60520
19938 19937
22957 22956
59168 59167
8940 8939
39114 39113
11711 11710
48179 48178
49510 49511
15641 15640
60989 60987
28224 28239
58048 57970
7938 7937
64190 64181
55651 55650
32070 32069
71714 71713
45055 45054
53649 53648
68349 68348
9702 9701
63201 63200
71304 71303
59591 59376
12568 12567
38046 37979
69640 69639
16779 16794
70521 70520
67395 67393
2700 2699
54823 54822
74883 74922
24744 24743
43435 43434
68411 68409
76467 76474
37877 37876
19510 19511
51373 51372
63147 63162
40093 40092
11438 11437
51921 51920
69994 69993
21846 21853
36751 36750
22449 22448
10726 10725
69597 69596
16867 16866
69670 69671
31322 31321
78764 78763
48167 48166
47318 47317
59297 59230
67940 67931
11663 14998
77848 77847
47598 47599
53893 53892
49461 49460
21879 21878
20935 20934
79961 79924
52152 52151
25682 25683
24805 24813
15717 15716
35345 35344
35627 35643
44285 44284
68961 68960
17640 17639
56175 56191
33797 33796
71541 71540
10600 10599
29873 29872
42354 42361
24772 24771
6022 6021
59764 59763
65809 65808
58742 58741
75300 75299
58794 58793
66116 66131
72182 72181
32877 32876
32944 32943
60794 60793
45503 45502
48629 48628
48900 48899
50876 50875
31965 31964
24949 24948
50417 50416
74889 74888
22420 22422
74540 74539
42436 42435
54525 54524
28364 28363
31138 31137
78199 78198
14931 14959
45387 45386
69591 69376
78331 78338
64788 64803
72603 72602
62155 62154
30350 30321
9314 9313
34040 34039
13167 13166
28219 28218
9387 9386
37230 37229
37033 37049
45518 45525
72594 72593
54529 54528
34377 34393
79202 79217
41443 41414
27420 27422
62954 62953
49675 49674
49222 49221
36136 36135
66878 66894
57891 57824
24427 24426
25797 25796
72210 72225
58825 58824
52623 52622
47479 47480
62531 62530
16297 16296
23352 23351
48896 48895
23209 23208
5869 5897
42173 42172
27890 27823
52908 52907
66328 66261
55447 55446
53029 53044
28389 28388
66366 66337
27710 27709
13749 12705
10948 10955
44822 44821
6108 6107
1681 1679
24103 24101
14181 14179
36211 36219
20999 20978
53821 53820
61369 61367
71693 71692
18389 18388
35969 35968
24381 24380
75437 75436
73514 73513
51280 51279
67825 67823
9635 9634
65779 65778
50963 50962
44509 44508
38982 38981
51610 51609
65985 65984
70870 70898
76092 76091
39985 39984
27746 27744
63813 63812
49076 49075
9622 9621
77791 77790
42856 42855
64004 64005
53568 53567
20218 20217
13238 13237
28610 28609
70593 70592
60996 60997
72208 72209
76933 76934
12682 12681
42264 42266
69931 69930
55249 55248
54082 54083
5000 9998
29055 29054
40188 40187
18990 18989
21136 21135
14355 14356
66382 66381
67189 67394
50514 50513
12076 12075
68692 68693
60201 60200
16885 16892
27767 27766
7495 7494
21339 21337
42353 42381
29274 29273
69113 69120
48109 48108
10802 10817
5078 5154
52894 52893
49279 49294
35060 35075
71690 71681
13627 13626
55845 55844
10506 10477
79538 79537
28883 28882
69195 69194
50948 50955
27240 27239
31199 31198
29747 29748
55712 55711
717 716
77119 77118
50626 50624
6402 6401
9789 9788
25360 25359
11157 11156
29574 29573
8137 8136
53667 53666
74990 74989
14643 14642
41312 41311
78771 78772
5234 5235
51587 51586
45190 45189
70195 70167
30609 30608
11077 11056
51480 51479
41216 41215
5436 5435
2270 2269
42755 42756
67346 67344
16682 16698
587 585
45463 45462
56617 56616
10045 10044
53467 53466
25667 25666
74335 74306
63609 63608
20503 20502
45013 45012
76841 76840
40992 40991
48757 48756
14620 14627
64627 64626
66370 66386
46155 46134
48737 48736
31073 31074
50455 50454
2541 2557
4890 4889
11932 11933
47606 47605
63544 63543
52242 52241
45112 45111
78773 78827
39312 39311
35288 35287
25514 25513
59122 59123
56534 56525
67632 67631
14667 14668
60771 60770
66685 66684
28770 28771
10914 10913
50820 50819
79746 79747
10427 10426
29537 29536
41692 41691
39827 39806
31085 31084
25705 25721
26188 26187
2096 2095
20118 20116
15715 15714
20874 20873
40641 40640
57067 57066
31515 31514
32149 32157
32934 32933
45992 45991
49689 49737
39945 39944
55477 55476
17114 17113
33843 33842
26667 26666
59722 59721
62891 62824
17497 17496
22732 22731
66461 66460
36581 36582
62492 62491
43627 43626
36058 36057
53321 53320
6715 6714
39296 39229
21684 21683
30193 30164
24259 24257
55160 55159
30505 30504
4915 4914
73002 73001
17232 17231
51106 51105
66171 66173
38266 38265
74298 74220
35509 35507
17932 17948
79082 79083
57529 57528
29196 29195
44376 44374
16910 16909
30787 30786
67637 67638
37551 37550
65458 65457
76189 76188
1543 1544
60825 60824
45062 45061
25361 25352
37196 37195
60597 60604
75285 75292
40866 40865
2574 2573
62945 62944
75291 75290
17056 17055
75964 75963
30408 30407
55284 55275
42579 42588
29968 29967
11749 11748
30371 30372
68201 68200
17881 17880
61700 61701
3346 3345
21591 21590
8069 7970
22318 22317
75687 75666
39047 39046
67477 67476
64143 64152
50910 50908
77863 77870
20766 20765
33646 33645
12287 12302
32401 32402
5541 5540
31121 31120
66612 66603
66048 66047
11364 11363
70384 70383
1944 1943
58015 58014
7710 7709
54100 54099
26286 26285
59193 59192
37619 37635
65777 65776
72319 72318
31891 31890
12853 12851
59338 59336
24675 24674
64716 64715
41525 41523
73055 73054
70900 70908
19503 19501
31005 31004
55094 55093
61945 61944
28090 28089
21513 21512
32619 32635
76885 76913
1041 1040
58170 58169
62075 62074
44612 44628
73458 73459
77884 77883
34429 34428
45885 45884
40690 40689
56445 56417
19389 19388
46272 46326
220 219
18289 18288
29499 29498
21859 21858
44749 44728
45015 45014
5486 5485
63315 63314
40049 40056
19524 19523
10284 10291
1486 1495
58269 58268
77182 77181
29283 29282
8782 8781
1081 1080
58738 58737
77410 77409
27596 27597
9930 9929
16884 16912
6290 6288
53298 53297
52547 52546
23266 23265
24648 24611
10436 10435
65418 65417
29440 29439
9560 9559
11642 11651
16585 16639
36249 35205
22339 22338
1250 2498
64339 64355
54111 54110
64826 64827
29189 29180
77140 77139
749 748
44111 44102
22386 22385
55801 55802
43018 43025
51324 51323
16580 16579
15984 15983
19932 19939
38425 38424
40679 40678
6155 6134
50802 50817
67450 67449
3065 3066
49432 49433
26297 26296
76357 76356
58953 58952
62506 62505
5487 5488
34436 34415
2149 2157
32118 32117
18716 18715
52173 52172
50328 50327
36842 36841
40104 40103
965 964
23919 23918
55354 55352
24787 24802
10577 10576
60743 60751
8776 8775
1165 1164
36600 36571
22706 22704
72916 72915
885 884
39201 39216
57189 57394
63187 63166
33695 33694
17086 17085
30474 30473
74075 74073
69107 69106
64611 64660
34619 34647
74627 74626
19361 19360
44186 44185
68138 68137
25362 25369
10935 10934
46376 46367
77549 77540
8376 8375
29930 29929
60027 60026
7826 7825
31241 31240
2234 2233
58042 58041
57146 57145
43812 43811
65603 65602
59386 59393
31703 31702
78555 78518
67584 67583
32045 32044
69735 69734
70424 70423
7631 7630
27786 27785
71750 71749
52968 52814
13383 13382
67475 67474
49103 49101
42282 42281
73526 73554
68880 68879
45167 45165
43326 43325
14578 14577
23332 23331
76541 76540
10641 10640
16434 16433
36678 36649
29961 29969
32694 32666
7767 7766
11446 11445
67021 67020
55342 55341
9081 9082
37503 37502
9582 9581
18543 18542
40531 40530
20848 20847
54377 54375
66332 66331
41562 41563
45261 45260
41694 41693
43226 43225
19694 19693
47659 47658
7795 7810
75718 75717
68876 68875
55194 55165
34903 34904
31976 31975
69527 69526
16083 16082
9367 9366
32640 32639
22080 22087
57677 57678
44641 44640
68829 68905
20701 20703
14753 14752
51419 51418
56880 56879
65825 65824
916 915
64437 64416
13477 13485
72672 72671
43295 43294
55052 55051
64864 64865
25438 25437
40017 40016
17285 17286
42037 42036
7736 7745
34919 34918
8579 8578
10588 10604
73785 73784
5058 5059
52598 52599
67869 67868
22041 22048
67703 67702
44858 44857
16287 16258
14028 14027
78817 78816
20804 20803
66240 66239
54341 54340
10392 10401
760 761
18890 18889
50940 50956
44361 44360
54401 54400
57399 57398
39186 39185
5096 5097
22671 22670
35486 35485
47702 47701
79743 79742
78799 78790
51689 51680
14448 14447
4408 4407
70019 70020
50150 50149
26482 26481
23998 23997
11730 11728
3100 3099
17322 17321
70515 70514
55888 55887
12386 12385
79609 79610
72136 72135
11857 11872
8107 8122
71429 71484
24234 24233
56768 56759
68717 68716
77831 77830
571 570
40140 40139
43156 43155
74001 74000
11814 11813
32648 32647
57622 57621
68303 68318
55547 55480
26496 26494
65153 65152
25963 25962
4841 4840
10449 10450
64581 64588
62611 62610
38589 38588
44337 44335
71849 71848
27555 27554
61508 61408
72926 72925
36392 36391
50432 50448
56584 56585
61182 61210
28621 28620
71922 71921
27287 27302
31448 31447
8761 8759
63335 63334
73799 73790
75424 75423
39434 39435
4190 4197
21041 21040
45434 45433
72827 72826
23833 23832
15705 15721
55593 55592
8966 8973
21211 21219
7344 7471
19890 19889
20742 20750
70306 70305
768 767
48230 48229
64811 64810
77239 77237
36464 36453
69771 69770
50537 50536
4196 4195
70325 70323
11665 11664
64609 64610
40785 40784
69225 69224
47221 47220
46819 46720
52327 52306
13416 13415
70702 70704
60194 60165
45271 45270
26913 26952
73455 73454
20339 20338
75653 75652
6804 6803
51817 51818
63586 63585
64346 64337
35480 35478
43765 43764
69182 69180
67353 67352
54534 54550
68453 68452
16352 16351
18518 18534
24414 24422
41339 41337
5015 5014
59735 59734
9879 9878
60754 60752
39089 39088
53258 53257
35842 35821
5995 5996
71023 71022
67488 67487
23435 23434
57391 57390
7188 7393
1661 1662
75580 75579
25629 25628
11257 11256
32951 32966
9137 9136
20711 20710
26703 26702
19383 19382
64843 64816
29514 29493
17541 17557
71038 71053
76103 76102
42845 42844
15095 15094
18488 18486
73036 73035
46316 46315
62939 62938
53193 53192
28139 28138
44030 44029
22409 22408
20648 20647
19367 19366
77262 77261
67933 67949
46286 46285
78413 78412
77749 77748
27152 27151
35049 35056
11589 11588
29753 29752
49903 49904
12219 12218
53318 53289
54617 54616
73971 73970
46025 46053
52261 52260
43976 43974
66518 66517
23786 23785
51103 51131
43062 43061
25487 25488
29978 29977
27417 27416
39103 39101
41631 41630
36201 36200
61019 61035
29413 29452
15621 15620
32604 32603
41440 41439
60538 60537
6165 6164
69292 69291
2640 2639
31055 31063
5722 5723
60685 60686
9163 7501
19972 19970
67276 67304
63787 63786
16736 16735
45738 45737
5607 5622
31024 31023
51286 51285
41503 41504
18006 17977
78944 78915
22858 22857
16845 16836
31062 31061
41490 41489
77622 77621
48186 48165
63464 63463
64942 64943
29140 29073
20933 20932
57592 57591
13871 13870
59553 59568
10759 10758
15698 15697
20682 20683
21873 21475
40236 40245
54311 54310
12706 12704
44165 44164
15463 15462
24442 24441
48784 48783
26876 26874
51081 51080
41865 41864
36603 36601
1195 1194
73413 73412
27856 27855
71215 71214
17460 17423
9127 9126
8260 8261
4387 4386
23670 23672
5036 5035
21533 21524
5802 5817
13805 13804
29608 29609
26972 26973
29681 29680
33528 33527
67832 67833
24025 24023
4641 4640
22009 22008
68840 68838
35267 35266
58074 58073
37718 37717
62410 62409
77518 77517
13798 13789
6274 6273
47411 47410
47375 47374
48976 48974
19241 19295
68333 68332
573 572
21161 21160
3726 3725
54001 54000
61947 61946
7106 7105
55964 55963
64529 64528
5347 5346
60693 60692
69290 69289
23105 23106
39419 39418
41999 41998
79642 79641
1102 1101
33497 33498
3160 3159
69374 68976
42405 42384
71577 71576
46823 46822
44740 44739
77838 77837
60281 60280
56998 56997
4446 4445
63466 63465
13776 13775
27375 27374
68578 68557
58311 58310
71687 71686
73769 73770
67332 67331
79216 79215
57525 57524
32129 32130
2953 2952
21229 21230
71607 71606
78762 78760
45768 45767
61038 61053
30681 30680
20870 20877
63692 63693
58771 58772
21764 21763
611 610
16889 16888
25024 25023
36081 36080
23260 23261
34610 34659
43950 43949
4114 4113
40935 40934
63525 63524
24344 24343
34614 34613
23526 23533
77940 77931
7145 7144
57952 57967
62036 62035
62408 62407
29177 29176
68540 68539
69426 69424
18322 18338
49203 49202
39831 39830
69698 69726
37555 37554
52166 52165
22843 22842
44645 44644
14656 14655
11951 11953
20022 20076
64954 64953
35933 35932
36538 36537
42447 42446
36665 36664
33541 33540
70243 70242
74670 74671
17062 17061
42949 42950
77279 77278
15146 15145
29123 29138
3604 3611
65445 65444
46295 46294
79341 79340
11176 11175
7614 7613
48141 48140
5543 5542
493 492
21413 21412
32305 32313
24543 24542
23427 23426
15584 15555
53768 53767
41974 41989
26440 26439
68679 68678
57933 57949
36320 36319
40906 40905
76181 76180
7173 7172
22333 22332
68865 68864
8328 8327
73601 73600
72657 72656
77155 77154
2012 2013
58091 58090
57756 57757
30497 30496
2927 2926
16161 16160
32661 32660
52824 52822
63157 63156
13465 13464
75727 75726
31747 31746
43213 43220
63912 63911
37564 37563
62609 62608
28181 28180
72170 72171
59623 59622
52189 52237
41191 41192
17720 17719
30656 30655
7198 7205
53067 53068
60300 60299
14137 14136
31396 31395
65857 65856
6838 6854
23009 23007
8354 8353
64022 64021
47986 47985
77189 77394
70111 70110
35602 35601
8340 8125
75006 75005
8530 8529
56000 55979
24612 24628
62186 62185
69956 69955
17944 17943
60960 60975
22932 22948
44685 44684
73396 73395
24643 24642
27748 27747
77439 77438
39540 39568
63330 63340
28782 28781
26530 26529
67701 67700
42860 42859
35910 35908
52310 52309
40102 40101
30768 30767
11121 11120
50428 50399
71712 71711
47955 47954
57717 57724
25627 25643
29637 29636
30212 30211
71313 71312
3211 3210
32684 32683
8419 8420
75432 75430
37858 37857
30931 30930
59210 59209
68246 68245
39537 39536
15893 15892
40753 40751
35584 35555
38433 38432
14686 14687
68365 68364
39049 39048
2489 2488
33604 33611
75344 75343
22968 22814
77897 77896
18610 18609
72113 72129
68639 68638
39919 39918
7600 7811
59607 59606
33297 33296
41178 41177
67647 67646
24218 24064
51476 51474
75555 75554
2255 2254
34142 34151
54092 54091
54315 54314
15916 15915
68611 68610
17873 17888
28822 28821
74324 74323
75940 75988
24181 24179
29688 29893
10854 10853
56329 56405
2826 2825
9673 9672
27175 27174
70780 70753
26181 26209
25782 25781
68756 68755
40613 40612
27219 27218
79613 79629
62575 62574
47177 47176
45977 45985
58658 58657
15349 15348
36001 36000
49379 49378
7377 7376
39289 39288
14394 14395
67384 67392
69690 69738
53804 53803
19417 19416
55120 55136
61735 61734
25872 25871
4419 4418
27092 27071
71258 71257
52788 52787
23858 23857
71998 71997
53113 53112
28184 28185
16299 16306
70233 70232
66582 66583
39804 39767
43224 43239
41155 41134
69179 69150
25757 25756
66264 66263
76676 76675
76655 76654
23039 23038
503 502
51371 51370
52769 52768
23528 23527
51783 51782
24080 24079
26085 26084
51191 51192
4026 4042
69950 69949
26480 26479
40898 40861
55632 55631
68161 68160
37720 37719
35883 35882
41919 41918
50060 50075
8581 8580
76586 76640
66389 66404
57865 57864
51430 51429
4297 4219
23741 23740
27032 27031
29285 29284
19436 19415
61424 61423
53018 53025
55223 55222
8532 8531
26751 26750
62490 62489
13573 13574
50933 50932
72214 72213
49089 49088
44066 44065
36962 36990
61189 61188
28421 28400
60376 60375
12631 12630
41423 41422
18780 18779
25914 25913
59750 59729
61653 61651
11411 11410
70080 70089
46925 46923
61742 61796
46406 46405
2453 2452
70209 70208
709 708
45037 45008
31827 31826
46734 46733
31089 31088
49930 49929
62529 62528
45669 45668
26753 26752
31625 31624
64540 64539
24171 24170
69581 69588
56200 56199
33600 33599
49255 49254
42369 42368
63696 63695
33115 33114
43518 43534
19427 19426
40808 40807
36140 36139
21170 21172
76021 76020
62907 62906
49799 49798
70670 70669
22720 22719
7771 7770
15646 15661
5583 5582
50024 50023
19696 19695
13212 13240
17909 17910
20468 20314
26500 26499
9664 9663
31718 31564
11434 11433
14249 14248
4606 4605
9277 9278
9262 9261
20257 20157
54489 54488
55090 55088
75141 75140
74107 74106
52431 52459
4909 4908
25098 25099
7394 7392
13940 13939
26600 26571
71582 71583
32353 32381
63331 63338
18670 18672
37976 37975
7871 7872
38226 38225
2491 2490
25753 25751
35058 35059
41245 41244
60922 60901
56092 56091
1247 1246
4432 4433
56662 56663
9190 9197
45902 45901
59004 59005
33436 33437
9919 9918
22476 22475
15830 15837
58462 58461
39953 39952
33098 33097
43956 43954
60596 60587
46468 46467
613 612
16948 16947
68832 68831
54720 54719
58834 58833
66447 66446
68359 68360
56643 56652
77109 77110
9853 9881
42688 42687
49259 49257
31032 31031
34104 34120
16106 16105
22939 22930
76088 76087
24686 24687
5110 5109
47946 47945
18129 18128
32898 32897
755 754
33253 33251
70758 70757
40290 40289
6140 6139
25995 25996
36500 36499
67349 67348
2054 2053
77544 77543
19797 19796
79176 79175
54854 54882
9199 9200
6500 6499
44936 44935
29913 29912
10946 10945
71071 71070
68088 68086
38558 38557
51150 51149
43121 43120
1191 1192
47200 47199
76162 76161
39635 39634
69874 69873
43274 43273
64986 64985
41793 41792
78388 78387
44484 44483
30271 30270
75094 75093
26421 26420
22696 22695
13623 13622
42835 42889
26284 26283
32761 32760
25159 25158
37301 37300
41522 41493
19985 19984
75951 75950
2989 2990
44003 44004
4488 4487
51267 51266
32748 32747
52946 52945
2018 2017
77283 77282
78286 78285
18054 18053
20438 20437
61767 61766
29178 29149
609 608
13320 13319
9943 9958
74798 74797
10212 10211
41532 41531
51484 51485
68771 68772
57117 57116
26889 26888
4279 4294
5272 5243
71078 71057
25700 25699
6631 6630
66866 66865
39751 39750
3644 3642
55783 55782
50377 50376
41621 41622
23926 23927
25202 25201
50887 50886
18385 18384
45558 45556
10064 10063
28992 28991
40415 40414
44177 44176
58734 58713
5738 5737
32776 32792
69561 69560
18039 18038
75410 75411
2656 2655
35787 35786
63349 63348
33127 33143
35520 35519
17570 17569
68216 68215
27386 27385
48610 48609
54320 54221
5307 5306
76170 76169
3492 3491
65403 65401
55849 55848
33205 33221
55596 55587
49822 49821
27931 27929
10977 10985
50361 50352
29951 29950
35030 35029
13816 13815
3693 3708
30759 30758
66304 66303
335 389
58521 58520
6961 6960
3322 3338
66198 66197
19025 19023
38932 38931
13344 13343
61355 61354
49099 49098
34283 34282
72546 72545
75078 75011
32200 32199
9334 9305
55936 55935
19129 19128
19780 19779
43573 43574
37778 37777
55640 55639
22135 22134
74238 74239
27980 27978
41869 41868
34968 34967
71864 71863
30324 30322
51534 51541
20641 20640
72195 72194
71754 71753
68901 68900
25778 25777
648 647
73829 73905
32167 32168
79615 79614
39911 39910
1419 1418
31629 31628
16929 16928
67294 67293
22249 22228
11278 11277
71638 71637
37919 37918
62404 62405
27487 27486
58675 58691
10505 10504
52694 52666
55716 55715
32131 32146
9799 9798
26789 26788
21320 21319
72117 72116
77368 77367
38492 38491
58504 58503
53687 53686
46151 46152
31282 31281
73576 73577
55403 55401
18757 18756
39181 39179
55769 55768
39719 39718
40408 40407
72161 72159
21301 21300
54563 54562
60251 60250
21207 21206
71943 71942
21356 21355
66351 66562
77452 77451
50533 50532
541 540
6574 6572
44529 44502
45637 45636
65958 65959
65035 65034
9528 9527
43560 43559
69870 69869
38109 38108
33135 33142
24104 24120
42424 42440
33581 33580
68887 68888
43350 43357
41787 41786
62800 62799
36871 36870
13494 13493
51174 51190
51690 51697
4744 4743
19848 19847
24215 24214
33798 33789
34367 34366
50776 50775
71558 71557
19444 19443
46838 46854
41873 41475
14317 14318
19289 19288
19787 19802
12344 12471
71880 71879
36333 36332
16887 16886
72091 71876
16814 16813
51965 51964
50011 50009
1091 1090
18314 18313
17831 17832
67427 67426
5602 5601
10929 10928
56076 56077
36360 36359
2312 2311
68061 68060
9976 9975
74261 74277
78068 78069
75873 75872
66471 66470
14230 14228
24961 24969
54077 54076
46921 46920
77729 77728
76389 76404
37906 37905
74027 74043
50768 50767
78288 78287
29833 29832
69965 69964
21783 21782
47084 47083
8818 8817
13226 13225
7481 7482
61378 61385
36132 36171
10100 10311
57578 57511
54889 54888
38215 38214
5350 5321
46013 46012
39915 39914
50163 50162
34451 34453
39972 39970
36458 36457
62271 62270
79716 79715
55725 55740
288 287
10967 10966
61943 61942
69071 69070
24742 24741
51490 51489
54690 54738
79655 79654
66481 66480
9205 9204
62097 62096
18790 18788
30747 30746
31470 31469
18604 18611
54843 54816
79048 79047
42778 42777
32752 32751
62813 62814
32833 32834
60532 60531
29810 29809
67355 67362
21287 21258
78700 78699
73754 73753
32417 32416
76531 76530
15517 15508
38360 38409
46024 46023
19478 19477
13621 13620
67172 67151
47076 47075
74185 74184
30269 30268
34545 34544
54769 54785
40780 40674
47669 47668
43354 43353
45675 45673
24385 24392
39355 39356
65803 65818
45579 45578
37164 37163
13528 13527
47608 47607
3790 3788
30770 30769
45719 45718
2143 2142
62134 62133
70886 70885
79447 79446
49757 49756
43570 43569
15316 15315
34730 34729
71683 71699
24835 24834
78779 78778
56672 56671
36959 36958
1282 1281
31014 31016
7100 7107
61609 61608
20772 20771
73870 73886
76901 76900
12110 12159
41293 41292
62627 62618
28260 28261
6555 6554
32526 32525
36995 36994
64937 64936
16894 16895
1299 1306
34272 34271
41969 41968
39325 39324
49189 49180
36515 36514
61813 61812
4846 4862
50567 50568
29915 29914
64485 64484
125 124
52188 52393
54378 54394
20037 20008
8724 8723
72622 72621
2849 2848
23532 23531
49572 49588
63243 63251
16492 16491
9040 9039
69324 69323
54313 54312
54691 54707
4898 4897
6096 6112
56841 56840
16595 16594
72264 72263
14619 14647
11419 11418
4256 4227
37746 37744
17432 17439
11621 11622
28115 28114
66949 66948
79441 79440
31715 31714
19757 19756
49629 49630
66870 66869
74380 74379
19114 19113
69765 69767
9427 9426
57802 57801
57554 57553
34797 34796
66074 66075
66968 66967
17080 17087
37120 37127
67138 67137
4333 4332
71391 71390
57055 57054
11614 11613
6051 6050
34196 34195
75466 75465
16421 16420
2064 2063
63771 63772
47932 47948
17200 17199
77735 77736
36522 36493
45560 45559
13247 13246
46028 46027
16957 16956
39643 39642
79762 79761
53367 53366
55765 55744
53715 53714
6764 6763
71317 71316
43782 43781
15846 15845
43737 43736
18808 18809
20596 20603
44040 44039
49194 49193
66638 66637
74788 74803
26167 26166
42706 42704
62751 62750
52856 52855
58531 58530
56828 56827
41331 41330
58101 58100
71418 71416
48027 48028
20864 20863
49723 49722
51500 51499
64271 64270
55409 55408
46848 46847
53394 53393
47530 47529
41153 41154
15176 15177
77273 77272
66935 66936
78284 78300
51967 51966
75716 75715
34518 34517
17553 17552
8737 8736
3976 3974
51062 51061
21581 21582
66682 66680
24495 24494
38186 38165
27595 27594
47441 47442
73556 73564
70939 71144
57634 57633
64962 64970
74821 74820
59104 59102
78651 78650
10514 10513
9599 9591
46929 46928
24152 24150
73116 73115
1808 1806
39230 39228
42382 42421
40790 40818
14421 14420
63660 63659
21641 21717
50755 50754
48160 48159
24816 24814
73620 73619
21224 21223
45353 45351
71302 71301
29480 29479
54864 54865
5257 5157
8016 8015
74805 74768
24131 24130
58122 58121
22141 22140
19886 19885
69942 69943
42850 42821
26940 26939
52479 52480
45341 45340
18276 18275
68112 68111
14652 14651
71733 71732
56835 56806
28349 28341
70346 70345
78823 78822
56181 56180
77324 77325
12104 12103
77427 77426
36263 36262
5726 5725
32909 32910
25658 25657
63161 63160
19083 19084
59016 59015
54536 54535
74050 74049
38175 38173
27986 27985
77384 77392
32696 32695
67880 67879
18260 18261
28831 28830
62960 62959
1167 1166
28308 28307
22944 22943
10717 10716
79548 79547
75035 75034
52931 52929
39154 39153
18154 18153
36293 36292
24451 24453
54847 54863
64998 64997
31760 31776
27984 27983
4666 4665
5404 5403
44633 44632
24749 24728
73658 73657
65794 65793
5026 5025
76050 76049
42598 42599
25942 25941
52875 52874
50284 50291
72813 72814
64 63
48520 48519
61843 61842
5182 5181
58542 58541
72142 72141
13423 13422
72490 72489
9831 9830
32491 32490
12207 12208
3591 3590
24839 24838
39822 39821
66922 66921
63197 63196
48693 48708
52084 52083
73878 73885
47640 47639
33477 33485
42196 42195
67250 67229
63434 63433
17757 17657
15741 15704
11787 11786
56775 56774
63225 63240
67840 67839
2993 2992
8228 8227
1932 1933
2877 2876
29159 29160
29379 29378
5288 5287
10234 10235
10764 10743
51900 51899
39934 39933
62838 62837
12797 12796
18083 18082
67626 67625
36578 36577
21383 21382
527 528
68965 68954
75665 75673
25173 25172
37014 36993
46859 46858
9539 9538
28633 28641
33259 33258
27135 27134
2812 2813
20431 20429
31616 31615
76830 76829
53041 53040
53307 53306
53405 53404
70566 70567
1001 1000
19669 19670
34036 34035
44664 44663
42360 42359
32116 32115
50468 50314
76905 76904
14030 14029
17379 17378
19873 19872
33934 33933
31456 31454
76321 76320
21428 21483
16969 16968
21184 21183
19182 19198
69126 69125
69946 69945
77876 77875
36969 36968
7959 7958
74056 74055
14383 14382
7671 7670
24572 24588
50779 50752
62067 62066
73823 73822
44205 44204
50032 50031
22050 22051
19285 19284
36346 36347
5060 5075
12472 12470
30929 30928
3209 3208
39389 39388
6787 6786
72561 72576
7154 7153
13716 13715
52096 52095
68286 68285
56612 56603
63756 63755
31766 31765
61993 62001
78256 78255
49497 49496
21424 21425
45415 45414
7078 7077
25830 25837
38234 38233
50062 50061
62450 62449
64579 64578
7642 7641
14886 14885
46669 46668
76550 76549
4099 4098
69565 69564
67512 67510
60568 60569
46282 46281
75783 75782
13659 13658
64395 64396
10842 10821
34022 33993
66533 66532
60830 60840
66790 66789
26386 26387
72484 72463
23514 23516
43232 43231
7801 7800
3827 3760
50518 50525
44312 44311
19005 19006
28640 28639
40032 40031
51743 51742
3856 3855
43037 43036
58813 58812
24740 24739
13131 13130
57796 57811
70187 70186
70606 70607
56258 56257
37826 37825
11096 11112
50265 50264
75699 75698
57512 57510
782 781
65892 65891
48707 48706
60651 60650
60582 60581
56412 56411
73645 73643
47738 47737
12638 12653
58660 58659
28551 28550
4755 4754
49034 49041
55595 55594
25176 25177
72130 72131
15411 15412
63698 63697
52308 52307
6030 6029
54597 54596
69092 69091
15438 15437
21386 21387
