60000
78853 78852
81741 81740
66847 66848
53055 53057
33138 78879
21430 82774
55775 71378
40331 76427
62282 69183
18349 83840
19754 19755
55625 55626
63647 68736
47169 74161
63919 63921
88810 88809
50317 50319
34151 34152
708 89774
39045 39046
68837 63491
4913 4898
4649 88499
54068 71915
60683 69700
1227 1228
78067 78065
79335 79328
69571 61108
84900 84899
63127 63128
69936 60010
89489 1492
33825 33826
78726 33628
55281 55282
13862 13833
23921 23922
77616 77614
16658 16660
78191 78190
33148 78877
51157 51159
78862 78861
85536 13451
82415 82668
48976 48977
87100 8823
53209 72205
4483 4484
79092 32493
67639 67638
33488 33490
4830 4831
17244 17245
52956 52957
79059 79058
49593 73391
88884 3370
45594 74683
70878 57214
43538 43540
24141 24143
70965 56953
78497 34238
40011 40013
35063 78229
27242 27243
9633 9634
11813 11814
69673 60745
18055 18056
24980 24981
36970 37006
14274 14275
10082 10083
87480 7763
32589 32591
71728 54644
9506 9507
79600 30993
40001 76548
25501 25502
65847 65848
41535 41536
49280 49281
87390 7989
14278 14179
79880 30107
54415 54416
66818 67683
37009 37040
56519 56521
67414 67415
83665 18913
66420 66421
32328 32329
44740 44741
31892 79277
35476 35478
53079 53080
76345 40548
79270 31926
38973 76875
23860 81962
87518 7665
21168 21169
5580 5581
55650 55651
52367 52368
45937 45938
12776 12777
40622 40623
58688 70393
62425 69132
82602 21905
16071 16072
58632 58633
43764 75296
25411 25412
50703 73003
67023 67198
88464 4762
69764 69763
79395 31557
85073 14746
75966 75965
66834 66835
40647 40648
59377 59378
18034 18035
43023 43024
73089 50416
76305 40675
29839 29808
13706 13707
39178 39179
61444 69472
63555 68771
3870 3871
12005 86012
41441 41442
87320 8172
39253 76794
1350 1351
43441 43442
83936 18074
60882 60916
42822 75599
42123 42124
11966 11967
42939 42940
6772 6773
5202 88321
5105 5108
71236 56157
20571 20543
5152 5154
53068 72250
22832 82505
29589 80055
58324 58325
84402 84400
64415 64416
20705 83020
61478 61479
83838 83837
30939 30942
69895 60120
27771 27773
54385 54386
57188 57189
1165 89607
18586 18585
8375 87253
21178 21269
1126 1127
63481 63482
48193 48194
52133 52134
42389 75742
89238 2290
44347 44348
42284 42285
29617 29618
70447 58552
38518 38519
29078 80221
74941 44850
18334 18346
20476 20477
31601 31602
73845 73844
28697 28698
48763 73630
1582 1583
69065 62613
61345 61346
11729 11728
45890 74576
73980 47728
11683 11684
24248 81838
18573 83756
72289 72288
50312 50311
23015 21788
21370 21372
43155 43156
59435 59436
40537 40538
82686 23074
57172 57173
60810 58771
59590 59591
52918 52919
76108 41251
89027 2937
36395 36398
58173 58174
86589 10388
15242 15243
29244 29246
54880 54881
13059 13060
37937 37939
32815 32816
77342 37632
61922 62108
30508 30509
37099 77534
68966 62895
33722 78691
5350 5351
89386 1871
89959 113
88028 6165
24723 24724
85741 85740
360 363
23826 81979
334 335
89690 917
42653 75651
33608 33611
4520 4522
57837 57838
88132 5814
74253 46875
69806 69805
84269 17110
54162 54163
10244 86637
81991 23806
31507 79427
2953 2954
10258 86631
34331 34362
47905 47809
15422 15425
47970 47972
6225 6227
62770 62771
35976 35977
17711 84056
56463 71128
88104 5901
85715 12959
83326 83325
29934 29935
84021 17814
32101 32103
54672 54673
82008 23746
80094 29470
41857 41858
19144 83567
57245 57246
12539 12540
32640 32641
26306 26307
75179 75178
14498 14499
73166 73165
48456 73732
83849 18318
81281 25876
11805 11806
2809 2810
37813 77277
24565 81713
25866 25867
74860 45082
31369 31371
83810 18425
17559 17530
15000 85001
20684 20685
88777 3702
64535 64536
5691 5692
74527 46006
16281 16282
3725 3726
29988 79925
53617 53618
29994 79922
44084 44089
15606 84777
23291 82164
13646 13647
84590 16241
46868 46869
39789 39792
10640 10642
19039 19040
52996 52997
38061 77193
67344 67345
2134 89275
7264 7267
87642 7270
16669 16670
82196 82195
15110 15111
87547 7576
69654 69653
7547 7548
87557 7553
51220 51221
84444 16664
55357 55358
24343 24344
6811 87805
758 759
67482 67474
63402 63403
89744 680
16145 84613
656 657
71518 55315
38054 38055
12180 12181
47929 73907
42778 75609
67366 67367
38170 38171
18147 18148
7645 7646
3885 3886
16649 16650
79933 29952
10732 10734
51142 51109
67488 67450
30037 30038
10793 10794
57473 58218
24255 24256
82311 82565
37392 37390
55933 71321
65243 65244
10614 10615
424 425
16921 84347
7349 7350
29448 29464
70081 70080
61563 69439
10097 10098
49345 49318
64943 68310
23972 23973
1872 1873
84332 84331
37775 37776
34580 34581
31268 31269
75005 44651
77332 77331
37198 37199
46463 46464
31684 31697
59651 59653
10916 10917
47486 47488
81072 81071
1953 1952
18740 18741
53856 53857
69959 59958
83554 83553
17987 17988
81036 81051
83201 20146
11893 86058
53888 53889
20535 20536
10029 10030
89279 2163
45666 45668
19095 83606
58050 70610
26416 26398
77528 77527
41816 41817
64934 64936
41925 41926
56594 71099
16576 16577
10954 10957
24434 24435
16888 84359
11014 11015
20609 83052
68037 68036
64793 64794
59631 59632
39670 39671
47184 74156
58124 58125
23335 23337
47180 47181
71497 55378
78495 34245
15663 15664
61767 61768
36606 36607
59801 59768
59729 59730
68027 68042
31388 31386
24466 24454
36268 36269
24101 81884
70223 59191
74727 45469
1378 1379
27868 27869
86561 10454
39923 39925
72309 72308
55603 55575
81547 81545
15192 84930
66213 66214
15390 84858
35113 35114
61871 61872
26903 80923
80244 28981
89289 2139
378 364
52437 52438
54709 71691
54327 54329
3235 3236
29395 29396
88387 5014
27710 27697
12562 12546
46155 46157
60054 60055
67711 66760
12570 85850
25922 81277
5380 5381
63212 63211
85329 14018
72732 51559
40769 40770
47243 47241
18310 83851
33073 33075
41339 41340
80657 27730
29401 29402
47302 74122
32385 32420
56276 56277
28238 28239
33799 33800
33957 33958
75263 43869
84194 17328
68696 68695
8192 8194
20883 20884
25570 25571
72794 51370
82640 21685
39120 39121
11552 11553
22701 22700
76089 41314
9497 9530
7807 87459
22045 22044
73811 48220
69112 62489
69084 69083
52027 52025
17255 17256
85498 13561
81209 26123
8282 8283
46193 46163
13558 85499
81197 26168
26163 26164
3309 88901
82515 22038
33299 33300
68466 64442
23112 21797
57777 57778
59975 59976
62696 62697
49642 73368
5956 5926
19272 19245
46765 46766
69837 60296
46098 46099
49727 73338
87883 6577
62005 62006
54817 54818
5582 88210
62378 69148
69125 62456
13217 13218
13011 12192
31927 79269
6415 6417
14301 14302
50592 50590
50504 73065
52915 52916
20914 82944
62258 69193
52913 52914
28363 80463
5717 5718
62439 69129
69848 60261
62441 62442
28510 80409
22980 22545
81507 25250
5893 5895
33917 78615
18451 18453
46373 46343
27673 80678
4475 88559
33570 33571
78712 33675
17750 84041
21027 21029
78452 34365
73748 48413
12892 12893
30318 79821
22575 21868
6043 88062
33598 33599
63615 63616
30316 30317
14099 14100
73438 49390
87999 6220
32200 32201
85719 85718
78995 32768
13071 13072
24790 24791
46011 46012
85713 85712
17463 17464
57664 57665
74368 46503
38677 38678
40751 40752
67818 66419
51607 51608
66429 66430
22585 22920
55109 55110
29553 29554
19376 19377
74791 45277
84698 15840
45828 45829
82587 21971
2269 2270
43050 43018
61343 61344
31241 79513
32525 32526
2263 2264
38726 38727
8535 8534
2694 2695
22129 22104
63591 68770
6974 87752
83168 20281
15920 15921
50986 50987
50895 50896
9092 9093
20271 20272
21896 22581
31183 31156
38526 38527
6941 87765
66555 66556
8967 87047
45729 45730
85566 13376
29802 29803
78296 78295
35739 78000
48717 48718
73649 48707
17030 17031
49561 49562
56003 56004
85143 14566
34958 34959
13354 13355
71359 55818
72627 51862
78518 78516
39356 39357
32350 79074
42949 42914
70395 58679
40146 76480
19574 83419
40307 40308
24297 24312
17426 17427
69541 61236
23272 82175
29557 29559
16529 16568
66248 66249
62126 62127
48748 48645
83303 19877
44141 44142
79961 29867
68550 64177
75177 75176
37904 37905
81532 81531
29805 29793
44147 75161
15944 15877
82013 23735
34399 78462
64191 64192
19331 19307
23732 23733
55946 55947
41731 41732
18798 18799
80265 28916
55419 55420
35106 35107
3628 88801
65481 65482
15314 15316
66323 66324
17601 17602
56172 56173
14737 14736
54898 54899
62151 62152
60013 69932
29385 29386
65500 65467
89097 2703
25031 25032
54750 54751
54928 71646
78503 34224
35803 35804
60852 60853
2539 2541
74204 47021
2531 89150
58215 70560
17725 17727
28907 28908
17733 17720
30656 30657
29108 80217
3723 3724
60193 69870
60206 60207
75097 75096
84105 17585
22486 21653
52379 52380
23804 81989
84499 16510
45547 74702
70568 58187
56147 56148
52372 52374
69597 61018
19354 83498
84460 84459
20304 20305
75061 44504
42886 42887
29555 29556
16433 16434
79723 79722
58052 58053
35778 35779
79968 29835
61437 61438
76020 76019
25263 25264
24231 25305
16018 16019
69491 61394
89242 2268
16488 16489
18932 18933
41505 41506
84189 17346
16480 84506
73972 47750
71489 55400
68959 62917
23516 23533
71477 55447
20297 20411
88633 4203
4211 4213
23457 23458
81498 81497
52072 72562
48562 48563
82090 23520
29575 29576
71173 56330
65460 65461
17457 17456
24023 24025
48708 48709
19276 19277
44513 44514
29507 29508
82104 23454
64300 64302
68512 64268
30703 30704
44300 44301
22363 23126
59998 69941
3781 3782
58299 58300
57747 57748
70711 70709
47685 73992
79989 79988
4373 88587
17698 17699
42691 42692
55240 55241
83955 18022
64389 64289
52931 52898
66147 67901
55791 55793
82157 23309
62851 62852
37699 77314
88597 88596
57683 70713
88988 3029
55807 55846
83697 18787
47778 73959
84394 16794
52041 52042
64376 64377
52764 52766
71276 56040
25238 25239
21779 21784
17686 84067
30065 79896
15410 15411
41389 76061
68990 62825
71488 55371
57815 57816
68478 64396
17645 17646
70682 57784
23574 23575
67900 66150
72580 52013
76564 39934
71035 71049
87153 87152
87414 87413
20898 20899
39456 76728
9911 86734
63155 68876
54628 54629
81414 25514
8673 8674
86310 11193
22233 22867
8577 8578
60552 60553
13345 13346
25536 25537
46677 46678
31225 31243
9722 9723
76775 76774
50360 50361
7981 7962
51741 51743
11572 11574
33185 33186
9576 9577
8136 8137
72737 51501
64459 64462
8033 87370
87375 87374
34060 34061
9653 86815
39105 39106
11624 11625
83847 83839
13573 13574
39032 39033
7824 87458
26234 26235
13545 13544
7793 87464
8790 8791
13310 13311
82578 22652
47611 74019
40755 40756
72924 50956
7131 87687
87688 7139
25616 81380
21588 21591
63551 63552
67540 67276
41048 76186
60608 69732
65299 65301
67316 67317
18691 18692
87716 7070
12039 12040
53413 53415
35645 35646
6733 87829
18702 18704
54407 54408
87118 87117
72644 51807
8736 8737
76748 39399
68781 63511
9829 86765
77061 76993
20830 20831
35502 35503
66431 67814
51820 51821
9102 9101
85586 13313
13408 85554
53320 53285
42174 75815
82543 82544
51655 51656
40726 40697
77033 38610
67732 67731
51552 51553
18272 18273
50077 50078
64064 68588
31856 31857
78960 32881
88032 6155
5941 5942
28507 80417
49712 73343
6082 6083
32773 32774
54122 54123
50084 50085
6328 6331
13022 13023
50098 50099
63709 68715
80437 28454
18481 18483
63612 63614
32033 32034
85597 13284
78858 33231
28579 80392
60339 60340
48368 48364
54230 71860
32712 32713
88147 88146
50568 50569
28422 80450
31996 31998
20920 20921
87940 87939
49869 49867
24521 24522
64089 64090
46364 74420
48294 48259
85642 13174
13265 13266
13279 13282
28472 28473
78734 33605
46039 74518
80523 80522
33809 33810
63977 63598
85810 12681
85808 85807
33146 78878
12506 12507
5443 5444
60780 60781
74757 45374
43536 43537
43796 43797
50212 50213
22885 82289
47995 47996
72762 51458
46148 46149
66657 67741
34098 34099
49990 49991
63971 63972
47306 47308
33868 33869
82903 82902
5891 5890
54598 54564
50261 50262
60514 60516
28062 80539
63872 63873
12319 12320
14167 14168
12263 85944
88496 4658
64004 64005
68679 63803
12615 12616
32422 32487
26068 26084
20722 83013
21570 21571
28649 28651
75825 42149
27342 27343
19181 19182
1652 1653
86702 10012
1903 89374
56538 71105
37147 77487
54090 54091
65585 65586
20087 20088
10389 86588
74912 44899
382 383
36292 36293
78362 78361
20111 20112
10504 10505
49339 49340
84032 17784
26935 80930
68083 68082
57275 57276
26433 26434
37033 37034
1329 1330
64866 64902
67137 67138
34589 34590
1259 1261
79619 30947
89550 1310
45684 45685
15144 15145
45124 74844
81074 26520
75925 41825
17147 17148
53154 53155
19962 19963
70814 57435
10182 86654
86700 86699
83214 20107
17103 84271
15015 15016
998 89673
81968 81967
44264 44265
68212 65238
19705 19706
42722 42723
16144 16114
56667 56668
38372 38373
16103 16104
885 89699
38439 77072
71055 56694
56660 71052
44247 44248
55694 55695
47222 74146
659 660
38319 77111
89704 879
22488 23054
525 526
59681 70055
26900 26887
74153 74152
44999 1
56357 56358
76160 41117
68250 68249
10370 86596
15043 15014
68060 68058
79924 29992
89998 3
55209 55210
38065 38066
80249 28986
44214 44215
35056 35021
56819 56821
19714 19715
59454 59424
31724 79337
80779 27338
7289 87634
67368 67369
7647 7648
80903 27009
7282 7458
12073 12075
80883 27052
40541 76348
40549 76344
85990 12070
52502 72434
13644 13645
87671 7191
86407 86406
12120 12121
21203 21204
24240 81842
10546 10547
7418 87598
73393 49541
7626 7627
12169 12170
30914 79630
13792 85408
9179 9180
6884 6885
53060 53061
72443 52480
87566 7533
58619 70418
58651 58652
86479 86478
78035 78034
10715 10716
53095 72241
40572 40573
40575 40576
10666 10667
26982 80900
45623 74671
57090 57089
19054 19055
81527 25196
56971 56972
47502 74054
1543 1544
21318 21319
60631 69723
64848 64849
89457 1609
40016 40017
89474 1535
75021 44622
27467 27468
11635 11636
34639 34640
53015 53016
76586 39875
22013 22012
84328 16971
10799 86388
10938 10939
47414 47415
54989 54990
1632 1633
16972 16973
42539 42540
60617 60618
30403 79794
30435 30436
85370 85369
13887 85372
64178 68535
75927 42552
69857 60234
34239 34240
16948 16949
30410 30411
30628 30629
40980 41018
64263 64264
41033 41034
60539 60540
16702 16703
14139 14140
64254 64252
49298 49299
79711 30637
70011 70010
41022 41023
19494 19495
17058 17059
30362 30363
16869 16870
78490 34256
17205 17206
68440 64520
30695 30697
29457 29458
34054 78569
14035 14002
47256 47257
45327 45328
84098 17598
47586 74023
79682 30727
11628 86281
63547 63548
66577 66578
30789 79664
66543 67789
22096 22095
40694 34772
22751 22147
80713 27566
9799 9800
86264 11297
46690 46693
67825 66400
11109 11144
80716 27599
67689 66833
9945 9946
80730 27508
9927 9928
66840 67686
66817 66785
22173 82324
86918 86917
86914 9316
67223 67224
86963 9229
11698 86124
67390 67391
78311 34806
10532 10533
86517 10580
12071 12072
12123 12124
31261 79502
85970 12164
86960 9981
86964 9221
47629 47630
67475 67476
11975 86024
11980 11981
34789 34790
21903 22267
63338 68830
27910 27912
9366 9367
63334 63335
79615 30943
27715 27716
9442 9444
75777 75776
9437 9439
63818 63819
12194 12195
21840 22971
85897 12425
28153 80528
12439 12440
12904 12942
80441 28446
28451 80438
80397 28552
85701 85703
21875 22282
22569 21862
13286 85595
12829 85761
12827 12828
80466 28373
80467 28365
46737 46739
22338 82637
12850 12851
48225 48258
80456 80455
12910 12911
28090 28091
46833 74261
67710 67709
22783 82325
63110 63080
66882 66883
31112 31113
63284 63286
79572 31053
66695 66696
11588 11589
63246 63247
73776 73775
28169 28170
12636 12638
22251 22933
46380 46382
21825 22541
82351 22055
22708 22774
48043 48044
28273 28274
27694 80667
63798 63799
63745 68703
42286 42287
27769 27770
64174 64175
47134 47135
75604 42809
29361 80127
15847 15848
75598 42825
67838 66358
79966 79964
66300 67854
42789 42790
15597 15598
42882 75573
29176 29162
71470 55484
22418 21723
42901 42902
67889 66182
65444 65445
68155 65400
68391 68392
75580 42873
84512 16470
16384 16385
75647 42678
16374 16375
29781 29782
73962 47776
79992 29780
69917 60062
60198 60199
84114 84113
64213 68536
55850 71348
30453 30454
17744 17745
71202 56253
84063 17696
29397 29398
23095 22353
73970 73969
66234 66235
67975 65960
65856 68010
68019 68018
17440 84158
42428 42498
64411 64412
65890 67998
56089 56090
29567 29568
15903 15905
16361 16362
55366 55336
66992 67024
83683 18828
42071 42072
22374 22375
75862 42045
19491 83446
10450 10451
55601 55602
80154 29285
65606 65607
10139 10140
11897 11898
67190 67566
41830 41831
41911 41912
66967 66968
47518 47519
10905 10906
86438 10814
34633 34634
67663 66924
79334 31733
11018 11019
66940 66941
67027 67025
65770 65740
71427 55612
86553 10479
16081 16082
84464 84463
55345 71505
35097 35098
55347 55348
29105 80215
29955 29956
29942 29974
55322 55323
29149 80201
84630 84627
65229 65230
47202 47203
71394 55744
55754 71389
84595 16217
65393 65361
65335 65336
55562 55563
55535 55572
47190 47191
65779 65780
10313 10314
28702 80338
20334 20335
74926 44892
18608 18609
21301 21304
21314 21316
40085 76508
21273 21274
21279 82817
1596 1584
1591 1592
1599 89459
70978 56917
53022 53023
89505 89503
57151 57152
44810 44811
76660 39656
89500 89499
1564 89463
18565 83759
45573 45574
39966 39967
17985 17986
17910 17911
2056 89322
26634 26636
83230 20003
36851 36852
89347 1997
1313 1278
44674 44675
57351 57352
1348 1347
26942 26939
27309 27310
57370 57368
35162 78181
21373 21374
70918 57075
57231 57232
7271 87641
80907 26963
87516 7668
40450 76377
78036 35615
40483 40484
43262 43263
7679 87510
40632 40633
7487 87579
40424 40598
76453 40240
87822 6792
6774 6775
43192 75477
27126 80853
40539 40540
51116 51117
52979 72277
76617 39782
7326 7327
44855 74939
7341 7342
21336 21337
27402 80763
87585 7457
7402 7403
87620 87622
74974 44744
7206 7176
78119 78048
39784 39786
27030 27015
51108 51074
7249 7250
37250 37248
2058 89320
78019 35674
83896 18176
83290 83289
38420 77080
53559 53560
23952 23953
83360 83359
83358 19742
19697 83378
89645 89644
38059 77195
38156 38060
53602 53603
38140 38141
17876 84004
89937 177
179 89935
77135 77134
74708 74707
203 89924
552 89816
53688 53689
3817 3818
53695 72041
77843 77842
37910 77242
44127 44128
36185 36186
58221 58222
37381 37383
37564 37565
58209 58210
23703 23704
23729 23730
546 547
44060 75194
19802 19803
44212 44213
71987 71985
26822 26823
36503 36505
49000 49033
71100 56596
36432 77766
56544 56545
49026 49027
1785 1783
89447 89433
83194 20177
1693 1694
1696 1697
26413 26414
1661 1662
89411 1763
45662 45663
35302 78162
20117 20118
17795 17825
13991 13992
19760 19761
89960 111
83349 83348
36545 77723
81 89966
19776 83343
87 88
26682 26719
84029 84028
89855 417
434 89849
35312 78146
533 89818
535 536
36706 77665
6828 6864
6892 6893
37784 37650
5247 5248
5356 88278
33839 33837
75218 44003
88527 4572
4588 4589
20730 83008
74766 45358
33951 33952
26108 26109
33980 78595
50008 50009
73273 49929
26052 81214
74463 74462
32458 79101
25891 25892
75232 43955
4454 4455
50198 50199
33326 33328
51542 51543
74494 74457
25931 25932
78927 32998
45386 45285
43792 43793
78941 32954
20756 20757
33114 33115
5501 5470
25906 25907
33164 33165
5467 5451
5265 88302
25999 26001
88577 4407
5167 5168
32333 32334
31862 31863
6502 6503
50718 50719
32833 78975
49654 49688
32010 32011
78973 32842
49640 49641
6477 6478
49681 73356
49865 49764
88230 5525
31969 31968
73310 49809
50533 50534
49728 49725
6294 6295
4408 88576
87984 6284
49957 73264
4473 4474
4860 4861
73206 50113
33701 78701
83791 83790
43570 43568
21049 21050
50604 73034
88456 4792
5503 5504
73220 73222
6025 5925
50616 50617
6277 6278
26255 26256
26275 26276
53249 72189
50957 72923
45272 45273
6911 6912
39014 39015
38954 38955
75410 75409
38491 38492
8434 8435
38533 38534
72169 53317
72184 53273
42994 42995
75528 42993
72729 51602
25388 25402
72685 51709
7031 6964
38780 38781
53331 72166
38868 76917
40279 40246
6845 6847
74801 74799
76465 76471
40186 40187
45981 45982
21565 21566
35632 78032
53446 72128
81384 25640
7057 7058
82709 21624
40328 40330
87679 7157
39576 76688
25371 81446
20837 20838
8100 8101
7963 7980
7753 7754
51298 72822
51348 51349
46181 74477
39091 39092
83023 20697
78847 33271
20698 20700
87288 8254
33253 33254
8056 87364
81150 26342
33290 78843
33208 78854
20715 83024
20858 20859
87377 8018
8773 8741
51419 72774
51710 51824
39438 39406
25439 81300
87170 8611
42976 42977
42972 42973
51729 51730
82987 20797
75539 42963
45167 74831
8637 8638
51383 72789
8647 8649
32511 32512
25557 25558
72024 53737
85781 12761
37692 37694
41751 41752
3218 88931
89048 89047
52773 52774
62905 63011
57805 57806
57809 57810
23152 24718
24964 81604
52714 52715
2928 2929
57783 70683
34376 34377
57852 70673
2951 2952
89022 2942
14798 8853
70670 57869
75953 75957
24783 81665
14724 85081
81663 24774
14751 14752
62174 62175
19261 19263
74244 46892
85024 14943
85036 14882
28839 80285
25201 25202
85777 85776
52050 72568
57974 70639
2461 89181
61132 61133
57688 57690
23652 23670
19378 19379
20295 20208
41510 41511
2761 89246
41523 76017
20233 20234
57486 57487
69044 62667
77934 35953
2469 2470
62737 62738
3196 3198
3138 3139
69023 62700
52069 52071
57954 70654
69113 62486
3049 3050
52118 52119
19444 83468
52098 52100
62762 69013
20350 20327
35832 77971
47047 74196
74241 46901
25199 81522
52329 52332
71651 54905
24233 24234
24310 24311
46971 46942
85414 13778
54248 54250
59021 59022
13425 13426
13423 13424
59115 70247
34296 34297
24667 24650
49162 49163
13562 13565
19582 19583
28684 28671
58969 58970
54339 54341
24707 24708
58929 58959
58942 70306
70305 58945
28590 80382
54152 54153
32678 32679
54102 54103
54113 54114
71902 54118
14315 14283
80371 80370
24265 24264
52869 52870
59476 70123
59243 70211
14481 14482
28886 28888
28871 28872
41594 41595
14677 85101
73381 49582
29032 29033
59417 59418
59369 59370
41643 41644
15253 84913
59379 59380
25144 25128
83510 19317
80251 28974
25100 25101
41620 41621
28989 80247
34570 34571
24424 81777
34568 34569
14994 14995
24379 24382
55223 71544
15210 15211
59633 70069
70140 59456
76247 40856
57620 57621
14804 14802
4198 4199
37729 37730
4387 4388
23300 82166
61631 61632
23297 82160
61508 61509
4274 88609
4305 88604
69382 69381
23409 23410
35701 35703
61085 61086
61049 61050
52341 52342
4002 88691
60918 69628
2562 2563
88876 3394
2620 2621
52193 52194
61407 61408
61371 69496
61765 69369
61787 69364
61794 69361
69333 61847
52202 52164
48560 48561
61454 61455
81933 81932
61685 61686
58508 58509
75050 44533
72515 72514
4356 4357
70609 58057
4349 4350
69389 61712
81919 81918
61755 61756
60944 60945
4222 4223
37685 37683
20255 20256
77999 35747
2629 89116
74218 46981
44118 44120
36220 77847
88767 3746
58397 58399
83304 19867
61093 61094
23600 23601
70507 58376
52887 52888
48315 48317
68394 64689
63190 63191
51437 51438
64692 64694
18417 83812
49794 49795
50310 73171
49500 49501
72766 51448
28766 80326
71547 55193
64521 64522
17837 17838
73780 48309
68210 65242
73785 48284
19651 19652
55011 55012
54969 54970
18046 18047
54979 54980
53597 72074
54411 54412
49296 49297
72008 53789
52487 52489
73069 50497
64334 64335
27703 27704
46143 74491
55132 55133
55096 71582
20990 20975
28993 28994
73129 73128
72826 51294
51303 72819
51313 51317
58060 70597
52857 52858
11604 11605
45215 45181
17865 17866
86175 11540
49614 49615
83373 19713
71859 54233
83662 18888
83661 18890
50686 50687
83520 19286
47725 47726
83376 19708
19290 83524
49785 49786
73320 49783
74025 47582
50391 50392
21922 22604
18906 83656
19152 19153
50527 50528
49813 49814
28660 28661
46261 46262
18172 18173
64528 64530
18398 18399
63884 68653
50693 50662
82897 21089
63983 68615
52251 52252
83892 18184
22547 82400
19676 19678
52667 52668
52467 52468
64476 64477
19590 19591
71754 54565
50144 73193
13004 13005
73534 49076
83386 83385
83694 18791
83306 19865
48579 73695
49723 49899
73809 48232
73216 73215
58211 70562
21092 21122
71522 55303
73805 73804
54130 71895
50043 50044
50067 50102
52621 52622
12883 12884
49944 73267
20501 83095
73134 50305
28650 28636
20499 20500
83096 20504
63969 68619
71405 55693
54573 71751
48357 48358
49176 49177
28578 28580
71838 54313
49523 73399
46263 46233
50082 73217
70616 58035
64661 64562
18465 18455
65019 68285
22988 22327
52410 52411
70599 58084
45518 74711
45310 45311
80199 29128
28678 28680
27689 27690
45391 45389
71815 54381
54620 54622
74460 46221
46111 74497
85709 85707
22318 82472
11868 11869
18327 18328
57914 57915
55580 55581
55595 71432
64362 64363
54088 54089
57958 57959
47753 47754
52001 52002
51099 51100
58517 58518
20560 83072
18506 18507
29582 29583
27798 27814
74396 46436
64896 64897
56333 56334
20124 20125
70434 58582
18539 18540
12138 12139
64380 68482
45926 45961
52699 52700
72837 51266
82834 82832
73417 73416
56584 71091
45876 74581
72243 53090
68496 64311
53101 53102
27965 80583
52172 52173
45865 45866
51064 51066
52802 52803
45638 45600
49030 49031
54045 54046
19374 19375
80620 27863
20027 20028
83490 19381
20016 20019
19955 19956
20188 20189
73583 73581
53124 72233
70769 70768
64707 68384
57348 57350
27839 27840
27883 27884
20207 20235
70826 57400
53113 53114
57026 57023
53924 53926
11655 11656
48923 48924
53004 53001
29629 29630
52289 72500
73654 73653
51893 51895
83590 19085
71241 71240
83592 19081
53012 72266
56076 56077
29288 29289
18007 17979
18125 83915
27781 27782
51869 51871
64386 64388
53987 53988
56044 56045
71398 55730
54784 71685
54745 54747
71129 56462
46845 46846
11313 86258
45251 45253
20432 20433
55546 71447
11082 86341
52909 52910
56379 56380
53255 53256
29296 29311
71159 71158
70463 58496
21507 21508
51826 51827
29063 29061
71157 56389
49592 49557
45161 74833
52939 52940
49620 73375
27487 27488
47705 47703
51389 51391
72730 51564
56057 56058
65222 65224
71384 71382
20788 82990
63167 63168
54752 54753
53345 72165
63172 63173
57674 57675
51664 51665
51666 51667
51670 51671
53440 53441
46518 46483
45220 74808
63325 63326
72109 53505
51192 72861
51199 51201
56383 56354
49265 49266
22582 22918
65003 68290
72129 53439
53969 53970
71947 53979
86021 86009
19206 83544
64806 68350
27925 80607
28912 28914
50781 50782
17789 17790
55884 55885
45769 74622
11260 11261
50980 50981
19192 19193
63535 63536
52920 52921
50949 50950
50953 50954
28965 80257
12013 12014
52754 52725
48998 48927
47605 47606
28953 28954
72416 52553
49182 49183
48263 73795
89096 89095
60895 60896
60938 60939
2572 89139
4036 4037
60843 60879
3999 4001
60825 60826
60880 69649
35797 35798
3960 3945
4129 4130
4311 88600
61771 61772
81899 24053
88638 88637
4230 4229
44539 44506
44571 44573
81891 24079
61848 61816
24024 23974
61291 61292
2749 2750
62564 62565
35735 35736
62714 62715
3128 3115
2391 2392
62693 69034
2376 2377
23459 82108
62668 62669
89195 2423
2253 2254
69544 61223
82036 23678
69548 61215
69550 61205
35914 35915
61136 61137
23559 23560
35931 77973
76058 41404
61318 61319
76039 76038
2687 2689
3585 3586
88830 3528
44453 75078
61381 61382
81936 23951
77231 37936
77218 77217
89722 829
949 89680
955 89678
957 958
38093 38090
80980 26757
77686 36664
10 89995
127 128
36542 77725
36569 36570
89835 89833
442 415
26884 26886
35318 35319
89824 508
26918 80925
36520 36702
38034 38035
987 988
38229 38231
3641 3642
69484 69483
24190 24192
61636 61637
3418 88869
3739 3740
75173 75172
3799 3800
3810 3824
24135 24136
77274 77263
38316 38318
37841 77266
23763 82001
728 730
23813 81982
36096 35967
77427 37411
38289 38290
548 89817
663 664
69092 62541
88900 3314
26863 26864
13851 13852
81841 24243
59516 59517
85443 85453
34453 34454
59555 59522
15150 15152
15117 15118
70129 59463
15231 15232
15206 84925
84995 15019
76232 40900
14989 14990
85003 14997
15083 15084
34572 34573
15434 15435
70076 59618
15402 15403
84856 15407
15502 15503
85471 13630
13843 13844
41266 41267
13764 85419
69782 69780
60463 69790
14374 14376
41167 41168
69809 60394
60454 60422
14252 14253
14254 14256
14239 85255
24738 81672
70333 58868
76259 40821
58927 70326
59098 59099
59075 70257
24666 24702
59073 59074
78548 34117
59107 59105
40709 40710
24682 24684
41604 75982
34527 34528
25145 25147
84859 15320
61927 61928
81659 81658
62192 62193
69223 62169
24824 81645
34382 34384
62828 62830
63025 63026
63019 68924
89034 2888
68958 68957
89031 2897
2851 2854
3227 3229
62908 62909
62965 62966
3200 88937
81611 81610
24930 24931
24892 81614
41270 41271
61942 61943
24881 24882
75939 75938
59308 59309
15290 15291
75978 75977
15370 15371
15380 84861
25072 25073
81536 25076
34336 78466
59347 59348
14671 14672
70169 59326
14853 14854
14694 14695
69190 62231
81526 81525
14477 85174
14430 14431
14545 14546
24857 24858
69123 62460
62362 62363
336 337
1786 1787
14303 14304
26339 26340
33191 33193
26379 26381
81140 26350
33232 78857
33373 78812
88381 5050
43747 75300
5410 88262
5386 88269
75290 43795
5475 88244
81269 81268
5255 5256
78683 33747
5312 5313
4950 4949
26058 26060
4543 88535
4549 4550
4654 4656
43888 43889
33204 33205
8069 8070
8759 8763
39212 76808
87088 8816
8612 8613
76702 39539
25534 25535
81404 25533
8596 8597
39469 39470
39467 39468
7914 7912
25469 25470
7908 7909
87472 7779
26383 25440
26208 81187
7845 7846
76858 39055
7830 7831
26219 26220
39095 39064
79048 32608
8184 8185
78632 33884
33928 33929
4441 4442
33539 33540
32014 32015
43720 43721
79238 32007
6359 6360
87920 87919
5619 5620
5533 5534
6446 6447
32058 32059
43622 43623
43619 43620
88173 5690
43610 43611
32001 31970
75342 75341
5507 5508
5711 88179
31978 31979
32734 32735
32668 32669
32652 32653
6613 6615
6504 87906
31900 31869
33658 33659
26019 81239
33559 33557
32454 79043
43549 43551
33713 33714
33625 33662
4896 4883
88097 5855
88454 4798
5832 5833
6087 6088
87991 6252
87990 6254
32821 32822
6326 6327
43469 75383
6296 87980
6062 6098
79209 32117
6036 6037
39416 39417
81479 25336
36427 77768
89549 1315
77575 36971
37004 37005
39998 76536
27232 80820
89470 1550
39870 76587
44596 44597
1572 1573
89477 1525
80807 27250
40125 76491
75025 44612
89530 89529
27450 27451
27446 27447
39679 39649
1465 1467
76608 76607
39803 39804
87619 7329
78120 35404
77546 37059
77625 36824
25325 25326
89357 1966
37164 37165
37196 37197
37188 37189
45105 45007
81090 26499
1684 1685
1712 89425
1752 89415
37313 37314
26431 81121
81124 26426
2099 2100
89310 89309
37224 77483
35352 78133
89266 2192
45021 45022
2151 2166
45010 74888
35362 35363
36839 36872
27024 80888
44723 44724
7199 7200
7254 7257
40334 76420
25586 25587
38860 38861
25797 25799
6954 87760
6958 6960
6961 6932
76868 76867
87747 6996
38555 38556
35527 35528
43369 75417
87217 8478
77046 38507
8547 87192
8555 87189
38682 38683
76998 76997
8305 87270
87244 8404
38620 38621
81357 25681
40342 76419
35445 78098
40265 40266
43281 43282
40442 40443
7630 7669
43289 43261
40462 76374
7477 7478
40420 40423
7554 7555
87556 7175
6776 87816
35647 35648
6872 6875
6894 87773
6853 6854
6858 6859
78027 35622
35630 35631
25672 25658
87850 87849
25645 25646
69834 60302
42811 42812
42808 42806
46630 46631
9116 87001
79605 79604
29717 80014
29709 29710
45146 73373
78285 78284
78283 78282
30808 30809
66405 66374
67919 67918
82211 22349
66157 66158
66155 66156
15602 15603
35061 35062
16451 16452
86800 9697
16583 84475
35057 34988
35093 35096
34784 78316
16516 16517
16572 16573
8893 87072
42210 42211
79904 30051
30149 30150
21689 22383
75801 42218
84543 16387
16473 16474
16492 84504
84766 15806
66310 66311
31151 79530
86850 9559
17465 84147
23014 82697
48199 48200
17487 84137
22043 82557
30996 30997
34980 78257
9817 9818
34982 34983
79733 30575
17339 17340
9488 9489
84204 17307
82558 22790
46576 74340
17388 84171
22712 82547
84175 84174
84178 17369
48096 48097
31195 79526
42491 42492
22722 82346
9708 9709
78291 78290
31240 31242
82344 22118
15938 15939
50543 50544
29896 29897
66990 67652
29943 29961
29966 29967
29917 79942
67342 67343
82232 82239
65633 68093
67395 67396
31353 79476
34798 34799
31363 31364
68116 68115
86557 10465
65542 65543
42336 42337
65599 65568
10746 86461
10427 86571
31461 31462
86505 86504
31534 31535
10986 10987
10126 10127
75779 75778
82357 82567
10177 10178
34596 34597
10951 86398
79323 79322
34587 78378
41909 75901
10875 10876
31728 31729
11068 11069
10848 10849
78366 34636
10459 10460
34662 34663
35005 35006
16133 84615
67266 67267
75872 41990
16337 16338
86946 86945
30008 30027
30023 79912
35003 78251
21953 21952
9349 9350
16147 84612
29929 29930
34721 34722
9339 9340
16193 16194
41992 41993
31387 79455
21659 22427
79444 31449
65728 65729
9207 9174
65701 65671
65735 68054
86594 10375
31453 31454
34825 34826
22402 82221
82666 23055
34669 78356
9214 9216
60314 60315
30874 30875
84066 17690
41886 41887
43638 43639
74308 46702
60786 60787
59795 70019
79813 30339
59797 59799
30335 79814
69877 60171
30333 30334
30609 30610
48434 73740
14109 14108
14092 85302
82551 22057
13067 13068
30691 30692
85794 12722
85800 12703
63779 63780
60679 60680
30709 30711
30651 30652
47955 47956
13166 13167
42507 42508
80494 28260
59786 59787
64049 64047
41056 41057
28479 28480
16933 16936
60626 60627
76198 40994
79863 30178
79852 30205
60563 60601
14047 14048
80527 28158
68666 63839
48031 48032
14055 14057
13146 85657
85651 85650
48023 73884
41105 41106
34067 34068
63715 63716
60798 60799
70005 70004
60793 60794
28553 80396
48384 48385
17620 17621
41042 41043
12585 12586
85845 12592
13920 85361
48183 48184
17537 17538
66749 66715
17700 84061
59973 69937
84037 17738
22332 22990
85367 85366
66675 66676
13975 13976
67739 66666
47977 47978
22767 22768
23009 22343
42633 42634
9682 86805
24572 24573
17546 84117
17658 17660
69862 69872
66746 66747
34193 34159
66741 67716
48444 48445
85355 85354
32020 32021
78029 78028
53486 53487
32636 32637
45314 74777
64082 68574
67339 67203
39712 39713
35235 35202
72126 72125
82500 22856
63897 68649
22266 82280
63623 68746
18726 18727
35455 35456
40336 40337
45335 74771
39672 39673
45252 74797
18526 18556
40393 40394
39666 39667
40340 40341
50664 50665
46423 46424
18684 18686
67437 67438
63425 63426
18709 18710
50479 50480
22937 82273
72281 52970
22536 21818
39836 39837
39825 39827
31835 31836
50513 50515
68582 64013
35554 35653
67504 67403
21812 22999
63677 63678
31999 32000
34803 34804
35561 35562
35618 35587
45286 74790
74393 46441
22829 22658
39795 39796
40226 40229
76606 39818
53073 53247
32062 32064
34829 34830
34831 34832
63442 63443
64117 68568
66933 66934
74669 45628
40255 40258
34848 34850
39801 39802
31988 79250
78303 34841
76442 40264
34844 34845
39799 76611
79246 79245
53053 53054
63826 68672
22835 22836
50273 50242
79049 32604
22127 22725
66509 67804
76830 39136
45209 45210
39147 39148
39151 76827
82374 22875
68862 63218
50368 50369
50258 50260
46797 46798
63516 68780
32504 32505
33565 33566
33483 33484
74276 46789
39458 39459
39465 39466
18495 18469
39545 39546
50624 50660
73123 50344
63182 63183
39549 39550
79060 32581
33026 33027
68892 63096
67667 66911
33178 78777
33371 33372
33140 33039
78810 33380
33429 78788
33388 33390
79122 32367
50177 73182
22769 22066
66903 66904
33040 78914
22625 21943
46286 46287
21928 22882
73110 50394
33261 33262
32590 79057
22132 22114
83848 18321
39547 39548
82545 22715
38889 38758
68665 63841
32179 32181
46811 46812
45264 74794
72176 72175
83739 18638
67336 67337
38478 77057
79111 32409
32120 79207
35529 78070
32322 32323
67537 67287
63658 63659
38910 38911
38996 38999
82278 21876
83730 18672
63382 68825
50716 50717
67526 67315
38982 76872
78339 34732
46820 46821
35514 35480
74401 46409
83732 18664
21894 22917
66533 67782
74746 74745
39381 39382
22281 22932
21880 22928
63800 68680
33596 33597
53371 72154
63954 63955
76862 76990
67535 67295
78720 33645
22559 21853
32155 79195
77003 38629
64000 68609
22562 21854
67532 67664
67298 67299
76981 38686
67533 67297
34037 34038
65802 65803
76520 76519
64367 68484
69901 60100
74191 74190
22499 21699
34206 34207
52755 52758
63003 63004
69926 60007
40693 77951
64083 64084
62900 62901
62902 62869
52694 52695
62865 62836
62839 62840
69246 62097
62100 69245
64195 64196
60112 60110
64150 64151
69273 62030
72350 52751
61999 62000
62390 62391
60237 60238
62464 62465
62471 62472
69116 62476
60221 60222
60145 69897
34945 34946
77958 77959
69205 62226
60065 69915
35725 35726
21790 22435
23110 22411
61324 61325
66293 66294
61228 69573
78275 78255
64401 64402
67924 66090
68001 68000
61172 69560
69557 69556
18925 18926
62679 62665
51916 72608
64413 68474
51912 51913
52095 51996
35941 35942
62711 62712
34974 34975
65845 65843
52066 52096
69061 69070
62585 62586
21712 21781
52014 52015
82645 21656
64364 68485
47345 47314
62317 62318
76514 40059
58807 58808
52541 72420
69664 60779
70386 58703
34492 78408
58855 58856
34484 78412
72468 52414
59014 59015
83457 19463
64512 64513
58999 58857
58921 58922
78562 78571
70335 70334
19665 19667
64523 68439
58992 58994
72395 72394
74126 47290
74237 46930
19504 19505
60351 60352
72376 72375
60280 60281
83459 83450
69785 60482
34154 34121
34024 34025
60289 60290
58627 58628
60668 69704
34186 34187
34253 78491
69886 60182
64244 64245
59310 59312
59391 59392
60153 60154
34266 34267
70147 59351
70155 59373
34275 34276
46853 46854
64610 64611
18904 18905
64628 64595
78482 34288
64671 64672
59622 59623
46865 46867
70042 59716
59593 70072
64677 64678
59930 69966
47267 74132
52843 52844
69722 69721
52837 52838
78390 34551
70124 59475
19303 19292
64631 68401
51964 51966
61356 61357
51949 51950
37284 37316
37309 37310
68119 65537
83555 19178
37116 37117
83558 19166
68108 68107
82680 21767
54093 54060
19202 19203
36444 36445
36383 36384
54081 54082
36279 36281
78161 35277
36358 36359
36322 36323
36701 36734
36697 36699
78241 78240
36669 77646
65691 65692
17791 17792
36577 36579
19130 19128
35036 35037
36549 36550
77692 77691
65225 65226
38063 38064
77459 77457
35400 35401
66261 66295
22489 22467
67640 66986
35157 78196
76504 40070
40073 76510
78364 34643
78371 34611
64856 64857
34582 34584
45639 45569
35135 35136
39962 39963
77060 77062
36987 36988
64907 64908
22816 22677
77560 37011
36847 36848
17920 17921
82358 82359
45691 45692
67602 67097
36929 36930
17922 17923
83988 17929
36878 36879
17902 83993
34693 34694
65649 65650
64728 64765
77180 38125
77156 38161
38164 77153
38168 38169
65521 65522
35121 78208
68151 65411
69469 61451
52142 52143
18763 18764
52196 52197
69359 69358
61879 61880
69320 61882
68138 65432
64291 64292
61687 61688
61646 61647
69377 69388
69383 61723
52179 52180
66165 67893
61063 61064
35805 35806
47022 47023
52359 52360
35795 35796
47038 47039
66321 66322
22379 82642
61237 61239
61250 69537
61349 61350
61400 61401
61518 61519
61536 69445
53570 53571
65364 65365
77148 38180
77223 37966
37969 37972
37930 37931
65313 68186
17833 17834
65306 68190
38365 38367
38393 38394
77101 38349
38453 77067
38402 77076
38281 38282
53710 53711
53762 72016
36015 36016
65297 65298
37497 37498
65292 68196
37827 37828
65499 65468
53690 53691
65529 68127
18841 18843
72027 53730
35115 78210
77329 77328
62883 62884
89999 43653
44580 44581
9435 9436
89403 1795
26470 26473
86866 9521
9883 9884
9891 9892
1832 1833
26859 80945
9965 9966
31120 31118
86727 86730
9754 9755
388 389
411 345
26815 26816
9812 9814
9831 86764
9807 9805
26907 26908
44896 74923
9780 86778
44932 45002
79556 31132
502 504
44980 44981
9006 9007
9449 86884
79568 79567
26704 26705
31097 31098
12306 12308
45025 45026
28072 28073
28068 80546
81042 26602
12664 12665
12630 12631
85788 12732
85812 12677
12508 85871
85878 85882
81040 26611
2124 2125
2101 2103
12568 12569
1781 1751
80510 80509
28203 80511
11079 11078
1859 1860
79579 79577
9624 86824
86847 9566
81104 26463
1815 1850
9100 9087
8921 8922
12217 12218
920 921
86448 10792
31611 31626
944 945
89717 846
86518 10562
823 824
867 868
31636 31637
86528 86527
23890 23891
31544 31545
10599 10601
10616 10617
31591 31539
89648 1046
89650 1042
31661 79396
81938 23945
44283 44284
1071 89639
75905 41885
10801 10802
75907 75906
41907 41905
41921 41922
89689 919
30898 30899
30745 30746
187 188
26706 26707
26655 26656
30728 30729
71 72
8948 8949
8950 8951
30773 30774
9324 9326
89957 89956
9287 9288
89986 89987
30852 30753
9354 9355
9364 9365
42132 42133
9385 9371
86979 9185
9197 86974
9155 9170
259 260
9264 9265
9273 9274
26752 25308
30880 30881
86488 10676
12300 12302
80529 28147
87797 6832
11679 11680
47493 47495
7628 87529
27803 80634
26973 26974
87646 7259
86035 86036
74077 47426
12035 12038
80891 80890
7227 87657
85998 85997
11986 11987
11992 86018
87660 87658
44747 44749
27218 27219
11257 11259
11264 11265
47654 47656
27220 27382
86270 11284
74942 44846
86250 11327
11347 11348
11319 86257
27785 27786
27881 27882
80707 27584
11858 86072
55689 55690
6876 6877
47938 47939
80854 27125
43200 75472
47923 47924
55636 55739
80177 29225
55711 71401
55720 55721
43325 43292
47820 73939
87552 87553
55515 55516
80840 27166
55631 55632
47855 47856
87500 7688
80171 29241
80173 29236
11820 11821
11826 11827
11798 86102
47473 47474
86074 11857
7378 7379
11212 11110
45071 45072
80680 27666
1560 1561
12998 12999
89592 89591
44648 44719
27346 27331
85787 12743
85754 12853
28399 28400
1107 1108
1148 1150
12807 12808
48452 73734
89583 1645
48447 48448
28350 28351
28521 80413
13256 13255
80789 27314
28557 28558
44656 44658
89577 89576
1294 1295
28491 28493
48418 48419
2054 1984
89472 1542
80750 27437
74038 47553
12926 12927
11183 11184
27483 80737
89498 1458
27541 27543
47584 47585
11596 11595
47574 47576
44808 44809
80772 80771
74029 74028
86155 11493
73777 48321
48318 48319
11400 11401
80744 27462
11412 11413
27728 27744
73781 48303
48300 48301
89483 1514
27733 27734
11446 86206
48350 48352
27634 27620
75014 44634
86419 10885
10886 10887
31669 31670
89240 2275
30351 30352
30312 79809
41139 76151
82052 23635
2442 2443
24613 24601
2465 89179
85207 14388
81739 24557
2387 2388
89207 2386
24554 24555
14379 14380
41494 41495
14188 14189
24633 24632
14270 14271
40782 40783
3111 3112
14226 85258
40796 40764
13467 13468
3047 3048
40816 40817
40810 40811
30367 30368
79788 79787
3077 3177
41208 76122
84356 16896
84241 84441
79717 30619
2718 2719
42911 41449
16730 84425
41107 76163
89082 89081
17079 17081
82067 23599
17082 17083
84278 17093
30223 30224
89104 89103
30214 30216
17000 17001
23555 23556
30442 30444
76182 76181
41027 41028
89227 2332
2328 2329
41220 41221
85315 85314
2223 2224
13575 13576
24641 24642
86661 10154
15249 84914
15418 15454
14790 14791
25159 81537
15467 84834
14785 14772
85050 14805
14827 14828
15269 84907
76008 41600
25035 25036
14562 14563
85121 85120
14675 85102
41590 41591
41587 41588
14928 14929
85028 85027
41576 41577
41703 41735
85176 85175
85033 14912
14494 14528
14703 14872
24855 24856
24851 24852
24805 81652
15070 15071
24639 24640
15112 15080
13362 85571
88910 3274
13429 85544
3264 3265
13398 13399
85415 13774
88920 3286
24942 24943
13845 13846
13829 85439
85487 13591
3220 3221
41381 76063
13672 13673
25016 81589
81766 81800
2811 89059
24485 24486
76248 40854
40848 40850
2908 2906
3008 88995
84989 15034
24893 24891
15085 15087
16795 16797
16837 16838
44381 44382
16260 16262
16269 16270
31426 31427
30004 79686
30007 29976
75626 42729
29919 29921
84597 84602
75065 44485
16168 84604
29964 29965
79932 29954
16546 16547
79878 30131
16527 16528
16611 16612
16604 84466
30166 30167
3433 3434
88862 3432
3331 3332
88881 3379
30076 30077
44441 44442
15743 84718
3551 88820
81887 81885
88737 3854
2552 2554
3645 3646
10163 10164
10175 10176
622 623
616 617
23825 23822
667 668
75184 75200
10037 10038
31355 31372
10102 10103
786 787
747 89755
86566 10444
89769 701
740 741
738 739
10461 10462
725 89760
88805 3616
3603 3604
3595 3596
10350 10349
88797 3654
31391 31393
41942 41943
3548 3549
15783 15784
3544 88822
15752 15753
17437 17438
17443 17444
17259 17260
75119 75118
84225 17248
3880 3881
17239 84229
17337 84190
75733 42416
17296 17297
84062 17668
4022 88682
84079 17648
42589 75672
23157 23158
42580 42581
17739 17740
17754 17755
84038 17762
17703 17704
23171 23172
17500 17504
82178 23248
30672 79701
75099 44378
75744 42382
84138 17486
23398 82126
16067 84634
44463 44464
3581 3582
15579 15580
15599 84778
15665 15666
75032 75046
80025 29682
4235 4236
81907 81906
88653 4148
81900 24051
29873 29893
17365 17367
4168 4169
42638 42640
23322 23323
23338 23339
84673 15910
4337 4338
23346 82143
75729 42433
17399 17400
42489 42490
4383 4384
43243 43244
24843 81639
28889 80272
29040 29041
57080 57081
29038 29039
58223 70558
25427 25428
25373 81463
74597 45787
55149 71561
55160 55129
8337 87263
81334 25744
5216 5217
25750 25751
72792 51374
55180 71551
88327 5181
5101 88355
6105 6106
70674 57846
54702 54703
8153 87329
43471 75382
28946 28947
54856 54857
75245 43918
71671 54835
28853 28854
54933 71643
58198 58231
6000 88073
43521 43522
54742 71692
6100 6101
73678 73677
54697 54698
55187 55189
43506 43507
49495 49496
28971 28972
87231 87229
80349 28677
80350 28675
49148 49149
51328 51329
54330 54331
8440 8441
54344 54345
71829 54347
54354 71856
8491 8492
54154 54155
73501 49179
72740 51521
8469 8470
54309 54311
56645 71073
71843 54293
74532 74531
71627 54976
4956 88405
55080 55081
43007 43008
55024 55025
82963 82960
51311 51312
83297 19890
29005 29006
88402 4970
29001 29002
82815 21293
6136 6138
5937 5938
6228 6229
57871 57872
6533 6534
4737 4704
8233 87296
25553 25554
83088 83087
57701 57702
48543 48541
21574 82720
25545 81397
8659 8660
21533 21534
20531 20532
51033 51003
73711 48517
57579 57581
4799 4800
21543 21544
7782 87470
83119 83103
72713 51620
20264 20251
20656 83036
58519 58520
74542 45966
43110 43111
58339 70518
48728 73643
58359 58360
45967 45968
43547 43548
72865 51178
26223 26224
75355 43565
70472 58510
81194 26187
20253 20254
48520 73709
82730 21580
70770 57551
21618 21619
73410 49454
21357 21358
8604 8605
72915 50968
20332 20333
8811 8704
50993 50995
51649 51650
23149 83152
51677 51678
72719 51638
8723 8725
70691 70690
73917 47895
8138 8139
8606 87172
8037 8040
21614 82710
70628 58002
20367 20356
20409 20383
57951 57952
49069 49067
70656 57907
8581 87180
20324 20300
21634 82705
8246 87284
20348 83148
25525 25528
4806 4776
8085 87353
51113 72882
54187 54188
72809 72808
54189 71876
71204 56285
70813 57407
56256 56257
56392 56393
82861 21145
87702 7101
49759 49760
73476 49250
56490 56489
56215 56212
21110 21111
29498 29407
5499 5500
46102 74500
6897 6898
73337 49731
43777 43780
5639 5640
25949 25950
46048 46049
80122 29370
46226 46227
73234 49902
73208 50109
6563 87887
49229 49230
57439 57437
55834 55835
19778 83342
29428 29430
49245 49244
51544 51545
49274 49275
49038 73540
29378 29391
55855 71346
43975 75227
56120 71251
49236 49237
48843 73606
55288 55289
5242 5243
43648 43649
6675 6676
29207 80189
88285 5314
5302 88292
6673 6674
5693 5695
5733 5734
55248 55249
73915 47902
88522 4583
5742 5743
6833 6834
73313 73312
83204 20139
5773 5774
88520 88519
70838 57327
49671 49672
73362 49663
81290 81289
73601 48817
80067 29562
88236 88235
6716 6717
5460 5463
4596 88528
55425 55427
55384 55385
6743 6744
73293 49856
57412 57413
70809 57417
48797 48798
43453 43454
5396 88266
20752 83004
80320 80318
73236 50034
6517 6518
56788 56789
57008 70944
7019 7020
54433 71801
54618 54619
49205 49104
5414 5415
56868 56869
43382 43383
56870 56871
6499 87908
54599 71762
7006 7008
87750 87748
28773 28776
49122 73515
83362 19737
20679 20680
51461 51434
72768 51436
28785 28788
28798 28799
5408 5409
6992 87749
83032 20674
7740 7741
88368 5073
73470 49286
49993 49994
70443 58563
21074 21075
6595 6596
20745 20900
21064 21065
55229 55233
54482 54483
43349 75423
48809 48811
54475 54476
25807 25774
73571 48933
57353 57354
70823 57376
54523 54524
87693 7116
87682 7123
20051 20052
61674 61645
33789 78666
23365 82135
3501 88838
81249 26020
33514 33515
61773 61774
2565 2566
33690 33691
81890 81889
4634 4633
5876 5879
69589 61039
4487 4488
23982 23984
88427 4880
78597 33976
88690 4005
88538 4531
4286 4287
78629 33891
4597 4598
33885 33887
33531 33532
60833 60834
33932 78610
4638 4639
4393 4394
33485 33522
4666 4667
60979 69609
61679 61680
60875 60876
88684 4021
60823 69659
4143 4144
25991 25992
82202 23196
4389 4390
78748 33549
88724 3920
88569 4434
33903 78623
61083 61084
4631 4535
23374 23375
33990 33992
3917 3918
69600 69599
4604 4605
78584 34010
61811 61812
4183 4184
60847 60850
4081 4082
33467 33468
40252 76447
89159 89158
2889 2891
5604 5605
68968 62889
62871 62872
62780 62781
2803 2804
89060 2808
2766 2768
63006 63007
31937 79265
25011 81596
2792 2793
62935 62936
62926 62927
68962 62911
6406 6407
88926 3234
88933 3212
31847 31848
31849 31852
62947 68949
69012 62941
6535 87897
3253 3254
31824 31825
31921 31922
82097 23493
6528 6529
3045 88982
6386 6387
6381 6380
23229 23230
62077 62078
81634 24832
24879 81628
5745 5732
24871 24872
14966 85012
5727 5728
61968 69292
32706 32707
5552 5553
31986 79251
85026 14933
5712 88167
5652 88186
5709 5710
2911 2912
69259 69257
62091 62090
85088 85087
62122 62125
14823 14824
5680 5682
32042 79233
14801 14787
6063 6061
6467 6468
2967 2969
2940 89023
2909 2910
88978 88977
62516 62484
3059 3060
2699 2700
5923 5922
2344 89233
5821 5822
2293 89237
61320 69516
32157 79194
2674 2675
61309 69521
4752 4753
69522 61308
2685 2686
5842 5844
2727 2726
2708 89092
62718 69028
69532 69526
4783 4784
2529 89151
2546 2547
5847 88123
61296 61260
4685 4699
2550 2551
61272 69530
61266 61267
88409 4916
4919 4920
60897 69638
61128 61126
32149 32150
79178 32205
61102 61103
31884 79282
88015 6194
79276 31897
3121 3122
62703 62704
3123 3124
32275 79152
32222 79170
32225 32226
6090 6091
23481 23453
6078 6079
89176 2478
89196 2419
2420 2421
61189 69554
32295 32296
32114 32115
6112 88043
69565 61163
61195 61193
3467 3468
82037 23674
61212 61213
2221 2222
61200 61201
2279 2280
61465 69464
38252 77126
4586 4587
38483 38485
14849 14850
6982 6983
77052 38490
1557 89465
1193 1194
76546 76545
1122 1123
87686 7134
80780 27336
38469 38470
1345 89580
27302 80793
26385 26518
1266 89568
1621 89453
38499 38501
40111 40113
1610 89482
38596 38597
40014 76531
6978 6979
6995 6980
38892 38893
1444 89506
87741 7016
87742 7014
39677 39678
89488 1494
27375 80770
38962 38994
39650 76662
1288 89559
36842 36844
1286 1287
37340 37341
89402 1797
8389 8390
81081 81080
37104 77532
38679 38680
1715 1716
38616 38617
1769 1770
8425 8426
8348 8349
81037 26519
37350 37351
38689 76980
37342 37343
37338 37339
89367 89365
37238 37239
2188 2189
37262 37263
37256 37257
37249 37251
38707 76973
2153 2154
36931 77590
26619 26637
25754 81331
36827 77623
81328 25763
1974 1975
26622 81034
76878 38970
1469 1470
25331 25332
6749 87826
76308 76307
40672 40673
7513 7514
76310 76319
7509 87572
6745 6746
40295 40296
39694 39695
40291 40292
26994 26995
26996 26997
40284 40285
40473 40474
40478 40479
27173 27174
6645 6647
40413 76386
7479 7480
7591 7593
27191 27193
76413 40356
25653 25654
6801 6802
87820 6764
40367 40368
40282 40281
76461 40219
40210 40211
6671 6672
6669 87855
40259 76444
27004 27005
40313 40283
40431 40432
87699 87698
76680 39591
80775 80774
38797 38798
39619 39620
76942 76941
7354 87614
7374 87609
39807 76609
7170 7171
38876 38877
38847 76924
25639 25610
7154 7155
7404 87602
39828 76602
27006 80895
39749 39750
7059 87720
87715 7067
39738 39739
87673 7188
27071 27072
76343 76342
80884 27062
80879 27061
7275 7277
76375 40455
7611 7612
26978 26977
81354 25687
76988 76987
25323 25324
88283 88284
37388 37425
37924 77236
23751 23752
37611 37504
5103 88354
743 744
5010 5011
37499 77391
23954 23955
4958 4959
37451 37455
718 720
23772 23773
37845 37846
77276 77275
82023 82022
26272 26273
754 755
89811 562
38313 38314
38248 38249
8134 8135
620 89788
26328 26329
637 638
641 642
26330 26331
23909 81949
38434 38436
23903 81951
81177 26246
1029 89655
37893 77246
4981 5017
88385 5019
32937 32938
81292 25846
23997 81923
61379 69495
24091 24006
5284 5285
5278 5281
81864 24182
61587 61588
5271 88300
61530 61531
3437 3438
81849 24220
88859 3443
3448 3419
78946 32944
77259 77258
37773 37774
78940 32956
37751 37753
24214 81858
81854 24208
32967 32930
78956 32906
24105 24107
3752 3753
77308 37716
88755 88754
5378 88271
32914 32915
77250 37787
969 89672
8237 8239
26652 26653
77644 36778
26914 26916
36718 36719
76761 76760
81402 25541
76705 39527
537 510
26877 26878
38019 38020
39518 76709
36781 36782
77637 77636
36560 36561
36571 36573
26671 81020
39308 39309
81475 81474
77791 77789
26921 26906
80939 26870
36242 77836
8818 8819
400 401
36462 36463
36515 36516
26797 80973
36488 36489
80959 80960
76753 39387
25319 25320
36413 77786
87120 8765
36553 36555
25526 81415
81400 25511
7767 7768
38036 38037
26175 26177
1082 1083
1093 89631
26178 81195
26137 81205
39266 39267
8162 8163
87309 8202
7836 7837
87452 7829
23882 23883
81957 23877
7849 87447
81189 81188
25574 25546
139 140
39130 39100
87394 7977
256 257
7926 7927
39122 76836
39444 39446
7924 87417
38105 77173
36620 36621
8656 8658
89917 218
8664 8650
77700 36598
20973 20974
17429 84157
14847 85044
68508 68507
83672 18868
29432 29433
18855 18856
55984 55985
64608 64609
54493 71542
54487 54488
68428 64568
68421 64584
54468 54469
64683 64685
54520 54521
28716 28718
68404 64640
28721 28722
64653 64654
68454 64479
54616 54617
54668 54669
64274 64275
80087 29494
55236 55237
55914 55808
65050 68275
65072 65073
55271 55272
55370 55367
71474 55464
55461 55462
64321 68488
56174 71230
29541 29542
64399 64400
29520 29521
64405 68476
56246 71206
56224 56226
71205 71216
71198 56263
64200 64201
29383 29384
71337 55891
54654 54655
19468 19469
28777 28778
54542 54543
19314 19315
52962 52963
72297 52902
54718 54720
71656 54886
71658 54850
19264 19265
57847 57848
70696 70695
57817 57818
70684 57804
57798 57800
52782 52783
52966 72570
57786 57790
83150 20337
19419 83472
52061 52062
57961 57962
80224 29073
54768 54769
54772 54773
80347 28682
54537 54538
68438 58586
54579 54580
71872 54206
71858 54239
54219 54220
71890 54148
80366 28700
56350 54300
54774 54775
72456 52441
52523 72424
55055 71615
55219 55220
55211 55212
55207 55208
55093 55198
83504 19330
18746 18747
55238 55239
57910 70655
86176 11536
11099 11100
11084 86340
82495 22621
27604 80701
63489 63460
11306 11307
68794 63472
22583 82606
22915 22272
80601 80600
27944 80597
80589 27956
11253 11254
12007 12008
27957 80605
63316 63351
63350 63384
12041 12042
22588 82279
22245 22616
22896 21916
80211 80209
22257 82597
64110 64014
12969 85710
13006 13007
68631 63941
68630 63910
12982 85700
12943 85721
85723 85722
12907 12909
64008 68606
68624 63953
86192 11484
27737 27738
86223 11405
63188 68868
63198 68866
11422 11390
27701 80663
63287 63288
11943 86022
80610 80609
11910 11911
11960 86030
55522 55523
64798 64800
55513 55514
65183 65184
55509 55510
19098 19099
55556 55557
29303 29304
29143 29144
55648 55649
55703 71413
65250 65251
83571 19133
18816 83629
18807 18808
65219 65115
29155 29156
18796 83691
29125 29110
80133 29329
29256 29257
64778 64779
11744 86110
63451 63452
63398 63399
12150 12151
12067 85991
12190 12090
27815 27816
27821 80632
64898 64899
11742 86111
55627 55628
11669 11672
18994 18995
83625 18985
68368 68367
11853 11840
68348 64811
68347 64813
64770 64802
58020 70624
83145 20360
12874 12872
82721 21573
21541 82731
18722 18723
53482 53483
72985 50758
50775 50776
21603 21604
51689 51690
51636 51603
51631 51632
51822 51788
51846 51847
51844 51845
53329 53330
51840 51842
53333 53334
51737 72673
51565 72667
53347 53348
51423 51424
72136 72124
72853 51212
56918 56919
21567 21568
21368 82791
57183 57184
82785 82784
52977 52978
21362 82792
21360 21346
83783 83782
21187 21188
21155 21156
82822 21259
18530 18528
51237 51238
21266 21267
51225 51226
21227 21214
72838 51264
51259 72841
51168 51170
21557 21558
82966 82965
72779 51408
73117 50371
83841 18333
21136 21137
49757 49758
49739 49740
73363 49653
73359 49676
20942 20943
73063 73062
50518 73072
73083 73082
20960 82940
20915 20904
49895 49896
20928 20961
49826 49827
21641 18407
83381 83382
20987 82922
21017 82908
50531 50532
73189 73188
73184 50163
21041 82900
18376 18289
72781 72780
51325 72799
20866 20867
82993 82995
20692 20693
73103 73102
51518 51519
20664 20665
51443 72767
73020 50654
18315 18316
51480 51481
50173 50174
72761 72760
18377 18497
49926 49927
49924 49925
21039 21040
21294 21295
53002 72268
51995 72584
20636 20637
58525 70455
58555 58556
83949 18026
72527 52188
20478 20511
58142 58143
83193 19853
83884 18205
58255 58256
58292 58293
58286 70533
83872 18244
72044 53681
53686 53687
70539 58272
19870 19871
19852 19817
18143 83908
53751 53752
20638 83044
52394 52395
21283 21284
58364 58365
20375 20376
57542 57611
72607 72617
57530 57531
51863 51864
57523 57524
57519 57520
57705 57706
57695 57696
83170 20278
57676 70727
52130 52131
83931 18084
70732 57668
83921 18115
70497 70495
52291 52292
70524 58314
58307 58308
18193 18194
58203 70564
57472 70561
19934 83278
57328 57329
57219 57220
57227 57225
83260 19992
17975 83999
71998 53821
53833 53835
70805 57431
57424 57425
83274 83273
17906 17907
53947 71959
57460 70796
57339 70834
57381 57382
20014 20015
57006 57007
72211 53193
20661 19692
56541 70980
56525 71109
56522 71121
53623 53624
72049 53564
56690 56691
17845 17847
53552 72089
56678 71061
56840 56842
72071 53610
17858 17857
56833 56834
56611 56612
17828 84009
17826 17827
71135 56422
56359 56362
71148 56386
71090 71089
71092 56581
83222 20076
82389 82463
12786 12788
14885 14886
60114 60115
60181 60183
16826 84381
79704 30664
30676 30677
17518 17519
84126 84125
30583 79731
17527 17512
17716 17719
69938 69952
17663 17664
17649 17651
60000 60002
69907 60085
17684 84068
82647 21740
17678 17679
30471 79771
17311 17312
16828 84380
16798 16799
17016 17017
79694 30694
84311 84310
84303 84302
84336 16947
84325 16978
30221 79845
17198 17199
69991 59870
69998 59840
59920 59922
30279 30297
59723 70037
84429 16724
16772 16773
16759 84407
84414 84412
59775 59776
84447 16657
16678 16680
30591 79726
79770 79768
22390 21744
21713 23058
66074 66075
15948 15949
15981 15979
66129 66131
29641 80043
15546 15547
84797 15528
84779 15595
15583 15584
15581 15582
84791 15571
80000 29759
21672 23125
66191 65812
65440 65441
65442 65443
29713 29714
15698 15699
80013 80012
84525 16436
66316 66318
66314 66315
29868 79960
84169 17357
67950 66023
79739 79738
67940 66051
84220 17263
20969 20970
23064 82702
30534 79748
17391 84183
79971 29829
15977 16010
66296 66262
84675 15900
15880 84681
15918 15919
79982 79981
15817 84707
16056 16057
66365 66366
60672 60639
30437 30438
22382 82690
15438 84844
70090 59579
15079 15078
14987 14988
84931 15191
70067 70066
24477 24478
81763 24488
24495 24469
84949 15139
59431 59432
81772 24444
59446 59447
59486 59488
59491 59492
59501 59502
24275 24276
24281 81827
58747 58748
70371 58751
70093 59573
25122 25123
60770 60771
70203 70202
14523 85163
62437 62438
25176 25177
14426 14427
62236 62233
85181 85180
14652 14654
85114 14649
62272 62307
59306 70175
14592 14593
14570 14571
59406 59407
59415 59416
25087 81563
84910 15258
25132 25133
59176 59177
81540 25156
70342 70341
13695 13696
81844 24237
13722 13721
69789 60468
14357 14358
85199 14408
14311 14312
85236 14309
15524 85234
24597 24566
60265 60266
60278 60279
60361 60362
30371 30372
14097 85298
30320 30321
79817 30327
14021 14022
14003 14004
14036 85336
69666 60807
30433 30434
60465 60466
60508 69771
69804 69803
24664 24665
58694 70390
85435 13736
58663 58664
85412 13781
58676 70396
13393 13394
81695 24679
13410 13411
13520 85511
14210 85262
13556 13557
13473 13474
13504 13505
58928 58998
24751 24753
58977 58978
85260 14223
60444 60445
65404 65405
16359 84553
82246 23002
66377 66378
9739 9737
9762 9763
67793 66476
9757 9758
66458 66459
66827 66828
9745 9746
31224 31187
31208 31211
22723 22113
9872 9873
9846 9847
86738 86737
22780 22697
9456 86871
22704 22047
22788 82320
9698 9699
22037 22182
9718 9719
86788 9770
86938 9297
31145 31146
67329 67330
30779 30780
8945 87054
30741 30742
67300 67301
66568 66569
87064 8919
30800 79665
9021 9022
9011 9012
22100 22099
66630 66631
67746 67757
66588 66589
79537 79536
9797 9798
9778 86779
67817 67815
86780 9777
9673 86806
66697 67727
66704 66705
31079 31080
80434 28463
12359 12357
12376 12378
85661 13109
13104 13105
22942 82615
80403 28542
28555 28556
22936 82481
13018 13019
21874 82274
13016 13017
85614 13240
63692 63693
28334 28335
12825 12826
21805 22344
80449 28408
85744 12837
22967 22968
12434 12435
85904 12402
12613 85834
12593 85843
66772 66773
12531 12597
12483 12485
66725 66726
85880 12474
85806 12695
85799 85798
22771 22064
12225 12322
63775 63773
12662 12663
63772 63810
22959 21852
12269 12270
12315 12316
22954 82266
12224 12193
79671 30766
67270 67338
21757 23072
31490 31491
86628 10272
31499 31500
10262 10263
65798 65799
10289 10290
79430 79431
79439 31470
86556 10472
65741 65742
65750 68048
10510 86543
10455 10457
65768 65769
31481 31482
31309 79483
65597 65598
10421 10422
10066 10067
31274 31277
86626 10280
31394 31395
9301 9302
65732 65733
30146 30148
16413 16414
65523 65524
65525 68121
16562 16563
16539 16540
65488 65489
16165 16149
79940 29926
16099 16100
30035 30036
65366 65367
68165 65376
16220 84594
65379 68164
23023 22502
10342 10344
82434 22428
31389 31390
65644 65645
10031 10032
10216 86650
68081 65652
86401 10941
67016 67624
67623 67022
31549 79408
67505 67400
31638 31640
21962 22221
10559 10560
31605 79385
10753 10754
67446 67489
86452 10781
79629 30917
30876 30877
30882 30883
9271 9272
67416 67417
79617 79616
67210 67211
10946 86400
31665 31663
67041 67042
31716 31717
10247 86635
10242 86638
10227 10228
86665 10146
22819 22197
86669 10132
67109 67111
67117 67118
10150 10113
11011 86354
22665 22205
10157 10158
86660 10156
10865 10933
86444 10810
79313 31775
10839 86434
11055 11056
32634 79039
5538 5540
77906 77905
41723 41724
44109 44110
48205 48206
42612 42613
46774 46775
44295 44469
44600 75028
43439 75390
75389 75388
78281 34899
78467 34335
44475 44476
74717 45500
43458 43459
48651 48652
44372 44374
42112 42114
34316 34317
45339 45340
35429 35430
74402 74417
44385 44386
73816 73815
43343 75425
46927 74238
35425 35426
74068 47449
34312 78473
46133 74493
47798 47801
43347 43348
42107 42108
40767 40768
45270 45271
74846 45123
74215 74214
49440 49441
74737 45437
46767 46732
44443 44444
74735 45494
34896 34897
34498 34499
40734 40735
75079 44452
74657 74656
47104 47105
34961 34962
46784 46785
46644 46645
45986 74535
46094 46062
78338 34734
45192 45193
73448 49356
75366 43528
78101 35438
74484 46168
74425 46350
42782 42783
41290 41325
49292 49293
76073 76071
75499 43124
48657 48658
45501 45502
48542 73702
74113 47341
40968 40969
44468 44503
48406 48407
41711 41712
45707 74770
75344 43596
44192 44191
35245 35246
42483 42484
46698 46805
45418 45419
46479 46481
49060 49061
44062 44063
78985 32799
74761 45367
75193 44065
46581 46582
74700 45552
35704 35705
46972 46941
40832 40831
42473 42474
42303 75768
34175 34176
47889 47890
49397 49398
35467 35468
41461 41462
44260 44231
45960 45927
45545 45546
46665 46666
49312 49313
34451 34452
45375 45377
35463 35464
79105 79104
44274 44275
46057 46060
47427 47428
34073 34074
47434 74074
32480 79096
49066 48701
45959 74560
34594 34595
49190 49191
75758 42342
35295 35296
43375 75415
48934 48935
35826 77974
49415 49386
47607 47608
46179 46180
45381 45382
43749 75299
34346 34347
44391 44393
34440 78433
46345 46346
49307 49308
75562 42917
35706 35707
42295 42296
45316 45351
47117 74178
42996 42997
48568 48569
41699 41700
45349 45350
76095 41292
47002 74209
78306 34824
35981 77926
42292 42323
43789 43790
75854 42051
35828 77972
74442 46295
35369 35340
75899 41916
41146 41147
49451 49421
74914 44925
43725 43726
42022 42023
48792 48794
34927 34928
48777 48778
40841 76252
43072 75512
43210 43211
46616 46617
49300 49301
46338 46303
73525 49092
49319 49320
48917 73574
32522 32521
48964 48967
44731 44733
48591 73690
75579 42775
34675 34853
47838 47872
43112 43114
45510 74714
73988 47696
47093 74182
44928 74913
46360 46361
47032 74199
42039 42040
41470 41471
74596 74595
40727 76277
46876 46877
41818 41819
41810 41811
43826 75281
78237 78236
32657 32659
74977 44726
75514 43061
35573 78054
74920 74919
43816 75285
78022 35668
41939 42081
42864 75582
78445 34415
74251 46881
42555 42557
78449 34405
44327 75106
75337 43616
44359 44329
35565 35566
43190 43191
43871 75261
46871 46908
44795 44796
34857 34858
45145 44773
41360 76013
43652 75329
34535 34536
48382 48383
32529 32530
41888 41889
46648 46649
74416 46377
42065 75849
46623 46593
32884 32885
76199 40987
41014 76187
42549 75684
41670 41537
41890 41891
36208 36209
32513 32514
41765 41767
40984 40985
40861 40862
34281 34283
44577 44018
43687 75314
43836 43837
78980 32861
45852 45822
75271 75270
49168 49169
46546 74351
46795 46796
73516 49121
35268 35163
45171 45172
49424 49425
75575 75577
32358 32360
44424 44425
373 374
1978 1979
84493 16526
15720 15721
20388 20390
82829 21235
62604 69066
40344 40346
75622 75621
47812 47813
67051 67052
24620 24621
57788 57785
62566 62567
76429 40306
13956 13957
50323 50324
16564 84479
35658 35659
62610 62611
84730 15738
16533 16531
26800 26802
20357 20358
13954 85351
26635 26621
57560 57561
71175 56326
13933 13968
67374 67410
72201 53222
44926 44927
68840 63297
29907 29908
49093 49094
50381 50415
89220 2352
3096 3097
84497 84496
47826 47827
66086 67926
62748 62749
46950 74229
82384 22894
57988 57989
59731 59699
85343 13984
16381 16383
47862 73928
53205 53206
51095 72888
62716 69029
35332 35333
1884 1867
30160 30161
16467 16468
16402 16403
81116 81115
19470 19471
75646 42682
19298 19299
50127 73199
40143 76482
19296 83518
36334 36335
45111 74851
24588 81728
36339 36340
18598 83750
50996 72916
1678 1679
55623 55624
1710 1711
63553 63554
61528 61529
23525 23526
49426 73427
16400 84538
53207 72206
82083 23542
45917 45918
71457 71456
53213 53110
35662 35663
47175 74158
13967 85346
76389 40407
2081 2083
23537 23538
16615 16616
20318 20319
62514 62515
89269 2186
29237 29239
3069 3070
40348 76417
69017 62756
36716 36717
26435 81120
28598 28617
78021 78020
1748 1734
40267 76440
26427 81123
1918 1919
41302 41303
19279 19282
16595 16596
26466 26467
79902 79899
81039 26613
65001 65002
40388 40352
79903 30055
47857 47858
29252 29253
42736 42362
73527 49085
35534 35535
74957 74956
62837 68985
70704 57736
82506 22653
77710 77720
83190 20195
31463 31464
22884 82492
27864 27865
86542 86541
50005 50003
81760 24502
50520 50522
53530 53528
70708 57722
31467 31468
85213 85211
34725 34726
57644 57680
70739 57643
71761 54536
7330 87618
27408 80761
38471 38472
57737 70703
73105 50423
53146 53149
24898 81622
65191 68219
67942 66047
85205 85204
2860 2861
80755 27425
65466 65501
86619 86618
41370 76070
66048 67941
69997 59844
64170 64171
1382 89534
22597 22593
1404 89523
1406 1407
2883 2884
70701 57746
1487 1488
74947 44824
14415 85196
57742 57743
19237 19238
54539 54540
49127 49128
65412 68150
17930 17932
11757 11759
24731 81680
53920 53884
62176 62177
27069 27070
27067 27068
62178 69220
34578 34774
10009 10010
27823 27824
20245 20246
60614 60615
3003 3004
45906 74575
44762 74969
39391 76751
58409 58406
7651 7652
82787 82786
41852 41853
7659 87520
77693 36652
49995 49996
47318 47319
7185 87674
86679 10101
31311 31312
86587 86586
31305 79485
17936 83984
37756 37757
10433 86570
17942 83982
48751 73636
36058 36059
87594 7425
82727 21556
10250 10251
34780 34781
27037 27038
57649 57646
78442 34421
60252 60251
2827 2828
47496 47497
57078 57079
7236 7237
86107 11754
22843 82584
27885 27886
19137 19138
46847 46848
16324 16325
89565 89579
89578 1245
24612 24614
1253 1255
16126 16127
30029 79910
73650 48703
26568 81056
57594 57595
3267 3281
16286 16287
45682 45683
85229 14331
1356 1357
76940 76939
66034 66035
21424 21425
38801 38802
62652 62654
83860 18319
57118 70905
76104 41263
21550 21552
1276 1241
38784 76948
16137 16138
2001 89340
76153 41134
50428 73100
62960 62961
65029 65030
3279 3280
66032 66033
84626 16093
26521 81079
62971 68952
41323 41324
38878 38879
16139 16141
16083 16084
63362 63363
38872 76915
2010 89341
85231 14324
36774 77645
89563 1280
74873 74872
1291 89556
78145 35316
44652 44653
70785 57498
22397 22346
1339 1340
41127 41128
76899 38959
75866 42009
80816 80815
88936 3203
82222 21727
62801 68998
38906 38907
10336 10337
27841 27843
62815 62816
59861 59862
27221 27223
41944 41945
1566 1567
27831 27832
41188 41157
31413 31414
36754 36755
44586 44587
10315 10317
34741 34742
31495 79428
59941 59942
14350 85233
59945 69962
23047 21728
80794 80788
21083 82879
16244 16280
49948 49949
61551 61538
49962 49963
68927 68939
52937 72290
1156 89610
27296 27297
62980 68936
27854 27855
1111 89625
44700 44701
79454 31424
39020 39022
20219 20220
1124 89622
45686 74651
59951 59952
62987 62988
14344 14345
15672 84743
28385 28386
46054 46055
17566 17567
18615 18616
30650 30665
84317 84292
44501 44470
71577 55114
71823 71822
69928 60034
24197 24195
3385 3386
17570 17571
49598 49599
60987 60986
45258 45260
84091 17619
84096 17607
23276 82173
88872 88871
65981 65980
42531 42567
41039 41040
20946 20947
77770 77769
55142 55143
55475 55477
61003 61005
80197 29164
39940 76561
3524 3559
53267 53268
61448 69470
89142 2568
37023 37024
59981 69949
44551 44552
3471 3472
36160 36161
65763 65764
37154 77506
21254 21255
49552 49554
36964 77579
44433 44541
55200 55202
35182 35183
65571 68106
75093 44365
88829 88828
77551 37048
24012 24013
77552 37044
30714 30715
75080 44446
18627 18628
76562 39939
2357 2358
40097 40098
55497 55499
76570 39918
46923 46924
72115 72114
17642 17643
44395 44396
17682 17683
30465 30466
47142 47114
23239 23240
34702 34703
60200 60201
61040 61041
29206 29208
3703 3704
35293 78152
89090 2717
3707 3708
3709 3710
49156 49157
21022 20962
3671 88788
71243 56134
45954 74545
54374 71818
54372 54373
24111 24112
17006 17007
40000 76547
71472 55479
3830 3831
61073 61074
84049 17729
88745 88744
55481 55482
88738 3852
71467 71466
78505 78504
49685 73353
49618 49619
42577 42579
88753 3804
75657 75656
3813 3814
78342 34708
44121 44092
30517 30463
39876 39877
68891 63102
30451 79778
54754 71690
55491 55492
30698 79692
45869 74584
77586 36939
3976 88702
30239 30240
49542 49543
49349 73404
21260 82821
23415 23416
51241 51242
88705 3965
65730 68055
29511 29513
17064 17065
3974 3975
61883 61853
37334 77448
17132 17133
88697 3986
23388 23405
23057 82644
4007 4008
23391 82129
77537 37092
4300 4302
68076 68075
65677 65678
71221 56205
3878 88731
71257 56103
53339 53340
71714 54675
4124 4125
61789 69363
17144 84261
4077 4079
17156 17157
75090 44404
23187 23188
36150 36151
23383 23384
56081 56082
37305 37306
3907 88725
84283 84282
30207 30193
82912 21010
21007 82913
37288 37290
84273 17136
65985 67966
53323 53324
72979 50731
28837 29092
63479 63480
35368 35341
17113 17114
61828 69342
16917 84348
61456 61457
53284 53318
4193 88635
79865 30310
23169 23170
84371 84369
55013 55014
68031 65797
16904 16905
88617 4256
55004 71619
4263 4231
22391 82242
75115 44297
65800 68030
51249 51250
42543 42544
36864 36865
35165 35166
18665 18666
73994 73993
46499 46501
54996 54997
3505 3506
30646 30647
61461 61464
21772 21660
16923 16924
41078 41079
49879 49880
66009 66010
41005 41006
36897 36898
16984 16985
61701 61702
46076 46078
35030 35031
44349 44350
23161 82208
35358 78131
69399 61711
30267 30268
22277 21889
44337 44338
16667 16668
69905 69904
50754 50756
77591 36928
19647 19648
47156 47157
4060 4031
60082 69908
76489 40132
76490 40130
22387 82650
2233 2234
51133 51134
55751 55753
53046 53048
68850 68849
41240 41242
73221 50072
45748 45749
236 237
40557 40558
34268 78487
14101 85297
22801 22024
15970 15972
68184 65317
89982 89980
42800 42801
89979 49
89972 64
54166 71897
26772 80989
64557 64558
50073 50074
61210 61211
13904 13906
54876 54877
50959 72922
68197 65256
18535 83773
39742 39743
15947 15946
29894 29895
908 910
35927 35928
84641 16039
84642 16037
21994 22824
73349 49700
16032 16033
54160 54161
61145 61147
36286 36287
47921 47922
75143 75142
65320 68183
61154 61155
55665 55666
21121 21119
147 148
2239 2242
66059 67934
71665 54847
73911 73910
57825 57826
40444 40445
53077 53075
40666 76309
19608 19609
52483 72441
66955 67637
496 497
84722 84721
34277 34278
80924 26922
83456 19467
325 326
29742 80005
41476 76036
28597 80367
82923 20986
64541 68435
89894 89893
287 288
23475 82102
57771 57772
61611 61612
22256 22893
67037 67620
78053 35579
21123 21124
384 385
89182 89183
26879 26880
46003 46004
41532 41533
57823 70681
83404 19621
52739 52740
2255 2256
61579 61580
40457 40492
70666 57884
74901 44958
13916 13917
66925 66926
22479 22415
55714 55715
458 89838
40468 40469
73114 50377
18916 18949
54216 71865
19618 19619
78369 34623
76315 76314
29320 29322
26888 26889
61187 61188
65068 65069
71187 71186
83644 83643
17421 17422
17384 17385
21585 82715
54740 54741
66368 66370
83707 83706
68442 64511
22613 82292
55258 55259
29815 79976
44053 75198
17423 84168
21164 82856
78155 35289
64338 64339
82928 20972
35264 78164
89777 670
83413 19593
89782 626
67597 67596
68492 68491
14026 14027
55310 55311
47334 47335
18766 18767
65623 68088
44170 44171
89094 89093
30555 79742
723 724
2711 89089
60189 60190
55275 55277
72102 53525
17246 17284
54780 54781
40003 40102
36399 36400
30563 30565
54332 54333
84149 84148
82121 82120
60239 60241
30519 30532
21112 82872
41123 41120
64346 64347
42379 75745
89085 2738
17477 17481
771 772
53516 53517
31796 15887
814 816
73497 49198
23833 81975
78515 78514
855 858
29796 29797
865 866
73923 47906
89706 89705
45158 45160
67090 67592
14124 14125
71514 71513
23845 81970
18775 18776
81947 23914
29841 29842
63274 63275
29890 29875
44180 44181
74173 47125
39844 39845
29884 29886
56293 56294
64499 68446
74429 46337
41194 41197
67086 67087
22678 22194
39862 39613
65269 65270
39609 39610
61431 69488
85290 14117
1017 1019
35750 77996
75135 44233
999 964
980 981
2678 2679
39582 76683
61244 61245
81942 23925
55318 71516
75127 75126
15930 15931
39635 39636
67608 67075
79991 29784
83442 83448
67080 67081
36483 36455
89647 1052
1067 1053
2257 2258
37125 37127
10019 10020
5323 5324
84892 84891
70105 59539
48956 48957
33501 33502
33499 33500
15302 15303
56367 71163
56363 71164
31059 31060
48076 47975
54516 54517
47595 47596
49048 49049
4569 4570
59554 59523
27539 27540
45549 74701
38455 38457
4545 4546
46990 46991
74269 46808
68371 64749
73894 47986
4563 4564
9676 9677
5346 5347
32445 32446
68659 63871
13737 85433
56475 56476
78435 34543
77928 35979
41645 41646
49287 49289
86814 9657
79571 31104
75979 41648
9694 86801
72021 53747
34459 34464
33477 78773
88313 88311
33473 33474
34457 34458
46822 46823
64754 64755
13743 85431
5251 5252
56381 56382
70109 70107
33489 33487
75257 43897
12548 85859
69839 60253
4862 88432
86170 11561
24358 24359
28193 28194
22286 22944
26027 81236
51776 51778
63635 63633
4480 4495
47961 47963
51572 51573
51928 51930
79198 79197
33719 78692
28269 28270
73585 73588
78998 32763
5882 5883
43558 75356
51933 72605
51568 51569
68410 64561
60490 60460
32184 32185
84855 15409
45393 45394
12504 85872
12520 12521
15500 15501
88502 4644
50252 50253
12595 85842
33704 33705
60391 60390
71093 56579
37477 37478
85863 12565
73895 73903
88516 88515
63644 68738
20094 19945
4449 88565
56562 56564
84837 84836
4404 4405
25129 81549
26016 25997
33653 33654
28173 28174
63660 68732
51988 51989
64667 64668
34904 34906
68663 63847
56857 56859
64232 64233
68528 68527
17900 17901
45798 74607
64715 64716
33802 33766
14594 85145
59624 59595
29471 80093
22540 22325
56807 71002
32460 79100
9870 9871
63993 63994
51900 51901
64710 64711
34020 78580
33776 78671
33871 33732
43845 43847
48860 48863
72082 53569
9851 9853
47265 47266
23085 23062
27591 27592
31256 31226
48083 48085
88351 5112
60385 60356
37833 37834
26321 26322
18010 83898
56902 56903
75275 43844
8124 8123
31228 31229
8092 8093
53562 53531
41570 41568
22396 21703
59235 59236
33857 33858
50237 73158
5136 88342
31254 31255
56804 56805
48113 73864
26353 26354
13406 13404
26315 26316
5109 5110
86735 86750
31049 31018
25049 25051
71803 54459
25927 81275
9529 9528
68884 68883
69846 60264
38337 38339
63762 68693
9533 9534
9531 86861
82398 22972
15368 15369
15361 84865
25978 25943
9898 9899
25976 25977
32424 32425
83614 19016
72020 53749
82622 21850
88239 5487
32429 32430
9440 9441
85423 13724
34902 34903
51872 72623
65896 65897
59643 59644
15378 84862
33944 33906
5006 5007
14978 14976
86748 86747
25074 25075
60321 60323
4951 4952
38384 38385
43760 43761
84878 15352
4973 4974
11208 11209
9514 9515
9512 9513
26301 26302
83485 19392
77925 35984
22770 22165
81565 81564
72616 51892
24322 24323
41556 41557
25937 81272
25933 25934
18884 18882
86165 11571
4926 4927
27677 80676
64970 68298
82250 82249
6580 6581
32067 32069
59024 59025
51834 51835
73624 48787
59030 59031
38279 38280
57408 70812
87947 6385
73773 73772
59130 59131
43718 43719
78298 34861
24370 81798
43716 43717
15155 84944
87958 87957
78417 78416
64123 64124
24372 24373
81768 24458
84988 15036
70279 70278
85007 14983
77122 38272
85677 13070
6157 6158
6159 88030
78289 34882
57249 57250
28458 28457
77358 37612
13662 13664
13117 13116
64015 64016
52255 52256
81795 81799
48375 48376
13125 13126
31839 31840
5978 5979
28536 80405
11452 11453
12916 12917
13033 13034
43707 43705
48380 48381
52299 52335
37639 77338
81785 24384
64951 64952
88414 4929
88184 5666
79002 32753
67840 66349
57383 57384
58908 58909
12994 85696
28410 28393
57337 57338
32730 32731
34104 34105
5663 5664
15128 84955
5757 5760
32852 32853
5557 88221
64862 64863
52345 52346
32672 32673
52169 52171
15142 84947
52352 52354
84915 15237
67845 66338
32689 79033
57389 70821
32754 79001
48463 48465
71275 56042
27667 27668
19968 83267
13155 13156
37544 37545
6376 6377
5632 5633
78547 34086
15020 84993
49327 49328
18999 19034
15164 15166
24482 24470
12895 85736
31972 31973
13191 13192
6471 6472
82743 82742
87918 6480
12817 85765
27669 27670
5574 5575
48804 48806
70325 58892
32700 79019
57255 57256
58682 58683
74286 46756
74306 46706
76217 40906
71106 56537
20166 20167
27753 27754
78991 32780
75350 43575
56017 56018
32286 32287
4775 4774
64890 64891
50636 50637
66319 66320
31815 31816
32338 32339
13609 85480
78399 34474
22317 82471
47361 74106
83586 19093
12325 12323
87986 6266
58592 58593
70428 58595
45840 45841
85957 12220
63888 63889
18467 18466
4678 4679
4930 4931
68748 63620
83927 18095
50819 50820
82629 22309
12637 12635
63891 63892
51941 72604
4893 4894
32079 32081
85818 12658
79201 32111
4907 4908
68327 64883
15392 15393
38250 38251
58799 58800
83819 83818
19064 19050
13637 13638
28088 28089
11407 86220
83200 83199
48224 48404
58601 70424
86238 86237
6114 6115
82994 20805
6096 6064
64053 64054
28118 28119
57211 70879
28293 28294
12343 85925
15090 84970
57207 57208
84971 15089
85928 12335
6168 88026
31913 31914
68633 63939
40873 40874
57198 57199
52277 72507
37593 77355
88018 88017
20147 20148
6191 6192
5946 5947
52261 52262
88061 6049
52221 52222
32788 32789
81828 24280
6223 6224
32220 79171
71289 56010
68414 64613
24409 24410
37607 77352
18258 18230
58687 58689
32273 32274
70841 57320
37603 37604
27739 27740
57299 70851
79161 32251
72493 72492
12459 12460
60397 60398
63696 63698
67853 67851
37601 37602
48328 48299
74282 46762
43517 43518
46596 74334
46317 46318
31149 31150
39249 39250
81315 25803
66384 66385
41729 41730
13482 85523
24826 81644
77188 77187
25786 81320
37874 37875
25778 25779
29394 80118
6913 6915
24775 24776
62431 62432
66183 66184
62435 62436
42330 42331
70464 58492
41685 41686
62443 62347
25823 25825
10751 86459
6988 6989
52780 52781
46137 74492
25623 25611
19561 83422
75406 75405
39051 39052
46158 46159
36039 77908
46637 46638
62348 62349
58470 58471
37355 38112
46632 46633
19114 19115
83536 19248
34323 34324
89019 89018
54033 54034
87718 7104
20628 20617
41717 41718
7160 7161
31540 31555
62447 62450
65815 65816
74753 45384
51209 51210
14775 14777
81662 81660
10760 10744
66411 67820
86475 10706
60767 60769
8317 87268
86039 11935
27913 80611
11939 11940
25372 25387
9230 9231
20509 20508
66175 66176
81452 25403
86957 9227
24865 24866
79063 32571
52045 52047
33198 33199
11983 11984
24869 24870
32572 79062
83098 20487
23107 22455
69680 60747
87184 8568
20493 20494
8309 8310
25379 81461
76813 39170
13444 13445
17772 17773
50220 50221
72342 52787
36089 36090
8462 8463
47196 47197
36086 36087
17781 17782
13508 13478
58112 58113
85025 14935
22121 22733
58102 58103
66177 66178
10656 10688
72576 52032
11973 11974
58144 58145
33255 78850
8051 8052
58137 58138
38183 77146
63225 63227
42282 42283
86393 86392
46672 46673
31704 31705
54294 54295
83060 20595
21377 82788
41812 75926
31708 31709
46253 46254
65872 65873
80841 27162
7475 87581
78334 34754
60665 69706
80845 27157
54641 54642
76271 40788
86655 10174
41835 41836
7577 7578
47247 47248
61945 69299
46251 46252
50461 50462
7529 7530
20754 20755
87574 87573
61970 69291
2975 2977
10184 10185
79464 31356
43274 43275
24972 81601
2991 88996
65189 65113
27809 27810
43266 43267
86052 11908
39410 39411
26998 26999
10190 86652
34258 34259
7725 87493
71194 56270
39327 39328
39323 39325
68234 68221
52747 52748
17914 17915
76782 39313
65145 68235
79419 31524
7699 7701
10873 10874
53845 71980
6706 87844
67764 66587
6667 87856
74322 46647
79083 79082
31791 79310
66598 66599
86362 86360
47068 47069
39110 76839
60642 60643
6657 87858
72939 72938
32517 79081
11016 86366
72763 51454
38097 38098
62384 62385
31750 79327
32520 32555
42082 42359
63331 63332
70439 58571
52811 52812
65185 65186
81366 25663
86429 10853
69272 69271
45657 74660
58346 58347
27097 27098
67754 66626
54656 54657
53876 53877
31680 31682
10922 10923
80859 80860
12108 12109
52710 52711
19102 83579
87817 6771
6778 6779
6787 6788
34976 34977
82527 22138
57161 70889
43245 43247
48735 48736
46235 46236
87788 87795
48737 73640
53863 53864
25369 25370
50222 50224
42322 75795
13530 13531
85590 13299
81425 25474
67881 67880
7969 7972
25494 25495
25489 25491
78953 78952
56714 56715
13306 13307
63123 68886
49211 49214
66884 66885
26199 26201
56736 56700
14492 14493
56764 56765
83467 83466
42205 42206
87478 87477
14453 85184
66200 66201
56954 56955
65934 65936
52106 72554
87383 8007
87384 8004
7934 7935
59402 59403
59408 59409
50862 50863
11282 11252
34299 34332
74558 74557
11217 11218
34048 34083
60709 60677
83302 19882
60710 60742
7992 7993
86293 11225
46165 74485
33032 78916
52101 72556
7901 7905
63966 63968
7948 7984
66208 66209
83286 19920
76257 40827
56745 71030
70222 59193
56657 56658
87363 87362
19816 20179
8270 8271
55796 55797
9054 9055
86263 86262
8230 8232
66667 66668
79558 31128
72092 72091
73012 50679
66671 67737
47097 47098
78895 33102
56960 56961
14664 14665
50190 73178
14641 14642
26245 81198
67911 66119
85094 14698
26337 26338
52082 52083
9024 8992
31159 79543
59194 59195
81183 26222
26240 26241
9094 87007
60719 60720
13319 13320
25174 81529
51206 72855
30812 30813
48597 48598
74603 45812
9123 9124
19431 19432
26134 26149
87449 8019
8206 87307
33170 33171
8208 8209
8212 87306
9120 86998
25178 25180
68625 63951
75506 75505
32361 32362
83318 83317
64824 64825
9352 9353
70898 57135
77867 36171
87104 87110
9253 86954
29371 29372
33321 33322
9276 9209
66164 66193
41785 41787
50908 50909
8571 8572
9292 9294
62294 62296
78784 33444
86934 9306
24845 24847
9361 9363
30964 30965
33308 33179
28728 80329
69182 69181
50914 50915
54002 54004
9417 86894
40806 76263
42947 75546
47109 47078
48881 48882
85161 14511
12043 12044
8838 8839
9260 86951
87091 8843
9327 9330
9334 86923
27923 27909
30982 79606
20495 20496
54009 71935
36078 36079
73172 73159
60702 60703
48532 48533
70168 59330
81514 81513
37890 37892
66892 66893
24548 24550
64425 64695
40990 40991
81686 24716
65854 65855
13324 13325
24541 24543
77403 37482
17018 17019
13961 13962
71375 71374
71212 71211
50475 50476
14058 85312
74100 47376
29436 29437
21890 22276
30219 79846
41007 41008
30346 30328
85358 13932
55836 55837
30388 30389
37368 77443
85380 85379
77323 37668
14169 14170
13296 14038
71369 55790
69335 69334
84953 84951
36121 36122
85275 14161
37386 77433
85387 85386
85377 13877
55939 71317
76218 40935
72982 72981
17149 17150
24743 24744
45345 45346
50585 50586
24685 24686
29478 29479
29594 29595
30225 30226
41214 41215
24717 24719
36099 36100
77439 77438
15178 15179
68519 64423
18857 18858
29635 29636
45941 45942
13434 85541
61613 61614
13436 13437
49819 73305
68532 68529
29403 29404
15180 15181
21584 21615
85407 13796
61558 61559
49261 49262
74786 74785
22350 22398
71174 56328
21524 82740
61467 61436
30445 30446
78259 34971
37684 37686
14232 14233
65900 65901
66265 67866
36134 77877
40972 40974
79793 79792
71290 56008
50710 50711
68541 64198
13517 13519
40776 76275
68415 64607
66041 66042
56331 56332
82226 21645
61419 69482
30397 79790
80109 80108
65841 68004
13741 13742
17047 84297
73949 47797
66039 66040
41155 76131
30386 30387
41141 76150
36005 36006
13690 13692
30383 30396
36229 36231
69452 69451
84338 16944
14118 14119
41223 41192
56032 55997
81732 81735
14246 14228
61532 61533
14248 85252
77288 37791
85396 85395
67948 66028
64260 68514
34984 78256
73049 50558
85492 13572
64278 64279
66084 66085
50535 50536
37637 77339
49805 49806
73073 50521
29483 29467
56284 56286
49209 49210
37720 37749
68789 63526
77884 77882
40800 40801
73031 50613
77291 37782
85517 85516
80089 29488
24324 24325
14218 14219
85454 13683
80124 80123
66025 66026
14419 14420
41248 41249
14216 14217
81678 81685
29936 29937
67963 65993
63440 63441
22907 21908
70142 59390
45745 45784
86289 11233
8881 8882
11234 86288
30824 79658
51353 51354
11247 86282
11285 11286
51653 72702
64818 68346
60721 69689
70224 59189
60695 60696
12009 12010
11335 86244
68358 68357
60795 60797
9186 86978
74013 74012
50920 50921
9384 86947
83545 19205
20694 20695
42102 42104
86904 86903
86933 9310
70186 59288
30758 30759
70177 70176
42095 42097
34529 34530
11343 86242
51526 51527
9838 86798
59231 59232
9726 9727
34523 34524
27597 27598
70082 59599
73862 73861
69814 60372
11080 11081
86336 11102
51700 72689
31027 79594
83619 19007
9860 9861
80717 27550
63388 63390
59216 59217
30806 30807
11316 11303
79545 79544
59157 70237
45806 45807
60345 60346
11290 11291
63453 63454
45803 45804
21400 21401
74382 46470
72703 51648
20871 20870
11121 11122
42185 45144
70201 59213
86003 86002
69178 62293
47342 47344
47452 47453
69752 60551
27986 27987
62411 62375
47383 74096
62356 69155
12173 85968
20688 20663
62382 69147
46139 46140
47450 47451
86508 10588
86494 10650
10645 10646
22271 22906
86390 86389
11044 11043
10623 86503
78451 78450
20762 83002
10179 10180
41822 41823
75909 75889
41906 41908
61951 61952
83015 20719
62012 69279
46239 46240
10821 10822
31768 31769
10807 10808
60644 60645
72765 72764
10631 10632
21437 82771
9144 9145
11941 11942
30921 30890
75772 42294
10719 10720
62212 62213
10707 10708
62315 62316
47420 47423
62266 62268
9275 9245
47526 74046
34062 34063
69187 69186
9161 9162
12029 86005
11970 11971
42326 42324
65162 68229
28003 80573
42254 42288
12148 12149
50933 50905
75762 42327
65158 65159
11947 11949
60571 60572
10685 10686
86465 86464
62245 69198
60568 60569
19194 83549
80574 28002
68353 64797
21404 21406
51392 51364
21413 21414
28295 80435
70392 70391
51633 51635
12457 12458
60419 60392
11465 11466
86198 11471
28460 28461
11374 86232
72653 51786
45726 45728
85907 12392
85662 13103
27647 27648
27645 27646
58690 58691
70419 58653
21459 21460
12238 85952
28042 80554
27755 27756
60417 60418
28137 28138
70411 70410
12249 12250
12236 12237
27741 80656
45845 45846
58649 58650
12232 12233
12415 12416
12413 85900
12412 85896
80692 27641
86207 11445
31047 31048
58915 58916
64945 68308
12897 12899
12992 12993
28322 28323
12860 12861
64903 64904
70297 58968
34118 34087
58858 70338
83593 19077
28366 28367
19078 19079
48229 48230
20813 20814
59089 59090
80679 27672
45733 74637
51838 51839
58950 58951
45736 74635
59017 59018
21480 21481
34149 78528
64964 68303
85619 85618
59079 59080
28513 28514
74400 46416
64956 64957
80677 27676
64953 68307
28346 28347
12271 12272
34436 34437
60506 69772
9468 86879
59460 59461
68379 64730
31014 31050
34548 34549
11169 11170
19017 83613
9466 9467
9454 9455
9459 9461
86849 9702
31099 31100
68369 64757
48169 73826
31110 31111
73810 73819
48217 48218
80524 28162
30998 30999
48195 48196
9895 86744
82949 20894
70059 59673
68387 68386
51637 51639
86301 11211
9543 86857
60267 60268
86867 9505
9498 9499
59640 59641
59645 59646
9553 9554
86808 9672
48185 48186
31069 31054
12671 12672
64734 64735
60472 60473
19043 19044
86147 86146
12725 85793
12714 12715
48058 48060
69833 60304
86168 11564
85839 85838
78538 34133
12666 12667
11586 11587
28257 80495
58723 58724
28180 28182
28176 28177
58782 58783
51773 72657
86181 11522
28222 28223
58768 58769
12490 12491
64148 64885
12492 12493
12575 12576
12577 12580
47997 73891
12537 12538
60388 69838
47981 47982
10118 10120
10133 10135
10143 10144
84668 15937
69887 60144
61288 61289
47881 47882
55316 71517
84680 15885
42443 42445
61240 61241
75704 75703
61242 69539
15922 84669
64324 64326
84682 15913
69511 61333
69509 61342
29099 29100
42481 42482
18777 18778
29159 29160
17318 17302
35799 35800
47732 47733
17333 17334
21024 82906
55278 55280
71523 55267
17378 17379
30576 30577
17274 84216
84223 84222
29118 29119
42387 42388
79745 30545
55326 55327
15824 15810
15529 15530
15647 84761
71388 55757
15659 84758
55758 71386
15657 15658
72925 50948
15649 15650
73218 50081
29698 80020
15642 15643
29649 80038
80207 29134
15552 15553
61164 61165
69564 69563
84772 15619
61122 61123
61299 69524
84696 15846
79952 79951
50769 50770
29889 29891
84688 15864
78002 35728
15849 15850
55701 55702
80026 29680
21099 21100
60168 60169
61150 61151
49900 73282
21596 21597
35919 35920
60871 60872
69643 60870
84202 17314
84361 16878
84408 16758
22354 82416
47691 47692
16704 16705
30614 30613
16879 16880
55423 55424
78267 34951
30593 30594
73991 47688
30595 79725
16884 16883
16910 84349
55402 55436
61692 61693
64393 64391
60858 60860
41096 41098
64378 64379
21780 22518
61802 61804
30189 30191
61892 69316
34937 34938
61909 61910
20964 82920
80069 29552
61913 61914
56194 71225
61863 61864
84263 17129
49796 49833
30688 30690
61718 61719
50797 50768
42629 42630
49660 49661
82933 82931
84110 17557
17552 17553
17541 84120
47174 47145
30514 30515
59985 69947
42571 42572
84073 17662
42587 42588
17652 84077
55500 55470
84136 17493
17516 17517
21879 21878
42523 42524
47171 47173
17627 17595
60031 60032
17580 17581
61011 61012
30658 30659
16830 16832
16835 16836
30712 79687
34208 34209
61740 61741
71496 71494
61734 61735
30702 79698
55716 55717
34273 34274
69296 61959
10303 10304
21062 82890
27887 27888
73274 49923
41973 41974
22595 21911
21428 21429
10301 10302
59855 69993
68964 62868
34396 34397
68975 62878
10293 10294
86621 86620
11675 11676
86071 11862
86593 10377
21060 21061
49964 49965
80395 28561
63364 63365
11889 11890
77953 35879
16328 16330
49955 49956
16273 16274
31405 31406
62997 62998
21076 21077
68216 65209
59836 59939
62809 62811
59863 69992
86614 10286
73240 50024
29704 29756
9992 9993
86689 86686
86692 10055
62085 69251
10091 10092
78444 34417
79495 79494
75918 41847
65239 68211
69731 60611
62134 62135
10021 10022
10112 86540
20768 20769
27807 27808
79481 31318
10073 10074
10474 10475
11633 11634
42063 42064
59899 59868
11681 11682
21433 21434
62853 62855
59888 59889
79491 31297
10075 10076
10396 10397
20738 20739
11639 86139
86138 11644
72936 50890
42028 75859
86091 11795
42734 42735
84572 16318
42672 42674
50146 50147
29351 29352
30048 30049
55526 71454
69033 69032
16475 84510
84545 16378
21605 21606
84547 16373
30067 79895
29331 29332
30104 30105
42685 42686
62522 69099
69999 59804
15676 15677
86092 11791
68257 68256
42895 75569
46007 46008
35958 77932
15568 15569
70027 59771
35950 35951
73209 50068
65087 68262
47834 47835
59825 59826
71463 71450
29707 80017
75565 42908
73226 50060
64990 64991
75642 75641
62517 62554
46129 74495
16536 16537
84554 15526
69075 69074
22905 22912
29915 29916
59917 59919
16185 16186
16398 16399
47477 47478
24489 24490
16090 16091
79936 29939
86097 11783
86094 86093
16560 16561
50982 50983
11817 86084
80164 80170
75648 42662
30132 79877
30128 30129
71430 55600
16569 16570
59749 59750
42649 42650
30117 30118
16629 16630
62501 69105
42642 42644
80169 29258
47859 73929
74747 45402
41518 41519
72959 50829
58432 58433
72352 52742
39404 76758
39377 76757
76749 39395
38652 38653
27055 27056
7317 87623
53951 53923
70734 57658
27045 27014
87669 7198
7195 7196
67291 67292
20284 20285
77007 77006
7238 7239
52690 52724
75444 75442
82287 82596
78082 35493
75449 43269
20550 83076
7519 7520
39351 39352
43318 75432
27079 80875
7501 7502
58326 58327
53879 71978
66546 67777
70520 58332
39310 39311
26989 26990
83063 20588
43290 43260
76759 39372
83131 20412
58423 70486
19218 19219
38645 76983
74726 45471
35531 35532
27369 27370
27410 27411
89521 89518
72282 52961
27456 27457
82579 22651
27471 27472
46290 46291
27416 27417
53527 53164
38542 38543
1605 1606
27428 27430
27431 27432
1593 1594
20190 20191
27438 27439
1483 1482
38476 77058
53898 53899
52968 53161
7408 7423
44835 44836
38745 76958
38718 38716
46902 46903
38687 38688
21387 21388
7428 7429
57636 70741
53915 53916
7380 7381
44862 44863
38516 38517
35546 35547
38521 77042
7357 7358
27356 27357
27153 27167
7567 7569
63210 63181
67800 66488
25736 25721
46681 46682
20414 20415
22729 22120
22728 82533
6928 6962
25789 25775
66392 67827
43339 75426
54078 54080
39295 39296
81319 25790
54086 54087
81318 25796
39247 39248
6935 6936
58505 70460
8497 87219
22126 22731
67780 67779
52788 72341
87255 87246
54023 71930
33284 78845
33288 33289
8319 8320
57190 70885
25377 25378
52039 52040
22744 82340
8339 8342
72575 52034
87197 8432
63230 63592
32620 79044
8566 87195
20439 20440
39210 76809
7125 7126
46688 46689
20448 20450
39166 39063
87852 87857
43188 43223
81364 25666
57164 57165
66615 66584
63245 63213
39447 76731
58542 58543
6761 6762
76712 39509
6819 6820
58343 58344
7534 7535
39540 39511
83974 83981
43298 43299
22718 22141
6660 6757
25651 25652
54049 71923
52813 52814
7164 7165
32609 32610
81383 25595
17819 17820
58547 58549
7088 7089
58553 58554
75402 43406
81371 25648
81353 81352
43407 43409
32556 32557
39155 39156
66602 67763
43418 43419
87830 6732
89449 1641
89452 1629
44611 44609
40230 40231
53109 53108
78370 34618
89871 359
80976 26796
53008 53009
362 89874
40614 76323
398 399
89861 397
67045 67046
89862 395
34619 34620
76332 40584
40589 40590
18513 18514
44881 74930
89897 280
49470 73414
72204 72203
45131 45132
78023 35666
26396 81134
45142 45143
40192 40193
26400 81132
19294 19295
89434 1782
70643 70631
45086 45087
40168 76473
40248 40249
26508 81084
45103 45104
1888 1889
89398 1811
83151 20331
89401 1799
74921 44907
45603 45601
67622 67028
40682 40683
80922 80921
5 6
73446 49364
66974 66975
89985 89984
36 38
57839 70677
53044 53045
51135 51136
243 244
166 89940
21997 22669
151 153
44207 44209
76625 39761
39762 39764
67587 67143
21153 21154
40530 40531
24 25
49365 73445
26694 26695
73419 73418
89819 532
89822 522
67656 66948
40642 40643
63254 63255
57863 57864
72240 72239
22188 82316
454 89841
40481 40482
274 275
40456 40426
52529 72422
125 89953
74898 44579
26390 26391
1750 1749
57703 70718
78109 35422
34746 34747
67494 67432
89542 1344
38984 38985
1321 1322
35409 35410
1364 89537
89539 89538
76938 76937
70756 57591
1352 89540
76954 38760
44678 44679
57609 57610
44680 44681
72232 53127
57546 57547
70787 57489
48713 48715
57993 70629
1130 1131
57707 70717
1518 89481
1546 1381
1574 1575
27282 27283
57064 57065
44603 44604
38904 76904
89600 89598
44688 44689
1235 1236
1231 1232
21338 82797
82796 21345
18581 18582
52945 52946
22635 22854
2012 2013
48697 48700
22641 22217
72231 53133
2146 2147
40302 40303
57941 57943
2198 89263
89264 2197
20351 20352
57949 70645
67406 67407
72200 53225
40410 76388
67404 67405
81041 26607
83156 20317
76395 40354
49445 49446
2106 2107
83159 20307
82851 21184
53216 53218
19305 19304
2030 2032
76932 38855
26525 26526
26529 81077
67451 67452
38834 38835
45055 45056
2033 2034
57107 70910
35448 35451
26546 26581
52845 72316
1944 1945
81052 26583
1925 1926
21931 22609
40338 40339
8407 8408
20482 20483
49384 49417
18245 18246
63706 63708
78993 32776
88137 5815
32122 32123
72600 51948
18101 18090
88486 88485
4912 4811
4905 4906
5896 5897
4944 4945
63621 68747
4924 88415
56513 56514
32765 32766
4835 4836
20077 20078
63711 63712
5845 5846
79179 32203
43580 43581
32212 32213
63681 63683
79174 32217
6236 6273
6010 88071
32236 79166
20178 20153
57285 57286
57287 57288
53738 72037
88462 88461
4764 4765
32340 32341
53702 72040
4742 4743
4755 4741
68652 63887
68751 68750
32206 32178
8394 8379
78729 33620
4661 4662
4659 4660
78694 33716
26106 81212
56399 56400
56403 56404
81211 26115
33680 33681
43982 43984
53790 72007
63820 63821
82265 22957
18149 18150
88277 5359
75217 44008
25898 25899
71147 71145
68739 63641
68647 63902
43560 43561
4619 4620
4489 4490
63667 63632
32159 32160
4471 4472
79191 32169
88550 88551
78957 33644
26030 26031
18237 18238
26036 26037
26040 26041
4504 4506
51990 72587
4418 4419
43936 43937
21326 82800
4435 4436
87968 6321
48819 48822
6337 6338
18036 18037
32718 79013
20029 20031
88194 5624
5625 5626
6457 6458
31980 31981
52387 52388
64139 64140
70798 57453
88197 88198
83268 19967
48799 48800
48795 48796
18050 83944
79262 79261
6352 6353
31963 79256
5617 5618
46554 46556
6002 6003
5526 5527
5545 5546
52267 52132
83240 20035
18032 18033
5550 5551
5554 5555
32654 32688
32723 79011
5659 5660
18069 18070
5539 88226
83233 20058
64093 64095
70940 70938
72544 52139
45514 45515
83938 18065
6408 6409
72516 52240
6586 6587
47036 47037
6141 6142
31813 79303
79289 31867
6172 88024
6094 6095
18219 18220
6073 6074
52333 52334
6125 88040
18206 18208
63942 63943
68718 63877
83205 20136
79275 31899
6290 6304
6011 5999
57317 57318
6525 6527
72511 52258
6549 6550
19993 19994
32847 32848
48915 48916
32844 32845
6565 87885
5782 5783
32016 32017
32022 32023
6618 6619
43683 75315
18109 18110
63931 68634
21817 21816
82806 21313
75319 75318
83264 19977
6348 6520
33471 33472
78772 78771
88293 5297
63959 63960
57059 57058
21296 21332
43179 43180
7893 7895
75489 43120
7941 87410
7930 7931
66918 66889
52022 52023
25565 25566
66914 66915
19406 19407
79115 32400
8641 87162
74345 46563
57140 57141
8684 8685
25473 25460
7960 7961
8175 8176
82254 82466
33159 33160
56643 56644
19903 83291
33126 33128
33129 78883
71071 56654
43062 43063
53635 72063
7860 7861
48595 48596
19898 19886
48593 48594
43070 75513
7769 7770
26192 26193
43117 43118
19927 19928
63975 63976
58178 58179
32396 32398
8592 87177
48574 48642
33408 33409
58068 58069
70902 57158
70602 58078
8734 8735
22320 21826
66836 66837
33223 33224
75549 42944
66825 66826
33236 33237
43028 43029
22742 22134
48530 73705
87251 8393
8373 8374
78803 33399
33392 33393
58246 58247
70541 70540
33350 78821
81410 81409
83308 19822
74412 46386
87183 8574
8626 8627
42966 42967
33383 33309
33425 33423
33427 78789
22695 22698
42980 42952
70532 70531
75556 42925
48611 48613
87114 8783
43104 43105
45446 45447
5294 5295
5412 5413
83332 83331
21949 22864
88264 5403
71139 56438
33938 78608
78607 33942
63751 68699
25939 26116
33888 33889
33894 33896
46802 74279
45533 45534
4978 4979
56931 56932
88363 88398
45497 45567
48929 48930
33922 78613
5429 88265
8289 87277
25911 25912
5288 5289
88294 5287
43960 75231
48944 48945
88253 5459
63848 68662
33580 33581
25855 81294
56935 56936
32431 79107
33526 33556
25868 81288
43774 43776
19783 83347
45539 74706
19785 19784
63766 63767
56822 56823
88396 4992
4989 4990
4987 4988
48984 48986
48982 73555
56884 56885
70984 56897
48871 48872
66769 67705
66755 66756
8042 8043
43822 75284
53534 53535
66781 66750
66711 66713
70997 56861
71023 56773
78892 33071
33044 33045
26171 26172
66723 67722
19342 19343
5149 5151
5175 5162
4984 88397
5188 88360
56826 56827
32462 79099
33977 33873
63781 63782
5165 5166
33780 33781
26267 26268
48997 48962
51898 51899
33797 33798
66743 66744
22775 82552
88333 5159
32383 32384
89934 89933
40318 40319
67133 67134
2291 2292
89166 2495
2489 89170
51859 72628
89091 2713
49143 49144
22384 82418
54342 54343
89086 2736
41452 76043
82071 23586
2638 89114
82068 23597
2661 2659
2683 2684
2681 2682
89165 89164
36429 36431
23217 23218
80339 28669
37183 37185
82508 22668
23166 23180
19500 19501
77491 37206
89133 2583
2560 89144
68170 68168
28694 80340
89123 89122
89128 2598
44370 44371
73505 49161
77765 36418
64503 68445
77751 77750
19498 19499
82429 22368
2424 89190
77800 77799
65395 65290
89214 2369
73121 73133
2406 89200
3133 3134
3127 3129
3169 3171
23070 22420
65490 65491
18355 18356
3159 3160
3148 3149
77658 36725
65295 65296
51274 51275
36266 36267
2225 89252
23576 82061
23667 82043
36277 36278
2237 2238
77822 36289
73500 49185
64496 64526
68432 68431
45150 45151
48289 48290
54104 54105
36251 36252
54119 54120
2446 2447
37106 37145
35385 35386
3578 3579
23299 23301
81910 24041
24031 24033
4135 4136
29026 29027
4187 4188
36920 77595
63064 63065
22516 23114
65695 65697
44345 75111
4370 4371
68070 68069
4294 4295
29013 80238
77605 36900
4247 4248
88619 4253
36818 77627
51042 51043
68045 65762
88851 3464
55197 55164
37025 77556
3458 3459
53263 53264
28977 28978
24088 24089
49491 49492
36849 36850
54998 54999
65771 68052
78359 78358
4200 4201
4282 4283
4323 4324
44422 44423
23314 23315
3905 88726
37311 37312
49531 49533
23199 23200
54290 54291
19489 19490
77518 77516
65344 65345
37141 37142
37143 37144
72402 52597
52594 52595
4017 4018
35045 35046
37093 77536
63112 63114
23100 82447
68065 65706
72417 52551
35350 35351
82153 23351
37276 37277
55073 71588
88716 3933
51243 51244
83420 19571
37291 77464
82131 23354
29003 29004
78137 35343
37344 37345
3868 3869
37285 37286
3061 88975
3057 88976
23543 82082
19538 19215
71788 71763
84887 84886
84890 15311
15479 84828
35970 77931
38404 38405
84831 15476
83436 83434
15510 15511
71780 71779
38427 77079
25095 81556
83433 83432
38328 38193
41609 75993
45354 45388
25039 25040
54418 54419
25258 25260
71810 54397
18296 83857
37997 77212
66114 66115
25246 81504
14581 14582
14567 14569
73139 50288
54413 54414
66106 66107
38023 77143
85122 14597
14625 14626
66102 66103
41613 41614
15398 84857
68133 68132
81554 25115
51183 51184
81784 24399
76240 40879
67834 66364
73029 50593
40892 40893
24377 24378
24393 81786
37558 77369
55920 55921
66350 66351
37566 77365
24475 24476
71327 55923
40846 40847
84984 15048
45406 45407
24418 24419
38203 38204
84842 15446
55973 55956
15436 84845
50448 50449
66325 66326
34911 34912
29093 28836
15107 84963
36025 36026
55974 55234
64575 68424
81779 24415
15062 15049
55975 55977
25235 25290
50188 73179
14459 14457
75945 41761
24913 24914
68137 65465
2870 2869
64460 68461
19555 19556
2874 2875
36557 36596
64487 64489
41392 76060
77904 36054
2829 2830
63144 68887
35066 35067
2999 3000
36660 36661
2849 89046
3213 88932
83862 18279
36784 36785
28606 28607
54180 71880
3091 3092
28602 28603
23506 23507
3268 3269
35110 78212
71753 71752
36791 36792
81613 24935
3191 88941
54392 54393
24947 24948
54566 54568
24977 24990
24978 24979
82723 21564
37989 37990
50175 50176
41772 41770
85159 85158
41741 41742
85160 14517
25206 81519
54439 71797
24875 24877
41747 75949
36065 77899
37942 77228
85185 14450
25165 81534
63125 63126
28810 80296
41774 41775
71727 54648
21721 82692
68139 68026
2979 3012
64467 68458
89005 2973
77174 38102
89017 2950
28816 80294
83421 19566
36034 36035
41727 41728
14808 14809
41692 41693
14936 14839
38174 38175
22408 23102
73453 73452
756 757
23847 81969
68895 63087
731 732
880 89700
39948 39950
35211 78178
53310 53311
40114 40115
75203 44048
833 835
35209 35210
18668 18669
82018 82017
1064 1065
712 713
52640 72387
80277 80276
54936 54937
3733 3734
39861 39863
89773 89772
3777 3778
68912 67110
686 89771
76598 39839
54926 54927
55146 55147
71645 54932
18685 18673
54789 54790
39846 39847
840 841
72446 52462
39860 39824
54811 54778
28873 28874
39955 76552
83747 83788
24094 24095
3842 3843
83717 18715
81950 23906
54906 54907
3658 3727
3651 3652
39605 39606
51004 51005
34697 34699
35149 35150
29085 29086
23784 23786
44145 44146
44143 75162
67122 67593
23919 23920
65637 65638
78344 34706
65559 65560
53488 53489
673 674
51009 51010
34604 34605
44270 44271
71642 54941
1099 89628
52681 52682
23942 23926
52652 72397
80225 29071
88752 88751
88773 3720
40081 40082
49395 49396
39878 39880
81955 23907
1031 1001
3775 3776
19596 83410
3420 3421
39721 39722
44493 44494
89767 89766
49350 49385
3860 3350
49487 49484
39747 39748
39731 39733
3367 3368
28858 28859
18728 83722
3583 3584
40035 40067
44164 75155
51013 51014
929 911
23716 82020
82027 82026
71674 54831
83744 18621
54683 71712
3446 3447
44026 44027
19663 19664
65614 65615
73430 49412
36968 77576
3762 3764
65629 65630
40050 40051
83384 19684
3408 3409
72879 51130
74234 74233
19661 19660
82854 21173
21252 21253
813 783
68091 65611
595 89796
39734 39735
24175 24176
77573 77572
18533 18534
89735 89734
65825 65826
29097 80216
80721 27538
68642 63944
22554 21842
73539 49041
45716 74643
73435 49394
71739 54615
73518 49108
51588 51589
71740 54613
11505 11506
80062 29579
55254 55255
69820 69817
54207 54391
80264 28924
49466 49467
57916 57917
55857 71345
80331 80330
66225 66227
35084 35087
83226 20070
19045 19046
60230 60231
78544 34124
28808 28809
55361 71502
21847 22963
20325 20298
65832 68017
55365 55338
34602 34603
22974 22308
80295 28813
49433 49434
54571 54572
49468 49469
68643 63908
83213 20110
55633 55606
21933 22244
54549 54550
55871 71342
46804 46772
56449 56450
71428 55610
69843 60277
67095 67603
71700 54725
21207 21180
49257 49258
11161 11176
65421 68148
56234 56235
49118 49119
27490 27491
82652 82651
60271 60273
35070 35072
82631 82401
51081 51082
63461 63462
69845 60270
34819 34720
65430 65429
83149 20339
73967 73966
35126 35127
54555 71756
11179 86315
65401 65403
80309 80308
56626 56627
63406 63407
65945 67980
47565 74031
73563 73551
46310 46311
29349 29350
65844 65846
63874 63875
49474 49475
68757 68681
86173 11545
68140 65435
63864 63865
46778 46779
56067 56068
55260 55261
68141 65439
21796 23090
71748 71747
11537 11538
22011 22810
71722 54661
74032 47561
29340 29341
71123 56454
67377 67379
11531 11532
48949 48950
78226 78225
83335 19798
63980 63982
22292 82268
11763 11658
54435 71800
67613 67064
58952 58953
64030 64031
22823 22672
73605 73603
68635 63930
28852 80280
22429 23145
21517 21548
55963 55964
70954 56989
59792 70021
71304 55971
68567 68565
82673 21652
12908 12906
58935 58937
67185 67186
58956 70302
80252 28964
55332 71511
28909 28910
49369 73443
60450 60451
21486 21485
86189 11459
20066 20063
82406 23013
73485 49228
83589 19087
56023 56024
54489 71777
55916 71328
60431 69799
51107 51076
57055 57056
48345 48346
49333 73459
82607 22925
57849 56353
66963 67649
82574 21995
20055 83234
46319 46320
27662 27663
55656 55657
55654 55655
21483 21151
51801 51802
48233 73808
73576 48913
73586 73584
34864 34865
66255 66256
29444 29445
63533 63534
66339 66341
28387 28388
56064 71269
72827 51181
68563 64132
22193 22204
83258 20002
55680 55681
48334 48335
34920 34887
12885 12886
57446 57447
67582 67061
29462 29463
21993 22667
29491 29492
67150 67586
67148 67149
54841 54842
57402 57335
29495 29496
49238 49239
70881 57197
73456 73455
46758 74283
55794 71367
57762 57763
54453 71791
86154 11578
65515 65516
29305 29306
56503 56504
28717 28704
80664 27700
74642 45720
20158 20159
55539 55540
51031 51032
55787 71370
60497 60498
19067 19065
70694 57776
55550 71446
67611 67069
27757 27729
55560 71443
66215 66216
21650 21795
50834 50804
27723 27619
49271 73473
35090 34989
68753 63605
50941 50942
67618 67044
56617 71078
54890 71654
66204 66205
71084 56602
60491 69791
67988 65930
11565 86166
56542 56543
45888 45856
57044 70930
67994 67925
66151 67897
48926 48785
57821 57886
65904 65905
57040 57041
49314 49284
28920 28933
63256 63257
48304 48305
80092 29475
28917 28918
50817 72964
82616 22570
71787 54494
57215 57216
22007 22006
55839 55840
67082 67083
63132 63133
11356 11357
59829 59830
63721 63722
63558 63528
56540 56527
70000 59832
67636 67058
74426 46348
55806 55776
49416 49418
23089 21799
47836 47837
60116 60118
20138 83210
57264 70862
22412 23061
49218 49219
74304 46713
60328 60329
66737 67718
21631 21632
35034 35035
66600 66601
71224 71223
12088 85994
22881 21929
71585 55087
12065 12066
48682 48677
68109 65535
74091 47394
82524 22089
67761 66608
82422 23021
20650 20651
80233 29029
48746 48747
45861 45862
65734 65704
22153 22080
34941 78269
55473 55474
12099 12100
66580 67765
48724 48725
58357 70511
58349 70515
55435 55437
51247 51248
22102 22101
67546 67253
56202 71222
22156 22148
57510 57511
58523 58524
11848 11849
12115 12116
12117 12119
34158 78526
58564 58565
66541 66542
68063 65712
83113 20454
71845 54289
57507 57505
82216 21716
67962 65995
80577 80585
58503 58504
82649 23027
66388 66389
12146 12147
82241 82683
58501 70461
28666 28652
66395 66396
86056 11900
45871 45872
46685 46686
63103 63104
12159 85971
22263 22594
46658 46629
80355 80286
60016 60017
46512 46513
27984 27985
12084 12085
58472 58473
34156 78572
27977 80576
58455 70476
47469 47470
69761 60530
21375 21376
34051 34052
22224 82369
22116 22128
83051 83050
56206 56207
65681 65682
66735 66736
58391 58392
34729 34730
48757 48758
67277 67278
68865 63203
60035 60036
67279 67281
11739 11740
55111 55112
29175 29177
20192 20193
27767 27768
55428 71482
60619 60620
54981 54949
46296 46297
82236 82452
71636 54954
47504 47505
67271 67303
69945 59990
71490 55394
28982 80246
70707 57726
29170 29171
72935 50894
83187 20206
20238 20267
48674 48675
28979 28980
21435 82772
55121 71573
67331 67332
47522 74047
70917 70916
65748 65749
47508 74052
11657 11692
20240 20241
58380 58381
67260 67261
47409 47410
22208 82504
55016 71616
34739 34740
47399 74087
67787 67786
22094 82526
48720 73646
21787 21734
82538 22143
63208 63209
83074 83073
56167 71231
60074 69924
55066 71591
12097 12098
22461 21714
56176 56146
65693 68068
55409 55410
63107 63108
34854 34855
82582 22648
55103 55104
82285 22899
51059 51060
29019 29020
27811 27813
66559 67772
58436 58437
60095 60096
47689 47690
63062 68905
55417 55418
82588 21979
65669 68043
23096 21654
78239 78238
54758 54759
83184 20216
58489 58490
66679 66652
19923 19925
66076 66077
67513 67365
11329 11330
56335 71171
66081 66082
82323 22694
73934 47843
59742 59743
57928 57929
55283 71528
22847 22848
23118 82455
67349 67351
46524 46525
71710 54695
74005 47646
20397 83134
56340 56341
47670 47671
11250 86299
70557 70556
70559 58220
11833 11834
34929 34930
54798 54799
45767 45768
48575 73686
63494 68787
21268 21245
22691 22034
71906 54099
59932 59933
47490 47669
71168 56348
22640 21967
71534 71533
66680 66712
27569 27570
67433 67434
29233 29234
21239 21240
56965 56966
72688 72695
56853 71000
56900 56901
70987 56893
54193 54194
51704 51705
50990 50991
54708 54678
82846 82844
22578 82610
45760 74627
56978 56979
65519 65520
70964 56949
71017 56786
29120 80208
57900 57901
67713 66753
67740 66662
22070 82329
56659 56630
22850 22220
47643 74006
27568 27583
60343 60344
66659 66660
47637 47640
21675 22405
83363 19735
78244 35017
60332 60333
21232 21233
73973 47746
28621 28622
29122 29123
19839 19840
50906 50907
66055 67937
51222 51223
69675 60764
73707 48527
29519 29533
54261 54262
49166 73504
59969 59940
80353 28686
65600 65602
11792 11793
71478 55441
65948 65950
86008 86007
65639 68086
20364 20365
45873 74583
55448 55450
22879 21930
51234 51236
68159 68158
34827 78305
67797 66496
20416 83130
58128 58130
21746 23077
49563 49565
57501 70783
54246 54247
68857 63233
73699 48559
58054 58055
67499 67424
67794 66505
58135 70585
50971 50972
60676 60674
57582 57583
56105 56143
29192 80184
58081 70600
54807 54808
60706 60707
70536 70535
63469 63470
19872 19873
74343 46567
11768 11771
54802 54804
68205 65267
78480 34265
68080 65654
70569 58185
72848 51228
21733 22430
65660 65661
70570 58181
71188 56290
82486 82601
80380 28632
73681 73680
54382 54384
63579 63580
70767 70766
58071 58072
73502 73509
70545 58262
34695 34696
69667 60801
71250 71249
19857 19858
71183 56303
67487 67454
56118 71252
58242 70549
50916 50917
29609 80053
11990 86019
65967 65968
10232 10233
61690 61691
58881 58882
26665 26667
26669 26670
44965 44966
26678 26679
68 89970
26 27
40452 76376
89951 34
53040 53074
35597 35598
26770 26773
76340 76339
227 228
225 89915
241 240
89900 242
26728 26729
18543 83770
89910 246
89923 89922
206 207
76353 40525
102 85
18549 18550
80948 26853
450 89843
53010 53011
45588 74686
402 89860
44902 44900
76327 40565
390 391
89887 306
52975 52976
44878 74931
281 89896
26912 26913
44970 44973
494 495
52989 52990
515 516
89848 439
76313 40654
18500 18501
45615 45616
26791 80977
81016 26688
141 89949
46966 46968
198 200
539 170
1015 1016
1009 1010
39687 76651
44242 44243
72143 72141
44249 44250
53409 53410
72444 52470
23718 82019
89790 647
39657 39658
76656 39665
19598 83402
39675 39676
576 89804
35247 35248
83401 83400
580 581
782 781
811 812
76530 40019
89665 990
44285 44286
53396 53397
44168 75153
35593 35594
922 923
53436 72130
45243 45244
83418 19579
899 89696
89697 898
89685 931
76637 76604
76600 39832
1069 1068
44172 44173
942 943
938 939
89719 837
75150 75149
35216 35217
53450 53452
44266 44267
89649 1044
72267 53007
89392 1838
1471 1472
83513 83512
18262 18261
1172 89605
1120 1121
27333 27334
74982 74981
89614 89613
35416 78111
89620 1139
74979 44716
89541 1334
52935 52936
75002 44662
89536 1374
19324 83507
81057 26565
38817 76936
1270 1271
38765 76951
38767 38768
1257 1258
46859 46860
78106 35428
27235 27248
52687 52688
27228 27229
27364 27377
77048 38498
74948 44820
38580 38581
46870 46842
1384 1385
1423 1424
80757 80756
89460 1588
38564 38565
1625 1626
1579 1580
27264 27265
44584 75029
38934 38935
1526 1527
76890 76889
27278 80802
89467 1556
38960 76898
27224 27225
89555 1298
52853 72314
89342 2009
38883 38884
2062 89315
1920 2094
74848 45114
2096 2098
83749 18607
40385 76396
18600 18601
81114 26444
74841 45135
19289 19291
81131 26403
26452 81088
1688 1689
1878 89380
74854 74853
26500 81089
1868 1883
46954 74227
76439 76438
1800 1803
40208 40209
35636 78031
89306 2085
89303 2092
1969 1970
2015 2000
83757 83754
81070 81069
53139 53140
52841 72317
1927 1928
26624 26625
45063 45064
1971 89355
26626 81032
45030 45031
78118 78100
74887 45013
45014 45016
2148 89285
40297 76432
89276 2168
26587 81049
45023 74884
2179 2182
52644 52645
75209 44029
694 695
23233 23234
18329 18330
36393 77782
23241 82189
2747 2748
41260 41451
36449 36450
78159 78156
2632 2633
23602 23604
36458 77755
83452 19459
2302 2303
23562 23550
23557 23558
2338 89225
2324 2325
82040 23663
80462 28382
36290 77821
2229 2230
83458 19461
36387 36388
2535 89149
44034 44035
89157 2514
18344 83842
37109 37111
23201 23202
4120 4121
72163 72164
37136 77515
77514 77512
18335 18336
44410 44411
75086 44417
3997 3998
35379 78123
77495 37191
4050 4051
2578 2579
37184 37182
44430 44400
53341 53342
2594 2593
47293 47294
2601 89125
36249 77833
36253 36254
89245 2249
23641 82050
3194 3195
24954 24955
24896 24897
68471 64432
81617 24916
83425 19551
24997 24998
2797 2798
41387 41388
45190 45191
81590 25015
36534 36535
2776 2777
81586 25023
36547 36548
76072 41362
2822 2823
89058 2814
76086 41338
88994 3006
24970 24971
3247 3249
76101 41276
18286 18287
36710 36713
36304 36306
2457 2458
89211 2373
2393 2394
41298 41299
19472 19473
88948 3166
3154 3155
50333 73127
3150 3151
3311 3312
41307 41308
3076 3044
77682 77681
41319 76088
77677 77675
3089 3090
50426 73101
73099 50431
3262 88914
35395 35396
18496 18498
78121 35399
88853 3461
3797 3798
3832 3833
3758 3793
81881 81877
3737 3738
88756 3790
24209 81853
3415 3403
3400 88873
44479 44481
52669 52670
88867 3425
3344 3345
3333 88895
3349 88857
81921 81920
3556 3539
3587 3588
23961 23963
81931 23967
23976 23977
44103 75175
3819 3821
88772 3729
88802 88795
742 711
736 737
40116 40117
88787 3675
76503 40069
3693 3676
23774 23775
53466 53467
88793 3697
3617 3619
72112 53491
75165 44136
3624 3609
39904 39905
3606 88807
44139 44140
81992 23956
24131 24132
45280 45281
3634 3635
18641 18612
83396 19644
82140 82139
37037 37038
4381 88583
82165 23290
88595 4333
46937 46938
4284 4285
36904 37075
4276 4277
4317 4318
4313 4314
44304 44305
44313 44314
37233 37234
3966 88704
37242 37243
77467 37215
37318 37321
72156 53367
3882 3884
88734 88733
23358 23360
18730 18642
44341 44342
23350 23321
83395 19650
44569 44570
3510 3511
35171 35172
24065 24066
35169 35170
24071 24072
3497 88839
88841 3493
81888 24087
77613 36869
4261 88615
4345 4347
4249 88620
4245 88621
77622 36832
44511 44512
4161 4145
82034 23683
4173 4174
88643 88642
4351 88593
77037 77036
1480 4398
68452 64482
5238 5239
32436 32437
25847 81297
88248 88275
33574 33576
5456 5457
43971 43972
78739 33588
25968 81257
5394 5395
25941 25908
25923 25909
5416 88261
45537 45538
5406 5407
47041 47042
6622 5400
5226 5228
53760 53761
5056 5055
53767 72013
26119 81167
33563 33564
18141 18142
4612 4614
18145 18146
72592 72590
33623 78727
43884 43885
32796 32797
78698 78697
53741 53776
18155 83904
33724 33725
33665 33693
53784 53785
26053 26067
88537 4540
5327 5328
33692 33595
25984 81251
53795 72005
25877 25878
72619 51884
33507 78764
33516 78760
5299 5300
26283 26284
51920 51921
4975 88401
32470 32471
5129 5130
78641 78640
78639 33863
8105 87341
81147 81148
26318 81152
8148 8150
8141 87335
8130 8131
52085 52086
8126 87338
87365 87352
26153 81201
8073 87356
26159 26160
33098 33100
43100 43086
8247 8249
26152 26150
26124 26125
87298 8266
5138 88340
33843 33844
33841 33842
33769 33771
4971 4972
4962 4963
26312 26313
43771 43808
33981 33979
88393 88392
33955 33956
5186 5187
72610 51909
72614 51904
33763 33764
78670 78669
5220 88317
78663 33796
5218 5219
53575 53576
53589 53590
33741 33743
45448 45449
33748 78682
32800 32801
51982 51983
7362 7363
87881 6583
32065 79225
43731 43733
32837 32839
6572 6573
43736 75304
83935 18045
31935 31833
75320 43704
6519 6555
32890 32891
6161 88029
31830 31800
43699 43700
79299 31827
6174 6175
88025 6171
52209 52210
32878 32879
72522 52218
79266 31903
83913 18104
32060 32061
32048 79232
88563 4459
6392 6393
32686 32687
5547 5549
83960 18013
5674 5645
79005 79004
45524 45525
5506 5676
6432 6433
5615 5616
6420 87933
6469 87921
87936 87924
32858 32859
5637 5638
32854 32855
43711 43713
52149 52151
31944 31945
31946 31947
79260 31960
52241 52242
75370 43511
32867 32868
6300 6301
43523 75368
45531 74709
4723 4724
32130 32131
32134 79205
5904 5905
88101 5911
5912 5913
4881 88426
4832 4833
88449 4818
5857 5858
51935 51936
4868 4869
5884 5885
51927 51958
4466 4468
32172 79188
78724 33632
53682 72043
53684 53685
4433 88570
4676 88492
75346 43588
4686 4687
18252 18253
6279 6280
52317 52318
6341 87961
32268 32269
43467 43468
6004 6005
6213 6214
88068 6019
6240 6238
52302 52304
4694 88488
75378 75377
32331 32332
88128 5830
18085 18088
32313 79148
79147 79146
4795 88455
4785 4788
5816 88138
26128 81207
45442 45443
8219 8220
39114 39115
39128 76832
6685 6686
52798 52799
76718 39487
87821 87823
76717 39493
53860 53861
43239 75458
39506 39476
6863 87787
27120 27122
72361 72360
17976 17965
27087 27089
72363 52707
27100 80863
17961 17964
80846 80828
27189 27190
7542 7528
39516 39517
87871 6628
6735 6736
26143 26144
6739 6740
25614 25615
87692 87689
25622 81377
74188 47067
54057 71928
39067 76853
43445 75387
54037 54038
7040 87730
43460 43461
7090 7091
45669 45671
7079 7081
87834 6896
25688 25690
87840 6714
6704 6705
19252 83533
81349 81360
75400 75398
25656 25644
43300 43301
7565 7566
39304 39338
7515 87570
7183 87675
38618 38619
27016 27017
38625 38627
27033 27034
52927 52928
38729 38730
44837 44839
7452 7453
7443 7446
17940 17941
7430 7431
38695 38696
83540 19227
87616 7337
74938 44859
80768 27380
7386 7387
38713 38615
38508 38509
27379 27363
35510 35511
87650 7248
7286 87636
7721 87494
39347 39348
43315 43316
7511 87571
32545 32546
26940 27075
7599 87541
87503 7696
26987 80898
75431 43293
27002 27003
17897 83996
32531 32532
7672 7708
7670 87515
43283 43284
7653 7656
39388 39389
27010 27012
76747 39401
78582 34013
52767 52768
25792 25793
76784 39299
87093 8836
32987 78929
53629 53601
43134 43135
75494 75493
8697 87154
33357 33358
33363 33364
78814 33368
8677 87149
8668 8669
87145 8633
42960 75540
33339 33340
8614 8615
42974 75534
72583 52000
87141 8700
25438 25340
54005 54006
81472 25348
52029 52028
7922 7923
87391 7987
78920 33019
32941 32942
43058 43059
7839 87453
7817 7818
19440 19441
19442 19443
7854 7855
78947 32936
81184 26214
53645 53646
43074 43075
87389 7991
32960 32961
87486 87485
26202 26203
32903 32904
87469 7785
75486 43161
32406 79112
75484 43174
7996 7997
75555 75554
25309 25310
39293 39294
71942 53958
87205 8512
8516 8503
8557 8560
75526 43004
8553 87190
39214 39215
8539 8540
52406 52404
17776 17777
39230 39202
25708 25709
8479 8480
52778 52779
75413 43380
25834 25835
25837 81303
7009 7010
19335 19333
6966 6998
6919 6921
6917 6918
87204 8514
87203 87202
8532 8518
25327 81478
8826 8827
42932 42934
45480 45482
42937 42938
25313 25314
8716 8718
8711 8712
8738 8705
8768 8770
43032 43034
25577 25578
43035 43036
25409 25410
52403 52049
8324 8325
32566 32567
8315 8316
8350 8351
32562 32563
42990 42991
76081 41344
64497 64498
3032 3033
62089 69249
65201 65203
74147 47221
41964 41966
35128 78206
42014 75888
31509 31510
62873 68977
10287 10288
34391 34392
62896 68965
68984 62844
10514 10515
10506 10507
62858 62859
86546 10495
62862 62863
79488 79487
49972 49973
42026 42027
86575 86574
10252 86576
18811 18812
62820 68991
62817 68993
29982 29983
16105 84622
68282 65028
29940 29973
29975 30040
62924 62925
83690 83689
65021 65022
49939 49941
65015 65016
63021 63022
62813 62814
65013 65014
41998 41999
16275 16276
31434 31435
16265 84581
79450 31438
16255 16256
73281 73280
86608 10330
34427 34428
10069 10070
10567 10568
31321 31293
11074 11075
11046 11047
10958 86394
42279 75774
86374 86373
46146 74489
68223 65180
10995 86377
42258 42256
79414 31533
62366 62367
10977 10978
10974 86385
42227 42228
10593 10594
51556 51557
79391 31592
10586 86513
62414 69127
10548 10549
79369 31646
62019 62195
62010 62011
31739 31740
10207 10209
46230 46199
10106 10108
83010 20729
46231 46198
46256 46258
86708 9989
86697 10036
31378 79465
62136 69234
31327 31328
31776 31777
10199 10186
41865 75912
69287 61982
10894 10895
68242 65135
79347 31694
51441 51442
10812 86445
10862 10832
75615 42763
20903 21052
75617 42756
35830 35831
65076 68390
42461 42637
69505 69504
15870 15871
15861 84689
15852 84693
77939 35926
84638 16045
42833 42834
65060 68271
16054 16055
77941 35922
84647 16047
61100 61101
29862 29863
29775 30171
15626 15627
84770 15624
15614 15601
47126 47127
35910 35911
15838 15876
75719 42454
42451 42452
49737 49738
35716 35717
84185 17247
17272 17273
19212 18759
75749 75748
17435 17436
30530 79751
17482 17484
75714 75712
69634 60907
61248 61249
17417 17418
61268 61269
17408 84161
29807 79979
61286 61287
15890 15891
61293 61294
35753 78004
46023 46024
15651 15652
42877 42880
61166 61167
62602 62603
30142 30143
79873 30145
64988 68295
16407 16408
16592 84470
42699 42700
62493 62494
16574 16575
79885 30109
16505 16506
73196 73197
68278 65008
77967 35846
16566 16567
42663 42664
35842 35844
50118 73203
42704 42770
84603 16352
65037 65038
30156 30141
18832 18833
84806 84804
50041 73233
15561 15668
42899 42900
15769 15771
35954 35955
15762 15764
83866 18268
46001 74528
15744 84726
62685 69039
82867 82866
16486 16487
84716 15790
69046 62630
29723 29724
15684 84750
15718 15719
21090 21091
15709 15711
84515 16079
42868 75581
65160 65161
42333 42335
17289 84197
70387 58701
58843 58845
78434 34439
85820 85819
19002 19001
28255 28256
48072 48073
18987 83628
12288 12276
48011 48012
12290 12289
12296 12297
12213 12214
72668 72652
12204 12205
20790 20791
48037 48038
85954 12229
70423 70422
58611 58612
72672 72671
85903 12404
12609 12610
48056 48057
12628 12629
47990 47992
31101 79565
59437 59440
9650 9637
9690 9691
73824 73823
9632 86832
51762 72659
31075 31076
85857 12555
64743 68375
28271 28272
80508 80507
70366 58765
12479 12481
47947 47948
58725 58726
70380 58735
47968 73897
85801 85809
73867 73878
12428 12410
58704 58705
34304 34305
64913 64914
68305 64961
48496 48497
28330 80474
85624 13216
28299 28300
64949 64950
13197 85633
59086 70253
59091 59092
73736 48451
28316 28317
12813 12814
28318 28319
48468 48469
51853 51854
12840 12841
28415 80454
34102 34103
12762 12763
20827 82972
68337 68336
59106 70248
85612 13243
13012 13047
59039 70272
58711 58712
45838 45839
48414 48415
85932 12327
28474 80429
48426 73745
12737 12736
58684 70339
28486 80423
70271 59043
28505 28506
13097 13082
59049 59050
13140 13141
13119 13120
18990 18991
13077 13048
48395 48396
59009 59011
85679 85678
34510 34512
86880 9465
48163 48164
9484 9485
59323 59324
46185 74474
59327 59328
75832 75831
46841 46840
30754 30756
9283 86944
9312 9138
9322 9323
30777 30778
20864 20865
8940 8941
8931 8932
34434 78436
30752 30751
70159 59356
87063 8925
59362 59363
59364 59365
87044 8973
8873 8874
75833 42122
9190 9191
9200 9201
75771 42302
10745 10759
72745 72744
72741 51509
30887 30886
86481 10689
64791 64792
30869 30871
10690 86480
79640 79641
75767 42306
69172 62305
42307 42308
9225 86970
69164 62328
30884 30922
62334 62335
62339 62340
9262 86950
79612 30969
62302 69173
8867 8868
30826 30828
78395 34532
34541 34514
86795 9713
31244 79507
64720 64721
9937 9939
86728 9924
48102 48103
78397 34518
9862 86757
9858 9859
31044 31046
59225 59226
86749 9882
59678 59679
9518 9519
9516 9517
70053 59665
59662 59629
34564 34565
9502 86868
20880 20881
64722 64723
48137 73835
8889 87075
59209 59211
42213 42214
9076 9077
20848 82964
19171 19172
30814 30815
42158 75822
9000 9001
20869 20856
31173 79533
9023 8994
48132 48133
31179 31180
31181 31182
51416 72776
46465 74384
9030 9031
59263 59264
59272 70189
9785 9786
9835 9836
17237 17238
57387 57388
77995 35824
30340 30341
24539 81744
14279 14146
38196 38197
37758 37759
37762 37763
76136 41179
25107 25108
41607 75994
77294 37780
14412 14413
41180 41181
77307 37724
77912 35997
38425 38426
41183 41184
37733 37734
38423 38424
24549 81746
14149 14150
68533 68504
14241 14243
74099 47348
24232 24363
50651 50652
40828 40799
24757 24758
50484 73087
24765 81676
50633 50634
83669 18873
64265 64266
36234 77841
37705 37706
14272 85247
37718 37682
14215 14249
25124 81550
68555 68554
41125 76157
14287 14288
85363 13911
14423 14424
19539 19528
50552 73057
13914 85362
38374 38375
85125 14617
13912 13913
14090 14093
38333 38334
41548 41549
14595 85146
68539 64204
38017 38018
61500 61397
77886 77885
85283 14136
83797 83824
41226 41227
75976 75975
25052 81576
15300 84894
25161 25143
24617 24618
64160 64161
68398 68397
61504 61505
13993 13996
61510 61511
84863 15377
81733 24577
61525 69447
79805 30361
68548 64180
15273 15275
84904 15280
69413 61635
24407 24408
13547 85504
13527 13513
37483 77400
13813 13801
85393 13831
85391 85390
40905 40940
40903 40904
40851 76249
77404 37476
37515 77385
37533 37534
15233 15235
15238 15239
77397 77395
85438 13726
13794 13763
37542 77377
85409 13791
13804 13805
13810 13811
50666 50667
37401 37403
18900 83658
13682 13669
81829 24274
37585 37586
15162 84941
40964 76206
18472 18474
13599 85478
40945 40946
24290 24291
40913 76227
73033 50607
37423 37424
64600 68416
18891 83660
37356 77447
15244 15245
40839 76254
73366 73365
50492 50493
15044 15046
50490 50491
38322 38323
13343 13344
24648 24635
45408 45409
24636 24637
41259 75563
73010 50683
76290 76288
13532 13533
38299 38300
13522 13523
38225 38259
15057 15058
13514 13515
50488 73071
47351 47352
68524 64239
64563 64564
18486 18487
13769 13770
24671 24672
37561 77366
13373 13374
24680 81694
40834 40835
13432 85542
37823 37821
40759 40729
40698 76294
84997 85008
38276 38277
38267 77123
85548 85546
24691 24692
77206 77205
81568 25062
16764 84405
35774 35775
84435 16677
41074 41075
85041 14865
20918 20919
49897 49898
16871 16872
14972 14973
30603 79721
14747 14748
50227 50228
16892 16894
84372 84360
38176 77149
46063 74510
42545 42546
75681 42559
30276 30447
41058 41059
79831 30274
61709 61678
41738 75942
30260 30262
14887 14888
14891 14892
64643 64644
35965 35966
79811 30343
18302 18303
14871 85089
18944 18929
61696 61698
14870 85048
20925 20927
38146 38147
61707 61708
41690 41691
14713 14715
30305 30306
42394 75740
36626 77703
84054 84053
17742 17743
68456 64471
36615 77705
61045 61046
64304 64305
77983 35802
14728 14729
30467 30468
82939 20937
17303 17317
17290 84208
42412 42413
36604 36605
30553 30554
35820 77975
42619 42620
30499 30500
49679 73357
16783 84399
75679 42566
14778 14779
38119 38120
84385 84384
75696 42510
84102 17577
14796 14797
84107 17562
38109 38111
84124 84123
81650 24810
37354 38110
84116 84115
30488 30490
30250 30252
45399 45400
61869 61870
17054 17055
84281 84280
41745 41746
14525 14524
14543 85151
68503 64424
73308 49812
68480 64385
77872 36157
17088 84279
14531 14532
41749 41750
19518 19519
17175 17177
30212 79849
25192 25193
14447 85186
30186 30187
30181 30182
84329 16969
14506 14507
41009 41011
30179 30180
79859 30175
17166 17168
83855 18301
85193 14433
25185 25186
61899 61901
85147 14554
61905 69310
85095 14693
38003 77208
61426 61429
14013 85332
30428 30429
82926 20979
85303 85321
41218 41219
61860 69328
30292 30293
17063 17062
25294 25295
84312 17022
79783 79781
17074 84286
14504 85164
46268 46269
83242 20659
53377 72151
52136 52137
18325 83845
51281 51282
72856 51205
83942 83941
50244 73155
74821 45187
72031 53721
53352 53355
20801 82983
18276 18277
50347 50346
18374 83826
18067 18068
50209 73169
53724 53726
18644 18645
51783 51749
72958 50833
18648 18649
21450 21451
53384 72147
45163 45164
20842 20872
51604 51605
45508 45509
18452 18440
45832 74593
20808 20806
50339 50340
50638 50639
18135 18134
21471 82758
53697 53698
52263 72510
53343 53344
21271 21298
51255 51256
51595 51596
51757 72661
52259 52260
45553 74699
74830 45170
51583 51584
18292 83859
52205 52206
53674 72045
50389 73111
53706 53708
52158 52159
73154 50248
72654 51780
82953 82952
52232 52965
45416 45417
48857 73590
50384 73112
83875 18240
45173 45174
51771 51772
73106 50382
45849 45850
53793 53794
20878 20879
21503 21504
51721 51723
45274 74792
72048 53668
21037 21038
17999 18000
83967 17994
53840 53841
51137 51139
82915 82914
82901 21036
73205 50115
82744 21516
49765 49767
17950 83979
82917 21001
53933 71962
46084 46085
46033 46034
71960 53946
45703 45704
49881 49882
21607 21608
83771 18542
50120 73202
50621 50622
45921 45922
48887 73591
45923 45891
71927 54030
53427 53424
53455 53456
17817 17818
83775 18532
21066 21067
50840 72956
72992 72990
45323 74774
53442 53443
57168 57169
53848 71989
74458 46229
53866 53867
53425 53428
83973 17967
50166 50167
46041 46042
50160 73185
72978 50772
50793 50794
18588 18589
49657 49659
83751 18597
49692 49724
53145 53144
46123 46124
45950 74548
21107 21109
50152 73190
53117 53118
49741 73334
50773 72977
50785 50787
21348 21350
21638 82704
53128 53129
74499 46106
51085 51087
73289 49864
82878 82877
20956 20957
50766 50799
53890 53891
83998 17894
53082 53083
17917 17887
50139 50141
73225 73224
72274 52993
18518 18519
53017 53018
73299 49866
74526 46010
20931 20930
17926 83989
49858 49859
50795 50796
45592 74685
50899 50900
73051 50523
83006 20743
50690 50691
82770 21442
72086 72085
18639 18614
51429 51326
84015 17842
53253 53254
56958 56959
18383 18385
17835 17836
53661 53662
51050 51051
82732 21540
72052 53658
51512 51513
50927 50928
45939 45940
83019 20708
53659 53660
18392 18393
84012 17851
72095 53544
50912 50913
51651 51652
82959 20863
51307 51308
48867 48868
53591 53592
53321 72145
51305 51306
18170 18171
56973 56974
50722 50723
45352 45353
82775 21394
51291 51290
56967 70959
74478 46178
72097 53539
51145 51143
21333 82799
70894 70893
46200 46201
50884 50885
73039 50555
53518 53519
71954 54059
45859 74588
18700 18699
73045 50565
49988 49989
20731 20721
72111 53497
18707 18708
73044 50567
45231 45232
18697 18613
50576 50577
53400 53401
82858 21162
53398 53399
71914 54072
72756 51477
71944 53986
73592 48884
71946 71945
45432 45433
17878 84002
53621 53622
17869 17871
71939 71938
84007 84006
50459 50460
50878 72940
70899 57133
71931 53993
18422 18423
53461 72122
51451 51452
51011 51012
50882 50883
21582 21583
17785 84031
74628 45757
56647 56648
73617 73602
3889 88729
44330 44331
88608 4289
3951 3952
88713 88711
88701 88700
88703 3973
82122 23389
44322 75116
23155 23156
44324 44325
82132 23373
3911 3912
44405 75089
23203 23204
4109 88660
88662 4104
4266 4265
4175 4176
4137 4138
24084 24085
88769 3742
75069 44473
88877 3392
3444 3445
3329 3330
24178 81860
3382 88891
88887 3363
44457 75076
3560 3562
75044 44547
81929 23979
3456 88854
24090 24076
81897 24061
4100 88664
4024 4025
82098 23491
41474 41475
23679 23680
82045 23619
41508 76021
2261 2262
2348 2346
2437 2439
23639 23640
2379 2414
23159 23160
2353 2354
23425 23426
82116 23431
23484 82080
3167 3168
3163 3164
88950 3153
76026 41502
2314 2315
82063 82062
2483 2484
88681 3995
4056 88676
23173 82206
23214 82179
23264 23265
2616 2617
2609 2610
89161 89160
2503 2506
42913 42912
2714 2715
2696 2728
76049 41430
82065 23606
2663 2664
44293 44294
44105 44106
3858 3859
89945 89944
89958 115
26675 26677
46 47
89916 223
89902 272
26745 26746
247 89908
23862 81961
3827 88747
190 192
75139 44194
44190 44163
914 915
906 907
89676 89675
849 851
129 130
89845 89844
26698 81011
74896 44969
349 350
408 89857
406 407
80961 26812
299 301
44876 44877
89892 89891
89881 331
507 493
80938 26874
44978 44979
26881 80937
436 437
80934 26893
89851 89850
75148 44189
23851 81966
81965 23854
23698 23700
75202 44087
23801 23802
734 735
3678 3681
3677 3692
88776 3706
3620 3621
3599 3600
3597 3598
44154 44124
24133 24134
3632 3633
3630 3631
3811 88750
81870 24153
760 89753
89802 579
1047 1048
584 585
23933 23934
23915 81945
631 632
44244 75133
44251 44252
646 645
44255 44257
44162 44160
89780 655
570 89806
89812 560
557 558
75197 75196
44058 75195
544 545
23499 82100
88966 3088
41017 76177
40707 40708
85559 13396
13391 13392
85560 13390
40757 40758
85550 13417
13367 85568
85585 85584
81689 81688
13484 85522
24699 24700
13352 13353
24643 24644
24703 24704
76261 40815
13509 13510
81674 81673
24498 24499
13787 13789
13729 13730
24305 81822
13677 13678
13713 13714
13710 13711
13686 13687
13648 13650
85479 13612
13600 13601
13585 13586
40916 76226
76221 40926
24332 24333
13802 13803
13860 85383
13847 13848
24300 24301
85515 85514
85257 14237
3080 3081
76106 41225
85378 13873
13900 13898
13926 13927
85360 13925
30376 30377
14106 14001
76110 76109
14137 14138
14234 14235
30417 30418
85328 14025
41204 41205
14062 85310
41020 76185
41025 76183
79797 30393
85376 85375
13889 13890
24593 24594
81734 24569
24711 24712
14263 14264
14178 14212
40793 40795
76200 40978
14182 14180
85209 14378
24558 24559
14398 14399
14396 14397
81753 24520
24602 81723
14337 14338
13938 85356
13936 13937
15160 15161
15168 15169
81770 24453
24786 24787
3013 3014
89025 2927
2922 2923
2919 2921
14782 85064
14825 85054
14735 14718
85076 85075
81762 24494
24794 24795
24830 24831
81629 81631
14857 14858
14855 14856
41796 75930
14842 14843
88990 88989
3026 3027
88986 88985
2833 89061
3180 3178
3277 3278
3283 88913
3305 3306
3206 3207
88943 88942
3230 88927
2864 2865
2856 89043
24919 24920
2904 2871
89038 2881
24995 24996
41385 41386
25012 25013
14901 14902
14899 14900
25169 25170
15457 15492
15400 15401
15441 15442
41625 75987
15432 84846
84849 15427
15076 15248
81666 24767
15066 15067
81781 24412
15098 84966
15081 15082
24432 24401
14984 85006
85009 15013
15202 15203
25098 81558
41605 41606
41574 41575
15464 15466
41579 76003
85116 14645
25292 81484
85135 85134
41550 41551
14608 14609
15331 15332
15382 15383
15276 15278
25045 25046
15259 84909
41651 41652
15389 15388
15481 15482
41661 41662
44918 74917
80954 26839
1820 1818
26117 81210
81261 81259
5392 5393
75289 43799
43809 43772
81271 25926
88376 5047
5053 5033
5076 88367
26257 26258
5070 5071
43756 43757
43766 75295
4985 4983
26248 26249
43810 43877
88331 5172
43977 43978
43956 43957
81282 25901
5249 88307
4609 4610
43882 43883
26013 26014
88495 4635
43894 43895
4645 4646
4555 88530
43905 43906
88521 4591
5321 5322
5318 5319
5310 5311
5306 5307
44004 44005
25893 25894
75274 43849
26259 81175
1784 1816
7759 7761
87450 7835
7823 7825
7815 7816
26232 26233
26242 26243
43068 43069
26183 26197
87468 7787
5212 5213
87379 8013
25465 81428
87426 87425
25549 81398
25559 25561
43127 43128
87275 7743
26139 26140
8193 8191
26130 26131
26181 26133
88318 5211
88347 5120
88348 5118
26357 26358
26370 26371
8098 8099
26319 26320
8128 8129
8048 8050
43833 75278
8083 8084
26161 81199
87360 8066
8062 8063
8158 8157
4445 4446
25989 81247
4429 4462
6620 6621
43714 75309
87955 6358
43722 43723
5588 5590
5599 88203
88086 5962
5966 5967
6610 6611
26046 26047
6604 6605
87905 6509
6496 6498
88095 5928
5939 88091
5943 5945
5995 5996
6361 6365
5630 5631
6455 6456
6473 6474
43640 43641
5729 5731
43650 43651
5719 5720
5747 5746
5775 5776
5657 5658
5655 88185
43666 43667
43637 43636
5513 5514
5522 5523
43624 75335
43626 75334
6422 6423
88022 88020
43499 43501
88051 6085
5852 88129
4750 4751
88144 88143
4670 4671
88483 88482
4709 88484
88424 4888
88100 5915
4932 88412
88118 5864
5887 5872
4866 88431
4850 88436
43919 43920
81235 81234
4502 4503
4754 4756
6262 87987
75371 43503
6022 6024
6038 6039
6066 6067
6097 6201
43513 43514
6103 88046
6053 88058
6059 6029
6285 6286
43531 43497
87977 6289
6324 6325
6314 6316
88069 6017
6020 6021
6271 6272
8661 8662
25572 25573
8695 8696
1501 1502
44842 44843
7339 7340
7382 7384
7376 87608
1481 89493
27360 27361
1455 1456
44825 44826
7682 87508
1394 1395
89516 1396
44625 75020
1616 1617
1222 1223
27321 80786
1216 1217
27391 27392
27389 27390
27387 27388
7441 7442
7613 87535
7603 7604
7601 87538
44578 44775
74965 44778
74963 44780
87631 7298
7293 87633
7233 7235
27029 27031
44745 44746
7211 87666
7459 7209
44753 44790
44791 44792
1214 1215
80781 27330
44696 44697
45035 45036
81118 81117
89406 1778
1764 1765
1758 1759
89439 1669
1663 89440
89446 89445
1680 1649
1881 1882
81087 26488
1863 1864
1898 89375
1890 89378
1813 1814
1792 1793
45115 74847
26638 81029
1153 1155
45074 45039
75006 44683
26553 81064
81059 81058
1354 1355
1311 1312
1304 1305
1105 89564
81053 26579
74871 45052
89333 2040
1950 1983
1951 89362
45057 45058
26629 81030
45044 45041
43276 75445
26985 26986
8691 8692
8448 8449
8363 8364
87235 8327
8343 8344
25398 81455
8524 8525
43005 43006
87211 87209
75523 43015
26980 80901
43184 75480
8438 8439
8473 87218
43373 43374
87746 7002
25784 25785
6931 6930
8412 87241
8416 8417
8397 87248
8377 87252
8585 8599
87181 8580
42957 42958
8624 8625
25538 81403
42978 42979
8608 87171
25343 25344
8779 8780
25349 25350
25365 25366
8828 87098
8774 8775
8771 8772
8766 8767
81314 25791
87685 7136
25631 25632
6837 6839
75454 43224
43221 43258
6767 6768
43202 43203
80872 80871
6803 87809
43212 43213
7549 7550
27108 27109
43296 43297
27200 80829
7481 7482
75436 43307
7466 7467
87583 7495
87780 87779
6840 6841
43437 43438
6848 6849
25582 25583
7054 87721
87725 7051
7044 7046
25602 25603
7092 87705
25682 81356
7076 7078
6702 87845
25694 25695
87832 87833
6653 87861
6636 87868
6681 6682
6679 6680
41046 41047
41016 40981
20049 20050
29399 80117
56104 56071
56126 71246
29624 29626
56298 56299
56344 56345
56236 71209
29500 29499
55873 55874
55810 55813
55853 55854
55879 71349
29375 80121
55907 55908
71338 55889
29387 80119
55798 71366
47793 47795
73952 73951
29501 29503
56087 71263
55256 55257
55252 55253
47729 73979
55459 55460
55495 55496
29220 29221
71500 55469
29191 80198
47677 47678
47680 47681
55375 55376
29172 80195
29179 80193
56149 56150
73953 47790
55781 55782
56030 71278
71602 71601
28631 80378
54559 71755
54546 71757
80299 28801
54200 54201
49081 73528
54176 54177
54168 54208
54225 54226
71288 56012
28571 80388
71899 71898
71886 54159
28585 28586
54136 71893
71820 54369
54253 54254
80288 28832
49109 49110
54608 54609
73464 73463
56055 56056
49325 49326
55928 55930
80098 29454
55918 55919
29459 29461
55991 55954
28737 28738
28739 80325
28757 28758
54420 54421
54409 54410
54429 54426
54451 71792
80335 28715
47899 47900
55308 71519
47879 47880
86017 11995
11229 11230
80591 80590
47667 47668
86141 86142
47601 74020
86013 12004
47614 47615
47619 47622
71411 55675
27897 27898
27899 27900
11918 11919
28018 28019
12134 12135
12141 12128
27982 27983
11242 11244
80604 27933
86247 86245
27581 27582
11526 11355
11533 86177
11174 86316
86317 11173
11205 86303
27495 27496
86313 86311
11187 11188
47543 47544
74040 47549
47550 47551
11113 11111
11127 11128
11119 11120
86267 11294
12076 12077
27992 27893
85978 12091
11830 11832
55593 55594
55589 55590
80167 29248
73925 73924
55621 71425
55530 71452
29353 80131
55554 55555
55722 71399
71385 55762
47912 47913
71392 71391
55741 71395
47925 47926
55678 55679
11822 11825
80163 29260
12110 12111
29290 29291
74083 74082
27775 27762
86126 11696
11651 11652
11637 11638
47514 47515
27871 27872
80621 27874
27875 80619
27879 80617
27845 27846
11887 11888
11885 86060
86064 11879
80155 29279
54303 54304
55041 55042
30227 30228
73688 48602
83288 19915
19917 19918
56722 56724
56718 56719
56711 56713
56753 56754
19897 83293
73560 48969
71004 56832
19743 83357
56874 56844
56898 56899
19699 19700
71014 56801
48992 73552
71021 56779
70795 57470
19879 19880
19825 19827
83321 19824
48744 73637
58576 58577
20618 20619
20627 83079
20423 20424
48566 48567
48522 48523
20533 20534
70598 58090
70601 58080
48536 48538
70543 58170
70550 58241
58194 58195
48629 48631
19719 19753
19787 19788
55084 55085
19989 19990
57289 57291
70864 57293
57301 70850
70875 70867
57209 57210
20143 83202
57238 70871
57428 70806
19789 19791
19947 83275
48850 48851
48852 48853
83271 83270
57448 57449
20038 83239
70829 70828
57292 56915
83195 20173
56551 56552
20122 20123
56442 71137
83333 19801
56427 56428
56479 56480
56473 56474
19771 19773
83341 83340
49054 49055
49062 49063
56569 56570
20119 20120
20093 20068
20071 83225
56619 56620
56511 56512
48741 73638
58527 70454
58535 58537
54902 54903
29080 29081
29036 29037
80228 29059
28966 28884
54734 54735
54721 71701
80275 28881
49403 73433
58366 58367
28841 28842
71641 54943
49406 49408
54924 54925
54844 54845
54846 54816
28937 28938
71687 54748
49622 49595
29064 29065
29030 80223
55078 55079
29009 80240
80239 29012
49551 73403
49517 49553
55002 71622
71625 54988
55175 71553
71557 71556
28983 28984
71559 71558
55105 55106
55125 55095
55158 55159
55152 55153
28939 80262
71663 71662
71167 54097
57532 57533
57517 70779
70780 57516
20186 20187
57693 57694
73666 73665
57731 70705
48676 48716
73635 73633
70726 57645
73632 48760
70736 70735
73627 48772
58438 58439
20259 20260
20570 20545
57525 57526
48711 48712
57822 57850
20379 20299
70672 57862
57857 57858
70699 57761
49472 73413
57990 70663
70636 57982
57978 57979
20344 20345
20301 20303
57908 57909
57934 57936
57924 57925
70653 57923
57558 57559
57544 57545
27534 27535
27530 27531
27526 27527
16498 84492
16389 16496
42687 75644
42689 75643
16634 16635
42647 42648
30124 30125
75650 42656
84482 16556
84578 16285
75619 42749
16158 84609
16153 16154
29922 29923
16187 16188
29932 29933
42714 42715
16357 16358
84551 84550
42866 42867
84513 16462
75566 42906
29768 29769
15793 15794
15791 15792
15781 15782
15779 15780
42845 75578
15741 84727
29730 29731
84752 15679
79887 79886
30100 30101
79905 30047
75583 42861
16442 16444
79908 30010
29991 29977
11515 86183
10078 10062
42052 42053
86548 10488
42067 75848
42069 42070
10393 86584
10441 86567
31313 79482
10089 86681
16350 16351
42044 41941
31281 79497
86703 10006
31365 31366
31382 31383
10215 10114
10210 10211
10383 10382
10311 10312
31501 31502
10269 10270
16346 16347
42361 42360
75875 41982
41987 41988
16228 16229
41994 41995
16218 16219
31439 31440
31443 79447
10347 13292
31420 79456
86612 86611
10364 10365
79440 31503
10277 10278
75567 42904
29751 29752
29749 29750
75687 42533
16863 84366
16902 84352
16851 16852
75683 42554
16788 16789
42560 42561
79690 30706
17629 17561
29654 80029
30581 30501
17496 17497
30485 30487
84112 84111
30496 79759
17732 17632
42627 42628
16683 16685
16690 16691
16692 16693
84411 16752
17170 17154
30183 30184
17182 84248
17180 84249
84274 17096
17076 17077
30206 79842
17121 17124
84268 84267
30300 30302
41112 41113
84419 84427
16766 16767
41085 76175
79835 79834
84083 84082
17673 17674
84201 17316
29790 79986
42457 42458
15839 15826
42813 75602
15811 15812
15854 15855
16034 16035
16025 16027
29856 29858
84637 16053
29860 79962
16048 16049
15807 84710
42802 42803
15654 15655
15644 84762
84701 15833
15934 15935
17347 17348
79987 79993
84191 17336
42422 42423
84196 17325
30568 79735
30552 30549
84227 17252
30526 30527
17433 17434
17386 17387
17382 84172
75707 42480
29823 29825
29826 79972
84677 15897
15894 15895
10240 10241
52361 72480
79342 79341
13037 13038
85953 12235
48222 48223
12407 12408
12453 12454
12444 12445
28114 80534
28464 28465
80399 80398
9460 86883
13046 13147
13061 13062
13057 13058
13238 13253
28511 80416
48490 48491
28524 80411
12243 85950
85961 85960
28057 28059
28078 28079
31105 31107
9688 9689
9630 9631
9617 9618
31085 80044
12547 85854
28214 28215
28167 28168
12470 12471
12502 12503
12699 85802
12684 12685
28245 28246
12602 12603
85824 85823
13267 85604
13223 13257
13162 13163
85731 12922
27633 27636
27653 27637
86194 11478
86197 11473
11381 11382
11358 11359
27750 80654
48306 48307
11396 11397
86158 86157
11575 86163
27724 27712
86149 11612
27616 28030
11519 11520
11448 11449
12923 12924
13199 85630
48338 48340
80480 28305
12831 85760
48442 48443
12854 85753
28403 80460
28420 80451
12746 85786
48272 73791
48285 48286
80465 28376
85773 12785
12961 85705
12950 12951
48235 73807
27682 80673
9473 9474
79598 31009
10116 10117
79685 30854
10651 10652
86501 10630
10627 10628
42243 42244
10571 10572
31597 31598
42345 42346
79636 30903
9445 9446
10772 10773
10727 10728
86489 10674
10711 86473
30865 30866
9142 9143
30957 30973
10595 10596
10612 10613
31588 31589
31584 31585
79340 31719
75900 41914
10882 10897
31674 79356
79355 79354
75894 41929
10911 10913
86439 86425
10819 10820
10843 10844
11020 86365
11012 86367
42263 75781
86372 86371
31580 31581
30984 79614
9357 86913
30933 79622
9039 9042
42176 42178
79551 31140
9789 86772
79511 31234
31202 31188
31199 79525
31201 31204
31035 31036
86754 9869
9856 86758
9885 9886
30994 30995
9508 9509
86856 9546
9447 9448
79559 31126
8998 8999
9409 9410
9013 9014
9401 9402
42093 42094
79672 30763
30771 30772
42115 75823
8988 8989
30731 30732
30736 30737
8965 8966
30839 79652
8905 8906
87074 87073
79663 79661
86993 9103
86997 9128
72479 52269
64226 64227
62954 62955
69990 59873
63866 63867
33512 78761
69824 69823
77065 38461
60354 60324
38431 77107
38232 38233
46809 74268
39224 39225
38257 77124
39222 76806
69815 60370
38205 77140
38269 38270
38283 77118
38285 38286
31952 31953
78575 34040
60488 60489
82476 82262
47327 47328
37517 37518
60476 60477
63634 63636
77380 37532
60713 69690
38399 38363
69684 60737
63467 63468
64681 68396
67721 66728
38142 77161
64673 64674
22052 22065
64589 64591
39197 39198
69716 69715
64580 64581
69737 60602
60555 60556
60587 60588
60687 60688
60580 69742
82550 22709
64623 64624
60765 60766
63760 68694
78564 34072
39184 39185
18908 18909
33503 33504
18853 18881
63811 63812
64209 64210
31965 79255
37626 37627
22290 22291
37807 77281
63725 63726
34096 78554
36174 36175
77244 37897
36165 77856
58896 58898
34106 34108
63675 63676
59072 70250
33535 33536
64357 64322
58883 58884
59121 59122
64325 64323
63694 63695
77319 37678
37766 77298
64055 68592
64332 64333
64328 64329
68267 65067
77302 37747
59054 59055
70328 70327
58885 58886
32439 32440
37364 37366
78849 33260
37645 37646
37590 37591
18952 83636
22943 21867
60409 60410
77429 37405
77917 77916
18964 18965
33246 33275
77422 37389
77858 36198
37847 37848
77421 37501
60424 60425
68745 63626
37432 37433
18968 18969
37434 37435
70303 58955
64419 64421
64409 68475
78558 34091
37839 37840
34233 34234
39274 39275
69440 61562
67714 67725
39140 39141
46559 46561
36415 36414
19641 19642
36407 36408
34213 78506
32810 32811
46591 46626
36499 36500
34215 34216
39096 39098
19646 19657
52567 52568
66887 66855
36466 36467
67682 66858
36296 36297
36247 77834
77832 36258
39038 39039
78148 35303
32229 32230
19508 19509
60219 60220
67745 66681
36442 36443
32698 32699
66899 66900
65954 67976
66849 66850
82665 22525
77479 37237
67938 66054
66789 66790
65971 65972
52459 72447
37315 37216
52454 52455
19633 19662
46570 46572
65984 65983
22433 21741
19671 19672
34939 78270
60056 60057
72392 72391
39160 39161
32692 32693
77498 37172
66852 66854
37180 36809
72374 52680
60097 60098
36375 36376
60128 60130
36342 77816
78695 33712
33663 33664
36639 36640
36647 36650
68455 64475
67736 67735
83423 19558
39251 39252
36600 36601
69969 59925
59906 59907
38103 38104
64641 64642
46600 46601
32623 79042
69994 59852
69995 59850
22762 22763
34262 78500
76786 39286
22073 22158
38126 38128
36082 36083
38181 38182
77144 38189
36635 36636
68451 64484
79030 32663
22710 22069
60178 69874
36320 36321
64550 64551
66693 66694
36728 36729
64539 68436
77656 36703
34270 34272
82520 22792
46607 46608
70017 59769
83455 83454
83427 19549
36748 36749
34279 78485
77647 36767
19476 19477
32802 32803
36567 36568
59725 59726
59713 59714
33614 33615
64436 64437
59709 70044
68584 64071
65056 65057
68013 68011
32882 32883
68847 63269
64852 64853
34533 34534
59374 59376
62598 62599
69082 69080
22603 82598
78945 32946
21942 22615
62945 68950
63097 63098
33036 78869
62967 68942
74395 46438
62939 68963
62913 62915
33848 78645
22869 22626
63047 63048
63049 63050
63400 63401
63017 63018
74360 46523
33118 78889
62906 62904
62629 62628
79110 32411
33737 78686
79272 31920
32927 78950
74444 46289
35907 35909
70209 70208
59274 59275
19022 19023
63289 63291
70194 70193
59259 59260
64937 64837
69043 62671
59152 59153
19069 83595
18986 18988
64921 64922
62650 69050
34823 34821
64909 64910
59172 59141
46278 46279
18992 18993
33735 33736
70216 59207
68845 63250
63177 63146
82498 21947
31934 31902
32368 32369
68772 63550
63117 63118
62240 69200
33054 33055
69306 61926
22278 82276
62467 69119
82294 22239
62451 62452
63575 63576
62368 62369
62364 62365
63459 68796
69265 62043
63508 68782
22275 21891
46313 46314
62023 62021
33076 78904
62352 69156
34326 34327
68779 68777
22921 22922
33087 78900
46484 46485
69219 62189
62767 62768
79298 31829
69176 62298
62278 62279
33155 33156
68972 62881
34393 34395
82387 22909
62867 68986
34373 34375
21899 21898
46334 46335
46539 74354
33143 33145
34301 78478
33070 33108
69114 62110
62111 62112
62113 62114
62117 62121
69255 62068
62071 62072
69208 62219
62262 62263
62260 62261
69225 62167
69569 61121
22249 22250
22998 21813
59611 59612
68561 64144
69314 61896
61857 61858
18802 18805
70353 58816
61703 61704
65212 65213
65206 65207
58797 58798
70358 58794
69406 69405
70344 58842
31881 79283
61762 61764
70378 70377
61769 69368
33376 33377
61726 69380
61728 69379
61730 61731
61920 61004
69603 60991
19155 83561
79286 31877
58766 58767
32008 79241
61792 61793
36148 36149
21819 22537
33234 78856
83699 83698
65048 65049
61523 61524
78859 33227
64017 64018
78863 33216
61593 69425
78620 78619
58659 58660
78802 78801
64032 64034
64980 64981
69461 61483
61484 61485
70420 58614
69458 61495
33441 33442
36158 36159
61452 69468
61641 69412
46742 74293
70415 58626
64135 68562
58762 58763
47209 47178
34445 34446
35693 35694
68616 68617
59458 59459
79267 31932
78389 34557
60940 60941
35708 78007
68360 68359
78387 78386
70054 59688
60901 69636
33948 78604
68859 63214
59468 70126
70073 59627
82468 21827
78918 33023
61347 61348
78384 34544
33013 33014
35729 35730
59562 59563
61127 69568
61105 61106
46461 46462
60924 60925
34007 78585
59518 59519
82628 82261
60969 60970
70116 70115
78817 78816
69606 69605
70117 59497
70118 59495
69579 61072
33349 33351
65124 68246
61081 61082
68645 68644
83577 19111
60837 60838
69587 61044
70103 70102
70131 59453
69585 61056
46372 46344
32985 32986
78424 78422
35789 35792
59433 59434
19125 19157
59429 59430
37282 37247
33082 78903
46906 46873
76581 76580
67124 67125
72596 72595
39680 39648
79180 32199
51969 51970
35260 35261
35257 78165
35255 35256
32108 32075
66611 66612
78167 35252
22817 82572
72593 51974
35249 35250
68146 65425
38874 38875
38866 38867
66413 66414
38864 38865
19220 19221
76927 38839
76639 39682
22818 82510
51874 51875
22092 22137
32284 32285
78170 35201
67218 67219
66640 66641
32314 79149
35104 78214
19384 83489
22421 21756
72351 52744
39692 39693
67105 67599
78091 35466
19268 83527
52732 52733
32345 32346
83526 19271
83924 18729
40048 40049
38776 38777
22444 23094
67883 67882
34894 34895
67156 67157
66380 66381
38963 76882
40079 76509
39574 39544
23084 22485
66382 66383
46659 46628
76864 39019
18077 83932
18086 18076
76576 39933
32783 32784
35488 35489
76577 39865
67650 66962
74256 46862
35155 35156
22828 22661
21720 82230
22827 82362
35068 35069
46639 74325
22670 21992
68142 65437
78168 35242
51951 51952
66422 66423
66187 66188
22362 23041
76945 38789
38809 38810
35490 78083
66196 66194
67585 67153
40122 40123
52305 72496
34987 34856
65473 68134
65486 65487
46974 46872
40514 40515
68176 65338
79077 32534
65389 65390
34681 34678
32535 32536
22381 21678
22214 22215
35681 78016
19365 83484
47054 47055
68180 65326
76776 39330
76627 39757
47095 47096
52790 52761
52074 52075
22644 82502
65538 68118
76341 40554
40545 40546
22211 21982
47050 47051
72581 52009
40564 40562
52003 52004
40692 40663
21677 23026
52010 52011
82454 22376
65672 65674
76743 39426
67288 67290
65720 65721
22450 23053
34654 34655
40568 40569
78025 35661
65356 65357
65352 65353
78040 35609
83462 19244
19347 19348
67221 67222
76764 39361
79184 79183
35508 78074
47072 47073
35220 35222
34727 34728
39367 39368
23046 23131
35506 35507
19393 19394
34999 35000
47079 47080
39617 39618
76668 39634
76765 39359
35638 35640
47043 74186
40311 40312
39349 39350
68188 68187
67530 67308
39771 39772
67318 67319
19249 19251
40182 40183
72559 52092
72330 52819
40179 40180
39316 39317
52804 52805
23122 22470
23104 21761
47070 47071
34723 34724
76399 76398
52800 52801
65641 65642
39744 39746
34690 34692
35229 35230
66583 66616
39008 39009
32099 79214
38573 38755
65870 65871
65927 67989
35193 35194
82568 82308
47028 74200
34890 34888
82514 82513
36880 77612
76727 76726
19624 19625
82303 22642
38741 76961
74316 46676
77608 36891
72488 52268
77544 77543
38544 77031
76906 38901
39503 76713
36960 36961
68005 65875
38946 38947
67441 67491
66464 66465
67867 66260
38948 38950
35518 35519
77018 38589
67486 67456
38510 38511
67033 67034
38567 77024
77565 36994
38558 38560
66352 66353
77049 38496
65923 65924
34748 34788
38614 38613
82530 22111
52500 52501
67019 67020
36975 36974
83516 83463
19300 83517
22633 21956
52424 52425
76982 38715
76554 39952
22724 22130
67644 66977
39985 39987
39561 39562
79087 79086
23065 21800
52879 52880
66454 66455
52421 52422
76693 76692
21966 22218
23012 22466
34645 34609
77626 36822
67005 67631
32170 79189
66246 66247
67632 67004
66938 67658
23063 21702
66447 67810
34913 34914
72311 72310
36874 36937
66134 66135
21706 23086
82315 22025
82698 22348
39460 39461
52430 52431
65837 65838
34629 34630
9692 9693
31055 31056
73865 73866
70134 70133
48179 48180
5796 88139
57995 57992
10597 10598
34715 34716
82412 21694
55156 71560
10653 10622
55144 71564
28944 28945
9640 9642
9647 9648
10573 10574
34310 78474
34554 34555
9541 9542
65657 65658
9547 9548
65664 65665
79367 31651
86855 9550
31015 31003
86862 9510
29031 29044
59638 59639
79668
57966 57967
29074 29075
68117 65545
31647 79368
9666 9563
34003 34004
49612 49613
42241 42242
10633 10635
62473 69117
31630 79376
86843 9573
59470 70125
59425 59426
70122 59479
10536 86529
86521 86493
34545 78391
86514 10555
59427 70139
59503 59504
75793 42236
32476 32477
48045 48047
55185 55186
34442 78432
12674 12675
71536
71555 55171
47966 73898
42275 42276
83155 83154
22510 21676
62404 62405
4673 4675
62350 62351
12687 12701
49508 49509
55213 55214
78310 34808
28275 28276
28236 28237
86846 9568
58837 58838
12261 12262
48039 48010
28083 28084
28076 28077
73868 48042
32097 32098
12285 12286
10968 86370
12287 85884
20393 20394
79401 31567
58790 58821
48065 48066
58850 70340
10942 10943
55194 55195
7956
34811 78308
12688 12689
34647 34677
5063 5064
85853 12563
28212 28213
47987 47989
34813 34814
31615 31616
22468 23035
69149 69138
71579 71578
12559 85855
49602 49603
65593 68096
9605 9606
79411 31543
55126 55162
64033
47983 47984
31066 31067
78590 33994
82364 22685
79416 31529
23132 82431
65573 68105
85841 12530
5061 5062
67507 67387
85865 12523
80248 28988
70363 70362
55115 55116
12587 12588
65579 65580
58760 70367
65581 68101
69154 69153
78594 33984
70240 59138
43541 43542
59636 59637
30891 30893
57972 57973
42163 42164
9084 9086
22666 22825
86989 9148
87010 87009
49372 49373
8991 9420
54824 54825
8895 8896
30819 79660
30843 79648
32132 32133
33864 78638
78678 33758
8990 8884
45356
30785 30787
30747 79675
9149 9150
33866 33867
42189 42187
62273 62274
9017 9018
62331 62333
4903 4904
87349 8095
30962 79613
9104 9105
58817 58818
9106 9107
34624 34626
9111 9113
87000 9119
5194 5195
86995 86994
78375 78374
67127 67128
67660 66937
9173 9172
87077 8920
8923 87051
5143 5144
30937 30938
30775 30776
66958 66960
4707 4708
78662 33870
30767 30768
70165 59343
34342 34343
22688 22687
59301 59302
70181 70180
62034
86943 9286
59289 59290
86935 9304
71664 54853
5147 5148
6625 87873
78379 34586
87060 8934
79609 30977
5096 5097
78394 78393
70156 59368
75811 75810
79608 79607
30720 30721
59321 70170
9359 9360
86981 9178
8938 8955
8115 8116
9373 9374
54868 54869
75829 42135
5157 88346
42160 42162
5206 5207
88472 88471
67093 67604
79590 79589
75755 42352
87337 8133
65619 65620
5184 88326
65625 65626
49480 73411
49476 49477
9957 9958
31222 31121
9973 9974
33967 78600
70077 59616
86487 10678
69192 62265
49463 49464
4725 4728
88362 88315
86751 86763
65616 65618
48201 48202
10735 10736
42343 42344
59685 59686
79380 31618
4997 4998
26278 26261
59670 59671
42349 42350
9390 9391
79597 31051
21750 23029
73817 48198
59557 59664
21803 22734
54681 54682
62250 62253
9933 9934
57755 57756
65631 65632
49483 73420
9224 9226
67107 67108
42309 42310
67665 67112
5214 5215
9426 9424
67598 67114
31123 79560
22032 82559
9037 87030
31136 31122
9052 9053
69166 69165
57855 57856
66942 66943
78661 33835
66953 66954
70205 59228
62221 69206
57767 57768
9741 9742
86784 9751
78674 78673
59596 70083
9764 9765
33774 78672
9837 9736
86794 9721
62229 62269
9724 86793
54726 54730
33782 33783
31235 31236
67103 67104
10694 10695
79422
65865 65866
73750 73760
12321 12291
47479 47480
66145 66146
31799 33739
54499 54500
11809 86085
29229 80175
59837 59835
43892 75258
86080 86079
59928 69967
69974 69972
26099 26100
48013 73887
11785 11787
59937 59904
78279 34908
66162 66127
47471 47472
59953 69961
11850 86075
27833 27834
66096 66097
47461 74065
66022
54503 54506
59747 70031
28752 28753
59833 70014
66361 66362
55731 55732
80145 29327
26004 81244
47832 47833
47830 47831
71306 55969
26006 26007
70013 70012
78277 34918
55534 55505
4632 4618
47810 47811
66329 66231
33616 78730
54466 54467
70046 70045
70047 59704
33621 78728
80323 28751
71809 54400
47510 47511
69987 59881
12175 85967
4580 88523
12129 12131
12140 12142
26072 26073
80565 80564
65452 65453
28006 80571
75223 75222
11978 11979
27915 27916
60758 60759
60749 60750
60804 60805
73513 49126
81221 81220
34069 34070
60784 60785
71759 54545
69697 69696
75220 44000
65414 65415
12184 85964
12167 12168
4561 4562
60537 60538
69988 59875
33670 33671
11751 11752
71799 71798
26054 26055
78494 34247
66217 67878
45654
80328 28768
86122 11708
11712 11726
47404 47405
35081 78223
43910 75248
49207 49206
26061 26062
12105 12106
60657 60658
12112 12113
27988 27989
71742 54607
55926 71326
55737 55708
55738 55707
21782 22389
5156
68914 63044
73955 47786
71218 56179
65915 65916
4527 88540
34947 34948
56154 56155
71336 55895
80192 29186
55882 55883
56170 56171
82438 22395
55413 55414
55421 55422
34198 34199
34968 34969
34200 78509
23011 82701
59993 59994
67993 65911
66016 67952
32900 33646
59987 69946
23109 22480
56239 56240
26038 26039
29584 29585
34923 78265
34925 78273
22482 82458
56342 56343
56260 56261
29633 29634
56316 71189
67969 65975
29631 29632
29408 29393
21710 23018
80112 29420
29619 80049
4500 88549
65821 65822
65834 68016
88562 4499
29528 29530
78508 34205
88575 88574
43923 75243
60225 69859
75797
29116 29117
88560 4470
29434 29435
47897 47898
55351 55352
55312 55313
56053 56054
88852
60123 60124
65887
56048 56050
55676 55677
73912 73913
60166 60167
60158 60160
69884 60151
56036 56037
49321 49322
71315 55949
59970 59972
67001
56000 71293
71373 55786
67856 66292
60027 60028
10107
55471 55472
65898 65899
67995 65908
34955 34957
55821 55822
60208 60209
55467 71479
29213 80182
67860 67859
78525 34161
80185 29205
29199 29200
80188 29196
60248 60217
82227 21791
55290 55291
55264 55235
47711 47712
78524 78523
11266 11267
11271 86275
86273 11278
5430 5431
59111 59112
13014 13015
68172 65363
88099 88098
43552 43553
48392 48394
48390 73754
48388 48389
48386 73755
80419 28545
54266 54267
80440 80439
82699 21647
88272 5375
65331 65332
70269 59046
28643 28646
71840 54308
28434 28435
13114 13101
71841 54306
13230 13231
85621 13225
66688
28515 28516
25960 81270
5495 5496
12822 85762
25951 25953
28308 28309
59082 59083
13213 13214
13185 85637
54334 54336
54322 54323
59134 59136
28336 28337
85640 13220
49152 73506
13221 85622
13258 13259
13273 13274
83934
48494 48495
13290 85593
54387 54388
73743 48431
48428 73744
12756 12758
79212 32107
70402 58646
23079 21775
28139 28140
12251 12252
6505
12196 12198
71626 54978
65777 65778
65784 68039
12209 12210
12211 12212
65786 68038
89708
28053 28054
12256 85947
80553 28045
48020 48021
28035 28036
54951 71637
78994 32770
12309 12310
79094 32485
58590 70429
28483 80426
21776 21658
34488 34489
12358 85920
54296 54297
73747 73746
12387 85909
12337 85926
58661 58662
12396 12431
28653 28654
25917 25919
32423 32455
4922 4923
58706 58708
58698 70388
80535 28102
28131 28101
43775 43773
8035
58599 70425
49538 49539
58596 70426
48260 73796
85785 12749
25879 25880
86323 86322
65513 68123
11150 11151
34032 34033
11156 86320
74044 47530
78776 33466
27544 80718
11546 11547
49073 49074
11554 11555
60291 60292
34045 34046
78213 35109
11511 11512
69784 69783
28604 28605
86180 11524
27521 27522
86153 86152
60469 69788
11615 11616
23071 23119
34027 34029
35010 35012
43951 43980
11222 86294
44009 44011
60727 60728
11322 86253
54583 71749
60723 60724
86241 86255
5340 5341
33519 33521
81284 25896
47598 47599
11117 86330
27611 27612
49102 49070
49071 49072
11140 11141
60383 60384
27595 27596
11097 11098
5253 5254
27497 27498
32194 79182
27709 80661
12744 12745
27621 27622
12918 85732
48341 48342
12940 12941
12881 85739
75228 43974
58995 58997
12902 12903
29637 27617
25872 25905
43556 43557
28389 28390
58961 58964
48227 48228
80385 28584
48256 48226
85775 12775
4822 4823
12778 12779
83907
54244 54243
23106 23120
84753
33572 78743
5290 5291
48353 48354
75803
11583 86159
54214 54215
65304 65305
43962 43963
69775 69774
71066
49100 49101
27748 27749
5269 5270
60395 60396
86230 86229
86188 11425
54111 54112
48329 48298
60448 69793
71904 54107
11479 86193
11487 11488
11458 86201
60442 60443
4578 88524
15716 84739
11051 11052
37097 37098
78149 35301
23279 82170
82177 23269
89121 2612
37158 37159
77505 37157
23255 23256
23212 23213
44426 44427
23175 23177
37200 37201
82207 23168
25649 25650
25069
6756 87831
77511 37107
82204 23182
37131 77519
4117 4119
4128 4097
81370 81369
4075 4076
6631 6633
6659 6626
43428 43429
3924 88720
3864 3865
39303 39475
6754 6755
36438 77762
43177
89235 2301
36259 36260
35272 35273
23634 23620
2276 2247
23675 23676
2231 89251
36284 36285
35278 35279
23656 82042
2322 2323
41418 76054
23616 23618
2310 2296
23607 23609
2542 2543
39165 39132
2636 2637
2640 2641
23589 82070
2653 89108
23420 23421
36405 36406
2751 2752
23243 23244
2722 2723
89118 2557
2537 2538
87843 6695
39477 76721
37246 37280
44497 44498
2367
4141 4142
36837 36838
88624 4239
27077 27115
4257 4258
36870 36871
27116 27119
39449 39450
3487 3489
24073 24074
44556 44557
23987 81926
88849 88848
23614
4133 4134
3565 3566
48154
23992 81925
37062 37063
87815 87811
3525 3526
3534 3535
37007 77561
88819 88818
32498 32499
79090 32495
24167 24168
3340 88892
24045 81902
4185 4186
78136 35345
88611 4270
3968 3969
3970 3971
77482 77480
75120 44312
37220 37221
23400 82125
3940 3941
82128 82127
75124 75122
4131 88606
77473 37269
23312 23313
23310 82154
77476 37255
6829 87798
39481 39482
6663 6664
88607 4291
82163 82162
81363 25668
44343 44344
87792 6851
6843 6860
4335 4336
6835 6836
35360 35361
23324 23325
77593 77592
82079 23547
43430 75404
41478 76035
36084 77895
76803 39232
77159 38153
87756 87734
41791 75933
25841 25809
14859 14860
24839 24840
24846 24833
41783 41784
14944 85022
75941 41777
81633 24878
6929 6916
2794
14017
14761 14762
24777 24778
39289 39290
85057 14811
14814 14815
81646 24823
24819 24821
75424 43346
6950 6951
14773 14774
14780 14781
14788 14789
14792 85063
14894 14896
14883 14884
81359 81358
25827 81307
85097 14686
6984 6985
14648 14632
14634 14635
25282 25283
74935
38042 77197
14463 14464
85993
6972 87753
14486 85171
77199 38033
43392 43364
37949 37950
24859 25027
25197 25181
77227 37948
41754 41755
37940 37941
25228 25229
14134
85153 14541
37994 37958
14496 14497
85167 14501
43332 43333
37975 37976
25030 25200
41713 75954
41706 41708
36624 36625
35326 78142
41327 41396
36750 36751
24945 24946
36771 36736
24932 24933
88904 3298
3285 3284
77639 36794
39081 76847
77673 77672
7146 7147
77680 77679
35324 35325
78141 78140
76800 39244
21280
36518 36519
88953 3141
32605 32606
89206 2390
41488 41489
26726
36341 77815
36377 77803
39034 39035
82110 23483
76032 76031
77795 36361
77653 77651
3222 88929
24902 81620
2868 2855
43351 43352
24768 24890
36041 36042
36618 36619
2930 2931
24988 24989
3018 3019
24986 24987
3030 88987
81599 24983
89000 88999
88998 2987
3001 3002
41331 41332
2818 2819
36666 36631
36595 77709
24994 24992
77727 36540
2778 2780
36530 36532
2790 89064
2835 2836
2872 2873
41376 76068
89028 2903
43328 75392
81846 24226
44490 75063
31756 31757
40293 40294
1731 1733
7291 7292
1738 89419
26423 26424
81126 26421
2117 2119
2128 2129
76986 38676
40404 40405
2171 89274
26596 81043
81047 26591
38647 38646
26632 26633
49793
48742
1976 89353
89352 89351
45061 74868
27021 27022
40322 40323
1935 89363
2023 2024
2028 2029
26536 26537
89328 89326
76929 38831
2019 2018
1721 1722
45136 45137
89348 1995
44910 44911
40587 40588
89864 387
39396 39397
44772 74966
74916 44921
80947 26858
40237 40238
1819 1821
1824 1825
40235 40236
44914 44915
40223 76458
80882 80881
76450 76464
40184 76467
26469 81095
74890 44869
78018 35676
45099 45100
40158 40159
49232
38658 76995
1698 1699
7315 7316
26406 26408
7306 7307
1673 89436
45139 45140
38637 38638
76919 76918
24217 24218
38602 38603
80811 27261
1630 1631
27440 27441
38562 38563
44638 75012
89455 1613
38553 38554
33387
1612 1598
77011 38607
48706
78085 35486
1417 1416
27397 27398
76895 38928
80762 27405
27406 27407
38481 38482
44793 74946
33215
87611 7370
31741
7355 7353
38709 38710
35515 35479
44853 44854
38705 38706
7332 7333
1618 1620
33428
38857 38859
27325 80783
89569 1265
76953 38762
1272 1273
1316 1317
50191
76935 76946
38793 38794
74990 74992
35418 35419
1167 1168
38723 38725
87600 7414
39012 76865
80785 80784
27385 27386
1224 89587
1208 89589
1205 1189
38902 38903
1191 1192
44605 44606
89590 1203
38736 38737
27383 27384
7454 87586
44590 44591
1578 1548
27273 27274
26827 26866
74929 44886
332 333
602 605
23807 23808
16970
788 89742
40020 76529
44049 44019
27213 80825
87567 7525
76516 40053
23699 82033
43302 43304
44070 44071
597 599
600 89794
31989
44032 44033
89815 89813
23684 23821
44258 44259
665 666
39703 76644
614 615
39696 39697
76650 76649
81944 23918
639 640
1002 1003
44236 44237
39603 39604
81986 23810
32551 79068
323 89883
3638 3639
6815 6816
3406 3407
3410 88870
35195 78195
3767 3768
88762 88761
35133 78205
24115 24116
3735 88770
44114 44115
39890 39891
18566
39872 39873
7558 87560
89765 89764
23958 23959
39926 39927
76575 39903
3612 3614
3699 88778
3715 3716
3721 3722
88781 3694
3660 3661
3663 3664
76488 76501
3682 3683
23788 82000
39592 39593
46376
973 974
39423 39424
215 89918
40526 40495
26777 26779
35595 78045
78044 35601
57 58
89971 66
26759 26760
35612 78037
40448 76378
7713 7714
44963 44964
26661 26662
78049 35556
43312 43314
74907 44945
40466 40467
464 465
44939 44940
471 472
3745
40460 40461
426 427
89852 429
89831 477
44992 44994
40634 40635
3774
40500 40501
266 267
26740 26741
252 253
39585 39586
27177 27179
76768 76767
44276 44277
89635 89633
1091 1092
2426
75130 75129
35213 35214
826 827
23828 81978
23858 23843
934 935
35231 78171
7697 87502
3605
7689 7704
541 540
23869 23870
39777 39778
23823 23861
44211 44576
25306 23150
80994 26748
163 89942
87499 7706
40511 40512
14683 85098
25240 25241
14679 85100
84653 15996
29659 29660
29655 29656
15555 84799
27461
7957 7959
25507 25476
87404 7954
42798 75605
80019 29701
7983 7982
80022 29695
27414
29690 29691
84651 16001
29702 29703
84649 16007
15953 15954
84662 15963
15964 84661
29864 29865
77943 35918
84659 15974
81432 81431
61156 61157
84636 16059
79946 79957
42828 75596
61313 69519
69562 61171
15596 15563
61305 61306
13469
62531 62532
83047
42843
87462 7801
42675 42676
77946 35900
84511 16472
16483 16485
62730 62699
69014 69022
62745 62747
30074 30073
25478 25479
25487 25488
7964 7965
62655 69048
15682 84751
62663 69045
35948 77935
15795 84715
15797 15800
15801 15802
29705 29721
79997 29764
15757 84719
16075 84795
7966 87400
29745 29746
42818 42819
61301 61302
81505 25245
84072 17634
87416 87415
84234 17228
69655 60832
42395 75741
69656 60830
17331 84192
41798
17351 17353
84207 17293
30580 79736
7918 87419
60856 69646
79775 79774
17637 17638
75750 42365
17654 84076
35813 77980
32995 32996
42603 75668
61025 61026
61024 61058
17763 17764
30512 30513
42614 42615
87160 87165
43144 43145
84121 17540
8689 8690
17223 17224
60840 60841
15875 15843
75481 43153
61354 61355
33024 33025
41233
25467 25468
75483 43178
33028 33029
81427 25508
42441 75723
35689 35690
42466 42463
61270 61271
40915
17360 84182
32970 78935
60881 69622
60893 60894
84146 17468
79750 79744
17491 17458
41637
42377 42378
17445 17446
17450 84153
69626 60931
69627 60929
60926 60927
79754 30525
35712 78005
26194 26195
16394 84539
79867 30163
87931
86634 10219
10218 10217
62160 69260
62157 62159
31337 31339
79477 31326
10212 10213
43098 43099
62144 62145
41854 41855
31380 31381
41850 41851
81559
8278 8279
79345 31703
31367 31368
69841
8226 8228
75857 42038
86674 10110
31265 31266
79493 31291
8180 8181
62115 69241
42024 42025
31303 79486
10400 10401
86581 10405
69261 62057
8265 8264
16599 84468
27692
31737 31738
34361 34363
10937 10936
10837 10838
10841 86433
34431 34400
31787 31788
61995 69282
31778 31779
61991 69284
86436 10829
79317 79314
10815 86443
39434
86667 10138
10908 10909
33074 33072
79348 31692
79349 31686
10868 86422
33046 78913
31667 31668
69303 61936
43087 43089
31720 31721
86276
69307 61924
69288 61977
8167 87323
42048 75855
10412 10413
7810 7811
16316 16317
16121 16122
87437 7842
30017 30018
7866 87440
42716 42717
7864 87441
75633 42713
75635 42710
62962 62964
62958 68944
16201 16202
87448 7848
78944 32948
86555 86559
35836 35839
16172 16173
42739 42741
26184 26185
80876
62560 62561
62590 69088
62553 62555
16631 16632
81192 26191
75639 42698
30137 30106
7751 7752
84575 16295
16291 16292
16288 16290
81181 26215
31457 31458
34386 78455
62898 62899
62885 68970
31504 31488
62782 62783
41969 75880
86629 10266
77410
86592 10318
8214 8215
10359 10360
26147 26148
31407 31408
10327 10328
79457 31403
37789
82895
70575
42006 42007
75870 75869
7821 87455
30000 30001
29996 29997
29980 29981
16348 16349
78882 33132
75690 42529
17522 17523
42517 42518
81814 24337
76285 40741
35600
37441 37442
37439 77417
37437 37438
84906
81818 81817
24314 24328
37473 37474
24354 81807
37370 37371
85403 13807
13818 13819
24252 81837
13578 13579
33278 33276
40908 76230
40938 40907
37412 37414
33249 33250
76205 76204
13607 85481
25575 81395
81826 24285
40966 40967
75659
40960 40963
76210 76209
77413 77412
24675 81697
37857 77261
40717 40718
77247 77248
13456 13457
13463 85531
76258 40825
13470 13471
40822 40823
85501 13553
85500 13555
24752 24740
37908 37909
35441
8326 8362
81709 24652
37811 77278
76280 76279
13347 13349
24701 24670
40711 40712
13331 13328
13302 85588
13304 13305
13316 13318
85553 85552
82451
77271 37830
37463 37647
76278 40754
13379 85564
37587 37589
13666 85462
37641 37642
15372 15373
77129 38235
13828
84820 15505
33661
77930 77929
15317 84901
38437 77073
25055 81575
15263 15264
71979
69286
25033 81582
76009 41561
84870 15354
77345 37623
15323 15324
38395 38396
25081 81566
81567 25080
38380 38381
84873 15351
41552 41553
39180 39181
81572 81571
14606 14607
38376 38377
14618 14619
88475
25102 25103
15251 15420
13861
25116 25118
24445 24446
24438 24439
8519 87200
24451 24437
37519 37521
15185 15219
84917 15230
77742
77389 37508
37580 37539
37575 77360
15246 15247
8506 87207
84929 15197
24471 81765
37552 37555
84960 15114
40863 40833
37541 37543
36013 77914
76812 39205
8551 87191
8541 8542
76243 40869
38301 38302
38211 77137
75524 43012
13475 85539
37859 37860
84088 17626
30298 30299
30616 79718
30450 30615
41060 76173
33317 33318
8602 87173
36133 36135
84428 16711
30278 30246
16720 16721
16728 16729
30307 30308
78828 78826
17115 17116
17066 17067
79714 79713
61911 69309
61907 61908
41094 41095
61778 61885
78823 33345
36144 36145
69360 61797
17140 17141
17152 17153
17155 17169
17158 84258
42950 75531
61840 61841
41068 41069
39974
13491 13492
42536 42535
17592 17591
60989 60988
17572 17573
17574 17576
61015 61016
42513 42514
30661 79705
61007 61008
42505 75697
75700 75698
35756 35757
72436
69602 60993
16843 16845
75543 75542
16778 16813
42547 75685
84355 16898
30607 79719
61753 69373
8594 87176
30584 30585
8588 8589
78808 33347
30642 30643
82857
61661 61662
33313 33314
78786 33436
16975 84326
8805 87106
14285
8748 87129
25329 81477
24606 24607
85226 85225
32574 79061
76134 76132
14405 14406
33189 33190
43041 43042
77297 77295
25424 25425
14387 14373
14383 14384
33200 78865
79847 30218
14205 85265
77320 37676
77335 37652
14349
14261 14262
33202 33203
36225 36226
77315 37696
14680
73098
25431 25432
24736 24705
8409 8410
13959 85349
61568 61537
77879 36162
61520 61521
40988 40989
8798 8799
17043 17044
61492 69459
81469 81467
15527 15525
61391 61392
85317 14046
25361 81465
14065 85307
14007 85334
30426 79785
40412
69490 61365
79801 30381
78795 33413
85289 85286
30329 30344
61595 61597
33416 78794
30378 30379
69427 69426
87133 87131
61576 69432
13883 13884
25317 25318
28723
57932 57933
59239 59240
21192 21193
66470 66471
57773
21814 22535
11331
51715 51717
72459 72457
19580 19581
66466 66467
64072 64073
46912 46913
22720 22743
19587 19588
52548 52547
58091 58092
66822 67691
53405 53406
72140 53408
21837 22307
32785 32787
74380 74378
53498 53499
43677 43678
46624 46627
19603 19601
53051 53052
83769 83768
51733 51734
22993 22538
45633 45635
53039 72237
58106 70595
82974 20826
68334 68333
48841 73607
70573 58166
82970 20834
45830 74594
82248 82635
53097 53098
32750 32751
46413 46414
46444 46412
19982 19983
52531 52532
19622 19623
20529 20530
73698 73703
19626 19627
64701 68388
82270 22947
21478 21479
50427
53279 72181
19186 19173
19210 19211
82269 82618
70853 57294
21866 22941
52614 52582
19487 19488
51338 72805
52608 52609
64782 68355
70877 57218
58192 58193
47206 47207
53165
53325 53326
83021 20702
47283 47284
52592 52593
66783 67671
66894 67669
64801 64976
52571 72410
22171 22699
6512 6513
58282 58283
83618 19009
74335 46589
52642 52643
18720 18721
70546 58260
32691 32721
51409 51411
52632 72389
22175 22176
58238 70551
58235 58236
51401 72782
45268 45269
72178 72177
45813 74602
48823 73615
20854 20855
74601 74600
88229 5529
46763 46764
66800 66801
52981 52983
22991 22992
74349 46521
9137
20033 83248
58341 58342
53943 53944
50924 50925
21900 82485
17895 17896
54359
46887 46888
20601 20602
52924 52926
19222 19223
70437 58573
46898 46899
58531 58532
6117 6118
72224 53157
45689 45690
21447 21448
66614 66585
83255 20007
70457 58545
63432 63433
5751 5752
46541 74352
50901 50871
72943 50875
83530 19258
70523 58316
63366 68821
58311 58312
83972 17971
32290 32291
67785 66525
52712 72362
58372 58334
72366 72365
50869 72921
71990 53815
20023 20024
45775 45776
50891 50892
5933 88093
70509 58363
72356 52691
22750 22139
22265 21909
58351 58353
45780 74617
6537 87896
53038 72270
21457 21458
83603 19049
68559 64147
53186 72213
51580 51581
46838 74299
64878 64879
22340 22341
83752 18591
21806 23005
52865 52866
21461 21462
68799 63449
8253
68332 64867
64125 64126
53019 72264
18559 83753
52911
66479 66480
87995 6245
20418 20420
83778 83777
21505 21506
46368 46369
51592 72722
53234 53235
66514 67790
32343 32344
63455 63421
64108 68575
82464 22330
18577 18578
63419 63386
83249 20004
53122 53123
21407 21408
18567 83758
66424 66425
51687 51688
75373 75364
82404 21809
83232 20060
46410 74361
66433 66434
66435 67813
53228 53229
64091 68579
53337 53338
48638 48639
20711 20712
50587 50556
56405 56406
74529 46000
73079 73078
73076 73075
68553 68552
56879 56880
64164 64165
46799 74272
18914 18915
64217 68549
83375 19711
49824 49825
19941 19943
56384 56419
83701 83700
49716 49718
73542 49037
50549 50551
68270 68268
18954 83635
20992 20991
21101 82876
18426 18427
22970 21841
83670 18870
47316 74118
5601 88202
56060
74300 46728
7422
45308 74779
65046 65111
64284 68505
46056 46028
18751 18752
63833 63834
49044 49045
50055 73228
50499 50500
18749 18750
70983 56906
73232 73231
18433 83807
68510 68509
50045 50046
18430 18432
20097 83218
46092 46093
47113 47144
19161 83551
82935 20950
56446 56447
46107 46108
56469 56470
46109 46110
73294 49850
46113 46114
73364 49651
49646 49647
23010 22051
56477 56478
18936 18938
43727 75307
63768 63769
5595 5596
64313 64314
71141 56432
56485 56456
63764 68692
87964 87963
49658 49656
49689 49655
83646 18935
63855 63856
18922 18924
46100 46101
63804 63805
21105 82874
64369 64371
56369 71162
65253 63795
74168 47147
63846 63844
20998 82918
49774 49775
49776 73322
49693 73351
74167 74166
32263 32264
32278 79163
49790 49792
49750 49752
48953 48955
48951 48952
46082 74504
5597 5598
49834 49835
19795 19796
50670 73016
66677 66678
64230 64231
71104 56550
68462 64453
64449 64450
46241 46242
64445 64446
67676 67675
32349 34011
46247 46248
66879 66881
73544 49021
56546 56547
50439 73093
82475 21845
63713 68714
18282 83861
32865 32862
18976 19126
51479 72998
56771 56739
68450 64486
72759 72758
50409 50410
50411 73107
67679 66868
56532 56533
50379 50380
43706 43708
22178 82516
79017 79016
20713 83017
45165 74832
47298 47299
50357 50358
20174 20175
45154 74835
6593 6594
63707 63704
64552 64553
18372 83827
70979 56352
79165 32239
83031 83030
82356 22184
51455 51456
50331 50332
32231 32232
50335 73126
75321 43673
64465 64466
65143 65144
51466 51467
56641 56642
50254 50255
56637 71074
46716 46717
32835 32836
18883 83664
32245 32247
50629 50630
73025 50646
44812
50647 73022
49942 73268
50619 50620
21085 21086
32248 32249
67738 66670
74520 46032
47363 47364
46035 46036
18401 83820
47367 47368
68522 64243
83438 83437
45420 45421
72755 51465
83221 83220
6721
19569 19543
18312 18314
56492 56493
20748 20747
47239 47211
32026 79240
56498 71119
50186 50187
68408 64637
19150 83563
49014 49015
46714 46715
73239 50026
50016 50017
73244 50015
20901 20902
49930 49967
20081 20082
46216 74461
49920 49921
63355 68824
68302 64967
73371 49631
52310 52311
43584 43585
63052 63053
31817 31818
70958 70957
82299 22226
74406 74405
52016 52017
72953 72952
72070 53612
53723 72100
67428 67495
5738 5739
47106 74180
72904 51053
44665
19402 19403
21287 21288
34786 78315
50805 72969
63518 63519
52114 52115
53648 72057
9375
67523 67522
21545 21546
74439 46309
57678 57679
68628 63978
19426 83475
53663 53664
72026 53732
72906 51038
52229 52230
21211 21212
52375 52376
56937 70971
74448 46273
50732 72996
63991 63992
46504 46505
54011 54012
73600 73599
57603 57604
72505 52283
52247 52248
58382 58383
57607 57608
22607 82381
66549 66550
71952 53960
72504 52285
52005 52007
18211 83882
52207 52208
18127 18128
72988 50752
57592 57593
31808 31810
18227 18216
46300 46271
45495 45453
17867 17868
52274 52276
50743 50744
34833 34834
5740 88161
32299 79143
78304 34836
50815 50816
63060 68906
74409 46396
83894 18178
72615 51897
45990 45991
63215 63216
45886 45887
46998 46999
74434 46326
6076 6077
57718 57715
47086 47087
51890 51924
88012 6198
68618 63974
18008 18009
67558 67557
88470 4738
63165 63166
57474 57476
4697 4698
67206 67207
6189 6190
34737 34738
70887 57182
67543 67265
53765 72014
72626 72625
63236 68855
22618 22243
4692 4693
53566 53567
45969 74541
72836 51268
67544 67259
53736
10752
52076 52077
46298 46299
4777 4778
20231 20232
19438 19439
74428 46342
20198 83189
67242 67243
20203 20204
68853 63244
63066 68904
51937 51938
63962 63963
46988 46989
57634 70743
57082 57083
21262 82820
67244 67548
82255 22322
83494 19363
63312 63313
46389 46390
72088 53556
68877 63154
51185 51186
67312 67527
51980 51981
57149 57150
67246 67248
18196 18197
57727 70706
51978 72589
19357 19358
21277 82818
51175 51176
17885 17796
19416 19417
72478 52371
46490 74372
57113 70906
5767 5768
52762 52763
63279 63249
63266 68848
57103 57104
47034 47035
57042 57043
17810 84022
21181 82852
53956 71956
21310 21311
52198 52200
21609 82711
22924 82388
51125 51126
79306 31803
74731 45463
53974 53975
54076 71911
66565 66566
58163
56943 56944
82608 21884
83923 18106
66561 67771
51083 51084
18027 18039
6905
57101 57102
58428 58429
58373 70484
72536 52161
21919 82491
6163 6344
66557 66558
50943 50944
52203 52265
22754 82319
78325 34765
82850 82849
21330 21331
63537 63538
52191 52192
17799 17801
45857 45858
5794 5795
22929 22930
43576 43577
4793 4794
52338 52370
70489 70488
84025 17803
51127 51128
63539 63540
75313 75312
21199 21200
83144 20363
69384 61721
79720 30606
34762
65245 65246
50035 73235
37697 37698
65223 65221
21948 22866
53739
14267 14268
20740 20741
9090 87008
69385 61717
35768 35769
53670
12882
16857 84368
41131 76154
69376 61747
39924
16661 16662
24725 81682
30271 79832
69391 69390
16755 84409
9382 9383
69393 61695
30277 30263
36212 36213
13210
14164 14165
65215 65216
37662 77326
8628 8629
24729 24730
30253 30255
37664 77324
76268 40792
14342
84363 84362
39922
69401 69400
79729 79727
14265 85249
7415
22865 22628
68841
87347 8107
73275 49919
16644 84452
86625
49916 73276
68879 63150
68901 68900
83719
59331 70171
74145 74144
9181 9182
47115 47116
14229 14245
39169
61060 61062
30493 30495
38804
13496 85518
12972
9236 86962
40058
62313 62314
8151 87330
5951 88088
16848 16849
40080
74399
8405 87243
8693 8694
29242
49634 49635
84129 17509
59150 70239
17531 17532
43999
8635 87164
89572
42570 42600
5196 5197
61028 69593
51445 51446
56108
40765 40766
51214 72851
36203 36201
10668 10670
69582 69583
83029 20678
84057 17710
10658 10660
74266
184
30857 30858
75455
38779
40133
6608 87876
89385
9249 9250
17582 17583
42511 42512
9247 86955
9206 9208
49959 49961
62284 62285
61009 61010
65227 65228
6616 6617
72168
63258 63259
65231 65232
83012 83011
79611 79610
6728
32827 78979
43875 43876
17564 17565
13488 13489
78813 33370
82633
33206 33207
42519 42520
42318 42319
84093 17611
79767
30670 30671
17614 17615
59142 59143
72449
41935
84090 17623
81490
72833 51279
37883 37884
37885 37886
46115 74496
69411 61676
61867 69325
16716 84431
8865 8866
79815 30332
61598 61599
65099 65101
34344 34345
61589 61590
36206 77853
24510 24511
33187 78867
63099 63100
8870 8872
8731 8732
47128 74172
21139 21140
8726 8727
35050
87079 8876
31906 31907
13922 13923
69171
61402 61403
69486 61406
42105 42106
74905
59278 59174
41206 41207
77890 36106
37768 37769
5772
88343 5133
73229 50054
73230 50052
70907
10740
14029 14032
14077 14078
30822 30823
21246 21247
78648 78647
73327 49755
85292 85291
34348 78465
81481 25312
51123 51124
51118 51120
84430 16719
27476 27477
77303 37741
77880 36124
46015 74525
13989 85341
83703 83702
81715 24628
77871 36097
49697 49698
46019 74522
26269 81171
51026 72909
74752
68897 63083
49703 49706
8387 8388
85224 85223
85220 14347
51070 51073
46038
8935 8936
52507
43859 43860
83380
30369 79803
24529 24515
61638 61639
14353 14354
87135 8720
87137 8715
30358 30359
21146 21147
13885 85373
73564
37731 37732
45369
61615 69421
83713 18737
76146 41153
51015 51016
8706 8707
87046 8971
8381 8382
14068 14071
9307 9308
41212 41213
14203 14204
65031 65032
64342 64343
69318 61891
85269 14195
63262 68851
30200 30201
50134 50135
17187 84246
33752 33753
82643
69357 61801
74530 46027
34795
40724
21030 21031
83675 18821
14186 14187
169
73333 73332
33341 33342
49934 49936
61383 61384
14208 85263
52035
77876 36137
34840
30798 30799
5994
87637
82490 21918
36140 36141
65112 64979
14316 14281
40593
17130 17131
39018
33333 33334
30295 30281
29056
70516
30929 30930
63058 63059
68288 65009
68225
5818
18844 18847
84342 16920
21046 21047
13085
16925 16926
16928 16930
42573 75676
8368 8370
86972
17028 17029
82823 21251
73060
17045 17046
61846
6578 87882
81145 26360
56072
65083 65084
84972
83296
68289 65006
8916 8917
30853 31258
59180 59181
75636
8903 8904
61814 61850
18836 18837
34622
41169 41170
33852 33853
9413 9414
61779
79618 30951
68294 64995
6485 87917
82473
42332
71237
14364 14365
41000 41004
30948 30949
46044 74516
51094
38699
16197 16198
51600 51567
16107 16108
45723 45725
64894 64895
72995 50735
6146 6147
84601 16190
38500
43066 43067
29941 29927
74398 46433
51574 51577
79290 31859
62949 62950
82761 21456
42750 42751
29968 79928
16179 16167
51617 51618
82057
32949 32951
68023
43842 43466
21509 21511
13435
31687 31688
71325
16343 16344
35886 35887
21499 21500
10877 10878
87287 8256
63404 63405
62930 62931
42732 75625
50790 50791
16307 16308
16095
33135 33137
30031 30032
63563 63564
84555 16113
37793
37837
10920 10921
79915 79914
26166 26151
16135 16136
6143 6144
11280
68922 63029
16416 16417
10833 10834
13490
31794 31795
30164 30165
64850 64851
11035 11036
35856 35857
72957 50839
27188
35858 35859
74616 74614
11289
42683 75645
8078 8080
7804 87461
5987 5989
10915
79331 31742
51850 51851
76172
30061 30062
42771 42641
5992 5959
51813 72642
29949 29950
16521 84494
10805 10806
16557 84480
69648
80874
50745 50746
51425
29946 29948
33090 33091
10858 86426
16503 84500
81608
62499 69107
62625 69071
38190
62512 69100
30120 30122
16624 16626
82605 22919
62510 62511
26155 26156
89612
62505 69103
88094 5932
74370 46498
68251 65118
79436 31485
15994
15796
62098 62099
10196 10197
42018 42019
41861 75913
10410 86579
50929 50930
79434 31478
10496 10497
81569
8178 8179
75601
62847 62848
31804 31805
63383 63385
38006
61960 69294
10238 10239
11457
42054 42055
87900 87898
10435 10437
82488 22599
10486 86591
31290 79499
86701 10015
46519 46482
62186 62187
62184 62185
62132 62133
10013 10046
28103
69222 69221
87316 87315
86682 10088
62138 62139
62065 69256
10095 86680
38121
62079 62080
62140 69233
8280 8281
31270 31271
7026
42442
8182 87317
42033 42034
16257
68967 62891
16326 84562
31432 79451
87311 8198
86604 10339
21887 21886
74544 45958
21397 21399
74547 74546
43084 75510
82703 67480
27316
33112 78891
73
87295 8236
43056 43057
68935 62984
78890 33117
83601 83600
31726 31727
78888 78887
16230 16232
51691 51692
77344
72535
10348 10335
42011 41976
10234 10235
69003 62787
50910 50911
31345 31346
46532 46533
62832 62834
86616 10299
79473 31350
8291 8292
61966 61967
8293 87276
31516 31517
61974 69289
6539 6540
10254 10255
86632 10257
77414
51668 51669
41962 41963
79343 31711
22279 21897
37767
86598 10367
71666
41897 41898
87206
74250
7938 87411
7882 7884
46450 46452
60908 69633
10550 10551
7877 87435
29813 29814
51351 51352
27938
78011 78009
60891 60892
51196 51197
17405 84162
60920 60917
51334 51335
75786 75785
10524 86537
84151 17442
10575 10576
64786 64787
51522 51523
50784
87432
17411 17412
32969 33000
51514 51515
46455 46456
61311 69520
27924
41229
69513 61328
15813 84708
35731 35732
31660 79370
82719 82718
45996 46162
61336 69510
13634
40805
10625 86502
51300 72821
15940 15942
41161
61231 61232
70246
25560 25548
85797
15901 15902
16639 16640
22876 82293
42366 42367
69031 62708
75739 42398
17300 17301
63174 63175
70442
41695
69644 60864
81339
28780
17669 17670
60854 60855
7913 7915
17666 17495
33817 33818
32895 32896
86454 86453
61051 61052
42541
17639 17641
87155 8298
10769 10770
42591 75671
43132 75496
19108 19109
17298 17299
60867 60868
56121
75731 42425
8276 8277
47194 47195
42291 75796
42328 42329
17230 17231
78476 78475
71358
46135 46136
78657 33820
30559 79740
63119 63120
19120 19121
65168 65169
72257
51554 51555
60819 69661
68228 68227
60817 60818
72873 51154
20689 20775
17349 17350
54050
84691 84690
34851 34852
42820 75600
62674 62675
62635 62638
81593
43165 43166
51472
33078 33079
82985 20800
15775 15774
43830 43831
62680 62482
29761 79998
19033 19003
39688
61183 61184
26346 26347
64731 64733
42893 42894
42891 42892
42267 42268
51768 51770
61175 61178
68373 68372
42375
29711 29712
62639 69053
82670
11072 11073
68304 64963
35937 35938
88019
51836 51837
77262 77249
31748 31749
69015 62760
30052 30053
16078 84633
87911 6494
62386 62387
82967
33085 33086
79326 79325
39652
75586 75585
15731 84731
15733 15734
13466
29734 29737
85392
62645 62646
87373 8032
80033 80031
42884 75572
16044 16028
46473 46474
46471 74381
15975 15976
61159 61125
10619 10606
61152 61153
87904 6511
29852 29853
79958 29843
82752
50830 50831
50835 50803
16016 16017
42831 42832
16022 16023
35923 77940
75430
75394
68786 63497
62453 62454
78471 34322
87601
15951 15952
67872
20895 20896
84650 16003
19019 19020
20876 20877
35901 77937
75591 42774
69543 61225
75508
72788 72787
15667 15637
61194 69551
74613 74612
51381 72790
50519
51377 51378
42794 42795
86380 10991
61116 61117
15985 15986
63505 63507
29683 29685
22584 22923
69151 69150
17217 17218
87388 7995
13446 13447
19266 83528
23727 82015
40135 40036
88215 5569
5566 88216
39536 39537
563 564
565 89808
44794
71974 71973
75132 44254
17373
17520
52730 52731
35266 35238
19228 19229
624 89787
39685 76652
44240 44241
52745 52746
89662 89661
20217
7470 7471
39442 39440
81952 23902
57371
967 968
81954 23895
975 976
46449
18260 17918
87569 7518
806 89731
87546 87545
23820 81990
16935
53111 53112
23811 23812
47942
16877
706 707
53180 72216
47840
784 89743
44022 44023
52947 72285
32180
82032 82031
53168 53170
35243 35244
40009 76533
82024 23706
752 753
47849
7570 7571
780 763
44077 44078
17675
40060 76513
39528 39529
53166 53167
994 995
1035 89652
44041 44042
222 89921
75140 44221
52806 72335
54039 54040
54035 54036
72339 52760
88151 5766
161 162
57181
57217
19321
52769 52770
54083 54084
81002 81001
7727 7728
39787 39755
40527 40494
32650 79034
89983 42
58635
76347 76346
50 89978
52 89976
26768 26769
53976 53977
44210 44195
18892
39408 76745
40560 40528
174 175
20407
83963 18006
39369 39339
19883
23939 23940
52696 72368
20025
80837 27181
76673 39625
55529
23892 23941
19976
1066 965
89709 871
872 874
19259 19260
23839 23841
39306 76783
89674 89715
76605 39794
75151 44185
7702 7703
52719 72357
23888 81956
46112
35226 78173
951 952
953 89679
57128
75154 44167
20794
44037 44039
47917
14 15
88180 5643
23971
44957
52544 52516
52485 72440
45571 45572
45575 45576
2138
44449 44450
57014
88890 3355
44439 44440
36956 36958
3371 3372
27143 27144
23975 23989
3348 3319
36948 36949
3327 3328
18138
36942 77585
18557 83764
81866 24166
43204 75471
81848 24223
3428 88864
44499 44500
52496 52497
87803 87802
3457
3476 3477
44488 44489
83748 18527
4154 4155
26556
24029 24030
36835 36836
36833 36834
25671 26382
35270 35269
22981
45619 74672
4259 4260
45625 74670
4207 4208
36866 36867
24082 24083
23162
4217 4218
4219 4221
44562 44563
88168 5708
45629 45630
43250 43251
3495 3496
36855 36856
36853 36854
35167 78194
6870 6871
37035 77553
6868 87784
18241
76734 76699
27197 27199
48890
18464
46945 46946
88188 5649
3647 88798
3649 3650
53230 53231
39568 39569
39912 39913
27186 27187
5650 5651
76590 39900
40092 40094
40087 40088
72323 72321
75170 44091
76700 76711
55838
75167 44132
56905
32188
52851 52852
72313 52856
40127 40128
52859 52860
88783 3687
44155 75169
5661 5662
716 717
78202 35148
32739 32740
83408 19604
24113 24114
3388 3390
18342
3397 3399
52689 52863
3412 3413
87804 6814
3765 3766
53202 53204
55622
48910
17877
53198 72209
24118 24119
88812 3759
47794
45597 45598
39554 39555
39994 76538
18768
53188 53189
39558 39559
24125 81882
39981 76540
24154 24155
35143 35144
72202 53215
72192 53246
39888 39889
12 13
40491 76365
47388
32764
89553 1302
38821 38888
27044 27032
4162
81054 26575
81055 26573
30045
58851
50156
83926 18097
87665 7214
4152
1370 1371
1377 1349
4167
1319 1320
1327 1328
78115 35412
32790
31774
38988 38990
44717 44718
1143 89615
38971 38972
76880 76879
38965 76881
27292 27293
27344 27345
45561 45562
1648 1646
1128 89621
31798
2164 89278
7177 7178
89359 1956
74866 45068
40315 40314
89358 1964
49585
51867 51868
35459 35460
18195 18169
7207 7320
51881 51882
89360 1943
1946 1947
78090 35470
1986 2020
51886 51887
38840 76926
30287
81075 26534
2048 2049
72011 53781
18162 83899
19369 19371
81078 26524
72023 53740
74870 45054
76914 38881
49885
52325 52326
78079 35500
27393 27394
47030 47031
27469 27470
44614 75022
72543 52141
72471 52400
33121
1392 1393
89527 89517
38691 76979
1408 89522
38582 38583
1513 1449
33089
1499 1500
87593 7437
44814 44815
27365 27366
44804 44805
3232
33182
7343 7344
27350 27351
7367 7368
72487 72486
3238
87621 7352
18030 18031
1173
33542
77032 77022
27327 80782
80804 27272
18214 18200
38961 76910
76965 38735
87603 7401
38919 38920
18103 18102
89597 89596
75026 75009
58032
27251 80814
1570 1571
57981
76888 38943
27269 80805
38752 76955
49311
18111 18113
18107 18108
38571 77023
33389
27252 27253
52377 52378
72519 72518
52163 52201
80751 27435
38747 38748
52154 72537
48486
35494 35495
4028
26721 80979
30827
39405 39373
43285 75441
26924 26925
7661 7662
47077
317 89884
46696
78055 35572
72067 53620
49188
292 307
45430 45431
76333 40581
78051 78050
7634 87528
89879 89877
7637 87526
53607 53608
26808 26810
40566 76337
27060 27048
40626 40599
76321 40625
26803 26804
78583 32538
44922 74915
31649
53630 53600
26932 80919
87540 7631
26846 26847
95 96
74722 45479
31928
53966 53967
40435 40436
44961 74899
89955 123
39414 39415
35585 35620
26681 26668
44952 44953
75448 75447
75446 43273
26712 26713
97 98
17872 17873
19734
76741 39429
19666
44934 44968
418 419
26896 80933
5777 5778
19674
87536 7610
513 89823
53813 53992
44986 44987
76737 76736
83480 19401
26844 26845
26648 26620
45109 74849
81136 26393
26388 26389
58270
35512 35513
45450 45451
1727 1728
30979
38667 38668
53581 53582
1740 1741
31095
53577 72080
2122 2123
35634 35635
76994 76991
45075 45006
49381
72611 51907
19370 19367
40400 40401
31929
18187 18188
19389 83486
58931
49456
2200 2201
40309 40310
45019 74885
52078 52079
53540 53542
89394 1829
1908 1909
1830 1831
89391 1840
19450 19451
32643 32644
1788 1789
40276 76437
40272 40273
30586
26457 26458
1896 1897
53637 53639
1901 1902
1906 1907
89379 1885
1654 1656
81085 26507
1857 1858
45101 45102
31477
17843 17844
45092 74856
1691 1692
45083 45084
45444 45445
31209
74962 44784
76472 76485
74863 45078
43278
52535 52536
24745 24746
25164 25163
77105 38341
25730 25731
5541 5544
81561 25043
75416 43372
81573 25061
25814 25815
64240 68523
84876 15341
15345 15346
7074
45390 74750
73000 50715
25265 25266
71981
38370 38371
85123 14624
38021 77202
76011 76010
14578 14580
25251 81496
14586 14587
38007 38008
41602 41565
6372 87950
33723
41596 41597
18470 83795
31941 31942
84869 84867
73038 50694
39171 39172
51925
75989 41619
13799
50506 73064
81641
87121
15415 15417
77084 38415
75972 41668
87213 8496
15460 15461
75418 43366
38408 38409
39173 39174
77103 77102
64280 64281
25136 25137
47373 74101
15288 15289
41653 41654
84898 15293
15298 84895
76821 39176
25057 25058
51880
75995 75971
75689
8475 8476
50696 50697
75998 75997
38198 38200
25547
69402
18447 18448
47310 47312
25168
72854
81626 24886
25173
34192
77166 38157
81630 24868
50296 50297
14937 14925
73136 50295
14930 14931
19214 19213
38172 77151
24788 24789
19529 19530
36957
14753 14754
14759 14760
74764 45363
69327
85086 14708
24779 24780
50279 50280
32757 79041
14716 14717
14905 14873
73146 50272
34419
6967 6968
25296
56360
76002 76001
38048 38049
25291 25270
38044 38045
25194 25195
64619 64620
25183 25184
34422
68417 64596
85173 14485
18484 18485
50600 73035
51785
34531
78968 78967
88352
50658 50626
73019 73018
37945 37946
14547 85150
85149 14550
64585 68420
39193 76814
50631 50632
50627 73028
14878 14880
38194 38195
15428 15429
50309 50275
81761 24497
49837 49838
13899
37825 77272
37822 37824
46072 46073
13377 85565
46074 46075
74163 47155
76281 40748
8311 8312
76283 40743
84905
73284 73283
49883 73285
13427 13428
82929 82907
32564 79065
74165 47151
37467 77405
13732 13733
76287 40731
78838 33302
43465
24307 81820
37471 37472
37466 37468
40932 40933
81806 81805
70955
78089
86912
33280 33281
85535 13453
13458 85534
47143 74159
20940 20941
46119 46120
64308 64309
25436 25437
85502 13551
76260 40819
33277 33279
35492
13577 13546
36167 77869
64317 64318
14588
14612
13540 85506
24647 24649
33282 33283
13335 13336
49763 49762
68477 64398
37799 37800
49851 49852
78842 33293
13369 13407
40702 40703
49843 49844
49780 49781
81815 24335
8453 8454
36017 36018
69478
15151 84945
64205 64206
37535 37536
33925
15222 15223
8509 8510
15186 15187
87208 8505
24473 24474
15208 15209
43423
81333 25748
40890 76234
24455 24456
76236 40889
40881 40882
50465 50466
8549 8550
38311 38312
15100 15101
39218 76807
45909 45910
38261 38326
81330 81329
87224 87223
15072 15073
8455 87226
84937 84936
83637 18951
25393 25394
25836
87259 87258
24260 81834
8352 8353
49798 49797
42988 42989
81839 24262
8345 8346
46089 46090
85491 85489
75060
13604 85482
37396 37397
77432 37395
32559 32561
37624 37625
85448 13701
77354 37596
85444 13716
45325 45326
37583 37584
13658 13659
8429 87274
81832 81831
80736
45332 45334
40949 40951
81767 24460
25745 25746
39287 39288
31985 32348
36910 77601
2555 2526
24425
24433
52577 52578
19639 19640
2759 2760
19636 19637
24479
36446 36447
2947
53312 53313
36282
2548 2549
18633 18634
81351 25697
21561
24147
77771 36422
37175 37176
2599 89126
35339 35370
2622 2623
36200
76825 39163
44428 44429
89137 2590
53477 72116
26647
23252 23253
22977
83735 18657
26374
36428
72399 52613
41422 41423
6722 87835
53368 53369
21828
47112 74128
55269
21382
41416 41417
27117
27101
36473
21391
53362 72158
77737 36508
23581 23580
23612 23582
2306 2307
53356 53357
21646
19655 19656
78160 35281
21581
89106 2673
41401 41402
6725 87841
53281 53283
36509 36510
4032 4033
72388 52637
35793
45248 74740
37217 37218
53393 53395
3942 3943
3946 3959
88706 3956
43319
37270 37271
74802 45240
37258 77475
23304 82158
72132 53434
39484 39485
45048
77610 77609
35346 35347
23320 23318
74680 45607
19572 19600
4391 4392
39498 39499
35364 35365
88636 88647
43181
26585
77598 36917
47226
18547 18548
76722 39508
23406 23407
46916 46917
53464 53465
24806
4054 4055
36392
37095 77535
4010 4011
36409
4026 4027
4063 4064
45225 45226
53520 72103
4113 4114
4122 4123
6638 6639
88670 4065
4073 4074
26162
82201 82200
52456 52457
4090 4092
23282 23184
36324
37295 37296
3915 3916
45233 45234
26216
6677 6678
45235 74805
53411 53412
77477 37245
36294 77820
35777
37120
24960 24961
24966 81603
43858
36051 36052
36831
89071 2773
50413 50383
36528 77732
22135
74819 45195
7127 7128
31984 31971
25448
22809
24921 24922
36859
41374 41375
2898 2901
50437 73095
77716 36576
25445
26861
36562 36563
24909 24923
22935
24904 24905
3225 3226
36756 36757
3237 88924
83864 83863
79253 31975
36740 36742
45368 74760
37056
38096 77177
24813 24814
41721 41722
41719 41720
77171 38118
38115 38116
25567
38113 77172
89014 89012
24807 81651
2963 89009
89008 89007
37352 37353
3041 89062
45370 74758
41349 76078
45378 74755
64659 68402
47252 74138
81598 24985
55101
19559 19560
50214 50215
36665 36632
51857
24974 24975
36643 36645
41287 41289
37630
77817 36302
3104
36313 36314
68430 64555
2398 2399
89199 89198
89197 2413
89208 2381
50364 50350
2360 89216
43462 43433
36367 36368
2415 2416
82105 23466
23462 23464
36077
36316 77811
23647 82047
23643 23646
35665
76025 41498
36378 36344
2435 89184
2440 2441
1225
89185 2449
52601 52405
83844 18338
79052 32599
36303 36273
89209 2384
88952 3130
24938 24939
7148 7149
7166 7167
37236
22632
32716 79014
23510 23512
7158 7159
22619
5621 5622
3275 3276
81382 81372
36691 36692
3082 88968
81391 81394
23498 23500
88956 88955
88960 3079
50321 50322
76845 39086
41309 41310
25584 25585
7080
3065 88973
21303
83846 18324
23527 82087
36327 36328
77810 36326
3116 3118
15052 84982
31752
9068 9069
66123 66125
73858
85759 12835
70856 70855
53066
67896 67895
79080
49032 48928
12833 13008
59093 59094
46683 46684
70858 57272
54455 54456
66163 66228
57268 57270
89751
28360 28310
66220 66222
28357 28358
9864
43781 43782
12857 12858
58906 58907
82672 21735
12754 12755
80322 28755
66140 66141
70336 58864
66143 66144
67723
71771 54510
59793
85768 12803
58891 58889
71772 54508
58923 58924
83108 20465
4770 5502
28762 28763
20459 20460
54427 54430
15086
85649 85648
23036 22494
54650 54651
82691 23037
49116 49117
20131 83208
57304 57305
48492 48493
5473 5474
22417 23128
5432 5433
28804 80313
20615 20604
84173
21859 82391
23075 23127
48825 48826
54557 54558
13235 85615
84679 17770
28332 28333
64632
57315 70842
22474 22507
66171 66172
28338 28339
13164 13165
22373 82689
64634
85645 85644
5825 5826
20127 83209
88243 5478
54604 54605
59538
45778
70840 57322
45753
48545 48546
54670 71715
73461 49283
54464 71785
6404
67869 67868
58160 70576
66236 66237
34877 34878
73769 73768
34872 78293
88254 5455
63631 63666
20154 20155
34870 34871
34100 34101
66257 66258
22287 82613
20435 83123
27679 80674
78330
87981 6293
80100 80099
55942 55943
66445 66446
66232 66233
11456 11443
34885 34919
70582 58141
11460 11461
78530 34144
71835
49220 49221
55831 55833
71354 55830
59295
29480 29481
27649 27650
22414 23066
32073 32243
20520 20521
60440 60441
11431 11432
20517 20518
66285 66286
73616
5447 5450
70299 58960
59822
66327 66328
67038
82272 82612
58302 58303
71107 56531
28379 28380
48287 73784
79113
54477 54479
28370 28371
84195
20540 20445
71782 54474
12801 12773
48278 48280
71784 54472
43491 75374
59831
12239
55936 71320
66299 66330
83128 20426
84524
58984 58985
71102 56526
59023
85720 12981
45292
59162
66333 67847
85698 12989
79524
58973 58976
20162 20165
48240 73803
58971 70296
85704 85714
58965 70298
32151 32152
13251 85608
78986 32792
64141 64142
12409
68064 65708
55039 71603
62342
28060 28061
58629 70412
16594
52973
71606 55035
33541 78750
22838 22839
55057 55019
5040 5042
63938
78235 35039
62283
64286
80547 28065
65530 65532
62179
20261 20262
85949 12246
54257 54258
80354 28635
58328 58329
48820 48818
78614 33921
12405 12406
10296
84231
12417 12418
66724
46748 46749
65342 65343
20660 83067
45468
43519 43520
65350 65351
12240 12241
28092 80541
55071 55072
65679 65680
70816 57399
58852 58853
11021
20249 83175
74015
5023 5024
5021 5022
12618 12619
58831 58832
34658 34659
74084
80486 28287
88364 5085
83177 20244
63747
54985 54986
49497 49499
57385 57386
73872 48064
55015 54984
55064 55065
68576 64103
85934 85933
57362 57363
43515 43516
71583 71594
63906
88383 88382
82461 22531
64098 64099
80236 29018
48856 48925
32297 32298
80234 29023
12641 12642
20252 20263
80243 28998
58386 58387
54982 55017
64035 64036
9492
46750 74289
59063 59064
80391 28567
28538 28540
10608
68193 68192
54167 71857
28573 28574
28534 80406
57205 57206
33552 78747
49204 49172
48370 73759
71412
22334 82397
62513
64766
62197
20149 83227
80401 28529
59065 59066
48722 73645
58441 58304
65419 65420
59028 59029
49136 73520
8012
80298 28703
78415 34479
88113 5875
20646 83040
13065 13066
48365 48477
66530
10649
5384 5385
65471 65472
13024 85692
65495 65496
10609
65318 65319
9121
12450 85889
58667 70399
54376 54378
57226 70873
12345 12346
28127 28128
20596 83059
12351 12352
66516 66517
5425 5426
54358 54360
4917 4918
28688 28689
54268 54272
48780 48781
48845 48846
28110 28111
85890 12449
68163 68162
85929 12333
73609 48840
85669 13094
62230
22423 21690
49192 49193
46753 74287
68583 64046
52875
54142 54143
85660 12738
31894 31895
12361 85919
4825 88446
15763
5368 5369
22144 22717
65281 65282
78252 34998
66807
28672 80351
56603 71083
55841 71351
70584 58136
4566 4534
56794 56795
80651 27764
88536 4542
27825 80637
66871 66872
11709 11710
66733 66734
66865 67680
4456 4457
11931 86041
60659 69708
12103 12104
32240 79175
45936
55286 55287
73982 47720
60673 69717
12058 12059
11727 86121
34170 34171
73945 73997
48990 48991
19940 19913
71409 71408
19701 19702
5454
69875 60175
45570
11649 86136
66718 66720
19929 83281
80644 27789
78714 33669
29127 29126
69890 60137
88566 4444
34241 34242
80214 29109
55339 55340
12060 12062
56837 56838
47721 47722
89154
60018 69931
60577 60579
26074 26075
11958 11959
74070 47444
56444 56445
60566 60567
60527 60564
60774 60775
32825 79000
48640 48641
27999 28000
47432 47433
4410 4411
58227 70555
83449
8474
5131
4576 88525
79167 32235
71029
26063 81226
43938 43940
78709 33683
69868 69867
55453 55454
69757 60543
58207 58208
27993 27981
60421
60534 60536
71007 71006
29217 80180
12178 12179
80582 27971
22773 22061
27968 27969
81883
59890 69983
75253 43904
47927 47928
59751 59752
47848 73931
73937 47825
19909 19820
71444 55559
56633 71076
71075 56636
55544 55545
56865 70995
66710 67734
6274 6275
66708 66709
66757 66758
29315 29316
82521 22160
66763 66764
6008 6009
29271 29272
22161 22074
74333 74331
56849 56850
66080
29342 80134
34291 34292
48605 48782
47842 73935
29347 29348
56687 56689
48603 73687
66663 66664
56685 56686
88072 6007
59727 59728
6234 6235
47864 73927
83364 19733
56672 71065
59764 59734
78689
69977 69976
59938 59903
11688 11689
19815 19720
74063 47466
71416 55663
55660 55661
47463 74064
82553 22179
78591
55652 55653
56755 56756
11667 11668
74055 47492
68790
87969 6319
33602 78735
59866 59901
29147 80202
47520 74048
47516 74049
69882 60157
66058
55725 55726
15359
44219
56655 56656
59773 59774
76456
71726
89255
83295 83294
11880 11881
81245 26003
86063 86061
69958 59961
29139 80203
87973 6313
4533 4947
12174
55749 55750
47467 47468
60067
60109 69911
81295 25854
11503 11504
49255 49256
65694
44165
66829 66830
65813 65814
65817 65818
71086 56593
32252 32254
80105 80120
34210 34197
34972 78258
65830 65831
52646
49267 49268
65878 65943
63739 68709
82624 82625
56571 56575
33481 78770
43930 75240
9241
56271 71192
71177 56324
11200 86306
47747 47748
71152 56408
5244 5246
46585 74337
11152 86321
47755 47756
74043 47533
48539 48572
56397 56398
27481 27482
60254 69850
47763 73968
65863 65864
34035 34036
33637 33638
67100
11600 11601
71334 71333
48310 48311
86219 11411
56615 71079
48524 73708
11415 11416
60457 60492
60455 60456
6255 6257
48518 73710
15183
78531 34142
60411 69807
49002 49003
11364 86235
75230 43965
56609 71081
11372 11373
11377 86231
66460 66461
25849 81296
12234
27727 80666
67991 65920
49276 73472
27721 27722
27713 27714
47578 47579
69765 69779
56595 56560
60705
49243 73492
4834
46722 46724
55913 55880
47566 47567
73713 47581
20538 20539
88298 88297
74303 74302
58257 58258
8507
26044 26045
78768 33494
88291 5305
60697 69695
71228 56145
73974 47806
46568 46569
75221 43998
86279 86278
48625 48626
6335 6336
86277 11269
4420 88573
53171
22960 22299
56185 56187
4422 4423
27947 27948
48621 73679
60050 69919
65422
56095 56097
82556 82353
74344 46565
55411 55412
71487 55406
12022 12023
55773 55403
78381 35129
71234 56165
33651 33652
71143 56426
48937 73569
45833
86010 12017
60788 69671
48939 48941
47697 47698
27907 80616
74017 47618
4424 4425
29535 80079
4396
27609 80699
11136 86325
80703 27603
58269 58266
47554 47555
12028
22481 82220
81861
66019 67951
19861 19862
27601 27585
82396 21839
86736
19859 19860
33461 33462
60583
86314 11182
67929 66079
71180 56315
60353 60325
19868 19869
33459 33460
65988 65989
65998 66000
11245 86283
60729 60730
19762 83352
21682 22400
66011 66012
56137 71242
74265 74264
34047 34015
65956 65957
56115 56116
11300 86261
56113 56114
60330 60331
27560 27561
6269 6270
33897 33898
28311 28324
79142 79141
48187 48158
31012 31013
67577 67168
67580 67165
57612 57750
79570 31092
6041 6042
54938 54939
79204 32138
73595 48870
9479 86873
67066 67067
71653 54893
59480 59481
70121 59483
79151
54894 54895
86882 86881
64002 68608
48165 48166
21285 21286
70975 56924
28885 28868
32309 32310
89826
71704 71703
63619
59466 59467
74415 74414
54922 54923
43508 43509
32126 32127
86342 9877
20227 83180
57142 70896
34566 34567
48684 48683
67661
54870 54871
80270 28902
67146 67147
43591 43592
70065 59650
67249 67250
79268 31930
67130 67160
54828 54829
67194 67197
28855 80282
9009
33947 33978
5008 5009
54839 54840
82318 21969
80283 28850
73437 73436
59444 59445
6129 6099
67561 67213
20196 20197
9608 9609
31081 31084
32307 79138
12556 12558
12552 85858
12550 12551
82469 21829
4967 4968
65563 65564
80222 80227
65561 68110
62644
23028 21770
65554 65555
6383
54766 71689
68639 63923
6121 6122
63917 63918
70368 58759
22978 22316
83245 83244
70745 70744
7809
4964 4966
5482
9622 86825
54685 54686
9638 86819
34465 34466
9700 9670
57686 70724
54736 71694
49387 49388
57684 57685
71484
57739 57741
67559 67228
9590 86837
5898 88105
79573 79580
31116 31089
34646 34717
9585 9586
29046 29047
70104 59541
86840 9580
56945 56946
57025 57027
5648
49583 73379
21328 21329
86746 86745
63221 63222
67325 67326
59276 59245
22222 21961
61359
9416
8610
48134 48118
9804 9788
78301 34843
32457 32459
65192
68844 68843
33786 78668
49435 49437
9819 9820
58010 58011
9815 9816
48695 73652
59222 70207
20346 20347
70620 58026
67462 67484
45900 45901
70920 57069
8601
45898 45899
5792 5793
9783 86776
83158 20311
78365 34638
31135 79553
48689 73656
82290 22247
9015 9016
43852 75272
70762 57572
67352 67357
84462
34792 34793
59170 59171
5208 5209
31175 31176
5889
59254 70196
61300
57105 57106
63294 63295
64877
70662 57891
82794 21352
59265 59266
57895 57896
46282 46283
34794 78314
42179 42180
57902 70658
61174
57968 70640
57970 57971
82296 21955
61466
86716 9968
48108 48109
57764 57766
83185 20212
22030 22795
57503 70772
31017 79592
49378 49380
57176 57177
57178 57180
22857 22228
70784 57500
57495 57496
57493 57494
66930 66932
49376 49377
9854 9855
70668 57874
48156 48190
86753 9843
44123
22028 82561
5623
9088
67035 67036
2091
79176 32208
9752 9753
9710 86796
70141 59421
67007 67630
68867 63193
54653
59422 70084
82783 82781
9759 9761
88473 4733
71562
57791 57792
33972 33973
67049 67617
48090 73856
67470 67471
26252 26254
34615 34616
73961
28927 28928
67053 67055
48098 48099
57166 57167
9918 9919
59619 70075
8835
33612 33613
57661 57662
70364 58775
78318 34779
58754 70370
49606 49607
58404 58031
5068 5069
43751 75298
12733 12734
64012 63881
86421
49486 49594
55172 55173
58776 58777
55098 71581
47959 47960
85804 85803
62921
8898
34650 34651
34656 34657
34752 34751
73577 48911
12600 12599
64474
70883 57194
83171 20276
73631 48762
49512 49513
71550 55183
78320 78319
70618 58029
73902 47950
34782 78317
55221 55222
82586 22844
58402 70498
70728 57673
55196 55165
35767
64258
22812 82309
34952 34579
52236 52234
21013
39036 39037
71486 55408
80190 29178
72503 72501
69925 60041
82109 23456
72564 52060
53335 53336
67635 66998
23649 82078
36352 36353
66897 66898
36348 77801
66995 66996
60086 69906
1576 1577
46237
48635 48637
36264 36265
27064
48848
23628 82055
36245 77835
3117
43115
83474 19415
89594 1199
23664 82039
63589
26663 26664
31608
27123
57868
15450
74991 74989
76367 40489
82213 82671
57586 57587
89229 2327
32717
39418 39419
56196 56197
21783
27236 80819
29545 29546
8049
72524 52212
65416
2227 2228
38739 76962
23622 82056
35874
36129
71235 56161
3427
27013
52606 52607
48367
29015 80237
55227 55199
2245 2345
72150 53381
67490 67445
52272 52273
76893 76896
87712 7075
3429
38894 38895
87714 7072
10424
60075 60042
32719
47287 47288
71746
74125 47292
15468
3073 88969
37299
77660 77659
57395
83142 20372
8579
76844 39088
38756 38757
7620 7621
3161 3162
57502
21292
20893
15516
78576
36671
55487 71468
29222 29193
65511
3119 3120
36001
43159
21361
54020 71932
43073
89837 463
3101 88963
70638 70637
37178
36681 36682
21115
65514
80181 29216
76846 39084
37378
48576
34719 78340
44834
34225 34196
76328 40595
55052
73694 73693
35559 35560
55468 55438
53403
88009 6237
20994
49171
21073
74466
554
65569
12036
55390 71491
1528 1529
71493 55389
64514 64515
82119 82118
45605
21057
64516 64517
38938 38939
30908
43431 43396
23452 23470
47008 47007
77794 77793
83309 19850
89479 89478
64505 68444
65575
3131 3132
38932 38933
45506 74715
71172
44647 44608
23438 23439
7622 7623
7047 87726
50366 50367
3142 2764
47040 47009
89075 89076
57793 70686
26710 26711
33401
58716
86838
50365 73183
41490 76030
50362 50363
54960 54961
66916 66917
41414 41415
66808 66809
23566 82075
31714
44838
24302
2618 2619
42903
66066 67931
45217 74798
2055
24203
58248 70548
7420 87596
64199
9556
37148 37181
89141 2571
73442 49375
1151 1152
50385
47743 47744
22782 22696
24929
24934
52625 72393
67932 66065
36492
2605 2606
49510 49511
32695 79020
36295
9982
24513
53383
23225 23226
55217 55218
65836
50304
52312 72494
26949
116 117
55148
72371 52654
26944
27288 27289
52651 52619
24261
53492 53392
2603 89124
3315 3316
67443 67341
81019 26674
1140 89617
9906
3522
29590 29591
87862 6652
36410
42968
68009 65859
65670 65668
24681
65827
35582 35583
4098 4099
65861 65862
33 67
81233 81232
4107 4108
31 32
4111 4112
44654 44655
44407 44408
52546 72454
20183 83192
32978
58379
2899
18716 83716
78264 34954
38977 76874
42943
88133 5812
2900
3369
4048 4049
32929
46920 46921
57481 57483
47751 47752
35616 35617
24973
18928
25082
35381 35382
26317
37101 37103
45218 45219
46574 46575
9967
1138
2657 2693
35282 35283
77736 36514
43582 75348
41434 41433
21537
36196
32509
7832
71267 56073
76042 41455
1210 1211
21555
67954 66015
32704 79018
43628 43630
23591 23592
58277 58279
89111 2648
30863
2651 89109
52575 52576
48377
66002 67958
58275 70538
52554 52555
25675 25691
60068 60069
65410
19056
56183 56184
32710
7395 7396
48607
65397
77752 36470
45504 45505
60070 60071
58043
44874 44875
7397 7399
32744
68073 68072
2667 2668
36456 77756
67502 67419
2655 2656
70534 58285
80063 29621
24413
36597
3017
80885 27217
36389 77784
87846 6701
6442 6443
24459
52663 52664
23237 23238
45262 45263
52671 52673
29531 29532
52315 52316
58294 70528
32598
53715 72033
36440 77761
52676 52677
18629 18630
89147 2545
1114 1115
24556
41437 41438
39016 39017
65785
23583 23584
66951 67653
2732 2734
71245 56131
1134 1171
32548
18667 18643
24532
9941
36628
36582
48617 48618
2755 2756
2757 2758
79056 32594
66945 66946
40433 40434
72029 53705
26873
36575
67628 67015
60196 60197
82094 23497
14749 85072
71033 56741
2791
14757 85070
46986
27367 27368
67378 67376
43949 43913
24797 24785
523 524
77183 77182
75968 41681
47909 47911
44046
1503 1504
88811
19770
6901 6902
14720 14721
41678 41679
76755 39384
37114
45426 45427
74130 74129
14968 14971
80139 29326
48685 48686
33177
79907
29318 80142
25530
50300 73135
18460 83799
14915 14916
7655
72876
33325
78058 78057
88103 5907
26951 26952
46928
75962 75960
58129
50292 50293
83166
14768 85079
67412 67521
43801
24828 81655
14836 14770
19520 19521
1485 1486
64645 64646
14794 14795
4701 4684
40638 40639
71417 55659
87087 8851
37150
77019 38586
517 518
39236 39237
19516 19517
64649 64650
19818
38099 77175
88855
8892
55646 55647
36720
55644 55645
58802
79032 79031
8781
2079
14831 85052
87759 6957
73524
29141 29142
57563 57565
73174 50197
56499
38067 77192
2783
14829 85053
39300 39271
55667 71414
2065
3401
39269 76802
56500
80760 80746
77168 38124
33093
66071
77170 77169
82507
67411 67375
43633 43670
68050 65747
14174
34285 34286
88512 88510
81512 81511
57569 57570
490 492
485 89829
82518
14555 14556
47815 47816
69374
74743 45411
38697 38698
58100
34132
56587
85166 85165
48281
77790
73537
7371 7373
37932 37934
14535 14537
85140
25157
75947 75946
85082
67362 67363
32074 79211
52355 52356
7028 87735
25162
72485 52348
18489 18490
14444 14446
58219
56559
55094 55092
64569 64571
506 414
72531 52175
32094 32096
9376
68426 64573
32860 32759
50649 73021
70801
81518 81517
85156
43334 43335
34088
80671
50256 50257
38528 38529
59819 70006
83802 18450
34095
47274 47275
89490 1479
14906 14907
88508 4626
33201
50274 50241
24887 81625
14948 14950
71624 54992
87537 7606
58115
51784
44984 44985
18458 18459
73689 48600
57946 57947
80668
71732
8752
483 484
88160 88189
34138
38524 77040
66050
26901 26871
7003 87744
80152 80151
6999 7000
80148 80147
41803 41804
7359 7361
3215
14897 14898
75027
14089
18445 18446
66067
48302
10374
55642 55643
38590 38591
37485
83285 83284
22853
45201 45202
50417 50418
55242 55243
47709 47710
83477 19411
22870
3241 3242
26860
45581
24956 24958
64454 64455
24949 24950
38749 38751
69854 60243
22527
68729
22808 22015
58836
41283 41284
86720
7187
18304 18305
22910
2652
56709 56710
89045 2839
52385 72475
38608 77010
66347
310 309
45196 45197
27422 27423
71043 56717
3062
65793 65794
44619 44620
24911 24912
47076 47044
43803
46597
74674
15498
58014 58015
4452 4453
22477
7144 7141
26850
25635 81373
56733 71036
45492 45493
36786 36787
73981 47724
21877
21205
47075 74198
34817 34818
9422
21198
21201
44758 74970
82093 23505
65651
1647
1296
7447 87588
10362
21224
58485
89168
82684 82240
44636 44637
23513 24229
22660
49430 49431
1655
52381 52382
19673
55292 71527
37235
66863 66864
3289 3291
30663
64495 64559
60214 60186
3299 3300
26714
26899 26792
22601
37171
35308 35309
34162 34163
3256
89461 1586
1554
69898 60216
76311 40659
55501 55503
47931 47932
36043 36044
65921
4437 88568
77708 36603
36777
52401 52402
55687 71407
21989
3036 88984
19739
29151 80200
36889
49443 73421
31582
83630
77907 36048
44887 74928
51843
36657 77688
80745 80748
66920 66372
55699 71403
36609 36610
21960 21987
48632
88193 5628
41355 76076
50236 50205
24803 24804
81654 81653
68047 65754
20308 20309
33101
2924 2925
21973
35481 35483
3417
36766
10371
2932 89024
2934 2935
78511 34191
33119
22333
55772 55671
21885
88070 6015
50407 50408
7129 7130
81946
68468 68467
69891 60135
89512 89511
55335 55305
80747 27443
25003 81594
22054
65986
25001 25002
44997 44998
33600 33601
22791
22806
89514 1426
65944
22727
37151
25998 26015
66288
2774 2775
66784 66782
1431 1432
11948
25612 25613
44101
2805 2806
29153 29154
57556 57557
68742
36805
43944 43945
15307
50395 50396
83453 19481
52396 52397
89187
49438 73423
24963 81600
36551 36552
64494 64457
58897
75422 43358
56769 56770
6640 87867
2960
53514 72104
89405 1780
76436 40172
30978
2587
26992 26993
63156
3684 3685
79196 32154
28822 28823
3690 88782
4852 4853
26386 26387
87544 7590
7232
54658 54659
1841 89389
49113 49114
23757 23758
40118 76494
149 150
44043 44044
78163 78169
54600 71733
63267
65655 65656
49251
80363 80362
44797
32084 32085
82223 23124
17294
19452 83464
9749
43294 43295
17220
78199 35154
89422 1726
58467
57228
26502
30622
40071 40072
26749 80992
46863 74255
76397 40384
35049 35051
88791 3666
40109 76496
76498 76497
49578 49580
19344 83500
48644 48643
65406 68153
31437
22371 23123
23797 81988
89739 89737
2580
7579 7580
53172 53173
89939 138
31219
205 171
67294
7308 7309
32175 32145
32196
54592 54593
54796 71680
17052
70436 58580
22079 82334
10161
16889
7262 87645
49573 49574
17262
1249
76525 76524
34679 78352
8413
4264
9046
23129 21692
63134
31063
43322 43323
80956 80955
40194 40195
16945
55364
89435 1677
5762 5763
698 699
34687 34689
31037
49691
17109
4492 4493
76543 76542
31115
88557 88556
18867
18594 18595
9071
2120 2121
3754 88765
44111 44113
80953 26841
67225 67226
26472
47791
2111 2113
66390 66391
27102 27103
66386 67829
67229
67914 66113
24127 24126
81869 81868
3849 3850
39969 39935
65627 65628
27092 80867
7201 7203
64775
29647
65339 68175
67823 66404
24198 24200
3507
2071 89312
3787 3788
3479
9082
18617
7738 7739
88771 3732
26598
7263
19346
40419 76393
66575 66576
53572 53573
43208 75470
20455 20456
54405 71805
54689 54690
44431
49629
18522
44151 44153
54445 54446
66406 66441
17159
20622 20623
66439 66409
56912
76405 40372
19146
17203
17142
2031
80359 28648
39908 39909
39906 76574
53583 53585
20612 20613
23781 81994
52861 72324
2042
4312
9320
26023 81238
35139 78204
35141 35142
45770
18536
71807 71806
24144 24145
70458 58475
44097 44098
59721 59722
52881 52882
76408 40366
47745
82676 22520
39881 76583
3728 88794
72079 72078
28710 28711
18602 18603
76409 40363
49147
20544
70448 58546
2086 2087
26510 81083
19973
53818 53819
65540 65541
4827 4828
65271 68203
19974
5838 5839
20017
45737
63296
35677 35678
2422
32234
20006
7499 7500
66857
66841
76610 39806
72364 52705
55134 55135
76612 39798
80384 28589
89370 1914
65505 68126
35679 78017
19866
19845
83964 18002
32327
9131
45650 45651
46091
54770 71688
63445
17978 17977
88220 5560
22504 82457
89630 89629
30544
20065
34709 34710
23928 23929
54144 54145
1050 1038
89651 1040
44272 44273
23052 22419
79185 32183
857 854
71568 71567
17806 17807
39833 39834
64732
34995 78253
49644
78232 35053
71819 54371
2450
8059
65372 68167
19255 83531
72060 53643
2452
4843 4844
35588 35589
1804 1805
903 89694
20452
40278 40247
44908 44909
20490
2466
49158 49159
76597 39841
5920 88107
88163 5716
66875
71982 53871
40212 40214
89377 1893
20632
20654
838 839
39855 39857
44178 44179
31452
847 848
76771 39305
48719 48749
20587
894 895
89698 89684
65394 65360
30533
44176 75152
1861 1862
45648 45649
22471 21726
1702 1703
32055
65469 65470
72332 72331
28610 28611
28613 28616
17734
20634 20635
609 611
76661 39653
4876 4877
68129 65485
48960
63189
44157 75201
49088 49089
661 662
23866 23867
45700 45702
53886 53887
17410
89428 1705
39318 39319
53653 53656
10638
74650 45696
31216
23689 23691
57723 57724
46843 74258
88468 4748
89424 1683
35117 78209
88183 5668
44072 44073
17797
23724 23725
7313 7314
19273 19275
19230 19231
40148 40149
17751
27154 27155
65527 65528
52903 52904
45698 45699
675 89775
20597
58345
49095 73523
20106
39340 39341
54109 54110
39596 39597
27171 27172
7252 87649
17981 17982
49662
22098 22749
66620 66621
28595 28582
54764 54765
55527
82410 22515
57261
89668 983
40166 40167
54132 54129
27175 80839
72370 52693
30560
68113 65552
31542
88218 88217
53939 53940
76781 39315
31206
3673
63389
618 619
32192 32193
31196
20562 20563
40215 40217
81091 26497
66605
56952
185 89930
56948
46454
17544
20209
1474
64746
54756 54757
47081 47082
74882 74881
39112 39113
26282
5518 5519
7932
4366 88589
47442
63499
20257 20258
1299 1300
36886 36887
43381
40618 40619
53071 53072
57682
50203
58047 58049
49518
71659 54875
55203 55204
73489 49216
35472 35473
76916 38871
4688 4689
49502 49503
1306 1308
64007
54974
44054
47556
4327 4328
18098 83925
4329 4299
29887
54733
2308
57535 70775
29883
58036 58037
71614 71613
38787 38819
54777
2246
23306
45688
44865 44867
55804 71364
47557
23399
39494 39495
36908 77602
43218
44196 44197
44537 44538
47251
67809 66450
55843 71363
30479
7273 7274
77600 77599
22465 23111
4181 4182
59 89973
46993 46994
63671
58281
40604 76325
36912 36913
74225 74224
44523 44526
44736 44737
46995 46997
20522 20523
10298
76930 38829
21644 21794
7280 7281
47575
26580 26550
44335 44336
26572
26549 81067
48514 48515
74677 74676
57765
4361 4348
44310
29881
26765 80985
48512 48513
23326 82151
65314
47617
4358 4359
32647 32649
48398
4006
58099 58167
45241 45242
63840
23292
32834
26305
9239
71949 53972
39124 76834
32838
32724 32722
88232 88231
77463 37294
88694 3892
26560 26561
22802 22022
2608
24732
87854 6684
24769
7717 87497
24763
55082 71586
24034
37322 77455
80107 29427
32319 79136
70791 70790
37307 37308
68007 65869
9242
20225 20226
88674 88673
50372
53512 53513
71191 56275
57885
30589
57831 70679
18679 18680
23381 23382
23193 23194
23191 82203
89989 30
4093 3994
6629 6630
50318
2614
28961 28962
88727 3902
68021 65824
38807 38808
37264 37265
23345
7903
1262 1263
44309 75121
49357 49358
3949 3950
78135 78134
52415 52417
30050
77469 37279
57692
83100 83099
38774 38775
78336 34745
4303 4304
49279 49249
71584 55089
23403 23390
44302 44303
67990 65922
40620 40621
23285
74232 46911
67992 65918
82563 22803
75463 43227
52475 52476
70676 70675
51957 52129
55861 71344
37231 37232
23347
52443 72442
3980 88699
51953 51954
73475 49068
57541 57504
88695 3990
82433 22380
3962 3961
49361 49362
54728
27035 27036
10230
73447 49360
51962 51960
36907 36909
67570 67568
54512 71769
55986 71299
67050
24186 24187
44437 44438
55982 55983
88883 3374
3375 3376
55978 55980
78076 78075
66302 66303
79133 79132
18164
66312 66313
3320 3321
9619
81027 81026
55959 55962
89288 2142
45017 45018
53031 53032
56864
65095
71652 54897
3357 3358
52533 52534
53753 72018
23651
32746 32747
37052 37053
23585
3532 88826
52492 52493
23603
81914 81913
48129
83779 18521
20282 20283
66354 66355
2155 2156
9701
56993
4105
66492 66493
23739
219 220
66334 66331
44200 75146
71776 71775
57087
4298
67269 67234
67282 67283
40504 76361
67904 66137
55740
75066 44483
63979
27080 27082
17938
45590 45591
52506 72433
17892
54526 71765
32292 79144
80991 80996
44202 44204
87490 87488
2512
89293 2132
2093 2130
67600 67102
52771 52772
26594 26595
7838
65348 65349
67353
66229 67921
2561
18124
81004 26727
26025 26026
9830
18317
3422 3423
211 89920
66477 66478
49036
58414
18191 18192
72438 52495
2193 2194
3435 3436
75062 44496
45586 45587
49087
44369
32267
24014 24015
58120 70588
75242 43926
22982
22994
47407
36873 36840
36843 77621
49231 49233
30242
67576 67575
75036 44568
30233
58729
23081 82409
58101 58132
40324 76424
88628 3863
19614 19615
35602 78042
56051 56052
53319
29438 29439
75039 44559
54918 54919
7108
44993
88649 4159
67163
55814 71360
24043 24044
47377
81903 24056
67864 67863
20211 83186
30272
88142 5791
2241
53303
54916 54917
1985 2053
66279 66280
66281 66282
38849 38850
1948 1949
66287 67857
24059 24057
29489 80088
24067 24070
1922 1924
22443 21739
44709
2165
66500 66501
18887
27137 27140
10057
87992 6250
19610 83406
72343 52785
24018 24020
57711 70715
63638
65273
3574 3575
26735 26723
24016 24017
35443 78099
55712
37064 77545
40286 76435
67767 66574
47062 47063
4909 4911
48018
71576 55120
19423 19424
53807 72001
5724 5726
7243 7210
57019
3488 3486
22732 22736
80358 28657
23192
26551
26559
55488
23834
52999 53037
35457 35458
4058
27132 27133
80851 27136
49323 49324
23024 22359
72573 52038
67060 67059
70723
43973
28123 28124
28125 28126
51336
30072 79898
16465 16466
35934 35936
71635
84508 16479
42752
16554
19987 19988
79006
16490 16491
13480
62241
84526 16432
70642
38354
16440 16441
62752 62753
88013
84522 16447
51832 51833
42688
88008
82981
51330
74212
13483
5427 5428
26244 26230
80844
38317
84478 84476
42853
64043 64044
16586 84467
73838
79866 30140
13497
51284
51803 72645
27329
79280 31891
6576
62548 62549
88079
88145
79874 30159
37
83049
72651 51791
79561
80831
27249
85323
25915 81279
5990 5991
28130 28117
48422 48423
79889 30089
64911 64912
87210
62681 62682
51746 72684
28489 80422
33555 33728
15760 15761
87397 87396
43679 43680
29757 29740
35956 77933
15673 84754
27615
80913
85364
29747 80002
15576 15578
52889
61181 61182
83610 19030
64740 64741
35960 35961
13142 13143
42888 75571
13389
29667 80030
15536 84809
20874 82957
15544 84803
62683 62684
15773 15756
15105
19000 18989
27245
30082 30083
79890 30081
12385 12386
12383 12384
33730 78688
57235 57236
32910 32911
15707 84742
32912 32913
15674 15675
64916 64918
12368 85915
58680 58681
85917 12367
81578
32918 32919
15694 84745
41130
42848 42849
28481 28482
72081
78959 32894
51314
69702
13106 13107
62495 62496
88085
16519
68941 62970
29984 29987
16240
5027 5028
73871 48068
63015 68925
87895 6544
82749 82748
35687 35885
62972 68940
45714 45715
73869 48071
84011
27381
16304 84570
6311
88380 5036
83602 19053
62928 62929
58812 58813
52912
16117 84620
6110 88044
79125 32355
81530
68807 68806
20047 20048
7862 87442
84560 84559
70815 57367
58791 58792
12466 12634
6310
51642 51646
42823
62880
16250 16251
16068
63418 63387
84586 16259
58835 70346
57391 57392
37665
70345 58840
37687
77309
84588 16246
51702 51703
69900
63396 68810
87878
28251 28252
16238 16239
78886 33123
41983 41986
85821 12654
85822 12652
41978 75876
11033
84624 16096
30115 30116
45441
6127
68341 64841
68340 64843
75967
33926 33927
72677
70431 58589
80864
79930 79935
88106
13409
32958 78938
42872
57404 57405
48788 48789
75147
80892
75652 42652
51433
69676
82755 21477
28155 28156
16617 16618
30136 79879
70421 58608
6084
85918
62570 62571
16551 84484
79095 32483
52365 52366
84623 16102
64880 64881
16189
79363
42705 42737
23
20040 20041
80552 28048
77311
70799 57445
58618 70417
28055 28056
23008 22342
38574
27358
1934
64870 64869
16182
84608 16161
62587 62588
62326
42742 75623
5957 5785
16532 16534
70409 70408
38628
51759 51760
75174
67828
28401 28402
59908
17452 17453
55571 55573
72246
17356 17211
20703 20704
84224 17254
50821
42368 42369
50798
30520 30521
67756
20152 20151
45085
79732 30579
13569
59100 59101
25947 81267
30570 79734
72742 51507
63669 68717
76128
42427 42392
59986
73731 48460
45070
84210 17287
17448 17449
41560
13187 85634
42476 42477
78752 33538
70470
60912 61091
50447
81375
28348 80471
59758
63673 63674
30717 29776
21148 83025
25959 25961
56200
75464
17439 84155
81396
42470 42471
40773
7936 7937
17472 17473
60946 60948
42391 42426
87424
89750
42385 42386
6780
13628
85749 85748
42724
50446
78931 32984
59777
12770 12739
41399
45081
42708
47192 47193
28368 28369
41335
75674 42584
61035 69590
85711
75980
30455 30456
61030 61032
63723 63724
17756 17757
65121 68248
63719 63720
77021
17717 17702
70310
42624 42626
28383 28384
42092
6599 6600
42075
28849
12258
41393
41391
20668 20669
78755 78754
12956
60848 60846
81418
59814
89758
84199 17320
50876
12842 12844
19112 19113
42410 75735
30477 30478
42403 42404
51500 51534
48268 48271
72735 51539
12461
12752 85784
13002
87519
12750 12751
17680 17681
72291
12267
20670 20672
41350
72800 51358
13720
71617
51405 51406
29674 29675
89781
61111 61112
70285 70284
79959 29777
27413
84709 15978
42784 42786
33546 33547
89792
70295
15957 84664
64724 64725
15966 15967
50635
51421 51422
56168
27520
19174 19185
6609
15047
25972 81254
70276 70275
70280
80418 28509
42838 42840
41217
50574
15993 84654
25443 25444
61198 61199
85656 13122
15640 15641
35902 35903
43804 43805
13080 13081
68365 64764
50539
74598 45788
87381
61202 61203
41151
62605
29670 29653
42792 42793
42796 42797
15608 15609
15610 84776
25457 25442
72302
6219
82138
22306 22574
8094
20889 82951
48827 48828
13045 13013
61143 61144
28501 28502
63686 68724
16014 84646
87610
77098
59724
61256 69533
87372
29788 29789
67753
41
41262
64830 64831
72824 72823
28879
74483 46170
15909 15892
45133
68722 63691
15888 84678
13175 85641
76897
40855
42430 75730
7889 7890
40791
74482 74481
59598
87597
84165 84164
67687
61334 61335
28427 28426
84176
89793
79949 29905
61138 61139
16029 84639
46457 74385
13249 13250
13247 85609
62500
67673
1739
13365
75597 42827
35721 35724
79984 79983
64816 64817
70876 57222
51428 51394
84687 15866
63699 68720
20857 20868
20860 20861
57307 57309
78919 33021
20129 20130
64822 68345
61338 61339
28288 28289
41947 41948
50755
62204 69215
78962
62200 62201
59560 70097
42548
16731
30918 30920
86485 10682
5725
82826 82780
54645
21392 20662
10729 86457
30909 30910
30907 79634
59575 59577
16431
86572
45973 45975
5741
30896 30897
51160 51161
75757 75756
59584 59585
62242 62243
51149 51151
10739 86463
62234 62237
30870 30856
61427
16342
9914 86732
61482
30960 30961
30971 30959
8096 8097
9951 9950
39082
22934 21950
63163 63164
9978 86712
31220 79514
16856
34515 34516
62310 69170
9232 9233
9234 9235
31029 31030
84498
31031 79593
269
74433 46333
57174 57175
16654
27904
10703 10704
46327 46328
51144 51253
79645 30864
79383 79381
9903 86740
38897
34306 78477
69121 62463
48879 48880
5003 88389
10621 10620
57157 57060
42488
34559 34560
62759
86852 86851
22623 21939
42233 75794
54205
21915 22897
39587
10796 10797
86387 10973
62370 62371
56956 70963
21527 21530
70062 59656
39563
42487
86470
62754
73771
50866 50837
9494 9496
46321 46322
59691 59692
62469 69118
79372 79371
48885 48886
89548
31629 31627
78942
79362 79361
74534 45989
70060 59667
46323 46324
62423 69133
79669
70897 57139
63136 63137
59674 70058
15765
38916
86378
38921
366
31632 31633
68882 63139
76184
10584 10585
89558
33829 33832
57147 70892
45929 45931
21932 22873
26250 26251
21221 82835
68894 63094
78676 33760
79554 31134
57120 70903
22892 21920
31908 31910
46276 46277
87050 87049
8962 8963
72884 51112
61916
9793 9794
16757
71280
42194 75808
88048 6093
43861 75268
89441
79683 30725
88359 5092
61315
59412 59414
21166 21167
45357
51019 51021
5761
30781 30782
34338 34339
42172 75816
8863 8864
30788 30834
61238
9114 9115
5198 5201
53882
59154 59155
59144 59145
5160 5161
21917 82286
70213 70229
53820
61634
9081 87012
31167 79538
74363
68100
59196 59197
70188 59244
30792 30793
51140 51110
42208 42209
71314
26265 81173
59252 70197
79654 30818
84451
30832 30833
82793 21356
33765 33801
79861
21219 21220
73562
61616
63054 68909
87342 8119
75828 42137
5163 88332
86909 86907
30927 79625
9380 9381
16821
63068 68903
38951
7043
82010
63186 68869
8108 8109
30974 30975
70079 59607
79429
9139 9141
5174 88329
84477
48092 48093
9151 9152
61424
9929 9931
9163 9164
30966 30967
51039 51041
9714 9715
61626
5134 5135
9833 9834
61080
61055
63105 63106
9337 86921
5789
62033
5225 88325
21209 21210
84455
5997 5998
61191
72902 72900
10731
61694
61833
86781 9809
59285 59286
54560
73834 48143
79883
89875
59316 59315
61856
59346 70172
9407 9408
63523 63493
83961
68627 68626
38032
12488 12489
79333
87247
78440 34424
34425 78439
11447
28165 28166
38092
6397
63321 63322
10431 10432
31307 79484
82600
7018
87912
86562 10418
63057
47953 73900
46544 46545
12497 12496
34366 34367
71521
403
50872 50873
75861 42017
85864 12527
58784 58785
72120
82284 82487
51057
33985 78593
86710 86709
27778
63933 63934
59512 59513
63927 63928
28157
31323 31324
33064 33065
6046 6047
62180 62181
50975 50976
62726
85847 12582
80506 80505
72920 50974
87234
69250 62128
62687
32472 32473
62083 69252
85881
68820 63369
56996 56997
63376 63377
15809
38127
85867 12518
28179 80514
10044 10045
72582
71541
69828
62784 69004
41975 75865
57379 57380
26285 81166
43689 43690
1768
41967 41968
28064
51036
31497 31498
69010 69009
16310
51661 72699
31492 31494
12717 12718
87953
74359 46528
33168 78872
12708 12709
37778
28050
26180 26182
79461 31402
37712
31399 31400
31878 31879
87302 87301
33905 33943
42060 42062
54346
86544 10503
42073 42074
15853
31465 79438
67518
42631
87326 8161
70382 58728
34378 34379
67516
16301
10466 10467
57373 57374
31459 31460
8023 8189
82768 21446
76044
11026
10480 10482
26289 81165
78875 33154
57020 70884
37755
12682 12683
63429 63431
33056 33057
54238
50858 72947
68769 63568
72972 50801
89609
44868
10932
74549 45949
56984 70967
31784 31786
32871 32873
9667 9652
33092 33094
42402
39243
86816 9651
11000
21627 21628
62054 62055
79319 31767
9669 9668
10902 10904
41931 75892
79728
62833
63525 63527
83956
59524 70110
79187
63565 63566
34005 34006
50867 50836
75904 41893
9433 9434
39538
31560 31561
9452 9453
39732
16429
48188 73830
10964 86391
62392 69145
33080 33081
72949 50853
62388 69146
48159 48160
79324 31755
6934
86345 11062
11063 11065
79566 31090
73921
62380 62381
84305
86872 9487
75902 41900
62016 62017
9482 9483
11022 11023
79569 31094
86405 10927
39480
10039 86696
68015
79585 79582
63899 68648
38001
71575
74131
31343 79475
62651
41867 41868
86826 9621
42446
22550 22549
86651 10195
45754 45755
37926
62155 69230
70931 57039
63543 63544
80525 28199
63913 63911
69232 62147
7602
59505 59506
73985
74376 74375
43758 43759
28208 28209
50984 50985
11516
21594 21595
21592 21593
9985 10151
62658
43464 44015
8258 8259
9678 9679
59533 59534
62022 62024
9635 86820
61947 61948
81157 26311
31700 79346
89462
9593 9594
39435
61978 61979
10159 10160
75923 41833
6148 6150
8243 8244
10168 10169
84401
87292 8242
15988
43090 43091
61985 61986
43092 43093
61983 61984
85706 12975
67512 67373
41869
56811 71011
73122
76492
5192
13895
63806 63807
32849 32851
81698 24674
43991 75224
6396 87943
86068
60585 60586
12144 12145
83336 19794
83522
18948 18945
49877 49878
73287 49875
80560 27996
12590
68683 63796
37428 37464
24317 24318
13868
24315 24316
37493 37495
73317 73316
13387 13388
11952 11954
84610
25787
47163 47164
46066 46067
13438 13327
68971
15622
27922 27959
28012 27997
68961
37794 77286
73090
37788 77289
56669
24693 24694
56716
75752
37849 77264
7365
26078 81222
35577
74073 47437
60242
77865 36181
20909 20910
74508 74507
5276
25749
45933
8299 87273
80581 27973
37599 37600
68481 64383
71795
11859
37399 37400
13602 13603
11828
74645 45708
45943
47338 47339
13688 13689
37605 37606
68511
7544
85389 85388
20965 20966
78345
7490
74086 47402
69719 60603
56781 56782
68543 64190
19717 19718
24271 24272
13660 85459
15541
85457 13667
76202 40942
21012 21014
80085
74090 47397
60437
40936 40937
68930
13849 13850
13931
76220 40931
68908
20995 20997
74278 74277
83361
81810 24349
80369
35181
73324 73323
74639
40923 40924
87257 8359
60503
74092 47392
73301
37420 37421
71889
56839 56810
27812 80636
73389
56604
13356 85575
35431
47658 47659
80273
37669 37671
14151 14152
85280 14154
83525
14162 14163
80599 80598
14171 14172
5354 88279
56467 71127
84720
8423 8424
8420 8421
11273 11274
76269 40790
21114 82871
78763 33510
24713 24714
86885
78427
80593 80592
88779
86081
52834
22298 22560
86274 11276
64350 64351
32270 79154
49734 73336
69688 69687
56373 71161
25422 25405
60976
34676
88792
25889 81285
63868 63869
82440
74625
37754 77300
28596
11341 11342
27760 27761
81748 24551
32046 32047
37719 37783
81742 24545
27930 27931
78367
71096
86086
8159
24537 24538
25885 25886
34828
24709 81687
14224 85259
83320
85505 13529
35446
14977
86131
64315 64316
12024 12025
14921
46831 74262
37902 37903
37900 37901
60756 60757
35414
13526 85509
68960
35108
71140 56436
52413
83648 83640
60760 60762
35406
88204 5606
68702 68701
11923 11924
64392 64394
47167 47168
40715 40716
11920 11922
68973
52363
49677 73358
50733
40771 40772
84939
60829
43729 43730
60844
37878 77251
73370 73369
37869 37871
32568 79064
47600 47632
12011 12012
4625
81874
76266 40763
37863 37864
68946
60012
49627 49628
4539
34075 34076
69672 60783
77241 77238
13461 13462
43047 75516
13511 13512
45329 45330
82394
50541 73053
18863 18865
74103 47372
50688 50689
59964 59965
87040
86077 11837
73009 73008
87985 6309
73491
75688
79046 79045
33792
19745 19746
56851 56852
38382 77093
69975 59911
78274
74968
38331 38332
6379 87951
50672 50674
25089 81562
41554 41555
63129
89223
69280
88453
38400 77108
43915
11876 11877
79948
74710
88501 88500
75088
33706
59947 59948
84832 15487
88219
81544 25142
89210
56875 56843
11895 86057
74062 74061
25727 25729
88451
86059 11892
88836
34263 34230
69248
72919
8481 8482
77071 77070
38443 38444
76613
83817 18380
35974 35975
15570
53480
84826 15472
83365 19731
56351
68254
33729
50659 50661
29249 29250
37996 38024
87014
35992 35993
43900
81308 25822
47866 73926
85105 14650
59707 59708
53451
25287 25288
51959
18475 18476
18902 83657
14461 14462
18479 18480
75408 75407
74949
55615 55616
59711 70043
14479 14480
87755 6971
89273
47853 47854
55586 71433
25819 25820
88476
47365 74105
74456
14604 85128
25279
53533
66031
85074
77924 77923
38191 38192
56629 71068
14159
56665 56666
41544 41545
50708 73001
25816 25818
33772
77203 38014
18438 83806
45626
68798
77911
33740
14628 14629
59755 59756
84838 15459
33703
13674 13675
11653 11654
50571 50572
6362 6349
64157 64159
83666 18879
72831
27783 27784
15188 84932
72843
15194 15195
36009 36010
40837 76255
52741
77372 37551
26101
6355 6356
33846
50481 50483
36011 36012
40896 40897
33851
77116 77234
45318 45317
11647 11648
56459
4559 88529
74309 74311
34235 78498
7510
60276
88306
33676 78711
81803 81833
33895
52728
56790 56791
69477
47336 47337
84938 15171
60283
37618 37619
60624 69726
37614 77347
8522 8523
15122 15123
33918
64207 64208
45341 45342
73056 73055
15136 84950
56780
72786
87096
71013 56803
80649 80648
50581 50582
24368 24369
51491
8493 8494
59857 59858
80806
51566
15443 15444
41623 41624
25119 81551
82331 22711
64276 68506
50508 50509
73556 48981
88172
25105 25106
8442 8444
56909 56910
14992 14993
61251
51917
73066 50503
5373
15493 84824
43529
15497 84822
31948 31949
73070 50495
87221 8431
80629 80628
15513 15515
60311
73514
74111 47313
84975 84974
33883
78653
72010
39208 76810
66780 66751
77115 38293
24426 24427
84814
1036
13761
8543 87193
80720
84566
81778 24421
38305 38306
24416 24417
76659
27866 27867
25758 25759
38294 38296
72736
38215 38216
51616
59865 59838
34050
33194 33195
60009
52514
43969 43970
27627 27628
5362 5263
82460
61488 61489
8784 8785
27528 27529
77222
33450 78781
16996 16997
61760 61761
84314 84313
41037 41038
13083
17004 17005
69801 60429
46204 46205
17010 17011
41035 41036
50020 73242
16859 16860
73192 50149
49009 49010
85849
60474 60475
8590 8591
60478 60480
52135
16939 16942
46050 46051
28431
16950 84334
78507
27523 27524
84365 84364
84316 84306
52835
11508 11509
78063
39779
39879
40667
69798 60436
40254
12887
84631
40477
8840 8841
89140
85556
21127 21129
4426
81915
28298
61369 61370
50029 50030
4867
84660
89102
12823
86178 11530
14075 14076
70552
61738 61739
27515 27513
33469 33470
52795
61377 61378
84354 16901
12797
63617 63618
65085 65086
28476
74502
73223 50066
27623 27624
34042 34044
84358 16891
18755 18756
61385 61386
14051 14052
75686 42542
52626
77891 36102
56487 56385
36103 36104
47593 47594
47229 47230
11550 11551
39815
25875 25874
61643 69350
11421 11423
11402 11403
70113
78833 78832
55941
75537 42969
29062
73407
61648 69410
63606 68752
72421
4882
82894 82896
40534
85833
79854 79853
76869
65210 65211
14862
78529 34146
30294 30296
49968 49931
47591 74021
56605 56606
87355
16726 84426
56262
73265 49954
84422 84421
13189
76873
69808 60408
40567
70179
49950 49952
47218 47219
16774 16741
17117 17118
41118 76169
83686 18806
85643
72191
80194
75536 75535
13173
32012 32013
17184 17186
30639 30640
52187
15165
63653 68735
28740
32441 32442
76189 76188
70890
14835
61826 61827
47227 47228
14845
21055 82891
14846
56043
8802 8803
20085 20086
80488
61670 61671
32830 78977
70513
56688
52144
73422
39899
6570 6571
78790 33426
84243 17201
59311
33525 33592
17173 17171
52612
73535 49065
1735
13215
19135 19136
27707 27708
84616
83676 18849
30630 30631
30634 30635
39848
12780
40582
17543 84118
88882
28628
87975 87976
41956
65131 65133
41122 41224
34092 78556
11142 11143
28612
78535
869
14325 14326
28528
70880
47538 47539
12948 12949
59206
65108 65109
52660
5258 5259
50727 50728
80034
12890 12891
75551 75550
87879 6602
35755 77987
12564
17568 17569
60625
59465
11133 11135
58988 58990
8065
56127
81451 25408
27499 80733
41189 76130
60359 60360
35085
60972 60973
12996 85695
65139 65140
14319 85232
52478
61553 61363
84127 17526
11086 86339
61565 61566
49709 49710
35790 35787
73157
84130 17506
35026
21097 21098
13944 13945
48242 73802
42175
69613 60968
14317
89117
69615 60962
85697 12991
33221 33222
30674 79700
8169
60961
69437 61570
32050 79230
29251
50075 50076
17558 84109
8686 8688
15229
87357
985
52815
60943
85242 14290
70096
75713
86259 11312
81755 24518
40392
14313 14314
34966
45880
86300 11627
41236 41237
14084 14085
61602 61603
32028 32029
30685 30681
68669 63832
11112 86332
46025 45998
27485 27486
61409 61410
14329
75553 42931
70301 70052
85200 14404
28349
80051
32255 79159
14400 85201
58946 58947
28754
49024 73543
37725 37726
56269
49979 73257
75367 43526
13112
86006
70094
5261 5298
73212 50101
12873 12905
58887 58926
49016 49017
61591 61592
27494 27509
28637
33418 78835
24525 24527
34849
22296 22563
18742 18743
84759
70312 70311
35083
8675 87150
27613 27614
60326 60327
56409 56410
85338 85281
88066 88065
25765 25767
27941
26110 26111
164
8156
25551 25552
25935
7255
5968 5969
44702
4934
7138
42255
25550
5371
43798
7045
48397
6852
6874
27940
31874
352
7712
45203
3460
26324 26325
5972 88081
28878
44317
44542
1202
25985
43559
6030 6031
46043
44669
340
45624
29214
43939
46040
28786
26590
42728
4641
44056
5397
5528
25776 81323
5025
25517 81411
48900
28960
5579
7617
8064
43271
6880
26093 26094
5044
25601
45324
42273
3553
45405
26372 81139
7311
42110
44144
42290
43238
88191 5636
182
5505
31759
43257
5975 5976
4682
43791
44088
25516
7951
27085 27086
5823 5824
45687
6711
28985
26515
45596
25738 25737
27901
27918
5556
31736
28772
48273
6624
4732
25768 25769
25983
5608
25928
43901
5973
29069
26523
42740
5950
7120
28952
25140
178
300
26532
7943
248
5843
2011
2072
25597
4726
28775
6184
44083
1611
7132
5803 5804
1101
5805 5806
25946
31681
29107
26280 26279
25492 81419
49295
49305
42684
7449
25642 81348
43162
8028
3662
26392
25788
7322
7093
28673
42234
7967
5272
1845
28066
32233
49224
6302
6401
31639
25987 25988
31657
27025
1987
49285
81161 26300
5137
27607
48858
7448
26672
25590 25594
5561 5562
864
44383
26417
5935 88092
31486
28469
45503
26778
32198
43672
44870
42636
25902 25903
25339 25338
8484
28200
26736
5084
28297
1931
44912
27964
27134
28058
44220
45466
42225
28691
26898
6320
45612
43604
25881 81287
32294
88060 6052
42879
6345
26933
28546
6601
89
7096
27373
43579
6500
35
11
48753
1963
4577
6470
19
45816
42916
28701
4557
43573
81355 25685
43148
31577
5535 5573
1742
80911 26950
28028
26364
28727
5058
42773
1277
45814
42986
25845 81299
8031
1747
881
765
31594
42159
26145
42127
44661
27305
27008 26979
4616
6028 6027
44445
42493
1292
27207 27208
88199 5591
1094
26032
26064
5230
4771
25692
25662
29028
7671
8029
1828
7060
6291
25446
2016
27209 80826
44472
25665
44307
3484
6914
7678
1018
27493
7675
31809
1509
27822
45436
8495
27828
1454
31890
926
7700
43865
7048
43485
5982 5984
43379
1373
25449
476
42697
26002
5440
28905
44830
26574
44872
330
26029
7537
7536
31898
5886 84036
45199
27746
8017
26673
4948
25396 25397
27779
88117 5867
43414
5677
31532
5193
43440
8436
5902 5903
25808
5100
45033
44844
28418
88209 88208
28495
42635
5861 5862
42444
80843 80842
81460 25384
25806
46021
43040
45915
8122
45519
27514
42453
613
31991
27536
49053
28445
44474
5644
7828
26856
27684
31541
7462
25839
28444
27802
49001
25995 25996
42320
44268
5985 88077
6970
26697
28421
42755
44897
45560
27795
48892
57975
48279
89115
78368
73361
14979
74553
61002
27555 27556
60913
75852
71770
27589 27590
27587 80706
60592
71767
14803
14767
78513
78521
27479 27480
74668
89135
86830
14876
27518 27519
60578
15022
60999
60904
60782
60439
28021 28022
27995 28014
73326
60447
75819
88951
88959
88947
60099
60008
76384
68566
86786
60240
78426
60215
80113
60152
78428
15032
71094
88980
60532
83588
88971
67693
59967
83895
28312 28313
15096
59910
15093
59924
15054
28341 28342
59531
86507
59745
84749
67697
59687
62413
28499 28500
62577
62592
71598
76113
76105
71592
62506
67758
83897
89749
59869
60708
80061
60638
60647
59299
59307
80076
73292
71133
82380
59329
88894
89072
59267
27691 27657
15250
89078
59455
59428
59158
89759
59166
28033 80559
28026 80561
82403
84259
66133
22497 22399
65565
71848
15474
68352
68737
15514
15478
82365
73465
66132
89148
84548
66136
66332
66275
15328
78573
86174
15299
84785
65909
29145 29146
15670
29187 80191
29543 80072
65407
65604
67002
66959
10026
10099
9932
23147 21738
29389 29390
29381 29382
29379 29380
22439 22524
29405 29406
65715
65731
65643
65811
22352 22469
65828
22431 22378
65806
65783
29522 29523
22355 82682
22447 22501
73522
66064
80132
81895
73507
80631 27890
84564
80641 27792
84670
60307
88925
60255
71828
60256
60300
15564
29309 29310
80103
73388
15625
27801 80635
68667
60507
84736
68530
68525
88919
68623
74446
68791
60363
84821
74437
84827
78254
29358 80129
78699
15723
66088
29293 29294
66091
71233
84528
66003
71227
29231 80174
78693
78248
78636
79938
29286 29287
80161 80160
27858 27844
76449
71213
67830
28477 80427
67012
16663
61788
61803
78719
71253
79830
30956 30925
71266
39190
74386
86653
16817
82005
16701
78746
79627 30924
73572
39125
38766
71256
16653
74391
73669
78954
86286
68237
61672
68236
61868
73661
89423
30850 30851
79786
61973
89444
68090
61889
62092
30739 79677
62095
76238
89338
86671
62096
79870
62102
86668
16796
86666
62104
86218
73548
30859 79646
67909
79761
39483
78933
39234
39363
39448
76213
39464
39472
84392
84376
86266
74310
71322
38742
79749
74319
39378
79339 79338
39385
39392
86590
39409
67996
16026
37970
73726
86296
39321
73767
84320
74273
31658 31659
31644 31628
38900
79375 79374
67944
73735
38826
15898
79633
38848
38690
78990
67879
82086
39519
73758
79653
73757
39690
15896
39231
61955
61297
79587
63081
76014
28243 28244
71554
28234 80499
62888
28284 28285
62912
67552
79249
79379
74089
80491 80490
89963
63084
28231 28277
79330
63092
28183 80519
71526
63036
63042
62694
16584
62733
74008
86428
84014
79360
28470 80430
73789
67846
16525
62141
76135
89718
80537 28109
62146
73854
84230
80531 28148
76139
16608
89691
67791
16601
62336
62358
74081
80556 28038
62301
62289
86402
28206 28207
86249
79529 31186
31218 79515
16401
31192 31194
31190 31191
61390
83976
16463
31247 31248
61412
61168
61140
61207
16578
86644
61104
16449
75908
31154 79547
71282
74367
78796
73783
30987 79603
61253
89899
61443
74104
76079
79186
76004
74134
79437
62653
67627
62807
67670
62810
82233
79168
31006 31007
31004 79599
31000 31002
79164
79433
62775
62120
86446
89885
67594
82187
79412
21701 23142
67453
79706
50678
52176
56259
56249
56291
52228
56092
83001 20765
20760 83003
20758 20759
52231
56124
50698
11340
50704
50650
19196 83548
50828
50425
56186
83556 19170
50609
50623
56169
50512
52307
52286
52282
82883 82880
20967 20968
51735
51686
18966 83632
51622
51628
56825
51676
18927 83649
52331
52564
18770 83705
52581
56676
18734 18735
56016
52097
55972
52102
18825 18826
52138
55965
55904
19010 19011
18978 18979
51693
54131
21881 22927
11480
82707 21626
10864
51122
21620 21621
51153
53994
21519 21520
53945
53978
54181
20780 20781
54065
54184
53750
21946 22868
53763
82855 21171
21921 22254
21177 21152
53893
10738
22890 22612
11501
51102
51129
51211
51315
11328
11314
82979 82977
11363
82762 21468
51369
11414
82745 21488
21452 21453
51398
51056
21395 21396
11598
51052
11614
21439 21440
82385 21914
82489 82599
11429
50997
11517
21601 21602
56854
51714
10737
18575 18576
57129
57355
55346
57269
55307
55401
55359
56969
55369
55765
55752
56908
18551 18553
83762 83761
18584 18571
55811
57050
55789
18592 18593
57095
19605 19607
18508 18510
54913
83766 83765
57239
17821 17822
17823 84018
55483
57977
57965
58477
18224 18225
18229 18228
18256 18257
18247 18248
58841
58773
58358
83910 18139
18166 18011
58263
58954
58966
58323
58878
17831 84016
58587
58551
58674
58624
56855
57021
57687
56746
56536
19478 19479
55063
51817
55117
56505
19541 83431
18298 83856
51858
83858 18295
18291 18293
51777
56563
18537 83772
56377
51968
18396 18397
51991
18386 18387
18859 18860
51902
56760
18876 83667
51740
18410 83815
51814
51808
57564
55026
83412 83411
18695 18696
54873
57697
83718 18713
57921
54834
57927
18623 18624
55161
19687 19688
57942
57789
57824
55228
57468
55216
55058
57475
55056
57409
55029
57427
21390 21179
53831
67426
28864 28865
28925 28926
22189 22027
28921 28922
63597
8648
63521
28903 28919
80258 28950
80261 28942
63670
22200 22201
28860 28861
9057
22005 82569
9038
28901 28851
28893 28894
63242
28891 80271
21998 22195
28882 80274
29055 29057
29052 29053
63243
63549
64946
65053
64805
82503 21976
9389
64223
20266 20265
83164 83163
64481
64488
22656 22830
64368
65065
9372
22210 22650
22845 22643
65208
65187
22229 22860
82590 22638
64886
20395 83135
83153 20323
8750
64893
64915
63161
63347
20581 20582
67258
10171
66603
82685 21729
66528
10669
10634
10535
66537
80300 28797
28781 28782
66950
10526
21753 82237
10519
80289 28830
9787
67313
28805 80293
9750
67200
9779
67202
82420 22522
28735 80327
66521
66437
21673 23045
66436
21768 82694
63814
63817
28975 80250
28969 28970
63774
63924
82231 23020
29007 80241
63849
66748
66775
10279
80346 28685
10256
66719
10281
66923
66823
80381 28593
66654
66513
21730 82655
64303
9480
54460
20104 20105
19980 83262
83263 19979
52896
22571 22949
53134
12330
52678
12338
22952 22555
12696
52818
19944 20095
82332 82549
52796
12579
12561
12543
52830
12526
19813 19814
12557
22062 22166
12622
52791
19971 19957
12463
83269 19965
12427
10816
54633
22543 22542
10791
82798 21363
10774
54213
21824 22987
10959
11181
54242
21281 21282
54227
10984
11048
11039
54440
83254 83253
54375
54379
52944
52960
11009
11847
11741
20589 83062
83056 83055
9328
22123 82532
64590
82343 22730
83106 20469
83107 20467
64576
83110 20462
64629
20542 20413
9299
9291
11753
22103 82338
22757 82523
20648 83039
64556
9219
82333 22078
22760 82522
64500
9133
83075 20555
22146 82336
22106 22747
82529 82536
53351
9237
19748 83355
52784
11789
53649
83366 19729
1100
12222
11929
19912 19911
12047
83280 19932
11985
22787 22036
22183 22035
53555
53407
53223
53251
22705 82554
53359
12021
22741 22133
53387
38000
80267
33225
23359
24720
24727
36351
47517
24728
24737
23356 23357
24748
47525
47529
23413 23414
23370
23340 23341
23328
23316
23327
82161 23296
47446
23482
23465
23429
23449
47682
23460
23385 23286
2968
24822
2993
23222 23224
2941
24052
24086
82174 23275
24279
36300
24303
24241
24579
23250 23251
23178 23179
24965
24968
2938
25088
25056
25025
24584
24687
24651
24625
24772
23342 23343
47587
23232 82188
17898
23721
23693
47775
24183 24184
23715
18189
2181
18130
18203
18222
47777
17893
23283
47784
24202 24204
17879
24162 24213
18001
18663
18736
18632
2511
18869
18789
47949
23648
48128
23965
23541
23073
81898 24055
47233
47224
81905 24038
47400
23097
23108
47330
23278
48074
48075
23228
23266
23277
2372
23848
23865
47991
23783
23994
23917
24493
36283
18431
2649
22314
2817
22004
81602 24969
22109
36895
22110
2834
22084
22082
22075
2892
37170
37491
22765
22840
37610
24894 24895
22548
37636
22565
37554
81612 24937
22671
36760
36724
22303
24811 81649
34166
81681
14064
88337
34255
85974
77840
36978
36972
36952
70794
0
67478
22255
36967
22169
24799 81656
22401
22438
37047
24817 24818
2767
2765
37168
23508 23509
36262
21667
35855
35860
21032
21033
35863
21042
35877
21747
35881
35807
21758
21674
3055
35827
21492
36498
21496
21575
21625
36622
36630
24536
24447
23235 23236
21015
21094
36123
21081
3126
3084
23502 23503
21208
21174
21130
37205
37387
21106
21312
82084 23540
21261
3113
20949
35983
36023
35908
23450 23437
23432 82114
23427 82117
23435 23422
36055
3109
18421
18457
72847
49432
49821
4254
49773
4220
31445
31064
30976
4320
31161
49801
31169
26517 80916
49351
31119
29664
26604 26605
26616 26603
29786
29791
29778
29818
29760
29400
29414
26494 81092
49624
49680
31245
30662
46727
3897
30666
30689
30803
46824
46825
30849
30862
30475
30482
30415
80969 26793
30592
30618
3844
26833 26834
30623
49747
3836
31246
31287
49334
29317
30764
33379
27244 80817
32621
50083
50079
50114
32638
32676
50065
27349 27348
48479
33366
48521
29321
33453
48693
48694
27454 27455
48664
48665
3442
3301
33286
48743
3219
32705
49945
50010
32603
4057
49530
29469
30174
30264
29953
29866
29845
26576 26577
50243
30019
50153
31446
32808
80791 27308
33034
27298 27299
50285
32580
32592
50001
3336
32501
26909 26911
19525
24146 81873
46353
17788
23747 23717
17706
2574
17714
17748
2497
17535
20075
23908 23923
20310
23896 23897
46166
20312
20321
46379
19900
19951
46458
46527
23946 23947
46509
19884
19991
17630
46432
17676
23714 23701
18544
2602
47749
17146
17107
17123
17209
47807
2597
17281
81999 23778
47908
47875
23759 82003
17253
23789 23753
17084
23793 23794
47841
82021 23712
16976
47149
17070
20005
20681
19611
46255
18998
19096
46329
19018
19695
46202
26666 26654
46206
26716 26684
3761
26708 26709
19736
46151
46573
19680
46969
46929
19780
26875 26876
47119
19620
19575
19599
47094
3972
80987 26764
46312
26724 26725
2479
23844 81963
46061
20823
20773
23878 23879
20449
20503
20565
23871 23872
46103
23864 81960
20556
19184
19187
19195
19169
19224
19361
46270
19253
19267
19368
34165
14220
31341 31342
76967
82773
13745
75396
41182
87582
77090
40976
29820 29821
79975 29819
13712
81376
30546 30547
41705
70359
30542 30543
30537 30538
85763
81405
41567
13629
76960
72234
41790
81341
13704
70242
41250
13665
13303
70268
13360
87562
80039 29648
13351
29672 29671
82766
75434
29692 29693
72219
41019
41052
41053
87539
85708
41081
70195
70482
87613
77096
13277
13676
41760
41710
41149
81156
82868
12821
87767
39840
39850
81162
77220
12878
77232
85549
39938
70501
30459 79776
70162
13207
30269 79833
13201
40753
75529
30256 79837
40579
87691
85605
40513
82833
70088
81191
39986
12983
41333
75438
79777 30458
41503
41459
12976
41460
79757 30507
30503 30504
81420
72225
72284
77004
40052
77201
40032
70068
82840
40222
81485
40145
79703 30680
29743 80003
87199
72173
85869
81005
81008
31505 31506
85421
37715
69819
72508
37771
16368
81112
77284
82898
85490
69943
16319
87812
75297
75561
81515
82921
82919
37785
30718 80738
82916
85430
37895
76777
80975
72560
85447
87923
37923
31373 31375
16058
72563
37944
38022
31289 31322
87926
31283 31284
79498 31280
69869
31263 31264
85456
77363
38131
70625
15881
87220
31483 31484
38038
85876
87863
82576
38338
30168 30169
38440
69668
69607
70693
88119
88111
87163
80847
81574
38330
38357
87859
82978
88023
87989
69787
69792
29722 29738
41108
41132
85913
75164
77502
75616
38207
38291
38623
72520
37887
16124
79918 30014
37829
16092
16150
16226
85496
38536
38530
38551
38480
75276
38487
38561
38670
82910
38675
81076
80972
38584
80866
72405
30197 79855
14240
76658
33886
24468 24484
24481 24483
33845
80691
85188
80696
33847
24395 24396
81797 24376
87081
72815
34009
70755
77722
13768
33879
13757
33939
70760
34008
69559
75103
77604
80702
72840
75660
87105
83353
88693
24338 81813
73118
13994
24296 24345
24294 24295
24258 24259
35173
35237
24250 24251
80374
35327
80732
83126
24286 24287
83125
80743
77685
35344
83109
13798
33902
69576
34000
73120
14128
33828
88474
80572
88469
81492 81494
25301 25302
76595
69207
34404
14166
34355
85988
85287
69237
74944
34468
88465
88460
25221 25222
25219 25220
85169
75680
81677
80683
14160
25070 25071
25085 25086
87037
33998
82555
80810
69570
80812
33991
33668
83083
83081
85253
33674
25150 25151
25148 81542
69529
75673
83188
33618
25130 25131
85115
33629
70804
25037 81581
33806
35204
13939
72390
14394
30419 30420
40375
73052
78047
85023
80533
40380
69188
34884
34986
34859
85996
24583 24585
69191
69196
69199
14502
85059
85061
77986
69096
30356 30357
85030
72993
40480
71910
30432 30414
40414
40701
40737
81219
13228
88158
73030
74852
78026
40749
76549
86973
88590
40644
73023
81773
30401 79795
86941
84964
83314
68992
68994
69030
71919
35102
14487
35548
88678
88800
76469
68839
14340
34735
81824
78103
81669 81668
68934
24761 24762
80387
80394
35044
35444
83324
88657
80420
35413
14598
35571
83328
88710
86908
35584
34606
34625
34686
81759 24504
24570 24571
69140
88544
69128
35013
24629 24599
24624 81716
78077
78186
80319
86890
88759
81816
81812
70966
88730
86899
24528 24563
88784
88785
70996
74733
24505 24507
1085
84587
54443 54444
59360 59361
36066 77900
40649 40650
49525 73398
58665 58666
43886 43887
73401 73400
3499 3500
3503 3504
58657 58658
44982 44983
40485 40487
75256 75255
49154 49155
43907 75250
49145 73508
58656 70394
52249 52250
52253 72512
3569 3570
40440 40441
40446 40447
77898 36073
3542 3543
74895 44975
3352 3353
43941 43942
52177 52178
52357 52358
52308 52309
72598 51963
4271 4272
76336 40571
4278 4279
4280 4281
4292 4293
44947 44948
4376 4377
51939 51940
8913 87065
74910 44938
41091 41092
87004 9110
58673 58675
52279 52281
4177 4178
9096 87006
44990 44991
72477 72476
72474 52390
9072 9073
88652 4150
52350 52351
9125 9126
36032 36095
3364 88886
40516 76358
70355 58810
53982 53983
36182 36183
39811 39812
3636 3637
39813 39814
45535 45536
49309 49310
45543 74703
39615 76675
3607 3593
58819 58720
74698 45558
39852 39854
54058 54027
9953 9954
73468 49291
721 89762
76664 39641
39642 76663
39644 76676
49343 73454
58848 58849
53874 53875
53878 53847
9980 9952
54018 54019
86767 9826
76628 39791
3324 3325
9821 9822
53744 53745
3338 88893
53757 53758
74719 45491
72090 53551
88874 3387
9766 9767
70405 58644
72069 72068
53625 72066
54007 54008
45428 74738
72000 53812
3785 88757
3791 3792
76636 76634
88768 3744
3747 3748
3756 3757
39740 39741
40997 40998
3834 3835
40597 40628
51926 72586
4315 88599
75360 43546
38778 76949
2212 89256
52442 52407
2219 2220
78201 78200
10786 10787
72426 72425
52527 72423
49590 73377
70308 70307
35161 35132
10764 10766
10741 10743
52508 72432
78187 35189
10683 86484
58986 58987
2284 2285
52885 72305
10664 10665
2304 2305
2669 2670
2690 89099
9983 9984
2271 2272
10755 10756
74687 45585
52655 52656
64456 64493
10591 86510
49461 49462
2396 89204
89202 2404
10643 10644
86497 10639
86523 86522
75188 44076
52604 52605
35233 35234
2455 2456
45602 74681
45227 45228
35203 35206
10556 10558
38805 38806
2473 2474
52629 52631
2451 2434
2430 89189
89188 2433
10521 86520
2250 89243
89112 2646
41674 41675
8877 8878
35393 35394
52052 72567
4069 88671
45680 45681
9341 86920
51997 51998
9317 9318
44222 44223
3894 3896
35402 78129
8953 8954
3903 3904
52103 52105
9298 86937
52124 72547
40155 40156
35274 35275
35334 35335
40203 40205
88718 3928
40270 40271
40232 40234
3930 3931
73408 49490
3957 3958
44182 44183
9392 9393
2720 2721
75138 44227
2525 2523
58913 58914
9171 9153
52922 52923
58902 58903
2558 2624
76391 40398
9188 9189
2613 89120
86982 9176
59102 59001
72355 52729
9397 9398
49604 49605
40357 76411
4040 4042
52708 52709
35356 35357
40376 40377
9415 86895
52808 72333
72345 52777
4061 4062
86901 86900
53816 53817
71995 53832
804 805
37030 37031
50562 73046
50529 50530
37012 77559
44682 74937
50537 50538
49815 49817
41768 41672
73304 49823
73303 49829
35943 35944
37027 37029
37039 36941
46976 74219
49871 49873
49845 73295
77597 77596
36922 36923
46896 46897
35834 35835
85931 85930
49860 73290
73367 49645
12371 12372
13090 85670
47715 73983
50472 50473
37336 37337
50610 50611
342 311
50594 50595
315 316
12311 12312
47734 73977
36946 77584
308 291
85937 12304
289 290
12298 12299
295 296
59565 59566
50463 73081
12292 12293
74194 74193
380 379
74189 47065
89868 367
50712 50713
37045 37046
59608 59610
37068 77542
35904 35906
1826 1827
37325 37328
77461 77460
36997 36998
89574 89573
85681 13054
77510 77509
34314 34315
49999 50000
89325 89324
73249 50725
13226 85620
47458 47491
13254 13237
51463 51462
51498 51499
70228 59179
37202 37203
89567 1269
13271 13272
51540 51541
36401 77779
43800 75286
13177 13178
1375 1376
74095 47386
77777 77776
59280 59279
51562 51535
34318 34320
13074 13076
37300 37301
2175 2176
77486 37078
46943 46944
89417 1746
2104 2105
47876 73922
43785 43786
70232 59169
41569 76005
13137 13139
2076 2077
13135 13136
2177 2178
50018 73243
34368 34369
73207 50111
13129 85655
13123 13124
50131 50133
50136 50040
89282 2159
47851 47852
1961 1962
44698 44699
50012 50013
59668 59669
45065 74867
89730 810
861 89712
1080 1081
40065 40037
72242 53092
58736 58737
11077 9599
53041 53042
40006 76534
1054 1055
49269 49270
53058 72255
859 860
53444 53445
43983 75226
76528 76527
40026 40027
53448 53449
74201 74449
45088 74858
53458 72135
852 893
936 937
47006 46977
76500 40106
53522 53523
1074 89638
44916 74918
12477 12478
72198 72197
761 749
53929 53930
39601 39602
71961 53938
9560 9457
89803 577
49331 49332
9662 86809
39683 76653
53178 72217
53226 53227
9581 9582
53033 53034
72194 53242
627 643
58742 58744
86844 9571
40046 40047
86834 9562
1013 1014
1020 1021
89658 1023
36127 36128
40062 76512
12495 85877
53460 53493
89827 501
35714 35715
35808 35809
86 99
89965 90
73167 50217
73987 73986
448 449
50229 50230
47090 47091
12639 12640
70128 70127
59558 70098
42695 75640
50432 50434
39959 76551
77839 36990
12279 12280
50306 50307
59689 59690
47675 47676
47673 47674
35696 35697
50265 50266
43958 43959
488 489
77978 35818
74 76
12528 12499
39866 39868
53484 53485
89938 136
12514 85868
39915 76571
158 159
39921 76567
53300 53301
36163 36131
72188 53258
74217 74216
89904 89903
45129 45130
120 121
76582 39885
53358 72161
35772 35773
59528 59529
53322 53350
53349 51860
7 8
77993 35763
50378 50349
35758 35759
89961 109
38917 38918
64433 64435
64427 64428
78963 78961
42593 42594
66512 66407
66375 66376
66489 66490
66502 66503
67806 66444
67685 66846
48873 48875
14361 14362
33805 78660
15705 15708
59735 59736
41435 41436
16453 16455
78655 33824
32869 32870
46211 46213
16438 16439
66805 66806
14173 85273
66890 66891
85251 14251
33066 33068
66859 66860
66604 67762
70029 59761
69954 59968
67232 67268
84798 15558
67483 67469
33910 33912
67550 67549
13870 13871
13874 13875
13880 13882
67208 67209
42575 42576
84788 15575
84790 84789
33934 33935
78601 33966
59808 59809
41458 76041
41456 41457
59765 59767
32626 32627
33899 33900
15746 84725
78589 33996
67784 66529
41273 76102
67751 66633
32777 78992
85525 13481
67360 67361
63662 68731
16544 16545
68675 63823
68668 63837
33002 33004
33005 33006
75082 44399
63842 63741
59892 59893
59885 59886
16174 16175
32975 32976
63717 68713
16549 16550
63730 68710
68723 63689
85402 13809
64048 68594
16206 16208
85394 13816
64051 68593
64057 68591
33352 78820
13649 85477
13619 13620
78949 32966
73612 48835
66700 66701
63785 63786
66702 66703
67744 67743
13500 13501
59949 59950
32824 78988
67704 67703
13454 13455
66776 66777
66731 66732
44419 75083
32964 32965
13538 13539
63816 68676
16587 84472
68686 63792
13330 13332
32817 32818
13337 85580
76100 41280
68706 63744
13322 13323
13326 13364
16523 16524
63862 63863
41410 76055
15636 15634
13623 85473
17401 17402
65503 65504
76034 41481
45751 45752
68181 65291
32259 32262
45794 45795
16779 16776
76094 41301
84177 17371
16688 16689
41472 41473
65283 65284
42602 42604
16674 16775
32044 32045
16641 17393
84449 84448
65533 65703
65713 65714
60021 60022
69863 60213
32311 32312
16753 84410
16761 16762
65428 68156
84396 16792
15932 15933
66167 67892
66269 66270
65894 67997
84058 17708
66138 67903
65819 68022
66130 67907
66043 67943
79292 31855
66068 66069
45742 45743
17232 17235
31872 31873
59991 69944
67961 65997
17616 17617
45824 45825
17213 17214
74624 45765
17276 17277
16823 84383
84217 17271
41482 76033
69910 69909
59996 69942
16768 16769
65722 65723
67347 67348
75678 75677
16956 16955
66965 67648
66970 66971
84333 84319
17032 17033
15968 15969
17050 84295
67031 67032
78767 33496
67047 67048
32690 32756
41264 41265
67187 67189
17020 84308
46161 46195
41420 76053
67392 67393
33561 78745
67397 67398
14033 14034
33567 33569
14112 85293
79038 32639
85285 14129
16063 16064
16964 16965
79258 79257
32186 32187
45983 45985
32124 32125
65765 65766
65534 65567
74540 74539
15827 15829
32090 32091
79216 32093
65590 65592
84705 15821
79177 32177
68095 65596
16958 16959
17137 17138
17191 17192
15856 15858
60138 60139
17202 17204
32708 32709
67098 67099
17162 17163
67070 67071
33606 33607
78696 33710
16195 16196
16191 16192
76901 76900
60320 60288
14974 14940
75045 44544
85032 14914
14920 85029
68244 65130
68213 65234
65195 65196
65199 65200
39353 39354
65039 68281
10522 86539
35549 35517
85015 85014
64996 68292
73664 48669
41076 41077
86420 10872
35542 35543
2917 2918
2936 89004
60316 60317
3024 3025
42485 75705
3011 3010
39570 76689
85017 14960
35525 35526
64712 64713
39049 39050
85192 85191
39059 39060
79054 32596
60704 69693
48739 48740
64925 68316
14529 14530
64932 64933
39153 39154
39116 39117
64726 64727
76696 76695
64808 64809
64780 64781
45397 74748
86647 10205
68296 64978
39451 76730
76724 76723
45355 74767
69812 60382
76698 39553
10198 10200
35536 35537
48661 73667
86677 86676
64587 64588
38474 38475
64155 64156
35628 35629
64257 68516
64248 64249
64597 64599
44125 75168
64621 64622
10944 10945
77014 77013
64565 64566
10999 11001
3185 3186
3105 88961
35656 35657
86376 10998
38578 38575
68399 64676
86379 10993
68400 64663
10983 10985
60499 69776
88946 3175
38957 76883
64185 68545
38538 38503
39402 76746
35474 35442
35551 35516
78105 35432
65106 68255
38669 76989
41346 41348
64344 64345
64348 64349
35440 35477
10854 10855
2876 2877
64306 64307
10934 86424
11025 11041
2840 2842
38711 38712
73672 48649
2845 2846
42494 42495
48704 48705
88983 2208
45207 74812
3243 3244
73657 48688
88945 3211
85170 14490
48549 73701
16109 16110
15006 84998
63240 63241
84927 84926
16267 16268
69710 60654
78851 33252
15031 84990
15039 84986
13293 13294
14980 14981
68846 63273
78846 36236
15008 15009
84919 84918
60557 60559
15094 15097
63178 63079
15050 84983
39217 76861
63077 68911
63157 68875
60531 69759
68873 68872
84848 84847
15447 84841
15218 15216
64006 68607
15394 15395
32464 32465
85470 13636
59876 59877
44356 44357
64074 64075
64076 64077
16131 16132
13593 13594
64024 64025
85451 13694
74524 74523
69725 60629
13656 13657
84593 16227
16309 16311
33402 33403
68638 68637
48966 48963
63893 63894
63903 68646
33241 33242
63985 63986
16233 16235
69734 60607
54447 71794
15449 15451
76819 39183
85106 14560
32618 32619
14425 14596
63373 68817
48608 48610
43477 75381
63380 68816
14610 14611
85127 14613
48528 73706
85141 14577
39257 39258
63342 63343
44507 75058
63531 63532
14673 85103
68803 63435
63436 63437
10445 10449
39065 39066
39093 76843
64873 68329
60751 60752
64876 68328
10058 10059
64892 68324
63370 63372
60573 60574
63503 63504
10309 10310
69749 60528
44521 44522
63512 63513
15506 15507
63514 63515
46080 46081
10268 10282
15491 84825
10260 10261
86624 10267
86622 86623
60596 60597
69745 60576
15296 15297
63473 63474
10305 10306
39272 39273
15265 15267
48609 73685
15271 15272
15281 15318
39291 39292
84860 15385
84871 15335
70152 70150
53508 72106
46960 74226
35001 35002
7949 7950
71054 56663
37713 37714
11852 11854
77327 37661
8295 87473
56697 71051
77299 37765
37752 37750
56772 56737
56758 56759
74141 47236
7796 7797
87463 7799
86053 11875
7802 7803
7747 7748
37742 37743
43329 75429
35042 35043
7843 7844
47188 74155
62103 69243
56670 56671
35040 35041
43230 75462
37817 37818
62075 62076
77260 37862
40947 40948
11631 86140
8654 87157
71001 56846
37881 37882
87433 7881
87431 87430
70999 56856
11764 11907
11665 11666
7899 7900
7906 87420
56862 56863
75853 42059
11663 11664
48408 48409
8008 8010
62105 69242
51529 51530
48054 48055
11778 11779
8679 87148
87339 87348
71424 71429
55532 71451
55528 71453
43410 43411
73890 48000
58483 70467
71461 71460
70466 58486
47993 47994
70465 58488
34683 34685
8025 8026
71439 55538
69429 69428
70462 58500
8112 87344
58478 58476
61502 69456
61413 61414
88339 5142
78373 34607
58459 58460
55607 55608
75397 43417
87457 87456
55591 55592
61539 69444
11774 11775
58232 58233
8203 8204
11815 11816
58290 70530
48006 48008
11803 86088
31797 86089
58169 58168
87314 87300
46417 46418
8267 8268
55604 71437
70614 58042
8263 87291
8251 8252
71426 55620
61514 61515
87328 8089
58151 58152
87358 8068
37805 77282
42047 42049
5121 5090
57203 57204
6976 87751
38219 77133
43320 43321
40870 40872
43310 75435
57247 57248
41148 76148
8471 8472
11925 11926
78294 34869
86028 86027
38201 38202
8489 8490
38265 38266
70861 70860
8450 87228
8457 8459
8498 87212
37509 37510
8545 8546
8526 8528
34862 78297
87739 7024
61940 61941
37620 77346
44764 44766
57010 57011
7150 7151
62045 62046
11339 86243
40883 40867
44770 44771
57346 57347
69266 62041
38412 38413
86252 86251
78271 34934
7017 87740
69268 62036
6937 6938
76116 41234
57454 57455
41996 41997
87768 6900
69285 62056
38246 38247
57420 70808
61949 61950
56509 56510
41143 41145
37792 77287
56423 71144
37408 37409
11718 11719
75886 75884
8721 8722
41958 41959
71130 56460
43197 75473
69293 61963
75476 43195
56483 71124
11703 11704
41951 41952
77399 77398
56433 56434
8792 8794
35077 35078
56815 56816
75456 43249
48372 48373
35059 35060
41960 41961
11697 11731
8757 8758
56371 56372
8354 8355
43217 75467
8360 87256
56556 56558
85969 12172
37643 77337
8307 87269
12165 12166
12161 12162
87267 8322
56588 56591
12082 12083
12080 12081
8744 8745
85992 12064
8418 87238
8366 8367
78278 34910
76251 40845
43215 75468
8383 8384
56401 56402
12101 85982
56355 56356
5122 88361
71397 55734
87719 7062
55027 55028
6211 88003
42125 42126
55166 55167
6221 87998
60884 60885
54993 54995
55000 55001
6281 6282
54965 54966
60899 60900
55043 55044
55123 55124
62701 62702
41878 41879
54674 54302
6133 6134
54251 54252
61284 61285
55898 55900
55892 55893
54263 54265
75764 42317
60942 69624
60922 60923
6522 87902
75834 42117
69614 60964
4895 4897
46578 46579
62544 62545
75495 43137
60974 60975
41936 41937
4719 4720
54944 54915
61020 61023
54687 54688
46609 46610
56241 71207
54699 71707
61069 69580
69577 61077
54791 54792
62528 62530
74411 46388
61057 69621
60861 60862
56283 71203
71850 54276
54364 54365
4915 4914
88178 88177
41901 41902
61109 61110
6462 6464
42229 42230
42289 75783
61118 61119
54561 54562
54635 71729
54652 71723
46730 74281
69057 62632
6370 6371
69545 61221
42269 42270
54514 54515
54501 54502
5646 5647
54623 71736
75538 42965
5672 5673
62688 62689
46709 46710
87948 6411
61096 61097
54325 54326
43026 43027
46776 46777
46829 46830
54156 71887
56019 71283
46826 46828
71863 54222
46362 74421
6559 6592
61130 61131
71862 54224
54240 54241
43052 75545
42252 75784
74418 46371
61141 61142
55995 56034
40779 40781
55924 55925
75791 75790
43054 43053
6402 6403
87938 87937
71673 71672
4942 4943
73829 48162
69347 69346
34612 34614
71503 55360
5370 5372
43447 43448
48116 48115
43171 43172
63039 68915
5491 5492
5493 5494
69348 61820
88258 5437
58354 70512
58389 58390
5438 5439
58393 58394
70502 58396
57651 57652
55295 71525
57659 57660
5282 5283
62932 62934
62920 62922
48100 73855
88263 5405
55455 71475
43399 43400
48214 73813
58465 70475
5191 5190
40955 40956
58566 58568
58521 58522
4995 4996
61396 61433
88407 4954
4960 88404
34591 78376
61486 61487
88371 5059
58533 70453
62993 62994
69494 69493
62991 62992
5078 5079
61499 61469
55670 55705
55696 55697
62989 62990
55465 55466
68948 68947
88410 4941
4668 88438
4427 88571
4507 4510
57807 57808
61742 69387
71239 56109
42191 42192
42109 75837
74323 46643
88552 4479
61732 61733
62508 69101
57801 57802
4864 4865
46679 46680
88428 4849
74320 74318
61364 61361
43009 43010
60994 60995
43000 75527
71182 56307
62550 62519
61758 69371
57887 57752
43125 43126
56158 56159
57512 57513
5360 5361
55395 55396
78324 78323
73840 73904
57490 57491
69078 62579
57600 57601
4537 4538
78333 78328
56210 56180
61665 61667
75411 43385
57893 70660
4651 4652
56181 56182
4663 4664
61699 61700
46548 46549
62616 69062
4628 88506
4439 88567
34202 34203
56872 56873
51251 51219
57072 57073
48254 48255
87790 6856
50897 50898
57084 57085
47660 47661
36379 36272
34552 34553
62247 62248
11481 11482
34455 34456
77824 77823
51713 72683
36733 36735
86308 11199
11202 86304
77669 77668
38075 38076
43742 43743
48355 73765
57066 70921
34289 34290
6865 87786
11185 11186
7460 87872
7684 7685
78396 34520
57136 57137
7587 7588
12809 12810
70901 57130
42753 42754
12795 12796
34109 34110
11095 11096
59335 70167
47325 74116
89601 1181
7284 87643
6687 87853
47320 47321
74121 47305
51092 51093
89595 1204
77787 36380
38136 77162
46940 46910
43854 43855
41628 75984
57092 57091
85770 85769
36689 36690
1589 1590
89484 1484
51578 51579
1642 89448
12804 12805
11367 11368
1489 1490
36700 77683
87810 6793
47662 47663
11542 11543
77671 36688
44860 44861
37967 77221
87808 87807
7607 7608
11379 11380
77690 77689
77802 36347
57093 57094
1507 1508
78410 78409
51257 51258
48295 48297
69209 62217
43812 43813
69204 62228
51271 51272
11525 11494
6791 6823
6789 6790
72701 51658
73798 48253
77158 38155
6785 6786
36637 77699
70183 70182
11386 11369
51202 51203
89494 1464
7649 7650
51799 51800
59282 59283
36356 77796
59319 59320
86240 11353
7583 7584
1497 1498
36475 77749
77666 36705
38186 77145
50783 72975
76012 41541
62477 62479
47541 47542
47152 74164
62319 62320
42667 42668
41633 41634
11439 11442
11349 11350
38389 77089
7351 7388
44829 44722
51360 72798
36802 36804
47357 47358
87595 7406
51024 51025
6899 87717
44594 44595
77152 38167
47353 74109
7231 87656
7037 7038
47536 47537
36331 36333
47438 47439
34137 34139
69130 62434
7229 7230
34219 34220
7434 7435
62329 69163
36768 36769
72814 72813
51006 72912
13205 85627
51044 51045
36497 77741
7179 87676
51017 51018
62007 62009
7497 7498
51426 72785
51750 51752
7492 7463
7581 7582
34249 34250
51764 51765
38451 77068
50977 50978
47254 74137
7364 7366
69159 69157
1441 1443
36584 36585
50826 72960
11129 11130
85767 12816
34147 34148
13184 13186
70932 57035
36670 36667
38387 38388
36708 36709
48275 48277
11123 11124
7416 7417
51029 51030
11125 86329
47641 47642
56986 70937
7393 7394
7526 7527
87825 6752
62415 62416
2070
22293 82478
35509
78989 78981
28862 28863
66901 66902
20328 20329
50583 50584
54865 54676
1876
1665
2008
21402 21403
9309
68687 63788
66721 66722
9313
9284
2036
78984 32807
46669 46670
2039
57875 57876
13460
46667 46668
22072 22067
13499
9254
35538
28929 28930
63860 63861
37568
78559 34089
49768 49769
49803 49804
72630 49816
49770 49771
34364
10691
82322 22180
82321 22039
2051
22962 82623
63770 63771
63857 63858
53595 53565
40927 40928
51659 72700
78337 34736
63234 63235
63964 68621
57733 57734
37546
82253 22324
35134
50945 72926
35125
70714 70751
82632 22326
487
70725 57613
57527 70777
445
13642
50614 50615
21831 21830
453
35241
451
64104 64105
9561
50602 50603
41368 41369
276
70500 70499
8812
8764
50788 50789
22872 22624
78542 78541
82499 22630
58426 58427
22871 22236
28
15217
63276 63277
32421 32386
35723 35720
57655 57656
63260 63261
57615 57617
9418
63251 63252
15167
63301 63302
63299 63300
63292 63293
64100 64101
273
57796 57797
57956 57888
35929 77938
50452 50486
9099
50931 50932
18406 83825
32450 32451
20314 20315
57912 57913
1796
63732 63733
63608 63609
9157
57999 58000
1551
1674
74321 46657
34383
51289 50904
58007 70626
46652 46653
9140
13329
9198
34385
32378 32379
64019 68604
9570
23006 23007
73006 73005
57584 70758
304
37644
35228
1755
37648
13661
35221
9535
9481
50886 50888
37651
22945 22288
64060 68589
1913
9495
70652 70651
22289 22948
34503
15063
66590 66591
13452
22357 21657
46813 74267
65744 65745
12720
65781 65782
54169 54170
49974 49975
7496
12728
15904
16395
12704
20804 82969
23133 82219
72753 72752
16742
7557
12757
37326
7473
20750 20751
12653
65275 65277
82414 22493
65262 65263
79248 31992
54234 54235
51731 51732
12620
54259 54260
50124 73200
7294
12606
7278
15799
67173 67573
67084 67085
32741 79007
37382
54277 54317
15805
16396
15819
7098
37398
21662 22490
54100 71905
65557 65558
65566 68094
49946 49947
49907 49908
15998
68104 65577
37365
22364 21762
12655
33721
28814 28815
6627
40802 40804
51309 72818
6612
51346 72802
51340 51341
22372 21725
36036
72731 51561
66108 67915
23093 22436
16675
12336
80314 28770
16812
46718 46719
67906 67905
66307 66309
36040
28730 28731
54532 54394
67843 67842
6646
72733 51549
66179 66180
65809 66369
54601 71744
51412 51413
36008
35497
12661
16786
12680
6731
65479 65480
65509 65510
65507 68125
82425 22473
65408 68152
82653 21691
36000
28833 28806
6777
36004
16748
80291 28827
12694
51546 72734
65446 65447
28818 28820
32736 32737
7225
74338 46584
66526 66527
22086 22152
66596 66597
12171
66594 66595
73331 49746
180
79027 79026
79024 32682
49748 49749
67781 66536
74330 46612
49695 73350
54712 54713
37244
71706 71705
82875 21117
35890 35891
66570 66572
12052
22841 82583
22842 22646
12086
79040 32629
1137
28875 28876
54908 54909
12601
54920 54921
13402
13443
15059
71670 71668
1879
21418 21419
1904
51684 72693
67684 66821
15137
15129
28843 28844
82345 22117
66838 66839
66468 66469
32666 79029
72724 72723
1200
1233
73355 49684
16089
79028 32671
1274
49638 49639
73345 49708
1459
29082 29084
1301
1512
40700 76293
1415
22684 22190
11896
37167
34412
11909
73187 50157
67634 67633
66993 66994
55047 55049
1460
11870
51796 51798
41326 41291
40713 40714
7245
16590
11866
34448 34449
51744 72669
22192 22680
67135 67136
21132 21133
11695
11693
20810 20811
11932
55107 55108
16123
1429
67204 67205
67237 67554
35888 35889
67498 67496
35880 35883
1516
51570 51571
21954 22862
1496
37289
34430
67459 67460
67457 67458
34494 34495
67358 67514
35586
82302 21963
21484 21470
16313
68870 68880
35331
152
63130 63131
14568
2349
33988
2342
52929 52930
9857
34900 34901
83541 19225
35179 35180
53842 53843
19234 19235
52964 52934
14707
83538 19241
52958 52959
36919
70908 57112
35184 78188
70912 57100
19318 19319
2133
2127
2173
71958 53950
83346 83339
56413 71149
56411 71151
52726 52727
19421 19422
54031 54032
35354 78132
20089 20090
56517 56518
2300
52056 52058
71924 54048
17808 84023
9620
15537
71920 54056
14605
78501 34264
53814 53846
41697 41698
17973 17974
17968 17969
2251
35366 35367
17956 83977
41687 75964
9842
81597
14633
83506 19328
72315 52848
52839 52840
21189 82848
14377
2581
71019 71018
53219 53220
35262 35263
72885 51106
10525
70992 56882
52450 52452
37112
2427
53243 72193
14375
19679 83387
15697
75929 41802
15724
10636
2389
72382 52658
78217 35101
52569 52570
2462
56911 56878
78224 35076
40857 40858
53892 53895
14684
2203
2195
2190
34090
2187
14656
2185
35088 35089
56481 71125
82819 21270
53911 53912
9748
72463 52429
14681
35079 35080
72437 52499
35137 35138
53158 53159
19612 19613
53160 53163
2502
72419 52515
78203 35146
9773
83219 20092
2611
33975
70934 70933
34212
34214
9970
20042 83238
9990
14066
14063
53627 53628
15504
16853
9995
2788
34189
9936
9909
10017
52189 52190
57466 57467
19958 19970
53998 53999
18017 83957
13878
10134
34172 34173
57357 57358
52223 52224
52339 52340
72073 53605
34053
72083 53598
72098 53537
13815
13999
41635 41261
34043
14158
77919 36002
34282
14142
36068 36069
52225 52226
34294
82807 21309
14227
17829 84017
13950
53733 53734
34178
34201
14193
14042
57036 57037
83266 19972
77910 36037
9704
57283 57284
35686 35131
57324 57325
19382 19383
70857 57274
35322 35306
34227 34228
3042
51918 51919
19334 19366
19336 19338
3087
15350
15301
52093 72558
20170 20171
9663
52067 52068
83496 83495
75952 75970
33861
57088 57125
35337 78138
2965
14255
34188 78512
10087
70802 57336
77903 36056
56929 70972
2862
10149
54016 54017
52297 52298
2763
83920 18117
52270 52271
33880
72489 52300
52319 52320
17787 84030
20150 20140
2654
53964 53965
2692
56926 56927
10054
18731 19690
13915
17779 17780
72594 51972
57201 57202
10071
3953
52590 52591
37071
58457 58458
50329 50330
9065
83115 83114
64973 64975
70478 70477
50419 50420
571
83624 83623
64947 64948
19037 83596
36799
19071 19073
15012
14999
12919
633
13606
58463 58464
20614 20616
32612 32613
514
960
956
63438 63439
766
83834 83833
70474 58468
3509
13198
79071 79070
41756 41757
12865
3672
82724 21562
58122 58123
64788 64789
15021
83547 19199
79079 32523
64804 64807
18366 83831
705
68362 64834
72862 51191
36903
73115 50375
683
64768 64729
681
36915
12820
779
50999 51001
22590 21902
65166 65167
14755
63458 63559
13554
13560
68792 63488
8642
37488
8678
72980 50764
20558 20559
58337 58335
13633
70525 58310
37505
33609
503
168
18441 83805
58319 58320
20592 20593
21629 21630
13728
63498 63500
8630
8782
63569 63570
37500
14913
34519
73163 50226
8972
1005
50864 50865
78579 34023
8986
982
68826 63318
50856 72948
13583
77918 77920
13624
8671
13582
13518
35621
63357 63359
50854 50855
14799
76069 41373
83058 20600
68761 63590
896
63582 63583
18652 18653
8848
53194 53195
18962 83633
51034 51072
15540
64162 64163
15554
68537 64212
34056 78568
51046 51047
64181 64184
34562
71027 56761
56766 56767
56703 56704
14401
35047 35048
4103
18688 18689
58213 58214
35555 35552
35452 35453
15617
10206
18698 18687
58202 58201
78093 78092
4202
36759
10245
68403 64658
72210 53197
4014
19464 19465
15710
14466
64537 68437
64531 64532
15704
83776 18525
14476
64491 68447
64655 64656
36117 36118
21159 82859
53093 53094
64690 64691
64686 64687
33901
71063 71062
10545
64664 64666
3853
78250 35009
41715 41716
14442
31864 31834
3712
83564 19149
10329
14969
36676
65035 65036
10358
65033 65034
36678
13246
18974 18975
14945
19139 19140
36711
18838 18840
36693
3623
3592
68222 65182
3714
20515 20516
58162 70574
83733 18662
65172 65173
35785 35964
34713 34714
3189
58087 58088
68499 64299
15586
70572 58177
72105 53511
35439 78116
4147
18761 18762
15591
58182 58183
3341
3318
10387
19878 19854
68260 65098
18829 18831
10394
78072 35523
53473 53475
58273 58274
51252 72850
15750
53390 53252
18822 18824
75384 75328
58065 58067
58085 58086
6662
2321
7015
48480
83721
77635 36801
36788 36790
62306 60813
77670 36694
78762
21223
73589
36722 36723
21244
77633 36773
21278
77807 77805
89318
21297
59340 59341
20971
20912
70164 70163
36373 36374
22692
44617 44618
24576
76267
36523 36524
22063
22798
68182
48678
22822
22784
36581 36583
45364
22939
73596
22955
71255
22878
62337 69160
22859
22877
22529
45540
22498
86212
21000
86214
24431
68215
43806 43807
45470
36460 36461
77735 36487
24388
50095
59358 59359
24406
24321
81993
24336
74336
50019
24367
77760 36485
24533
45306
78830
24568
21454
50025
59404 70144
21386
77831 77829
21023
45511
48540
21704
48573
89308
48550
82342
21752
71248
59395 59396
21680
21834
59400 59401
21469
21475
77748 36478
21513
36536 77728
22091
22090
62402 62403
82496
69217
38368 38369
38015 38016
38005 77207
78966
38028 38026
67899
44729 44730
79649
85168
70837
69244
87031
69239
49120
86307
74950
76167
49115
38378 38379
88418
77870
42502
49241
83090
84391
38410 38411
72750
71332
62047 62049
88440
62050 69262
80606
74312
73691
49077
85986
77883
62052 62053
81706
81705
38344 77104
44734 74975
37991 77213
86287
71371
69330
22241
84341
22261
48237
22283
75944
48236
48219
45429
69362
22388
22394
67910
22159
69214 62207
36611 36612
21983
77702 36599
21892
80645
76632
74994
87045
70786
48366
72849
84299
70774
42530
88324
79637
43814 43815
38150 38151
87069
38138 38139
88335
86305
38134 38135
69353
77830
77849
89561
84442
74342
87112
45222
18071
18038
82152
18003
18004
18005
49352
18678
39953 76553
18711
89834
49336
45223
76560 76557
39968 39937
18744
86466
73940
18854
18866
84145
18041
24580
37002 77562
23677
23705
23709
49519
86381
18152
67571
18144
70095 59571
36985 77569
17888
17927
49572
45205
59683 59684
17943
17949
67662
59657 59658
17881
67629
18765
49436
16893
40066 40068
16932
16940
49830
49822
16875
49751
67519
58756 58755
16903
59544 59545
86399
17038
86411
17060
17071
44901 44903
49744
17665
75214 75213
17270
17322
45895
45893
18416
84132
18378
18541
18560
74843 45128
18511
18512
18517
17164
59551 59552
17089
86382
89906
40004 40002
40089 40091
79284
84055
17275
49521
23765
23745
50140
37089 37090
45166
49977
79812
59161 70235
25010
25014
37083 77538
37081 37082
24657
77606 36896
24645
24715
24784
50278
24798
37118 77526
24809
23367
44659 75003
45162
45159
82307
25063
24117
49922
24149
24106
36807 77063
45127
37173 37174
24273
78860
24215
45149
24915
37207 37208
79772
77493 77492
44692 44695
59148 59149
24867
24884
50370
36892 36893
77578 77577
23912
23817
86451
50143
45261
50246
79213
23998
23980
24008
50231
59256 59258
23944
79432
37070 37072
23617
50211
50204
50200
23611
23734
45250
23798
23842
37018 37020
77611 36885
23486
71285
78819
36882 36883
23401
36876 36877
23418
23444
77588 36936
23082
50334
23001
23245
44666 44667
23223
23176
78811
23208
38238 38239
44014 44017
74059
77229
42004
61775 61745
72648
42005
70041
42008
82853
72467
72162
87345
76828
69404 61658
62621 62622
75372
85639
87639
43377 75414
87652
88090
72660
77245
61736 69378
69586
77523
69611 60978
85567
70522
70542
81493
88078
75338
87313
82827
69503 61006
72646
42998 42999
87731
81190
76850
72458
87286
81146
76831
43543
61780 61777
43924
42726
69041
72134
43744
61782 61784
72180
70508
80473
43857
43853
88605
80472
62562 62563
70895
63037 63038
74878
69079
42885
78008
88588
63008 62976
61439 61440
69933
77136
62956 68945
61805 61806
43985
81243
43976
85814
87630
72101
72411
69076 62582
81203
85606
43361 43394
43931
61902 61904
43864
77316
68951 62944
85832
69913
43778
82842
69604 61019
81488
61134 61135
62647 62649
61098 61099
70641
62657 69047
77435
70632
42121
41915
70635
87549
87612
77039
42235
77445
85400
82971
61322 69515
81264
81266
61303 69523
70294
72218
87543
77030
72077
77499
75611
42245
61921 68913
80926
88036
69705
42919 42923
88047
69714
42314
42313
69692
87565
77055
81437
85690
70274
82782
85667
85730
61033 61034
76977
72265
41848
85772
72249
76950
70397
69632
60873 60874
87399
77465
85717
42057
43693
61078 61079
72226
88153
42066
43660
43674
41839
82716
42190
42193
69535 61255
75491 43149
41938
42217
61233 61234
41953
77452
81291
69760
69758
87376
69756
81445
75399
87366
70236
85676
42195
82713
43060
61468 69475
82060
76669
37469 37470
84923
88692
84924
83794
81796
43206 43207
85217
69465
48902
43246
69467
61958 69297
37502 77336
69473
68012
77717
86603
88276
85959
62148 62149
76787
69460 61491
87901
70993
82934
43116 75509
42824
43234 75460
78112
70961
80386
74796
43183
77420 37430
80410
83329
87929
70939
88712
82943
37461 37462
42472
86067
83793
77687
79708
82049
48761
88187
76697
80803
78870
85267
77630
84393
48833
83767
75658
69298 61987
85282
43287 75440
88169
76219
71679
69547
82537
69517
72006
78922
88296
83133
87111
77684
48899
71352
48883
80740
48993
37537 37578
76190
77382 37527
72839
72002
37522 37523
37573 37574
48943
80693
69419
72817
48802
43395
82441
87914
42929
43109
61411 69485
43133
71955
70578
43119 43152
77927
43403 43404
42930
42922
42846
86985
82882
76818
81749
71933
61617 61618
77292
80496
87839
70865
70571
43401 43402
77949
42646
43020
86939
75558
69973
61389 69492
85521
43151
82870
43142
83229
70859
86000
72491
72146
88513
75709
69167
62995 68933
42897
69142
86876
82444
75215
71884
43426 43427
74763
73151
74759
78174
62849 62850
82448
42772
80518
88789
74729
81825
78231
73180
73177
68842
80287
37707 37708
77301 73374
73141
82958
42839
62794 62766
80995
72108
83251
61534 69455
83247
62778 69005
42856
68856
61549 61550
42970
71877
61543 61544
43076 43077
75769
77402
42956
62892 62893
71881
40054 40055
17609
66277 66278
44895
33437 78785
68534
27139
43701 43702
33315 33316
29072
29180
29273
44298 44299
82392
75809
43697 43698
29215
29218
47547
28821
68319
32999 33176
28796
44315 44316
78453
28423
84805
28526
28576
28588
28618
28627
33180 33181
44339 44340
47664
28634
28667
47562
28517
28405
68557
28282
78804 33397
28409
33385 33386
28484
28490
68531
44319 44320
32991 32992
74705
33133 78881
27255
27263
27156
36402
27185
32933 32931
43631 43632
27324
79944
84808
32989 78928
82427
36371
33173 33175
44858
33157 33158
28069
79947
78876 33151
27966
32901 32902
78955 32908
27210
36312
28787
32977 78932
28951
47512
29008
28240
81973
71214
83668
27424
27436
27460
59841 59842
32925 32926
44823
27558
86860
27600
32920 32922
33196 33197
43504 43505
44333 75112
74611
26650
75047 44505
39070 39071
26852
76791 39264
47417
26807
74615
47406
25447
60590 60591
39255 39256
84711
47398
25421
47391
25363
25385
25420
39268 39235
26687
26762
47347
76855 39031
78402
39107 39108
48080
39157 39158
26947
39145 39146
39137 39139
78425
71825
78418
27124
27127
48059
47150
47369
68569
39040 39041
27074
26747
25579
25591
44296 75114
84663
25967
25952
25962
74563
80086
44530 44531
44134
26118
26012
25696
80126
47613
89044
44117
25667
33257 33258
25856
33297 78839
25755
25760
25617
75052 44529
25236
47170
39280 76788
73354
47220
80130
25175
60594 60595
73347
25171
25210
47210
47204
44203
68598
25125
25135
44217
43475 43476
88918
84666
27967
28001
26402
74488
7974
43658 43659
68734
32086 32088
32082 79219
74490
7724
68740
7614
82363
7953
7826
7783
7760
35702
36114
8386
8347
69929 60030
36088
84606
8003
28120
44567
5199
5235
41514 41515
5465
5358
5364
41526 41527
4969
41528 41530
5116
8027
33660 78716
5155
78721 33640
7940
7852
7887
32163 79193
32161 32162
8011
8365
8533
32317 79137
6866
60048 69920
60072 60073
35978
6890
35973
67973 65964
22432 23138
35925
6857
21742 22517
8554
6873
31911 31912
67939 65946
65849 65850
68014 65840
65912 65914
65879 65910
6965
6981
8223
22434 82243
82436 22377
73479
44748
8456
8464
32209 32315
8154
32214 32215
71024
83447
89205
8086
69951 59978
36187
8104
36180
8257
8294
8234
8207
8213
5185
5325
5262
83684
5961
5964
78679 33755
5955
5916
36421
59753 59754
68280
5488
5701
76282
5737
5688
59732 59766
34001 34002
33999 78586
6033
84533
6357
6354
36250
74431
89283
5888
36216
36241
27774
33050 33051
44368 75102
84577
73499
44387 44388
69965 69963
27949
27952
73498
27878
33807 33808
76457
5878
70035 59740
5807
5808
6308
6306
33594 78736
4821
88808
33577 33579
4846
44616
4796
59783 59784
59788 59789
74440
4841
59790 59791
6545
33558 33560
44646
4476
35815
4401
4615
82360
4526
74487
4763
33582 33583
4706
41412 41413
6424
6463
71730
6479
6484
36453
36452
6166
6111
41405 41406
33924 78612
6089
6292
75324 75323
6205
6207
4715
36507
59827 70001
26412
39301 39302
17761
45611
67819
19408
19420
40690 76296
74211
76302 76301
59036 70273
19497
40678 76303
19547
45589
25114
40664 40665
30673
30675
74220
45620
46220
79123
40612 40613
19484
45584
89738
19712
19061
19072
19076
19088
76161
73797
67848
46935
19834
40475 40476
67822
45622
19683
19805
46936
19823
46890
19767
19772
19453
30502
30524
79127
86476
31023
59119 59120
40177 40178
30968
31082
31139
71462
70245 70244
31147
31148
30461
31153
59128 59129
46071
73870
31170
71434
73874
45718
45721
59117 59118
31061
31028
31349
30608
30588
30621
59037 59035
79501
76443 40262
43739 43740
30582
31279
79120
70281 59013
44205 44206
84163
83945
31410
31422
76098
31314
31317
73842
18918
84236
19933
20132
20316
82191
76681 39589
20349
20273
84003
20287
20291
19946
39719 39717
58795 58796
79358
19876
76666 76665
39630 39632
20043
20056
76048
20061
20115
39607 39608
84094
39645 39647
49715
71532
67497
17713
39668 39669
76657 39663
17376
46760
39700 76646
17542
17556
58823 58826
17461
17505
74085
84081
20181
46861
39715 76654
82218
19995
18934
19143
70401 58648
20525
20551
19837
19201
58654 58616
76626 39759
40522 40523
75234 43880
75247 75235
20009
47141
19257
19309
70400 58717
18977
18907
89714
18889
18903
45934
20561
89693
76619 76618
39822 39793
20649
20676
20809
20817
20819
20828
20832
67798
20764
46701
20473
46675
67802
45945
20438
20573
82263
20586
29622
29787
86790
38633 38634
44416
76970 76969
31722
78549
31885
47716
38635 77001
31918
31792
31854
44412
31828
31843
38649 38648
47803
80004
44095 44096
31455
71165
44477 44478
38701 76975
73440
29792
33099
33495
44509
68685
33120
33127
33131
33134
69768 69767
33059
33172
73439
60461 60462
44525
77053 38488
83605
33174
80007
44528
38531 77038
38512 77045
44466
78312
31662
26562
32089
60377 60378
26531
68443
26542
86828
26599
74513
26545
76381
78517
26646
44090
26260
81875
26281
47973
47969
26176
69686 60733
69813 60376
39520 39521
31967
31993
31573
68449
68448
75072 44435
39412 39413
32293
60286 60322
32219
32444
32401
48101
32397
88889
48197
48192
86742
32056
44061
32063
33493
33455
33529
78332
29506
30190
30198
30188
30244
30176
30151
30170
46530
30337
29928
44288 44289
30354
30380
30254
38843 38844
84755
30110
83573
29906
29487
46517
58979 58981
70330 58877
45739
29758
45744
29599
29368
29388
29409
83906
29423
29367
46480
29335
29345
29544
46467
29517
29446
29451
29452
60438 60423
38782 38783
33518
32694
84748
32565
32573
46407
32549
39010 39011
32496
44079 75187
68498
32696
44261 44229
32642
47850
47847
47818
83482
33367
33374
89066
44495
32943
32935
86818
32899
30066
30069
30088
30093
38772 38773
38763 76952
69796 59697
86160
44234 44235
38815 38816
86756
43597 43598
46349
46341
46398
32997
38991 38992
43589 75345
60401 60402
28601
75160
56999
60272
26479 26480
66149
66308
38179
57894
26459 81105
81107 26455
26489 26487
31653 79364
57781
57708
10657 10655
1915 1916
1855 1856
26504 81086
10748 10749
10730 86467
41114 41115
89432 1687
47887 47888
57689
1708 1709
38284
89442 1660
1666 1667
66124
66111
38199
79392 31583
57514
312 314
86353 86352
327 89882
338 339
57482
79399 79398
45156 45157
26825 26826
65518
57867
10988 10989
66160
41064 41065
79415 31531
86384 10980
354 355
41062 41063
66206
57873
45256 45257
89867 372
375 376
66218
10776 10777
30904 30906
65959
66045
1967 89356
8958 8957
1936 1921
1939 1941
57302
57266
2021 89337
2025 2027
45641 45642
66044
8879 87078
2037 2038
45676 45674
57360
87084 8859
8856 87085
74665 74664
30829 79655
26547 26535
57321
40550
79651 30842
60371
1998 1999
66008
42659 75649
1760 1761
38273
57004
56998
9218 86965
65963
76164 41104
40580
57068
65937
57063
86986 9158
40592
65876
56925
9278 9277
57048
38254
86911 9356
86893 9388
9405 9406
65929
86942 9290
47919 47920
56987
47828 47829
89828 499
31747 79320
479 480
67159
51489
10408 86580
2204 1000
51494
1011 1012
1024 1025
41082 41083
23899 23900
79490 31300
86577 86633
51597
31315 31316
66985
10064 10065
10060 10061
1087 1088
67183
23931 23932
45296 45297
67126
86684 86685
51894
891 892
74781 45307
671 89776
23722 23723
843 844
73458 73457
79448 31442
67333
10345 10346
81981 23819
690 691
89770 697
67420
41824
10380 10351
67385
52436
51660
10508 10509
82029 82028
89799 590
82009 23744
10361 86599
51654
41806 41807
51736
67068
10476 10477
39758
10516 10517
10003 10004
38346
529 89820
65324
74815 45204
86415 10891
10898 10881
57575
74814 74813
79 80
41071 41073
83 84
38321
38320
460 461
26692 26693
86663 10115
65329
89832 89846
10803 10804
10856 86427
31782 31783
57635
432 433
39886
86359 86356
38438
86364 11027
45188 74820
31712 31713
65737
45414 45415
23880 23881
9999 10000
9994 86706
47767 73715
195 196
10033 10034
201 89925
51965
10023 10024
51947
31329 31330
31335 31336
39949
65829
65810
264 265
81003 26731
51751
26754 26722
65851
74762 45365
45284 45283
42870 42871
26780 26781
47498 47499
57119
84583 84582
57114
59012
87561 7543
28097 28067
87677 87678
58322
59202
80869 80868
6817 6818
59140
28099 28100
42725 75628
55566
55565
55547
59168
59173
59496
12422 12423
59828
6889 87775
55331
6665 6666
46894 74242
85892 12443
37888
47099 47100
58228
59007
12626 12627
47000 74210
58356
47004 47005
59371
7507 7508
7521 87568
87576 7595
58452
58416
59381
58444
58440
42720 75630
7464 7465
59388
58355
59419
47088 47089
12647 12648
40349
80835 27183
59103
59008
58234
6690 6691
6729 6730
12394 85906
55842
59578
59587
59609
13051 85682
13150 13148
7011 7012
85616 13234
25829 25830
81312 25826
55684
13288 85594
76125 76124
76123 41203
6990 6991
54935
13160 85646
75868 75867
81338 25734
54896
25725 81340
81342 25723
13208 13209
59706
13203 85629
59934
59909
87828 6738
81389 81388
12349 12350
46849 46850
7086 7087
59954
25689 25677
55774
55763
40427
59957
81387 81386
55815
55800
59902
55638
59992
85673 85672
7168 7169
25633 25634
41216 76120
81379 25619
40472
55585
37853
28547 80400
12678 85811
12692 12693
40320
27257 27258
58550
89464 1563
79504 31253
40740
38666
60179
58482
60142
60150
58890
58879
1634 89450
40730
60863
1595 1597
60888
9969 86715
58934
9955 86719
58740
9900 9901
9889 9890
74003 47649
80741 27466
1380 89471
80822 80821
79601 30991
89606 1170
9074 9075
60287
79541 79540
45464 45467
9004 9005
1337 89544
40543
79535 79534
58615
1163 1164
27290 27291
74011 47528
76159 41086
9048 9049
1116 89623
9027 9028
1212 1213
86773 9796
58677
45486 45487
47625 47626
1220 1221
38674
9827 86766
58750
9879 9880
38684
59293
40243
47015 47016
60669
59314
80878 80877
29639 80045
59325
12535 12536
59338
57957
58061
59237
31068 31070
80902 26964
59238
58059
28198 28197
26953 26955
12524 12525
73770 48344
59450
42706 75637
7715 7716
46978 46979
58186
31057 31058
89533 89532
86889 9428
74009 47636
9500 9501
27448 27449
60977
9551 86854
74034 47597
27371 27372
89497 1461
45520 45521
7324 7325
60753
58121
60637
7345 7346
60524
9490 9491
38473
9471 9472
9645 9646
58097
58089
7411 7412
58083
27041 27042
16253 16254
73467 73466
54971
51020
30399 30400
41639
16954 16937
16931 84344
14868 14869
16989 16957
14908 14909
64269
24873 24874
41432
30231 30232
48767 73628
64341
64464
53719
14709 14710
45881 74578
85084 14734
48765 73629
48672 73662
14812 85056
85051 14834
2959 89011
64370
17139 84253
41632
84294 17053
81637 81636
53854
53836
14658 85108
14103 14105
53834
25277 25278
14558 14975
14107 14094
64577
53822
14472 85177
64547
25225 25226
17056 84293
41524
14005 85335
53883
14060 85311
25217 81510
41411
73641 48732
64748
53693
53675
14875 14877
79841 30245
54121
45963 45964
23515 23485
3303 3304
53985
88916 3259
42608 75665
65017
3093 3094
79730 30587
16868 16881
65044
51105
45855 45854
16882 16867
64783
88974 3064
64997
45758 45759
16810 84389
16806 16807
16804 16805
16800 16801
84398 16787
50934
16839 16840
23448 82101
41010
54025
54077
2878 2879
54055
89052 2832
81584 25026
54175
54125
65114
48653 48654
53981
16770 84404
65280
16744 16746
53948
64926
54052
24917 24918
2867 3040
65249
54047
64901
24951 24953
16646 16648
84443 16643
30624 30625
3208 3209
48564 48565
25303 81482
42372 42373
52750
52942
85461 85460
81830 24270
24362 81667
48814 48815
13486 13487
13864 85526
84942 15159
15172 15173
85261 14221
84958 15121
54448
85495 13567
42407 42409
48978 48979
53132
41809
48974 73557
53509
41759
54434
85268 14197
54328
81792 24386
52810
49046 49047
48921 48922
41546
49028 49029
81823 24304
53085
13784 13785
24326 24327
13771 85416
13580 85422
13381 13383
13820 13822
85545 13422
85397 13824
52675
42595 75670
24695 24696
13308 85587
41384
85572 13361
13625 13626
85579 13342
24263 24246
13542 13441
24655 81704
42405 75737
81703 24660
14181 14183
14998 85002
41496
24578 81731
13949 13951
53233
41769
15485 15486
54714
53237
54700
25091 81560
53183
54662
15365 15367
53376
15520 15521
15327 84881
24586 24587
53364
53366
54490
13973 13974
54513
15347 15348
14614 85126
81502 25257
13891 13892
13952 13953
54602
24429 24430
53586
41305
24530 81736
54203
14371 14355
54299
53626
54249
14393 14395
54280
73625 48784
14292 14294
24405 81782
54647
48587 48589
14341 85222
41779
84839 15453
54643
54640
15404 15405
15413 15414
15455 15456
14327 14328
48581 48582
16819 16820
2401 2402
67220
2362 2363
4240 4241
46209 46210
66687
52290
4209 4210
52280
4224 4225
16379 16380
66699
49164 49165
3517 3518
52073
3452 88842
52057
16418 16419
66944
49150 49151
75695 75694
46224 46225
66845
88815 3573
3576 3577
3558 3557
46037 74519
42562 42564
74465 46208
15712 15713
4156 4157
4364 4363
84780 15593
50847
49516 49488
63937
15758 15759
74455 46238
40131
88585 4380
4385 4386
50656
84717 15786
15702 84729
30092 79888
4339 4340
46243 46244
65322
50748
66738
4189 88639
46245 46246
51473
84734 84733
46259 46260
49527 49528
84456 16628
88824 3555
16622 16623
88763 3760
16112 84596
3590 3591
3779 88758
16129 16130
52484
30021 30022
41156
52461
66545
81878 24121
52521
66379
52498
67272
84563 16298
24096 24097
52524
16242 84589
3801 3802
52321
3815 3816
16214 16245
41808 42550
41140
66524
52504
73495 49200
52322
24004 81917
66949
66484
23993 81924
16507 16508
74514 46053
41088
52012
49194 49195
79929 29963
66515
24179 24180
16199 16200
16155 16156
24173 24174
29970 29971
29972 29944
16151 16152
66428
3346 3347
66653
79943 29914
42787 42788
46013 46014
23394 23395
63761
41185
79753 79752
2335 2337
2340 2343
23568 23569
51299
2312 2311
30567 30551
23579 82076
51339
49575 49577
23551 23552
40033
50524
63226
17470 17471
40871
89107 2662
17459 84150
63162
50516
79864 30172
50511
29811 29812
50510
2643 2644
40015
63450
50566
17736 17735
63522
45771 45772
51055
89213 89212
63510
49383 73449
79699 30679
17510 17511
2417 2454
51365
63688
17765 17766
23660 23661
2444 2445
23630 82053
2259 2260
82035 23654
84075 17657
84064 17692
63624
17671 17672
74634 74633
17304 17305
49401 49402
50526
17413 17414
63750
40224
16069 16070
4071 4072
29854 29855
23185 23186
64109
16008 16009
16004 16005
64120
64122
64146
63965
84658 15984
23210 82194
15980 15982
50818
80021 29697
3887 3888
15638 15639
15550 84801
29657 80035
84802 15549
40112
23411 82123
50859
82199 82197
16020 84645
63446
63444
40860
29837 29838
45817 45818
2628 2626
2527 2528
63368
15928 15929
23227 82190
63416
15926 15927
15924 15925
63298
74476 74475
50596
50580
40206
79980 29840
84704 15825
64050
64065
88680 4039
15872 84684
16030 16031
74479 46176
59720
13753 13754
29274 29276
26287 26288
4845 4812
5074 5075
11761 11762
86225 11395
86224 11399
86106 11756
86217 11418
5082 88365
47214 47215
6547 6548
62044
25568 25569
39374
87158 8653
62209
56254
27745 27747
56251
87892 6554
10782
56281 56282
61442
55502 55266
11370 11385
80187 29198
11570
8666 8665
55951
10823
11497 11498
62220
11513 11514
61720
55862
62802
62267
55493 71465
10825
7955 87403
87405 7952
62321
55451 55452
34563
27719 27720
55457 55458
48203 48204
5953 5954
56387
88016 6188
26294 81163
62119
29596 29597
4815 4816
34921
61866
80639 27827
48420 48421
11492 11491
46391 46392
41828 75924
25521 25522
61458
42354 42355
56520
29364 80125
55076
11262
56310
11178
27835 80630
80672 27686
71504 55350
11843 11844
6482 6412
62063
55877 55849
61895
61875
11157
11153
61932
5481 88241
25352 81470
11137
85743 12876
61577
10997
47277 47311
11246
37965
55865 55866
6591 6590
11076
80658 27736
38812
42356 75753
61463
11686 11687
56528
6514 6516
5980 5981
55265 55302
37728
62536
11114
88555 4486
38740
27860 80618
11660 86135
11058
11428 86213
37739
11871 86103
11433 11434
56515
56319
6597 87880
11277
5399 5365
62275
56455
55363 71501
26135 26136
56070 56106
81202 26146
5836 88126
80064 29572
34905
10863
8039 8024
10888
27578 80709
42129 42131
62999
56661
26343 26344
56188 56189
10947
26217 26218
88005 88004
38974
73889 48002
6232 6233
80048 29605
56190 56191
39013
56723
38143
11535
11950 11951
8164 87325
56650
41882 41883
47132 47133
56013
41228 76118
41150 76147
11539
63013
11426
12002 12015
74175 74174
80065 29570
56079 56080
74177 47120
34842
80595 80594
56135 56136
47957 47958
27906 27908
63032
55989
56712
11240 86285
56635
42035 42036
76114 41239
11928 86042
6258 6259
39285
47974 48007
56800
34891
80567 28017
8102 8103
88039 6128
56776
62299
48172 48173
11650
62866
39182
10733
81174 81169
37922
48211 48213
12125 12126
88102 5909
37921
27547 27548
74356 46531
10724
4935 4936
39298
34575
55899
12094 12096
25497 81417
55878
55397 55398
34822
85984 12093
39262
5145 88338
47323 47324
56835
87438 7871
8110 87346
44708
7857 87443
47138 74171
56300 56301
56295 71184
7755 7756
10914
87484 87483
35052
62951
37935
75843 42087
11093 11094
87475 87436
62636
62640
5809 88134
6204 88010
62946
39164
86324 11180
26210 81186
42084 42085
11643
10990
81408 25524
38870
28378 28391
12382
12462
13010 12772
8569 8740
46744 74290
8391 87249
5511 88234
12782 12783
5576 5611
12303
25752 25753
71445 55553
6427 6428
85771 12790
87185 8565
56119
11344
26112 26113
26049 26051
5714 5715
46355 46357
54755
4621 4622
55169
71515 55325
12260
81325 25739
37657
88196 5613
34759
61257
37988
29330 80138
80317 80316
55682 55683
87194 8538
54496 54498
61107
55669 71419
5755 5756
61627
81448 25417
26088 26089
55597 71431
39543
80144 29314
81454 25401
11302
56195
81457 25392
25357 25358
26102 26086
28413 28414
59666
41903 75844
55727 55728
12420
62462
8330 87265
5702 5703
81462 25376
26103 26105
11772 11773
8332 8333
55944 71316
25740 25742
11224
62118
56208
25418 81447
12505
71268 56035
12509
55181
11392
12771 12871
39505
5292 5293
28406 80458
28394 28392
54879
56046 56047
39686
29484 29486
56122
61946
71377 71376
34641
13193 13194
37770
59635
62424
61935
42257 42260
34756
73841 48131
54457 71790
80626 27853
4573 4575
46707 46708
37711
48146 48147
27849 27850
10982
25954 25958
55046
11003
55802 55803
61190
48144 48145
11325
46933 74235
55709 55710
29356 29357
11049
55617 55618
5769 88150
4592 4593
85694 13003
39600
38863
39579
54786
39557
25887 25888
63661
39462
58930 58932
63283
84203
24077 24058
44067 75190
30123
61337
32988
89654
61673
2294 2281
46363
44366
30157
43533 43567
66876
71138
87505
63520
61819
63263
44705
70685
85337
43712
38799 76943
39453
70309 58939
88831 3523
72053
61197
3861 88898
88423 4890
19682
41070
5315 5329
70048
81458
63199
46918
66672
76373 40465
61254
63501
29509
29473
70292 58983
76423 40327
19741
38986 76871
33022
70435
79516
32990
43872
89175 2480
45636
79106
63135
74181
30217
66451
2475 2476
87531
18921
72453
79102
75541
81246
32841
69581 61068
87509
43593 43594
76351
32758
60433 60434
30059
87408
32760
19094
88152
44384
63610
29885
67841
86760
29848
19035
68479
40438 76379
61114
63657
73429 49414
69802 60420
77167
63705
32846
32856
40838
30080
30075
88534 4548
45643
39057
32874
19097
81922
19100
38825 38827
32762
70051 59696
19725
63630
87517
24021 81911
88130 5817
32794
46393
85726
5827 5828
3536 3537
61089 61090
63690
63648
30266
4584 4585
72412
29989
39061
43049 43019
19722
72287
73800
42141 42142
48127 73843
40887
32778
61783
81262
19704
87615
66907
71134
60399 60400
87495
38790 38792
47083
32831
29346
42371
44218 75141
89795
31025
82145
46083
31344
31333
45799
45797
82106
79470
31377
46065
43492
30710
69674
31425
72483
30801
30889
87801
87796
31230
64158
30682
45786
62025
88685 4016
31143
5880 5881
30733
70665
45705
64094
4856 4858
45701
46951
4096 4095
63945
31008
45614
64169
23479 23480
4083 4084
71459
67695
85543
23348 23349
31071
86346
42100 42101
63170
43510
63830
63836
84180
77224
40608 40609
81159
46188
46264
4319 88598
40220 76459
86496
46307
44198 44199
82142 23353
30462
88715 3935
46315
42447 42448
43502
30528
4460 4461
30406
59061 59062
44949 44950
76479 76478
70287 70286
62059
46232
3895 3893
31189
70262 59060
40160 40161
87711
43525
4511 4512
72075
71449
62064
30873
69641
49549 49550
79119
31267
31257
30837
31249
30569
3876 88732
30724
41254
63988
88655 4140
84198
19782
19447
43899
61013 61014
40347 40316
86532
46476
41209
88654 4160
43016 75530
29538
87713
19492
29419
70526
2504 2488
66742
42165 42166
19395
72386
40299 76430
42434 42436
5918 5919
79091
49566 49567
72451
72681
79010
46895
62546 62547
61724
66727
43881
46891
74183
89110 2650
19777
44360
82099
4232 4234
76742
40636 76318
70153
58872 58873
29573
29569
29561
2500 2501
77529
46992
63876
59096 70251
46134
46145
29650
88439 4669
29678
31129
2586 89131
67747
63885
31124
19397
19550
62051
64069
19531
46962
64080
63989
63967
73394 49537
81237
61650 69409
4360 88613
29646
58982
41837 41871
58904 70319
23216 23231
49610 49611
5870 5856
70320 58901
29774
77130
89682
29804
69397 61683
26095 26096
46332
49608 49609
87310
76849
26090 26091
70324 58895
43554 43555
66765
46983
32921
69025 69024
4758 4760
70323
25351
25333
74640
47182
39324
25155
53579
53580
73318
73329
84815 15518
44166
38882
25216
39233 39270
6388 6389
76905
61148 61149
87551
25205
53224
53244
6584 6585
44177
42248 75787
53250
15261 15262
41540
25527
53558
25111 25112
84851 15421
84980 84979
26042
47421
70290
15003 15004
70291
36237 36239
15092 84969
39216 39203
80179
26122
39684
43500 43498
47269
76805 76804
25271
25924
25882
39228 39229
25979
25975
72220
42278
39201 39200
25965
25957
81317
80962
87558
62659 62660
38898
25581
25275 25276
53308
26689
39089 39090
25297 25298
76887
26751
14660 14661
26750
44012
48556 48557
64616
60675 60778
69518 61316
38714
47326
68570
64638
27020
70479
14469 14470
41930
84697
27121
27083
27099
27111
78414
41669
26840
62735 69020
70282
25463
83523
39332
12369
53361
88949
47384
77444
25380
70217
15343 84874
38734
44047
25475
48534 48535
14689 14691
87606
60772 60773
69514 61230
76793 39260
25441
25434
25451
26821
81503 25249
26818
53275
87890 6558
26811
25698
25715
25733
29115
29190
13631 13632
81840 24245
52686
29277
41737
41753
29076
39702
88213 5572
69733
29173
29152
42347
29204
47487
85371
28449
52809
33439 33440
83493
39640
28442
13702 13703
48958 48959
28416
41689
80917
13627 85472
42259
28508
28870
33015 78921
76448
72076
47527
29010
85425 13756
28999
69685
85916
24298 24299
53000
28959
29016
53030
29232
28774
24350 24351
75612
28793
53059
43691 43692
52836
28829
83663
28794
28811
44906
75171
44545
69036 69035
71067
53423
33183 33184
62633 69056
5530 88228
15225 84920
53135
33245 33307
25795
78841 33296
42169
53435
61206 69549
78837 33304
75206
41782
15140 84948
81791 24389
39504
76770
47623
25735
33266 33267
74559
25679
25655
48972 48973
25628
70450
73392
47633
89013
33384 33420
28411
13679 13680
61161 61192
28488
13681 85194
24463 24464
48946 73566
15153 15154
81588
28315
72152
28268
28267
28259
5515 5517
24467 24436
28374
28364
15176 84935
28668
76902
28642
48994 48995
68547
28719
24441 24442
28563
28548
89015
42224
41660
25230 25231
6287 87983
31883
78546
31880
24999 81595
31731
89032 2893
38731 38732
31678
65310
47800
85780
65176
44129 44130
77564
60305 60306
44535
38978
65257
75497
68422
18955
33220
6322 6323
49447 49448
72694
3187 3188
85309
33264
76984
25006 25007
88131
75629
31512
88875
65125
72262
31552
62720 62721
68419
31528
40922
81413
65097
68725
87465
48659 48660
70352
2770 2771
86724
31820
6057 88056
44436
31812
75856
87979 6303
31821
76976
42889
44421
31909
33291
88934 3246
71166
86119
64935
33398
60821 69660
64944
75186 75185
72256
47867
76903 38909
49478 73412
81390
69642 60878
6247 6248
3145 3144
70441
33360
32544
78470
42429 75715
32607
63586
69098 62525
46399
63595
85319
88120
89222 2380
60403 60404
74543
33396
76931
33329
43609
38940
64819
44482
64823
60936 69625
71783
64835
33122
65027
82708
69770 60513
33116
33508
33497
65058
60932 60933
33486
73291
75842
44685
47869
43606
82417
69773 60505
86118
82081 82091
49422 49423
70379
2995 2996
6119 88041
26923
85042 14863
82669
73644 48727
60717 60718
64696
26290
69538 61247
39119
83532
24849 81638
60715 60716
61263 61261
60347 60348
6149 6135
24841 24842
85090 14702
84692
76382
26588
69826 60338
5948 5949
81642 24835
41954
26631
72329
26617
26600
64267
75711 75710
81583 25029
80156
44549 75041
26359
48063
77099
42222
44564 44565
26938
74585
64567
48733 48734
26943
83537
14538 14539
88940
39131 39099
38746
26213
60740 69691
75376 43486
78404
78403
70646
38764
64760
77081
87367
88981
60734 60735
48036
64762
64310
64327
31672
64384
32375
32399
81927
48111
64483
48670 48671
77085
44455 44456
32211
14819 14820
32265
14821 14822
32301
31599
48140
78520
64366
2970 2971
2913 2914
86164
31571
2915 2916
3015 88992
84773
31650
64420
40909
60310 69830
68708
73425
42177
76710 39515
26456
60379 60380
43146 75492
64331
39572 39573
48769 48770
29307
32121
32100
32092
32072
80946
32141
14922 14924
32390
40943
31997
6176 6177
64452
39083
88014
62757 62758
32052
64469
84632
32035
74658
39238
18970
67985
47122
48525
1476 1477
48526
73582
38484
86915
75614 42765
22606
37876 37877
22654
62216
22706
87899
45507
77257 77256
22649
22681
68974
22657
80767 80766
75903
47588 47589
62311 62308
38460
48687
37906 77243
43193
22459
84952
89381
74036 47558
21183
59313 59281
48510
27420 27421
21068
48599
44640 44641
60800
20873
89323
75893
20996
20981
1421 1422
38079
20952
7910 87409
87916
80759 27426
48416 48417
87429 7888
78718
78110
21248
78102
86226
1401 1403
77657 36727
7920 87418
45550
7916 7917
62060 62061
36743 36744
48730
22898
22895
7260 7261
84491
48666
22076
68191
83372
26971 26972
48668
45343
62223 62224
68066
43279
88714
78147
59349
67923
85440
43241 43242
22150
21925
44851 44852
45331
26946 80912
69210 62215
8616 87169
36641 77698
89571
75590
22003
45360
38535
71261
22772
22883
8639 8640
22880
60694
7218 7220
7221 7222
7241 7242
22973
78088
22969
22956
60653
43769 43770
22766
87928
62556
80412
73088
89354
44827 44828
83350
22740
22738
27065 27066
68185
48313 48314
22807
36587 36588
62171
89504 1418
42878
60285
45125
77785 36386
24567
24561
1366 1367
60471
79789
49943
89545 1318
60435
89546 1333
1335 1336
49951
43340
59384 59386
62948
24365
73170
24356
1341 89543
47422 47419
24348
76778
47440 74072
87974
38043
89619 1136
50096
60061
69794
36448 36417
36365 36366
47416 47454
24952
70230 70212
68863
7841 7840
42945
38152
62943
24207
62983
37152 77507
87482 7758
26188 81193
37162 77503
62841 62842
43787 43788
84888
26527 26528
24080
60350
49909
60369
70225 59185
24185
78177
24157
60257
42791
36436 77763
78175
74371
50108
21526
50119
1195 1196
68208
27226 80823
70990
21671
21670
49317
21665
60224
72484
59393 59394
59350 59389
45452
21655
21760
69832
75584
43370
1530 89476
62270
21705
38659
59999
62309
37710 77310
27347 80808
21006
21005
48035 73880
50061
50053
80984
78234
68819
21622
21598
60049
62295
82954
21441
42776
42779
76274
83414
21436
73879 48009
21389
21771
47609 47610
7876 7874
89584 1234
1176 1177
89332
78725
60194
38671
60212
21804
50051
78222
73565
59441
21975
74780
61997 61998
77094 77088
69283 61994
48461 48462
25600 81385
78905
85237
42553
25381 25382
74958
59936
42408
87723 7053
43644 43645
59988
69497
87697 7145
81708
49264
25389 25390
77074 77075
72754
87696 7110
48440 48441
85254
7111 7112
81378 25621
59677
71353
62038 62039
87109
87041
37649 77237
44755 44754
86568
62478
80724
62397 62399
62394 69143
77922
75663
70833
37880
74254
88479
37879
59812
59813
48471 48472
25429 81442
49025
62003 62004
81702
59971
48893
79709
42500
76614
87703 7099
49050
85958
62466
38352 38353
77128 38237
82295
37850
72772
78925
71999
79743
76655
75123
48869
78873
77121 38275
59620
59700
71677
42568
38297 38298
77615
48808
85277
59705
48498 48499
48874
75043
77724
75283 75282
8486 8488
81345 25713
59719
48793
69435
48816
69305 61930
59521
59500
71318
72721
85240
6933 87766
77676
81647
87119
75051
49213
83097
59914
42601
37894
75034
59581
59600
87151
6906 6907
59606
88301
37511 37513
88174
6926 6927
87144
88176
68059
48954
25756 25757
48847
69584
72937
87869 6635
38052 38053
88688
62612
22252
43253
77373
37746
78939
48243
67953
38159
78936
45403
84343
83811
84922
74275
72881
45398
7468 7469
71984
74987
59405
59413
88373
62581
62578
87578 7491
73113
69336
62427 62428
89552
43873 43874
77371
59367
45315
21984
68899
62202 62203
38107 38108
48323
77190 38072
22422
43272
59469
42469
7673 87514
22297
22199
59372
71888
69224 69226
87506 7691
43866 75264
69235 62162
45372
22196
7692 87504
71885
75588
22231
8800 8801
45412
77155 77157
71361
85215
69308
82085
59175
76638
44832 74945
84284
89637
37987 77214
59165
8742 8743
71647
44750 44751
37951 37952
85083
8385 87250
86309
74298
74952
48257 73782
81450 25415
70825
59834
7172 6661
77198 38039
73762
71340
69211
59845
82494
88487
27145 27147
62445
62440
68910
73737
81692
71983
80376
69317
37379 37380
62498
70951
88369
81679
43994
71994
69136 62346
7545 87559
80684
38148 38149
42384
27104 27105
67875
86601
83796
74245
74246
72844
61972 69290
76171
37812
59108
70621
48052 48053
76364 40497
49240 49242
17707
70593
66989
84046
76521 40041
17812
49711
61415
76518 76517
17753
77322
1006 1008
80482
88584
43449 43450
17608
79316
49730
85010
49742
17631
67481
70376 58741
25913 25914
42862 42863
17667
67151
74045
67162
66961
17430
45805
86968
89748 89747
85013
20142
63035 68916
61817 69349
678 815
46794
20144
67039
5489 5490
17479
17474
67043
82480
46751
70348 58828
23738 82011
58788 58789
23736 82012
49282 49316
606 607
5483 5485
17460
72534
46759
542 543
66976
37992
48215
1032 1034
17327
17013
61428
23886 23887
16929
72144
17323
17306
23874 23875
65648
86418
17283
88384 5026
84020
79285
193 194
84059
17122
72497
65676
59520 59490
43003
75294
84133
83970
65746
17210
45076 45107
88610
81000 80999
18515
74845
40030 76526
80428
74016
16909
17073
43051
75746
67074
17040
1095 1096
58731 58732
5421 5422
74067
17080
67091
69457 61497
38348
65323
16952
86423
43033
25929 25930
23836 23837
65710
16874
65700
16862
86397
5038 5039
16922
65709
43014
20079
67402
84872
77305
5236 5237
43341 43342
79581
81471
20591
85494
88314 5231
49086 73526
20574
3772 3773
61567
61560
87332
84250
61541
5452 88255
89687
84252
84245
66571
82648
20502
69351 69366
68926 63014
20485
20479
61842 61843
68923 63024
20772
88309 5241
39775 39776
71929
66622
81298 25980
19104
88290 88289
83890
45956
75347
75420 43330
61173
19313
89725
19164
76133
42721
19142
47020
69354 69352
66412
40138 40137
24169 81865
87664
66426
87875
5344 5345
37974
48148 48149
71418
5301 5334
72185
20606
43802
68920 63031
89703
46664
25870 25871
73036
84070
39628 76670
58805 58806
23761 23762
67529
45994
19888
67429
67531
23769 23755
42850 42851
83287
688 689
67449
84996
23803 81987
81045
792 794
20248
20296
46810
89733 89732
86031
67418
750 89754
61582
69086
67241
20062
75589 42847
46580
43987 43988
20845
3838 3839
20829
71422
67280
46016
88740 88739
25862 25863
41144
39858 39859
70589
3805 3806
84991
89926
46586
20723
74079
5441 5442
80468
20710
88748 3823
20001
73037
3610 3611
79373
19969
39626 76671
61434
18473
65820
71941
74358
23151
23220
23254
74897
73920 73918
82948
70870
66276
77624 36826
26492 81093
80997
26173 26174
83252
36933 77589
81109 81108
23455
23463
26409 26411
66104
72578
84446
23535
1670 1671
68120
23528
45106
81133 26415
23504
50170
80520
47740 47769
78809
377 1102
76006
42645 75653
23785
73004
1846 1847
77540 37074
47717 47718
81099 81098
8076 8077
83987
86015
66101
1806 1807
23901
23831
23824
69957
66342
61608 61609
23790
61572 69423
45247
50155
23209
72984
66359
82025
38100
1717 1718
23476
23496
77976
77539 37080
24676
8199 8200
2067 2068
25050
2088 89304
47916 73908
66060
80341
25093
84864
49981
68112
49983
49984
25083
73942 73941
26644 26645
71682
65996
88760
62914
1957 1958
71308
81006
59146 59147
45155
66029
24982
47933 73905
47936 47937
24630
69008 69007
23396
47964 47965
28948
1766 1767
68135
23295
87282 87281
37266 77474
23392
68143
50249
26445 26447
37346 37347
63063
43783 43784
73608
24770
84469
1723 1724
84875
68149
1736 89420
77415
84877
65882
24782
86645
72565
37060 37061
37054 37057
86455
49564
18823
65791
18661
45224
65398
65402
42696
81022 26658
74909
61417 61418
18019
18024
89840 89839
39957 39958
26683 81009
74139
18057
75917 75916
45211
83224
26701 26685
65340
49555
89853 423
88345 5128
59659 59661
72973
17899
17953
18827
18839
83958
49427
18552
88618
43456 75385
39892 39894
73932
39975 76544
5020 5057
18373
84131
88622
73964 47770
65751
62786
18795
18803
45117 45118
18784
76084
26755 26774
89975 89974
48207 48208
18782
18801
26761 80988
65801
18 89994
89993 89991
86361
89830
65369
74119
85508
69197
18157
62624
87350 8125
49507
80967 26814
23719
89888 303
62676
66168
23690
23685
76062
61623 69418
36954 77582
85062
410 89865
66199
87351 8155
356 357
75292
77285
49884
66207
23598
23596
62623
83265
45042 45045
283 89895
18158
59567 59568
49579
81142 26365
65374
47979 47980
65448
77570 36984
88578 5123
491 478
81730
80935 26872
481 482
61600 61601
18083
18264
49591
36950 36951
88497
36995 36996
89886
45059 74869
18290
76067
36944 36945
18096
42992
18151
18177
18175
61604 69434
12362
88970
10778 10779
8886 8888
57146
57163
52323 52324
52327 52328
52303 72498
74663 45653
2847
2746
30790 30791
2850
57115
30796 30797
30804 30805
79662 30811
36989
2737
57196
2948
35387 35388
36927
72550 52121
2926
30750 79679
35297 78151
2955
2707
79684 30723
57111
57308
8978 8979
3067
57361
2769
18023 18025
40553
79550 31144
58695
34287
58647
53778 53779
35994 35995
18153 83905
35985 35986
14111
40706
9810 9811
18165 83911
18185 83891
53771 53772
18181 83893
34179
14104
18015 18016
52245 72513
2781
2787
52170 52167
83940 18061
72540 72539
58634
79532 79531
87025 87023
34232
14045
40627
52219 52220
14040
58602
74647 74646
9134 9135
58237
52517 52518
19668 19670
52638 52639
72452 52448
74739 45424
72466 52419
79377 31625
2607
10569 10570
30894 30895
45608 45610
74454
52537 52538
52539 52540
72428 52481
2428
10577 10578
10767 10768
52598 72401
64501 64502
4012
79406 79405
57911
72400 52584
83445 83444
3937
37140
57903
3938
2477
19653 19654
86535 86534
41733 41734
52490 52491
57740
52024 52063
56913
9195 86976
30980 30981
19243 19332
86906 9379
40596
52723 52757
30944 30945
40583
2273
72571 52044
30954 30855
40615
56883
52018 52019
2341
37042
2553
30867 30868
2559
57735
57725
57390
45631 45632
57017
2207
19232 19233
9222 9223
9268 9269
9266 86949
2149
2152
86984 9169
13772
58583
58581
12510 85870
13132
13056
72119 53470
53471 53472
58046
58041
13035
75951 41740
13063
13064
28188 28189
53305 53307
34481
72170 53315
28196 28178
28224 80504
72179 53286
57984
72245 72244
9601 9602
34155
14449
14391
85862 85861
14402
72123 53391
14409
47017 47019
74203 74202
12573 12574
53416 53417
14436
36152 36153
13241
17852 17854
28249 28250
18284 18285
12997
50387 50388
34493
12931
12939
58268
73097 73096
50233 50234
13592
50202 50172
13610
13621
12281 12282
58421
12974
34475
80487 28283
18654 18655
85796 85795
12846
53375 72153
35764 35766
58474
12818
13025
50355 50356
73116 50373
58451
50325 50326
80500 28247
18364 83832
53084 53086
18502 83785
14495
74692 74690
14585
53850 53852
17886 18259
53858 53859
53868 53869
36172 36173
14615
14602
71997 53823
14521
53826 53827
14526
14536
14551
54043 54044
84026 17798
52994 72272
36189 77859
36021 36022
13934
84001 17882
58910
13987
34269
58918
13905
31212 31213
58967
13893
31032 31019
31022 31024
13901
34113
58801
58481
58190
53130 53131
18569 18570
14389
58205
14286
18604 18605
86823 9627
17983 17984
9615 9616
14505
14465
14474
14483
36125 36126
53143 53142
34084
58107
53150 53151
58118
14657
58146
83983 17939
53907 53908
34097
17890 17891
53919 53885
14719
14690
83991 17909
17912 17913
34125
64548 64549
31551 79407
35604 35605
235
416
63223 63224
52369
21822 82256
63238 63239
46121 46122
60
16224 16225
65
32356 32357
37486
52362
63303 63304
63307 63308
16222 16223
32363 32365
86607 10334
68641 63916
52574
46117 46118
64087 68580
64096 68577
29978 29979
16341 84557
42537 42538
444
52530
16331 16332
459
37615
30005 79923
68614 68613
39869
45
31472 31473
22586 82483
22237 22238
22258 22600
37489
39816
63475 63476
878
32586 32490
82593 21937
32584 32585
37506
45347 74768
63584 63585
807
818
63142 63143
154
29
183
32414 32415
63090 63091
52444
40
52440
204
197
135
52439
74501 74512
221
52412
52428
82375 82376
37595
294
358
66691 67729
84531 16425
52266
79894 30070
66685 67733
79893 30103
46222 74459
22164 22776
37577
2090
52048
67742 66656
40153
16404 16406
52031
46218 46219
1905
313
1541
66485 66486
1175
1182
67805 66443
15714 15715
30090 30091
66456 66457
52166
1955
1968
66843 66844
52199
52186
66787 66788
52026
22060 22059
79884 30112
16142 16143
1798
1801
32452 32453
21861 82617
22573 22572
1707
30015 79916
63758 63759
32426 32427
64028 64029
68597 68596
37640
4332
52458
22284 22285
63600 63602
16163 84605
1700
22557 22964
22965 21846
1676
22304 22305
84489 84487
68678 68677
30134 30043
16514 16515
16518 16520
30126 30127
2057
63850 63851
16619 16621
850
79435 31475
10647 86495
10860 10861
3389
65052 68274
39941
65074 65075
36764
10811 10813
57602
65081 65078
57434
64407 64408
18920 83651
41353 41354
11030 11031
36741
57589
18738 18739
18956 18957
18820 18818
3736
65204 68217
18809 18810
32527 79078
65023 65024
51806
86659 10162
83712 18745
10892 86414
64992 64993
86417 86416
39971
3310
10924 10925
4192
64193 68542
830
64560 64426
3826
3822
64647 64648
3755
4020
3978
64463 68459
39919
3989
19511 19512
4003
4004
45278 45279
64533 64534
39920
64594 64627
86343 11071
64235 64236
57414
36732
68518 64255
86350 86349
41357 41359
64220 64221
4227
74824 45214
11007 11008
45152 45153
64617 68412
35683 35654
31562 31564
4252
10121 10123
65197 65198
65193 65194
19074 19075
39783
19090 19091
534
549
574
561
51911
41328 76074
19036 83585
51934
51885
64919 64920
51873
778
64149 64889
610
10129 86670
68832 63337
31479 31480
36841
41394 41395
845
1007
63323 63324
1033
86687 10072
10398 86583
1037
63423 63424
918
959
39781
64836 68342
64736 64739
86704 10002
3622
51761
39944
19118 19119
83576 19117
10229 86641
51754
79472 79421
696
3629
65137 65138
68240 68239
10141 10142
3655
65190 65220
65164 65165
3492
10016 10018
36789
3463
3512
3527
19167 19168
2114
36894
45395 74749
51987
51993
64699 68389
79469 79468
682
39805
58240
13566
1260
80146 29308
20472 20474
9045
9061
55564 55568
83112 83111
35353
8974
55518 71458
58461 58462
55718 55719
11375
58512 70483
35349
8964
83116 83117
11323
58514 58516
55629 55630
10381
35276
10323
10324
55576 55577
10331
35271
20427 20431
78355 34672
10372
46445 74377
35258
35375
58114 70592
8975
8982
20497 20498
20289 20290
58434 58435
70506 58378
71538 71537
20247 83176
55297 55298
20293 83162
57669 70729
71508 71507
57618 70749
83173 83172
9419
35145
57640 57641
55442 55443
8717
8820
11232
8643
11220
8663
58544 58443
11213
11287
58368 58369
8582
20575 20576
8600
29101 29102
34815 78307
11270
78309 34810
83065 20584
58093 58094
56156
18456 83800
27819 27820
27990 27991
56394 56395
27892 27891
9848
11722 11723
27817 80633
9868
20113 20114
56465 56466
11715 11716
56452 56421
11701 11702
71142 56430
56440 56441
56582 56583
76244 76245
56824 71008
9660
56534 56535
12152 85975
12136 12137
56028
56088
47240 74149
56598 56600
56576 56577
9607
27975 80579
9623
9628
56565 56566
9629
55940
55932
78243 35025
27857 28559
35032
56762 56763
71047 71045
78242 35022
10291
56730 56731
35290
56268
10221
19830 19831
41154 41124
10409
83307 19856
56164
34993 34994
56742 56744
47231 47232
10624
76215 76214
56242
11661 11659
70989 56891
10648
10659
56847 56848
19891 19892
86132 11674
10673
56683 56684
10681
56639 56640
10607
34771 34773
11548
9377
55869 55870
29412 29413
11705
55875 71341
35581
11733
55060 55061
11087
35591
11905
11874
11190
28658 28659
46790 46791
11831
40979 76145
55215 71545
46786 46787
10784
29045 29060
56227 56228
12203
71684 71683
10824
29087 29088
54760 54761
55205 55206
54762 54763
54945 54946
35599
29066 29067
55154 55155
11758
11132
28639 80364
9469
80305 80312
40760 40762
12399
80297 28789
54587 54588
54595 54596
12686
54563 54597
54196 54197
54484 54485
46768 46770
71764 54530
46703 74307
28708 28709
12347
12712
54182 54186
35423
35408
76272 40785
54273 54274
28692 80342
71813 71812
71826 54353
12650
54115 54116
46366 74419
12553
11017
12572
29431 29447
12713
71270 56063
12130
10698
10713
57904 70657
20400 20401
9539
9091
20386 20387
76141 41172
35550
46536 46537
20406 20408
40732 40733
11451
57918 57953
11435
9146
58012 58013
9527
46534 46535
28968 28967
9578
29165 29166
83182 83181
57484 57485
55373 55374
20213 20214
9575
55415 71485
57567 57568
20373 83140
9552
9545
29183 29184
9486
56162 56163
58018 58019
46650 46651
57986 57987
11968
54822 54823
46590 74347
10926
10742
11934
28869 28867
11972
46493 46494
74445 46281
46613 46614
54812 54710
12155
71693 54739
12163
46305 46306
54872 71660
12016
54862 54863
11999
35505
28957 80255
9263
80052 29613
57880 57881
46515 46516
57859 57860
57757 57758
9300
57813 57814
11507
46507 46511
20168 83196
71108 56529
57277 57278
82996 20749
20736 20737
20746 20735
13055 85680
73256 49982
15941
15965
55685
73238 50028
51470 51471
16715
16738
13244 85611
51493 51496
83016 20717
78469 34329
13020 13021
83027 83026
40463
34411
73186 50159
34403
34402
13131 85654
15803
50129 50130
49914 49915
55668
80402 28544
76121 41211
85687 85686
34410 78447
33754
16642
28425 28343
12845 12847
20792 20793
16481
72664 72662
16382
20840 82968
16386
12811 12812
28395 28396
72791 51376
34542 34513
16426
46914 46915
54878
54849
33773
16478
72796 72795
20666 83034
34537 34538
16620
54934
20709 83018
51510 51511
13149 13180
16754
16781
41542 41543
33715
54955
54977
28301 80481
34525 34526
20846 20847
16305
16300
50057 73227
50573 50575
73059 50517
12247 85948
50468 50469
13375
13382
13385
13278
55449
55429
13281
13289
55341
40268
35962 35963
18435 18408
35912 35913
40451
13639
78006 35711
28085 80543
58348
34507
28095 28096
13700
85955 12223
28146 28134
50700 50701
18436 18437
55463
55456
18390 18391
18388 83822
50171 50169
74247 46886
13397
55764
16146
55299
12379 85912
49690 49761
49732 49733
12373 12374
16094
55304
55816
28430 80447
40437
77955 35870
50094 50097
82865 82864
80433 28468
49673 49674
77947 35895
35896 35897
14744
13433
13415
13405
20929 20917
49891 49892
20923 20924
77965 35851
34328
13479
40275
12432 12433
35945 35947
72634 51831
20822 20824
56061
33970
11164 11165
15693
11177 11160
27502 27504
80731 27506
76111 41245
15391
56431
70962 70960
11138 11139
44673
56829
56933 56934
27552 27567
15656
56914 70909
57028 57029
51077 51078
15551
86150 11609
34866
80698 27517
11602 11603
15566
34293 78481
15703
56368
11499 11500
56451
56429
15739
33995
82809 82812
27562 27564
54803
55979
57426 70807
27902 27903
34879 34880
12031 86004
83257 19975
10050
11916 86046
19953 19954
55998
33878
86026 11969
57310 70846
70844 70843
11955 86032
78262 34965
57410 57411
56820
57369 70824
34211 78382
57051 57052
15431
27576 80710
15448
15452
15465
41230 41232
27928 27929
56613
57438 57440
9987
56708
35064
41641 41638
56549
11568 11569
72929 72928
12954 12955
55141
21421 21515
15236
72932 72931
72934 50935
50969 50970
72691 51694
15227
21393 21422
41640 41642
50966 50937
15189
85725 85724
76107 41255
55170
80662 27706
51613 51615
78420 78398
16607
51811 51812
16610
54830
72716 51612
16553
15069
40387
33777
54837
51598 51599
15131
78411 34487
55130
72914 50767
15198
11388 86228
56586
51147 51148
11462 11463
14949
14962
14963
11419 11420
78536 78534
51276 51277
51285 72829
72828 51254
15585
51229 51230
47349 47350
72860 72859
27731 27732
11474 86195
51187 51188
34956
72962 50823
14919
14807
86211 86210
27631 27632
21616 21617
14764
56858
55075
34081 34085
12912 12913
55067
40142
39633
84257 17161
7541
5849
7517
21731 21774
8461
51111
8466
84309 17015
24560 81738
54232
85318 14044
50605
53870
7493
5787
65683 68074
32241 32280
45946 74550
65757 65758
73246
16854
40170
54231
8544
30416 30413
24546 24547
82423 23134
7135
4902
65583 65584
36263
75879
79254 31938
4839
14381 14382
31954 31955
7551
84549
32266 79155
30382 30431
51204
79236 79235
40110
50643
6016
36420
50644
14132 14133
14295 14296
65385 65388
41516
37331
36580
5924
65377 65378
14305 14306
73487
68349
15906 15907
54245
24508 24509
76454
8166
37324
15882 15883
68057 68056
8171
40061
4786
83679
81757 24514
23099 22503
22513 23101
14019 14020
71199
74480 46174
14284 85244
28115
60023 60024
67177 67178
4595
7745
67574 67172
7276
76446
28116
65546 65547
78577
35801
28164
74473 74472
7269
54438
78909 78908
50489
37374
50478
45993 45962
7798
66983 66984
28008
7234
53667
84434 16710
84648 16012
50457
83460
79799 79798
60011 69934
7814
29871 29859
7224
7217
67119 67595
36113
27758
27685
44715
33103 33104
44735
15815 15816
75818
88840
8445
44649
4372
85368 13930
50445
8513
27943
8520
35821
54029
45029
78643
8358
54436
44650
68351
8308
30626 79712
22198 22821
21999 22673
16041 16042
35814
79015 32715
14201 85266
79012 79128
78756 78769
27955
4497
74610 74609
7444
1361
51450
66289 66290
6092
51407
30373 30374
51444
6993
22521 23091
51453
6694
67865 66266
65902 65903
6050
41343
33936 33937
65892 65893
17578 84106
17693 17694
21789 82212
13908 13909
36627
54705
84135 84071
84069 17677
6329
84387 16818
67836 67835
73210
6244
36047
60044 69922
60052 60053
33876 33877
21778 23080
60058 60060
41486 41487
65888 65889
6531
74572 45896
35930
65976 65977
54574
6487
6113
35916
84085 84086
22500 23059
71220
17498 84134
6307
66030 67946
6137
51395
17529 17528
6869
51027
6842
6903
6831
78249
7061
21687 82664
35980
31811 79304
67984 67983
7029
31819 79301
89253
51469
39995
73517
6475
31904 31905
84048 17731
78625 78624
60106 69899
5936
4739
5520
89272
33963 33964
35998
36474
68283
50554
6715
30516 30518
6807
4727
24610 81719
5721
51304
78681
74568 74567
79820 30324
4665
79747 30540
68124 65512
5570
68800
82657 82656
36486
84388 16850
68207 65259
14082 14083
65309 68189
68157 65396
35990
17424 17425
82658 23069
65492 65494
51091
65517 68122
51331
68293
8272
8218
71716
6607
6023
67885 67884
22425 23039
17341 17342
60101 60102
36531
36642
6264
60103 60105
8221
51344
40104
66116 66117
36649
40103
30348 30347
51280
70008 70007
89296
70028 59763
33959 33960
8275
54638
84237 17221
22492 23068
79295 31844
5653
54637
66223 66224
44935
76028 41400
40101
73578 48907
6145
59912 59913
67501 67422
74447
1061
13568 85493
7898
41378
41268 41269
50881
53720
78723 78722
27339
1495
67435 67436
71743
1519
67492 67440
66539 66540
7975
69996 59846
13535 13537
27328
7904
27401
13370 13372
37283
17134 17135
35765
1059
22219 22639
54173
5232
16737 16916
66642 66643
76431
68383
41352
84784
50763
75691 42527
15700 15701
44615
27281
79974
50777
52900
17106 17108
80041 80040
71016
7988
81675 24742
5176
68338
7971
75873
1427
41512 41513
7885
5388
59853 59854
15754 15755
60227 60228
44583
75092 75091
24689 81690
1129
67322 67324
17097 17098
7858
74561 45925
82560 22796
7872
67327 67328
7880
13339 13340
27586
30229 30230
27238
7879
68312
83638
48836 73610
68411
1154
36394
36338
83671
67256 67257
67262 67263
84812 84811
66522 66523
5004
4999
36397
35853
15565 84793
84712 15804
1075
79995
1452
50673
89186
1457
21986 22831
17193 17194
59847 59848
83617
67309 67528
52855
84324 16980
88861
67755 66624
30313 30311
32118 79208
15991 15992
73579 48905
78598
22811 22010
71193
84262 17143
27516
50827
73241
53067
4961
53980
1314
5260
33635 33636
36390
22683 22682
68395
44561
78707 78706
15689 15690
36346
5080
5077
50761
14230 14231
15955 15956
32674 32675
33491 33492
71176
4556
50747
1247
41477
67029 67030
7625
22151 22756
60172 69876
22804 22686
29773 29673
53735
53666
82349 22087
50832
7619
60126 60127
50757
4940
27230
28063
7707
32968 33035
29688 29689
79206 32129
74679
45879 74579
1346
24749 24750
33162 33163
37163
54133
32109 32143
35882
50838
88238
78189
78446 34413
75858 42032
53837
77127 38245
32038
68808
59935
62286
31959
76462
62292
56416
55637
4976
55664
70738
64256
75991 41616
6181
15695
69508
78227
84850
32051
56785
80311
53277
6193
15983
9948
59946
4994
43317
15706
59989
15820
48171
80306
9979
15567
81819
71873
31958
48553 48555
15419
85111
74741
74587 45864
36513
63075
53272
6216
47362
37679 37680
9961
80315
43311
59615
56424
37672 37674
6217
40486
83246
41581
16713
53731
71874
86078
56439
9956
64253
85109
5379
6297
34221 34222
83094
82445
6044
38070
16038
74570 74569
56831
48570 48571
15321
71883
15310
38418 77082
55723
32071
15399
26771
6170
43345
75847 42076
38240 38241
15463
15430
48475 48438
32066
15315
59570
49226
84897
86898
62919
34408 78448
85246
47161 47162
34055
15308
34184 34185
36439
68871
36537
78183
83393
15772
15379
34406 34407
62877
53298
68860
56768
88790
76483
5037
4993
83416
41582
78228
53332
55700
69540
59891
69507
56747
15423
36476
41631 75983
39534 39535
42959
47329 74115
64330
73156
75081
56828
47403
85248
53316
26702
73876 48051
32171
56735
88223
41407 76056
43338
34963
73883 48026
62502
55138
75761
69449
15254
80368
87092
16458
16460
88698
33819
48912
62396
48904
5245
37777
80729
48484 48485
78550 34114
15077
37659
62487
15099
85218
26298
88274
16456
55231
48014
74123 47301
15193
83374
62597
43248
55102
80361
26437
26436
62593
64301
64751
80711
83136
48768
43252 43254
4440
37764
35838
26422
68928
43235
43220 75478
85203
4465
44554 44555
41424 41425
69417
53718
85221
16511
26584
16530
77349 77350
4611
62458
75453 75451
4613
41949 41950
78406 78400
37635 77340
74240 46919
59693
64684
46925 46926
16559
41979 75877
4574
85227
41626
26270
33793
41562 41563
16588
69487
62459
26578
62461
26179
54785
39454 39455
4582
15141
15133
40389
77719
72807
26206
47967
76667
48894
4608
48938
54782
4594
64705
16541
16535
62444
41426 76051
35776
78407 34497
26299
33647
72038
62357
64657
39056 39058
5468
5466
34354 78464
41618
68937
15292
53788
39565 76691
78122
38208 38210
43196
54942
75108
37914 37915
70710
26460
37912 37913
70922
48844
48502 73716
14954
48855
68978
75751
74795
27118
53865
33696
56378
15548
70698
62252
15545
16700
5336
71866
62244
86070
56555
33584 78740
70929
37688 37689
41673
33678
72711
33682
41520 41522
74807
88162
34358 34359
53808
72047
75638
59625
16811
26462
4851
41598 41599
80800
54887
41483
56516
53894
33603
78144
62534
16771
26960
85274
55007
62569
43270
76824 39133
48754
4824
62573
70956
75974 41658
37456 77408
37445 37446
48079
43259
69567
26475
14813
48862
41665 41666
53901
62208
78081
87130
62372
5417
34064 78565
34016 34017
27011
4887
82546
26968
77265 37844
26904
54952
72034
16815
56524
14996
86066
26983
14985
80790
64744
1256
42987
34796 78313
41875 41877
60951 60950
82738
41162 41163
82741
77015
9215
38987
54351
43039 75518
60865 60866
70351
87454
34785
76144 76143
27972
87532
36301
28011
36221
43675
28683
28071
28015
61799
9147
27980
28663
36228
39021
52831
9117
46551 46552
28296
54389
72253
12020
12003
87479
33144 33142
10935
28027
82687
47475
43627
85738
33111 33141
10912
34816
12030
27322
28043
70414
10869
87427
70385
81399
73580 48903
9305
38964
34802
52917
28492
52792
70404
35521
38975
10940
11993
9538
85734
43664
9348
78844 33287
35140
9369
11560
82837
77189
70092
61710
76852
54424
54428
41919 75897
27788
11607
9404
9463
60955 60957
62029
77253
33305 33306
11584
11579
8761
25853
33105 78893
87733
87789
75322
35147
34592
53495
9443
82839
81491
61781
85729
28550
39439
70337
9525
28221
35212
70332
61832
52738
28187
70329
87512
11608
11629
11640
39443
61705
28163
48908 48909
75326
11670
61743
52756
61757
61651
28225
28531
54452
28543
85577
81176
54338
27284
11991
43037 43038
75532 42984
53056
11013
85689
85688
70256
81304
87577
12554
12649
12519
53014
53013
39514
39523
46358 46359
40721 40722
12730
34767
82754
38824
52679
12608
35415
12644
75792 42238
70449
12594
39227
28840
39598
27651
74423 46354
39524
41377
27659
35487
36355
81585
39704
46725 46726
53021
12317
39639
42357
39737
33030 33031
28899
12375
28915
12326
80927
53115
28857
12401
81438
35403
35398
27433
46740 46741
80920
41364
85374
27537
85365
12389
52998
27533
42353
38924
77041
38981
52630
47441
39087
12051
39109
29054
39365
38927
12219
12087
12095
12107
29106
72336
27159
12048
52636
47560
77086
46618 46619
35567
47464
12037
48812 48813
27340
12156
12202
61276 61279
77091
29140
75403
12183
29157
52969
85668
27664
35380
72199
81278
87605
11883
47552
87607
38818
29299
35496
29219
29223
46792 74274
29022
27565
82777
11694
33365 78815
10788
70206
11755
42401 75738
52907
39360
61298 61327
27152
29298
27142
11776
74404 46402
52991
52653
11747
47583
53437
53389
62062
25190
6384
9874
36638
16264
43096
55961
25207
54649
53210
84981
83300
69026
83301
61435
74836
33946 33872
69018
54692
25356
85055
9729
53257
25198
43136
88517
55858
41341
62763
55903
25179
25188
62785
74840
35014
53137
33893
56323
70888
75911 75910
36656
75732
35029
78246 78245
35027
61399
86023
39189 76816
10582
56306
61441 69474
53574
47200
61471 61472
56247
78071
10500
36653
68989
83315
10481
78603 78602
61498 61470
80424
80464
35024
61477
88631
43043
62843
77945
25362
6435
76563
41593
54486
37896
76559
41403
56021
10155
47385
77982
62879
6426
41844 75919
42910
54480
56001
62723
83243
6040
77979
63093
83241
47130 47131
63111
41612
63027
34014
10137
10145
88539
25464
33833
54511
61621 61622
77952
25607
70845
39282 39284
80538
76585
48633 48634
47212 74148
9658
53199
73822 73821
76578
74908
53147
39278 76789
62661
9725
78637 33875
25406
81724
42924
56078
76588
9893
53360
81729
6493
36646
56022
33865
76591
83215
9712
85995
25166
5683
69471 61447
5865
5868
61326
26017
11378
26018
47693
8959
43992
41300
43893
46421 46422
5837
43896
70151
34637
61314
26056
72369
11320
8880
35371
78341 34712
9044
26097
5811
61360
43390 43391
11317
73849 48120
26071
75379
33838 33840
11299
53615
85607
8796
61748 69375
61900
61750 61751
11268
35164
27945
25743
27950
62066
78650 33458
41826 41827
25813
27942
8762
70039
61962
87661
11295
41173 76140
34688
33811 33812
27880
53404
61246
61258
27951
73559 73558
8698
61659 69403
35348
25641
43496
53633
47260
47172
61575
5603
86959
10404
56204
36554
78030
46839 74390
74154 47199
10395
61823 69344
10403
61501
43863
34642
5607
10194
53545
43832
56288
25347
34991 34992
43827
5694
74876
70886
42585 42586
56273
35300
53561
25261
56209
56130
56175
69337 61838
26080
8937
6006
9600
72174
70108
8911
11333
8939
75522
26000
53641
76856
61180
35374
87681
34673 34674
11334
61507
33770 33768
10384
10411
10416
5565
85613
46478 46447
81227
61179
10322
54461
54271
43767
10332
39220 39221
55852
72890
32027
65659
63333
65857
74823 74822
63330
3657
40395 40396
18371
18353
49407
18444
18442
76541 39980
3453
18414
37373
50606
40844
51804
79252 31977
17091
29612
41015
17101
49766
65601
29642
40402 40403
51756
18520
44228 44262
31982 31983
64059
47741 47742
29719
50599
29754
39973
38327
57552
45008 45009
47783 73956
7597
3424
47781 73957
73954 47788
57534
29417
65433
44278 44280
49363
3317
18620
18583
3255
49444
42679 42680
18769
63336
47802 73946
18760
36674
49616 49617
35544 35545
49453
29410
3205
39954
36684
33587
3483
65653
7559
29681
527
40034 40005
49596 73376
64001
32748 79003
32702 32703
49600 49601
63970
45090 74857
67120
51906
66373
16890
45303 74782
31166
583
67077
49687
612
30990
17633
30992
596
36808
7272
17014
45097 45098
51576
17009
38351
16981
67169
64009
775
50438
39797
40083 40084
39874
39882
41198
17295
49820
722
39956
76087 41334
7140
29658
49811
29669
3545
32506 32508
65617
17321
36796
31093
41329 41330
31172
31083
31103
676
16938
49836
65605
64068
73478 73477
17086
37402
40075 40076
7118
39976
18075
51593
35610 78038
3921
3922
23937
23927
37043 37041
23916
66128
23978
57877
36014
6763
6703
47713 47714
63206
46540
23950
66118
23957
45847 74589
30238
57935
23565
23564
50206
30177
6795
3919
4009
46514
30138
23633
50216
74591 45837
57897
66343
3954
38217
30365
74804 74803
23148
50184
66306
23268
35253 35254
66367
50245
2575
35197 35200
77619 77618
23031
2567
57710
37137
44671 74996
38166
2463
57889
50145
35223 35225
63278
23838
23894
23207
23840
2493
37021 37022
2409
2395
66360
40038
4000
65391
37105
29362
4101
57415
29354
17935
4267
29540
57406
57403
4269
40864
77568 77567
65587
79229 79227
65493
4041
4110
17962
18078
41351 76077
3339
18060
3378
49459
78114 78113
29319
63408
40333 76686
4127
57638
4166
29324
65384
36721
65477
4255
23728
29828
23688
23687
30208
3808
42703 42670
63147
3856
23771
30199
6724
3983
23737
32030 32032
77583 36953
65526
49471
65478
7424
18121
18105
32018 32019
18140
7407
4196
49529
35651 35623
29465
57444
63176
49505
4237
30983
51606
23033
30684
1635
1672
52314
40498 40499
1117
41032
76363 76362
37549
40508 40510
19311
30835
66520
19250
19158
47014
19285
47123
19301
46234
52125
47084
63940
50675
40559 40529
52112
1162
30936
1142
18939
47074
52104
18960
1650
46212
1144
63926
20611
66651
39831
32434 32435
30491
66534
52494
39752 39720
39830
40126
1453
20429
30405
305
40124
50709
63922
1559
44954 74903
37548
1704
66410
1869
1790
52512
66440
32447 79103
47048
1289
66518
30474
39829
20603
74515 46047
52043
30409
2041
19812
19534
52162
19537
19806
19542
52295
1923
1929
1174
19681
75718 42456
40655 40657
40425 40458
46922
1254
63854
37427
19455
46985
19390
19589
52217
49534 49535
19445
52211
63870
40688 76297
19584
76300 40686
1980
1243
41238
19634
32863 32866
1874
50655
66832
19101
73503 49142
37567
49203 49173
66842
2017
19025
19080
2026
73494 73493
32819 32820
18930
52021
19021
19029
37569
40676 76304
19696
2066
19738
2069
1169
2075
19710
40151
52059
44995 44996
75592 42805
49544 49546
19038
32771 32772
74521 46022
30425
66997
67463
38383
46788
20849
17503
17499
17492
51685
31308
51643
51647
64154
1388
50474
17551
51738
1290
40200 76466
67017
37169
63958
20294
41109
229
67355
31215
181
46068 74509
20126
216
46793
64145
20101
31416
39698 76647
74769 45344
17370
17610
49705
39766
42858 42859
50412
986
49721
51533
17718
79067 32587
7290
49726
46064
50424
916
50477
64182
17361
17432
64203
39760
46761
17338
862
17441
51706
37210
17428
17584
17737
51718
31352
64197
20279
20292
39728 39729
19924
50889
20640
52453
20682
37429
63825
20718
1478
44883 44884
20683
46265
20011
67310
430
30940
52522
46604
486
20799
73512 49133
20384
50852
52556
40600 76326
282
63757
67289
1524
20844
20841
20839
67274
75568 42898
67252
19978
40164 40165
19855
37450
19889
52337
52336
22
49506 73405
67448
46280
52446
19899
39612 39646
40152 76476
19930
32412 32413
32418 32419
4
41133
50802
39851
76674 39622
46160 46130
230
75
20064
31276
67427
41175
63790
41097
31238
50806
20022
2596
23121
33648 33650
22786
35722
22009
53984
58051
38523
21910
47893
7776
21888
33235
7734
44133 75166
13036
59284
35719
22112
13113
77889 36110
14418
21882
33323
40965
75624 42738
22058
8411
22083
13102
44833 44831
14422
36109
32335 32336
36633 36634
64874
13091
58034
76974 38704
58456
31723
22191
12784
35733
34450
12789
65285
40332
22260
41463
47707
7624
40992
12830
7780
40958
13089
31683
22323
77704 36623
22311
13027
31765
32303 32305
36146 36147
58226
59478
22392
77875 36139
22209
48343
59355
44816 44817
33303
80650
36589 36591
75205 75204
36770 36737
14678
65026
22487
22478
48691
22463
14508
60554
38513
48698
36217 36219
22528
52583
32227 32228
33498
14644
14705
60928
65047
65045
14699
33575
60949
22622
8140
14706
40669
22702
8143
65043
14726
48738
14346
52586
8511
58008
33067
14454
14484
33084
33095
64795
33153
59304
8300
33298
73764 73774
58001
48663
8517
60666
22889
58200
14366
58148
40824
38559
40680
8548
60738
33152
33107
60649
14289
58197
54014
60641
12914
83169
60947
64397
31590
7929
55301
7907
37889
32288
76773 39334
53722
55349
69201
72933
77210 77209
7897
59820
59882
55309
38040 38041
40298
31622
75699
87027
55536
77226 77225
74252 46879
72930
31595
55328
53746
13309
13314
7947
83198
40918
69218
59770
8561
77881
85981
38355 38358
46907 46909
55828
88443
35673
33641 33642
5106
5158
35875 35876
35873 77954
64439
32040
32002
5087
16085
13412
16169
64438
55426
75702
76762 39364
55407
75692
59880
5088
55388
16148
16212
38335 38336
5104
32324
31656
53921
53971
47779
81696
59045
75632 75631
40350
31675
13622
58249
58243
80640
7998
48457
50734
41454
58284
48348
76624
69302
31851
77825
58430
40301
47706
87057
77154 38163
12977
58225
88388
31822
13747
69339
31826
48429
65119
59010
38660 38661
88334
8020
31513
35741 35742
80685
13668
13685
88330
13348
59219
48250 48251
37983 37984
32190 32191
80665
70781
55439
54117
55478
13719
47102 47103
59019
65128
8038
59027
13738
58340
77775
37803
59034
31476
58313
58295
54094
47787
44623 44624
33447
23088
2966
66037
3031
37010
57366
24035
2705
32826
50021
24308
2716
24244
6825
63124
49886
24249
57313
63687
24967
24864
2958
66078
47822 73938
36940
79300 31823
24880
51363
37014
24860
56930
49998
3102
35330 78139
47844 47845
24309
45646 45647
2762
6883
60500
60484
57237
57221
60487
24553
2772
57254
47387 47390
40542
40043
57193
32909
60467
51054
24450
45712 45713
35619
24060
76944 38796
51402
24046
24170
24165
49917
24457
44238 44239
24137
49928
2848
24516
24512
46352
37087 37088
40045
35932
29969
40007
2199
29833
6655
23311
65949
65951
29846
45579 45580
40574
23377
6644
38274
29888
47885 47886
29902
57728
23412
57671
31860 31861
57780
30301
30113
6689
2505
3170
40886
57745
45740 74632
29912
29913
46387
22979
76912 38886
63613
30024
45678 45679
39999
36947
56904
74985 44704
66056
63703
24592
56866
66061
30028
37085 37086
63700
25092
24710
2319
2161
65974
50271
65966
7023
24825
57054
24812
7013
65913
24792
41101 76165
50283
77524 37124
6997
24615
24366
49353 49354
14549
48584
60831
13886
21051
60886
36155
58957
45440 74736
49452 49419
8260
21070
8111
33411
58778
47819
58780
32655
40803
13879
64218
60134
32738
47861
40742
47665 73998
21707
60155
60851
36271 36305
58888
64974
32635
58876
76885 38953
8106
33443
20932
38546 38547
36190
21236
21308
40652
61029
40684
36730 36731
8079
21142
21134
33382
21128
51207
58814
75015 44632
51198
20985
21380
40982 40983
20978
36176 36177
58734
60763
20954
38641
48476
60776
60789
38452
77029 38552
8088
51200
13940
41049 76176
58640
13865
24387
46429
34182
36501 77740
44592 44593
49457 49458
58645
39025 39026
58699
60019
60006
21613
21522
58643
50048
60522
24391
41771 41773
40786
6910
32945
24355
51071
47445 47447
24346
24334
60464
38979 38980
44598 44599
14016
24380
24420
36074 36075
39023 39024
14113
32552
47635 74010
36027 36028
44588 44589
58584
51002
13758
63545
38913 38914
21851
13760
75031 75030
13767
36019 36020
41778 41780
21669
21763
32683
14122
40705
14123
35996 36029
47603 47604
21495
63581
50032
32540
34261
21482
63560
21648
35968 35969
13834
58507
28913
5642 6060
81368 25661
6799 6800
71510 55306
55330 71512
13439 13863
71393 55746
85537 13449
42860
71381 55767
71492
51459 51460
13502 13503
51439 51440
45275
59604 59605
7538 7539
87956
6797 6798
20686 20687
71814
86127
80136 29336
22008 22815
72577
66999 67000
70623
67010 67011
81699 81700
13401 13384
72739 51525
29201 29203
74621
22409 22361
55433 55404
87513 7676
29167 29169
24352 81808
43064 43065
45245
51355 51356
55444 55445
85385 13854
27168 27182
27215 27216
74608
13797 85406
13751 13752
13739 85432
80141
72569
13727 85437
67610 67609
7485 7486
55353 55354
87232
55578 71436
59613 59614
7082 87709
43080 43081
82305 82580
14321 14322
67216 67217
14143 14145
82368 22212
11845 11846
67307 67304
25674 25643
71495
67538 67285
74586
73319
6697 6698
11677 11678
13942 13943
11641 11642
27793 27826
66551 67775
62806 62808
86116 86115
6718 87838
67788 66519
66531 66532
66618 66619
24574 24575
24604 81722
85239 14298
85238 14300
27128 27129
14199 14200
6805 6806
87806 6810
11811 11812
86447
14386 85245
67464 67465
11799 11765
27141 80848
88991
84100
29269 80159
73251 73250
82886
43979 75259
81106
20770 82998
22225 22634
84099
44024
67553 67551
62826 62827
11838 11839
27847 27848
72777 51415
51393 72797
78806
29189 80128
23083 82459
51695 51697
66238 67874
88579 8850
29373 29374
67873 66241
68136
66253 66254
21416 21417
66298 66230
15469 15471
25152 25154
71343 55864
15508 84819
75504 75503
15396 15397
25110 25126
15068 84976
70606
42826
68661
45091
66202 66203
66210 66212
74369
27352 80776
59164 70234
84893 15305
29497 29482
62129 62130
89513 1428
70611
14584 85136
1433 89510
65961 65962
66070 67930
76229
85132 85131
66036 66038
75507 43097
22526 82225
1466 1451
89036
55886 71339
65939 65940
89509 89508
78792
15322 15356
86233
25044 25060
25047 81579
15282 84908
66271 66273
69861
56265 71196
56219 56221
80075 29536
29504 80084
72636 72635
69810
56083 56084
74355
56093 71260
23078 23025
85404
75814
69738 60593
82989 82988
24292 24293
51848 51849
65702 65736
73618
56142 71238
44208
68130
24238 24239
51379 51380
42762
65759 65760
87533 7618
7711 87498
65381 65382
65286 65287
29598 80057
44224
79819
51627 72709
65454 65455
60544 69755
78349
29580 80060
71170 56339
29574 29588
65426 65427
22458 82456
56304 56305
56312 56313
75216
81764 24480
15240 15241
7204 7205
56110 56112
27073 27047
88917
89421
20807 82982
51823 51787
65278 68199
51855 72637
62803 62805
80157
21600 21611
75269
86191 86190
16886 16887
30649 30701
11440 86215
20983 20984
27642 80689
76338
50578 50579
18412 18413
45897
12191 17769
84378 84377
63219 68861
27655 27654
42745
81430 81429
73271
73086 73084
76040
87860
60308 69831
50680 73011
73014 50676
25456 25459
12877 85742
82205
8575 87182
89962
30632 30633
49847 49848
69842 69840
16707 16708
88885
25337 81480
64045 64078
70101 59547
21810 21811
81464 25364
82947 20908
11556 86179
73297 73296
68655 68654
16698 84438
20911 82946
71574
8808 8809
64114 68573
80032
60258 60259
11581 11582
82909 21016
50168 73307
79724 30600
45905
12900 12901
78405
50720 50721
63577 68764
26238 81178
17278 17279
74035
44480
82282 82281
30522 30523
84219 17265
69645
80477 28325
81607
17380 17381
84181 17363
84166 17398
74666
22270 22911
68425
63456 63420
71539
28344 28326
13157 13158
26169 26170
72670
81859
86437
73441
73152 50250
7851 7853
50640 50642
71041
81439 81435
12984 85699
30484 79765
44458
63070 68902
86723
84044 84043
89992
13000 13001
63169 63171
73451
22587 22914
82594 21935
84033
81421 25486
84617
79305
12966 12968
26198 26212
82370
12791 12792
63477 63478
12799 12800
8824 8825
85476
30258 30259
77325
67654
14095 14096
12154 12054
66791 66793
44086
67700 66795
66798 67699
86743
12026 12027
66912 67666
50063 50064
80613 27905
67681 66862
75552
12045 85999
66689 67730
6924 6925
86011 12001
14072 85304
73431
85530
22068 22163
81128
69982
25832 81305
67655
22131 22115
12132 12133
71095
87704 7097
87732 7036
66634 66635
42693
13977 13978
13969 13970
11748 11749
75287
72139
79403
27765 27766
67803 66482
66650 67692
67795 66499
44670
13997 13897
22125 22735
73270 49938
7162 7163
12186 12187
22108 82339
87694 7114
66462 66463
43163 43164
43493 43494
11988 86020
77280
8334 8335
25719 25707
21095 21096
84128
87233 8437
16919 17100
8562 8563
67626
73348 49702
8329 8331
30285 79825
69896
82938 20939
44074
49669 49670
11091 11092
60387 69822
11103 11104
84424 84423
11154 11155
63878 68657
64062 64063
86741
71476
74136
11301 86269
72495
7021 7022
63852 63853
71580
79157
69968
67668
66778 66779
50049 50050
65255 65254
63808 63809
83954
44055
11237 11238
70136 59443
76085
84304 17036
44080
30407 30408
81336 81324
11345 11346
16986 16987
83598
63829 68670
68741 63639
59526 59527
74127
89035
45116
18263 18266
23570 23571
71077 56597
84495
86853
74397
78621
59962 69956
89947 146
2498 2499
58003 58004
250 89907
20342 20343
42616
23593 23595
89919 214
2309 2482
2297 2299
79828
74379
56501 71117
2287 2288
20156 20157
26782 26784
2282 2283
26775 26776
57753 57754
88832
86222
57922 57920
45362
4029 3993
57930 57931
23163 23164
44687
78757
42516
56628 56808
43608 75339
74394
82006
887 888
889 890
74695
86182
820 89724
78744
73471
20353 83147
68381
44657
831 832
82181 23262
68330
45305
68160
42610
89244
16 17
84486
81015 26691
443 89898
42605
68311
54882 71648
511 512
43734 75305
89468
86096
57462 57463
78766
81971
88847
44803
74450
54910 71650
54815 54813
89218 2356
42599
23434 23436
413 89856
45551
68378
57450 57451
82046 23636
23626 23627
89836 467
71709
28904 28906
57295 57298
62300 69174
26680 26717
86185
2333 2334
89231 89230
71197
70869 70868
132 133
57242 57243
81959
57843 57844
2318 89232
78894
60121 60122
70678 57834
2277 2278
91 92
23671 23672
74387
19984 19985
2215 2217
26700 81010
19756 19786
1058 1060
75273 43851
84546
83687
83816
3480 3481
70591 70590
71731
58412 70493
24160 24161
3474 88846
45004
24103 24104
84285
24148 24150
71725
24062 81896
70490 58420
58058 70608
70613 58044
88837 88835
70617 58033
78937
4215 4216
58095 58096
58244 58245
4228 4214
75340 43607
3783 3784
20470 83105
24205 24206
71719
43811 43843
78965
24188 81862
83035 83045
83048 20629
88804
79673
69152 62361
58558 70444
83054 20608
24164 24177
74271
58321 70521
71717
59806 59807
58497 58498
3546 3547
3567 3568
44955
88816 3564
43635 43634
81852 81851
88843 3521
83078 83077
88623 4244
58196 70566
3688 3689
67886
79937
23371 23355
84544
79656
57537 70773
69212 62211
86578
648 649
23361 23362
20223 20224
70024 70023
56798 71015
57506 57508
78751
4085 88668
1076 1079
4115 4116
76289
74438
84307
89361
57751 58027
56796 56797
79843
591 89798
3947 88709
23768 23770
82147 82146
23766 23767
42522
68301
58374 58405
70504 58385
86683
89741 791
23795 23796
19835 19836
19842 19843
57624 70748
4343 88594
23694 23695
4346 4334
89281
23317 23302
19938 19939
70719 57700
4296 88612
89267
88708 88707
19910 83292
776 777
62400 69141
82113 23445
80964 26820
65952 65953
14946 14947
54585 54586
14923 14910
1160 89608
80796 27295
1237 1135
76312
68092
79707
44742
80307 28784
81845
76235
72835 51270
60005 60040
80166
73488
71300
54639 54634
78915
51173 51174
54610 71741
51171 51172
68767
44752
71667
71750 54582
78902
71847
82072
61988 61954
59410 59411
2997 2998
54337 71831
89336
2006 89343
71032
82843 21202
71892 54141
1248 1250
82073
3038 3039
82824 21249
1358 1359
1362 1363
78454
51121 72880
68003
44763
51022 51023
21175 21176
51069 72907
80168
51067 51068
85020 14952
74582
68061
82069
14428 14429
73245
85886
74577
45134
25189 81524
68067
27262 80809
1623 1624
85182 14460
21709 22410
71118
29468 29466
81014
25284 81487
21612 21599
56014 56015
69916 60064
42462
86630
89301
67964 65991
85099 14682
44119
55819 55820
50736 72994
73483
42478
62153 62154
51155 72872
68102
89430
80799 80797
44774
1178 89602
70227 70226
86246
82941
50813 72965
43828 43829
80798 27234
71312 71313
73658
71307 55966
75236
1568 1569
85162 85157
14533 14534
50843 72954
14455 14491
14451 14452
27275 27276
55988 55990
21353 21354
73309
1988 89349
44880
81096 26485
61937 61939
3071 3072
89173
3051 88979
70943 70941
70946 57005
79872
82096 82095
3098 3099
89236
3085 3086
84403
78868
89404 1791
78266
71634 54957
86199
1854 1887
75891
3251 3252
84569
21321 21322
88907 88906
3287 3288
82054
54809 54779
81998
26854 26855
297 89890
89316
3176 3146
44924
23521 23522
68224
70832 57345
79875
73674
45556
80942 26831
89321
1834 1836
26848 80949
73511
83231 20037
59897 59898
42574
43681 43682
86673
84395
54805 71678
89395 1823
59895 69981
88944 3184
3181 3182
44582
88928
2060 89319
73460
89049 2844
84817
26608 26609
60187 60188
26601 26586
89277 89284
84764
73269
89065 2789
57126 57127
21364 21365
57086 70915
89163
54298 54301
71802
25019 25021
26544 81068
45461
54314 54315
82393
89331
44888
78917
28662 28664
56947 56983
26418 81127
84816
80220
89443 1658
82430
60244 60245
75301 43746
81135 26395
78717
70977 56922
86695
44601
56981 56982
26516 26419
69853 60247
57155 70891
42622
79695
1743 1744
81122 26430
89416 1917
79860
70146 59399
2108 89299
79696
79382
83041 20645
29876 29877
81216 81215
74184
5335 5337
44334
72552 52113
81286 25884
84618 16125
31165 79539
80498 80497
53496 53494
46009
87016 9026
83874
71421
16215 16213
12624 12625
16296 16297
60452 60453
67833
28253 28254
16181 16180
12313 12314
18635 18636
16636 16638
53593 53594
53294 53295
59132 70243
28047 80557
18804 18792
79259
16170 16171
42370
79542 31162
16176 16177
72551 52117
12277 85939
12283 12284
80970
84255
6541 6542
68705
83578
83674 18852
45971
70255 59085
75802
6080 88052
68500 64297
71623
9790 9792
53431 53432
6071 6072
73793
17874 17875
10325 10326
6068 6069
79336 31780
64403 64404
79443 79442
52736 72354
44279
12710 12711
45604
28279 80489
83465 19449
28278 28263
72553 52109
65054 65055
68273 68272
83725 18683
52752 52753
87021 9059
52064 52065
19413 19425
9034 9035
4551 4552
6182 6183
82115
45606
9019 87034
71612
89670
26303 26304
26291 26292
79901 79906
88366 5081
85905 12400
84523 16428
85899 12421
84502 16464
30836 30838
5043 5045
86516 86515
19339 19341
52089 52090
89946
80894
6568 87884
51914 51915
89943
30063 79897
12436 85894
80009 80008
31619 31620
88075
15735 15736
79676 30744
29909 79945
85924 12348
75182
53802 53803
19200 83546
51876 51877
59113 59114
87083 8862
79390 31596
53799 72004
74007
65175 65178
10552 86538
89051
68214 65218
16355 84542
62641 62642
75603
53769 53770
82386
9098 8993
5963 88084
25942 25963
8901 8902
59047 70267
52099 72557
86319
9129 86996
69109 69108
76156
16581 16582
19349 19350
25974 81253
68220 65152
86531 86530
75207
16370 16371
85398
16411 16412
30152 30153
41991
6560 87888
19105 19107
44326
5784 5958
70664
84536 84535
53773 53743
5376 5377
79131
10542 86524
4640 4642
10867 86412
5189 5177
19242 19217
85325
10414 10386
58609 58610
72427 52520
41965
9971 9972
72460 52433
26021 26022
78329
41834
10423 10426
83443 19503
88435 4855
83417 83415
4716 88480
79595 31026
52477 52445
19513 19514
26034 26035
17954 17955
4414 4415
10225 10226
19524 19527
88452 4740
54051 54054
83440 19523
76117
4680 4681
17804 84024
89083
84232
82973
17959 17960
10406 10407
9920 9921
19563 19564
19552 19554
72687
31319 31320
71620
67783
83398 19635
52649 52650
53927 53928
72380 72378
19685 19686
10007 10008
82244
58696 70389
53838 53839
4837 88442
9997 9998
52665 52666
4840 88441
69058 62518
9849 9850
88110
52617 72383
89716
62520 62521
82257
69617
58713 58714
52471 52472
52579 72418
52465 52466
9431 9432
53941 53942
45965
52463 72445
52563 52566
17997 17998
69629
9511 86864
89761
10111 10014
81616
52867 52868
83570
4779 4780
53200 72208
84644
79584
18958 18959
53024 53025
10166 10167
41940
68551 64173
86792 9730
52984 52985
9705 9707
43138 43139
64282 64283
9768 9769
41946
83005
19312 83511
83781 18516
85879 12476
64219 64251
26009 26011
6107 6109
31404 31417
64359 64390
52829 52826
88518 4603
28191 28192
10378 10379
45930
31411 31412
69743
85306
69741
71940 53995
71937 54001
69091 62543
86511
10181 10152
31250 79505
9949 86726
10518 10491
79578
86550 86554
86642 10224
79109
84265
9943 9944
19287 19288
4801 4802
28201 28202
52883 52884
45661
72307 52876
62526 62527
4781 4782
86545 10501
10498 10499
86831 9604
54066 71917
10124 10125
68521 68520
4766 4767
60426 60427
4447 4448
79050
18861 18862
70318 58912
4773 4757
4744 4745
43890 43891
64602 64603
9743 9744
31511 79424
4532 4430
86509
4803 4804
18898 18899
88328 5179
65089 65090
4938 4939
82137
67562
51984 51985
29753 29755
72499 52296
43989 43990
53727 53728
42012
63411 63412
52204 52233
6440 6441
13049 13050
19060 19062
80436 28440
79621 79626
64928 68315
6465 6466
76097
29900 29901
87061 8930
85908 12390
15787 15788
6368 6369
45766
5684 5685
62614 69064
68495
84656 84655
13078 13079
18331 18332
9368 9370
13127 13128
28432 28433
8044 8045
19179 19180
26375 26376
26368 26369
13110 13111
79632 79631
51986 72588
83869 18255
50403 50406
8054 8041
52293 52294
83879 83912
84005
88182 5671
85653 13134
45697
51955 51956
5781 5748
72679
83947 83946
43995 43996
45789
64758 64759
10783 10785
86383
82570
18231 18233
86897 86896
19026 19027
15604 15605
85666 85664
19024 83611
83830 18369
5169 5170
88149 88148
45774
82997
26157 81200
13088 85671
83943
15686 15688
76744
9244 9243
19372 19373
5698 5699
10671 10672
63413 63414
87354 8082
16065 16066
76725
26361 81143
86477 10700
5704 5705
18129 18131
9192 9193
8087 8057
69042 62673
29727 29728
84747 84746
58833 58834
30931 30932
29725 80011
64958 64959
84767 15630
89042 2859
30439
29292
48646 73673
40986
29424
66873
11865
12228
89041 89040
88374
29262
40745
86925 9332
21487
65079
71406
9947 9841
65315
45667
45761
11818
46486
29227
56895
29195
30878 30879
44904
2782 2784
77747 36482
78742
29210
66819
68540
66816
40995
21820
8609
46475
71070
40921 76222
85137
65303
46934
21857
3482 88844
78651
69340
29228
30460
65294
48347
65293
65110
58333 58370
41072
74187
35168
46557 46592
3294 3296
36255 36256
31296
67959
47513
40962
3204 88935
56994
8821
11743
66717
59757 59759
21711
64900
48261
8806
5584
48266
48558
64855
11707
73545
50062
73857
10928 10929
19793
28892
28887
21082
88915 3261
76047 76046
21093
56921
19809
57585
79509 31239
68241
64845
79881
49428 73426
82511
10900 10899
40744 40746
32972 32974
84277
66895
20579 20580
29411
59878 59879
65217
36546
19643
2800 2905
66931
43917 75246
20585 83064
35498
78738
45566
73655 48692
40288 76433
84272
81928 23981
21681
82002
69345
21686
40470 76371
74704
45577 45578
3216 3217
34800 34801
11808
32980 32981
84345
56876
74993
3519 3520
11927
48216
76416 76394
35160
29763
19659
30430
64864
76633
33791 33794
73561
11894
3239 88923
30536
83916
21510
29089
24093 24092
59002 59003
58757
71302
83688
70049 59702
18923
28375
45490
82038
54626 54627
51975
54631 54534
28352
78800 33405
68111
69312
69311
77163 38133
24883 81627
76112
5629
48450
12700
58944
64237
45645
80302 28795
20568 83069
66491
78840
28286
44158
60621 60622
19066
86717 9962
58874 70331
8646
30564
28266
12670
36655
40829 40798
68252
67728
48773 48774
81624 81632
78831
29493
14866 85040
14851 14852
64703
12257
77764 36806
28736
78834
48464
9165 9166
54497 54495
83042 20643
49953
33228 33229
12380
67947
24124
64665
36423 36424
28712
9844 9845
58749
28641
85139
24443
82509
12364
5665
86707 9991
24564
81640 24838
64285
41622
33414 33415
89778
88400
64271
64774
35329
28681
84440
58753
30550
71789 54425
58529 58530
64242
24414
77743 36493
64414
29359
2989 2990
5758
10187 10188
44351 44352
19014
88406
21589
30574
2980 89001
36464 77754
19012
29138
29135
3022 3023
79506
12571
51792
51774
12581
58860 58862
48249
21572
9925 9926
65163
45434 45435
89020
50027
30946
84200
54366 54367
79869
19048
36471 36472
72895
40750
40719 40720
21431
65141
21443
67726
50071
29337
30590
44894
12719
28303
89560
57046
58870 58871
28466
12760
28471
51779
45478
24390
33961 33962
40911 40912
30599
74339
24392
82264
29548
28304
19086
30602
20566 20567
67720
12753
43703 43603
21539
78779 78778
64353
54211 71868
40428 40430
85068 85067
28428
20552 20553
84505
14732 14733
40920
28417
54178 54179
14711 14712
9976 86713
14765 14766
64461
71404
69852 59867
66867
8687
80266
57001
82252
58495
89171 2658
23219 23221
30970
78622
41099 41100
9399
20184 20185
23402 23404
40174 76470
40378 76401
43762 43763
2697 2698
9118
58005 70627
45254 45255
40577 40578
23587 23588
57963 57964
22351
57290
35563
63765
2521 2507
30762
63371
27914
45613 74675
89221
74694
21970
63317
27953
9217
20229 20230
9395
69168 62324
48650
40696 76295
22851
34768 34769
36307
23249 82186
63748
27970
57898 57899
22861
2634 2635
73385 49571
46594 46595
80263 28932
46694 46661
27270
49588 49589
4321 4322
33813 33814
36382
62288 62290
23572 82074
10679 86486
30648
31401
70720 57698
9008 87035
27374
22302
22319
19515
19510
74691
36261
40369 76406
27877
57878 57879
57769 57770
19546
87013 9080
46052
30845
22456
22457
63138
79418 79417
22472
63952
79824
31158
41210
74653 74689
86499
67831
68161
27285
19536
74693
31423
22940
63340
57134
89226
48667
84327
78912 78911
64153
31043
83139 83138
87043 87042
27776
84573
23181 23165
30654
36244
31034
43927 43929
27790
40196 40197
64121
57596 70754
44941 44942
30696
57937 70649
9520
41084 41054
36288
20366 20368
64202
71655
49514 49515
23189 23190
83653
57316
64189
64188
35215
27818
31177
33048 33049
57543 57577
40555
48673
20382 20381
4094 88669
20380 20369
64112
41201
28122
46070
89224
28190
28216
57892
2588 2589
48282
86449 10789
28195
27837
64058
75267 75265
35558
63797
2576 89136
35553
27683
9555
69953 70036
82141
63358
9211
63822
22014
30716
86196
63791
41195
40241
83183 20218
71590
36202
35187
10762 10761
45338
10563 10564
4043 88677
78656 33822
57479 70789
44677
45037
21893
8976 8977
76445
31072
22746
35186
28936 28934
5831
48615
9050 9051
57616
3172 3173
40408 40409
54800 54801
59077 59078
64969
66768
57633
40171 40204
58685
81836
46331
5974
5977
29644
31233
67766
57642
68788
40660 40631
5988
81974
39883
27459
29604
83870
45483 45485
40496
57429
23440 23441
27660
63574
57432
31764 31762
24039 24040
8749
45599
29610
54691 54693
29048 29049
89317
27652
36343
27542
58693
66792
45043
58718
39972
35153
30529
19752
89740
31689 31690
74435
3107 3108
42815 42816
35158
31193
22119
48606
3490 3491
57009
78685
80647
19792
21058
65011
55190 55191
41235
22240
9774 9775
22259
5993
3156 3157
19790
20853
88614 88634
86442 10826
24027 81909
86768 9824
40736 40738
36349
57031
56963
46605 46606
11781
33011 78923
36329 36330
46274
66665
88958 3114
36419
31227
11930
20200 20202
2410 2411
9270
28747 28749
45548
31572 31574
36257
31106
9002 9003
28955 28956
77642 36780
2265 2266
87038 8996
71012
31392
9423
21190
31130
10962 10963
44864
86348 11060
73818
27146
57457
20236 20237
69194 62255
10972 10970
63217
63948
83901
9400
62256 62257
9464
22577
40624
5863
22403
2235 89250
9451
31087
31091
22598
27266
9267
63629
45309
40360 76410
79124
21213
54864 54851
21327
28232
23477 23478
33850 78644
34846 34847
88806
74432
27605
35499
48500
28897 28898
43566 43738
11953
78247
74430
27577
41246
44806
45621
45474 74725
76149
63890
46171
2471 89177
31178
5765
27201
71265
63682
82150 23329
40797
54820 54821
21135
11066 11067
57396
82103 23472
44414 44415
27246
40610 40611
2374 2375
57398
21138
35501
63603
21160
58511
41592
31001 79602
27937 27939
32537
47165 47166
45027 45028
86474
19960
52165
18757
19904
32541
80652 27759
28106 28107
80712 27574
84330 16967
48161
32116
52168
12455 85887
52181
56664
30234 30235
27571 27572
52195
47159 47160
80536 28113
30084 30085
48174
53716
18871
78522
83557
56006
71473
14126 14127
45069 74865
18345
71832
17824
40257
18675
40260
32497
52243
52287
80028
19887
45992
35074
26451
58803 58804
19881
49335
42521 75693
76556 39947
28159 28133
19922
84738 15726
55994
78532
42621 75661
56775
18359
56777
32057
89113
18370
45979 45980
74505
20228
15696 84744
18574
81908
74517
50671
20361
89100
20354
39343 76769
84724 15751
12363 12365
79453
16665 16666
46153 46154
44491
18461
31966
17195 84244
82372
44403
19914
38896 76908
17189 17190
83971
18771
18773
54108
32733
55393
60373 60374
34889
18793
54075
32165
86331 11116
56830
30288 30289
32156
18405
20280
30290 30291
32622
17119 17120
40361
32593
35094
12611 85835
35016
59676 70057
46443
18204
20706
48084
20701
28051 28052
77632 77566
89070
58287
76065
78401
54590
55506
54504
55931
81725 27475
13971 13972
46029 46030
76064
45198
47060 47061
41531
26196
89931
18269
74574 74573
20000
26314
56302
78429
81721 81720
24598 24616
28248 28261
32755
83476
18114
54621
39149 39150
58271
80047
54603
56322
16209 16210
86069 11867
76152 41136
56230
18283
46026 46059
18297
54696
12265 85941
67591
26332
12215 12216
55952
53909
13918 13919
26569
39500 39501
27994 80586
49570
20021
49621
85973 12143
40245
71546
30314 30315
32575
20057
18064
26548
26543
18073
41509
53804
26623
68441
12049 11945
86167
20053
47999
14130 14131
55480
26582
12206 12207
69825 60342
82155
41484
36980 36981
59663 59628
74001
55856
67659
28135 80530
89928
27805 27806
55890
84078
54541
55894
55901
41501
74626
26253
76015
56027
86469
12253 12254
86358
5735 5736
19966
76679 76678
79779 30449
32352
45863
51350
79312
84206 84205
12946 12947
46931 74236
47727
17467
47935
12964 12965
47934
80066
68682
47762
13030 13032
12793 12794
31699
89997
51267
51262
17593
17596
80452 28419
54838
40201
49694
17021
78555
54843
75798
47764
51404
17042
73999
78561
18878
46948 74230
31853
46191 46192
51449
84042 17749
31814
17075
29677 80027
12986 12987
17034
17488
84611
37654
55285
46738
16995
51417
31916
78563
50498
54861
32351
45851 45823
45791 45792
49699
79978 29810
17392
55018
17514
17397
17545
41832
60293 60294
84167 17396
45821
85626 13212
85603 85602
76642 39707
54931
50440
33083
76057
38592 38594
33052
29878 29880
17345
13170 13171
84700 84699
50525
47907
54746
55008
40185
80015
31746
17697
28397 80461
31451
32494
44454
28359 28361
54767
28530 80408
74592 45835
76359
74503
28306 28307
89130
38598 38599
17709
29898 29899
28497 28498
55003
50561
50559
33259
17489 17490
40449
45913
46754
32207
76569 76568
56572
51224
50857
82168
32302
32261
16906 16908
17099
50860
47272 47273
49753
56464
17127
32486
76022
47263 47264
31617
40136
31604
34950
17291
50842
40044
71046
17200
51098
40018
16861 84367
74537
55759
18572
44492
55756
18471
67563
32484
11557 11558
18493
39930 39901
47359 47360
48123
16694 16695
48139
84782 84781
56361
32448
48126
27717 27718
15534 15535
11622 86144
17181
16681 16682
32216
33356
44486 44487
86205 86204
68486
46131 46132
31471
89914
50786
44107 44108
45782 45747
84775 15615
28438 80445
38654 38655
75352 43571
74018
40108
84122 17536
31554
71040
55045
55048
51382
38656 76996
16897
67517
79758 30483
33524
70381 58730
67515
49831
40028 40029
16941
17249
86202 85963
55099
17243
39375 39376
46844
16846 84373
55785
33375
31654
17236
55083
17268
31493
31624
76756 39380
55100
68483
33438
47249 47250
44502
71531
85727 12932
74667
67503
11841 11842
75380 43480
41647
39769
50289
50286
11189
51488
86547 10493
48585 48586
45288 45289
73390
26010
11191
11134
26138
40493
58165
53554
26129
53550
79816
30322
51504
24403 24404
15061 84977
47045
26098
82383
51484
19134
11085
46403 46404
24836
71330 55906
30390
25706
19340
25703
33268 33269
40677
74983 44707
25686
30280
38845 38846
53236
47011
25859
73696 48578
30265
50301
31260 31385
26059
15483 15484
76356 76355
10402 86582
75836
9583 9584
56069 56250
53638
78793
15027 15028
10726
74443 46293
23387
74980 44713
24397 81774
9610 86829
18880
42419 42421
56349 71179
58079
25248
41792
82326
53474
10468 10469
29614 29616
10948
41801
10952
34807
15199 15213
89413
25285
23281
59249 59250
25955
15029 15030
24773
80059 29587
19208
29925
11105
11106
24422 24423
24722
44380
29415 29416
29910
25936
71201 56255
25916
10765
56278 56280
56217 56218
50263
25990
80056 29602
47046
51614
29592 29593
10757
10705
19190
53457
44434 44432
41671
18182
55950 55917
78441
41044 41045
14437 14438
28615
64510
51879
10049 10081
34766
24211
51891
28591
18942
48547 48548
30121
76224
29441 29442
10084 10086
27135
69720 69735
83876
30133
11010
19302
86859 9540
71292 71291
37166 77501
45512 74713
11034
64538
79760
64771
64767
12475
12500
41649
28560
14514 14515
79518
51945
14512 14513
47679
40808 76262
64745
18983
28537
47684
30215
77497 37179
24098
64570
24269
79756
58844
70218 59203
64582
58974
84883 15386
41589
17359
89037
84665
73387
53370
45168
15337 15338
47592
45169
74365
25094
19353
33263 33265
53271
67769
25664
10429 10430
10992
53182
46526
25005
70304 58949
46405 46406
25741
25732
37186 37187
14600 14601
25762
53394
14637 14638
60655 60656
51742
31010 31011
14687 14688
58140
37192 77494
30162
51558
9429 86888
67768
68085
68084
24862
51582
89077
83575
14590 85133
74329
30338
19359
25252 25253
14572 14573
34757
47590
10836
25281
43534 75362
26703
26690
23966
54370
23642
71420 71423
73341
55541 55542
26730
20453
84035 24706
55548 55549
23644
11311
58413
52373
89707
54340
14259 14260
30002
14257 14258
26737
20783
24721 81684
14175 85272
60802 60803
86456
31430 31431
11336
80135
26817
11272
75701 42499
41382
52874
26824
52864
23905
10340 10341
30079
26794
48790 48791
11293
44893 74924
24019
67792
20471
29131 29132
79445 31447
24755 24756
52391
11298
26836
29129 29130
38769 38771
80137 29334
20779
23511
36962 36963
32840
39835
81756 24500
56096
52572
84568 84567
27112
34860
14421 85206
29263 29264
27093
23702
32850
35033
58424
20852
54312
20818
26930
18156
32872
88880 3381
26936
26883
84640
23673
56144
85792 85790
23777
44358
24733 24634
79921 30003
54417
26882
34652
54401
30016
55582 55583
89880
54454
56166
46459 46460
23668
84558 16336
44269
23741
49524
48046
54223
58448
35111
85214 14368
20744
86099 11777
71817
48830 48832
86610 86609
41688
44663 75001
23044
24461 24462
44193
25208
51625
36829 36830
50348
47213
49042 49043
73538 49052
23116
49056 49057
25182
73346
52716
12541 12542
10354 86602
36815 36817
67807
49058 49059
20599
52633
74599
86791
11528
11518
52992
51624
51724
15220 15221
23524
25328
57994
34797
47198
29958
25158
46381
45110
39191 76815
71287
23419
34787
25149
47378 45336
78822
50354
29516 80080
11477
34777
46086 46087
34705
10307 10308
25539
29565 29566
29563 29564
52647
25413
55386 55387
55485 71469
53043
20436
23206
53026
50158
31409 79460
84643
11567
23849
53003
39723 39724
11251
86606 10319
23893
73965
53105
86797
53089
80143
11263
13782 13783
52842
84251
55382 55383
41739
42399 42400
52618
56100 56101
25485
23260
29869
29872
79047
10368 86597
52589
50247
25599
29363 80073
20444
34588
51662
73622
56151 56153
52702
52701
83878
45932
29985
13616 13615
23140
8559
85980
30535
80978
33821
51367 51368
82592
83383
82238 22386
59449
72793 51372
87534 7616
80838
87745
53418 72138
59255
88746
61065 61066
37293
59247
7494
7657 87521
65687 68071
44703
14407
61332
85308
51781 51782
83642 83641
64294 64295
36763
7731 7733
61312
51399 51400
62790 62791
18676 83726
36776
61053
7115
42874
75594
75634
59385
62792 69000
87946
16749
81170
72455
7117
42096
14434
37404
73138
60965 60966
16625
49625 79308
87225
73143
26087 81218
72680 51720
4118
76481
16585
87629 87628
80281
84853
32070 79237
68202 65274
72055
43228 43229
77419
42153 75812
65264 65265
76463
86087
60684
4068
62860 62861
43313
60648
83631 18971
48326 48327
65289 65325
60640
23043 22460
84843
4080
51809 51810
60671
7398
65724 65725
4066
7642 7643
43350
62845 68983
7573
42764
76772
16410
14392
7563
65354 68173
7377
38685
16493
41558 41559
16593
85417
87624 7312
7390
43483
4070
48324 48325
7331
65358 68178
20835 20836
64417 64418
43017 42985
78104 35435
80301
83000 20767
61506
16718
85037
42896
60997 60998
1332
22020 22019
36675
37801
69879
1323
37806
80998
61535
16733
86990
37978
66927 66928
62491 62492
1360
16747
37810
88554
1409
16627
51474 72757
80861 27095
3302
71943
16376
59493
13084
1521
21958 21957
67413 67444
76558
6824 87800
48244 48245
1515
70527
77991
59163
73801 48247
3263
3270
77293
6765 87819
22863 22637
21965 21968
67370 67371
67408 67409
37155
82301 22852
77191
16637
87564 87563
61146
85582
65091 65092
13138
51536 51537
51550 51551
37292
72448
82847
51516 51517
42249
67192 67193
53502 72110
3411
37832
41315 41316
59067
71878
16824
70974
77393
75593
67078 67079
7268
65093 65094
3384
7472 7474
82831
13144
51497 51464
16745
43420 43422
83250
53292 53293
36673
36672
37193
3197
13044
3202
58991
16699
59040
88080
59042
4344
16659
7247
3214
67643 66979
87722
67646 67645
62776 69006
85420
5342 5343
7253
51815 72641
77005
16369
72222
64472 64473
88545 4517
43185
64429 64430
47652 47653
62084
39383
75517 43044
81780
15177
37851 37852
42196 42197
72696
85728
84946
68969
86932
87401
15215
60869
62182 62183
33622
35894
1638 1639
76495
8225
60806
6846
43045 43046
65979 66018
68409 64633
1399 89525
1437 1438
42757 42759
87903
15260
43101 43463
60984
41492 76029
68979
65931 67987
69596
65877 65842
14363
60754
84954
62081 62082
63353 63354
80421
23098 82426
35924
37091
66062 67933
36227 77845
60811
71968 71967
4477 88558
71972 71970
73132
78157
8250
75237
50741 50742
52559 52560
60173
8118
87237
88429 4875
69610
79223 79222
43240
69851
17945 17946
35218 78176
8081
50807 50808
39433
52615 72398
17947 17948
80377
33590
2492
1185 1186
36093
14750
78617
8222
43256
38644
84912
78540 78539
41881
83367
60163
75936 75934
3923
3925
69835
37067
37459 77406
43586
81801
53896 53897
37066
86902
77368
68885
14874
1537 1538
1532 89475
72113
52610 52611
3179
7066
81248 25986
34153 78545
87909
88509 4624
6784
70349
6758
38477
60560
36003
31841 31842
39400
82678 23130
87587 7451
35626 78033
68831
82932
66185 67888
14323
85735
21512 82746
60535
6782
47940 74024
87496
51585 51587
66173 66174
62533 62535
4290
60698
25993 25994
69094 62539
33788
87971
6737
60685
38541
65497 65498
23049 23048
69608
72640 72638
60744
6727
80886 27028
16504
60732
6751
42768 75613
70986
22426 22475
82443
64360 64361
61629
71870
73175
51623 51626
16543
31845 31846
15119
65880 65881
7347 7348
85463
43709
69575 61088
4402 4403
23144 23060
70935
51698 51699
33633
78552 78551
75251
89492 1475
51673 51640
85452
15040
42041
6977
1510 1511
37916 37917
61925
21736 22440
1505 1506
60971
35575 35576
69873
21449 21423
77020
15149
77313 77312
87527
43386
6598
60630
15120
69591
18896 18897
6579
43232 75461
61975
14297
61980
64625 64626
71901
77852 77851
39390
60616
6637
14280
6642
69594
83334
6692
43222
66094 67920
3743
59995
72502
2448
68629 64010
13283
13287
75277
370
82924 20982
34547
25563 25564
20976 20989
8644 8645
13298
8682 8683
86033
83028
64021 68603
19041 19042
68919 68918
62557
35935 35933
68323 68322
62719
69893
21832 22312
62542
26334 26336
12967
34356
69341 61834
85326
12930
69060
12945
13358
13359
63409 63410
75482 43182
63200 63201
72396
34546
63196 63197
37481
81533
505
63194 63195
73888 47976
43353 43354
63184 63185
82470
63594 65252
12936
83814 18415
62232
12935
62692
62227
13280
69892
555
87174 8584
18351 18352
43825
62580
12979
69881
73721 48481
64127 68564
25367 25368
32474 32475
746
26377 26378
62426
83277
1762
14742
22996 22533
87097 8831
748
63041 63012
751
88586
73125 50338
62410
62648
12836
18360 18361
62591
8145 87333
43435 43436
73013
73302 73300
64838 64839
285
49800 49799
43846
85465
13472
49778 73321
22335 22336
22530 22339
87644
556
62729
88581
41285 76099
34319
13448
68335 64859
348
34490
41281 41282
343
13403
329
569
63248 63280
68812 68811
70149
32576 32577
42077 75846
42712
37516
87635
87304 87303
62963
509
63465 68795
68835 68834
989
87476 7744
69324 61874
32392 32393
996
13731
7791 7792
85592
81208 26127
61897 69313
61887 61888
63071
25483 25484
37540
7788 87466
124
62942
13571
48015 48016
63319 63320
73173 50201
50192 73176
43953
50282 73140
75369
13521
13541
853
81180 81179
63587 63588
842
85647
43943
38091
87439 7869
61865 69326
22262 82283
50181 50182
76860
13705
37514
73149 73148
62975
41763 41764
50179 73181
85596
63145 68888
37956
50207 50208
25450 81434
43745
32416 32417
35737 35738
62188
70184
72182
13270
13516
82379 22610
948
70510
68813 63393
38029
25454 25455
62170
75359
87336
75520
43737
75361
41840 41843
12957
62937 68953
38081
50724 50695
62323
13740
69652
50597 50598
37447
69650
42042 42043
48017 48019
36823
18306 83853
34540
85828
34505
8284 8286
22592 21904
8014 8016
925
85623
81065
63055
62343
63005
63078 63113
50705 50706
13663
43870
62330
73881 48034
8567
49853 49854
59824
70849
1268
5418 5420
1264
71948
87847
37861
3701
76833
87729 87728
5423 5424
3705
66592 66593
43539
8708 87139
1098
69431 69430
34476
33751
3667
73260 50037
3594
59959
13236
16040
34477
1073
67811 66442
13252
53274 72183
72473
21043 21045
87002
13181
15867
42681
15832
59900
73204 50117
34486
43122
77252
87799
66506 66507
62795
1184
7152 7153
25580 81393
61430
13188
85507
37227
3686
49905 73279
34473
37228
42694
61605 61573
81727
15923
49986 49987
15958
1439
73787 73786
42920
6643 87865
1434
72656
59851
74892
88897 3323
61416
22833 22834
65010 68287
85513
5497 5498
72997
61586
59839
81743
1420
61610
48291 48293
26384 25307
61624
73254 73253
43550
1057
77956
13229
66579 66547
81528
32658 32656
67770 66919
61628 61630
75310
50031 73237
73859 48088
37867
37870
37872
59798
48265 48267
22647 82304
59785
66563 67776
41981
88076
81350 25699
67542 67273
19141 83568
85043
59874
5389 5391
83228
37431
82873
49632 49633
88630
12843
12848
78062
69935
3538
3513
32515 32516
73828 48168
63627 68743
88646
16120
1565
34432
63656 68733
64826 64827
63651 63652
1628
53386 53388
1690
59741
83313
1682
68674 68673
81343 25717
88632
12898
50086 50087
12769
87125 87124
18980 83627
1725
62389
64066 68587
1706
8746 8747
789
22567 22566
35760 77994
62490
82564
77230
25334 25335
81500
700
43048
704
78068
25433 25435
85555
8313 8314
43167 43168
63728 68711
61038
59715
50088 50089
34471
86038
61375 61376
43527
25780 25783
59597
16299
87772 87771
78458 34381
83543 19209
77513
66905 66906
69480 61425
66810 67696
16372
5015 5016
1886
1877
74911
62788
48506 73722
72647
13183
73723 73739
72490
34371 78460
2004
37919
59617
1651
83305
73067
76820
81164
78983 32809
77219
59717
12863
36861
82621 22958
25824 81311
32812 32813
72658
2047
35866 35868
73717 48501
2059
7742 8467
66739 67717
67708 67707
59499
37592
34416
16289
70034
87764
82736 82735
821
14986
36199 77892
9930
68299
72624
5001
72327 72338
44550
57464 57465
53650 72056
34022
65373
68760
74470
42926 42927
52054 72566
39111
34254
67340
13790
69711
84291
65330
52822 52823
72631
78866
80588
67431
34978 34979
81280
10223
49222
692 693
75763 42321
38391
6034 6035
6283
70565 58199
5046
2248
65570
39254
5034
5030
69709
23799 23800
6431 6448
9917
19949 19950
80587
88227
49202
85091
81976
89967 78
57233 57234
85243
74248
19846 19847
35861
23713 23749
38761
72770
40875 40876
76690
33666 78715
10068
35389 35390
81321
65792
57260 57330
88212
65788
49178
50824 72961
80753
84591
87214
78288 78287
76168
80965
36526
83312 83311
80584
5352
76207
38027 77200
36007 77915
5332
85684
5411
69270 69269
65424
89964 94
87925 6450
47771 73963
2978
6265
88170
89496
78286
1844 89388
66122
68374
86186
71977
70712
5696 5697
1103 1104
20480 83101
2753
68376
71400
20488 20489
10420
2688
5086
69739
5164
34935 34936
42551
66159
52215 52216
83774
88006
88033
3855 3857
2216
13876
68051
73675
66239
38184
12764
80932
66152
26474 26476
6154
67302
81025 81023
84552
6230 6231
77792
34943 78268
38187
60131 60132
35265
2339
39279
13990
61329 69512
67239
70198
6102
13963
4977
69746
38403
13924
44566
52967 70433
38255 38256
4986
26926 26927
78664
67245
71324
70567 58191
58188 58189
6246
53613 53614
88171
43030 43031
49091
73976 47702
80824
86615
89634
39168
42300
6123 6124
3626 3625
5146
57364 57365
2355
18213 18215
35175 78192
75189
3711 3713
66161
66192
41676 41677
5124
78272 34932
88463
68377
49227
65772
83621
39326
83370 83368
10677
71064 56675
87019
67121
4674
1062 1063
73763
4375
19750 19751
35020 35055
19694 83379
87949 6375
72599
74436
56886 56887
4874
33940
4848
14250
80566
4379
42231 42232
71126 56472
38899
84786
77034
72304
38926
9828
49078
38362
36495
89268
74943
77888
23740 23742
65689
4412
89593
37026
42339 42340
66387
963 89728
69777
19808 83327
51910 72609
56806 71022
4428
85898
66969
38833
41894 41895
4805
72910
38366 38364
67154
89259
70456
42935 42936
18160 18161
83903 83902
53797 53798
89656 1028
89784 635
38842
10447
5577 88211
72622 72620
650 652
2729
49223 49225
4813
88207 88206
10529
67073
38350 77100
19703 83377
78230 35091
4443
61160 61227
71025 56877
4637
66964
67170
4872
10478
4863
74976
49012
77864
35310 35311
3056
83677
83428
9875
19764 83351
5929 5930
65823
35299
71039 71038
77901 78014
6486 87915
43021 43022
68040
67401
41466 41468
78124 35378
78127 78125
89485
254 255
72094 53547
69531
156 157
44781 44782
82677
19436 19437
42134
38693
4721
9711
42297 42298
75433
5180
10316
2986
2988
78713 33673
71120 56495
65752
82542
56496 56497
238 137
41913
72749
10246
44768 44769
69694
74718
38416 77083
82753
78710 33679
78708 33685
3020
73261
38700
33855
18179 18180
5250
40902 40866
89599
76594
49146
49248
88082 5971
9655
6413 6481
65718
4508
69202
52080 72561
86105
37003
582 89801
73474
65711
56365 56366
3095
10554
19351 19352
40894 40895
65743
67008
44621
33686 33687
74932
38050 38051
85110
38708
49272
67195
5273
88002
13806
10603
38345
88001
69263
13853
38728
83877 18235
20121 20096
88433
9641
39624
24129 24130
66335
41611 75992
85235
8399
88121 5853
76648
15562
80681
88256
78906
86272
72059
1368 1369
37132
7605
77773
81943
38593
15628
52408 72470
81850 24216
43668 43669
60486
60515
41933 75890
72529 52182
77353 37598
75896 41924
77713
66607
83129
14050
80725
35239 35240
6332
52473 52474
2582
51062 51063
61653
62354 62355
72269
79134 32325
60413
8427
37977 77216
8419
41021
36101
7762
60393
77714
52392 52393
57096 70913
88124
14576
35740
38601
1992 1993
15633
7805
70776
67870
88067
37524 77383
57116 57117
15645
88478 88477
4730 4731
19616 83405
2821
21347 21359
14627
84534
54096 57108
61684
14087
70950 56995
47412 47413
60295
87487
26566 26567
44959
73263
75662
7757
66582
2600
53824 53825
72892 51089
35710
70446
71031
37581 37503
32347 32316
41860
9056
61677
51103 51104
15573
8328
57123 57124
33987 33989
74787
82297
37360 37361
85766
75887
66397
84916
66399
36629
34226
36062
37418 37419
38144 77160
42669 42701
89287
48349
27319 27320
43140 43141
61727
8477
8502
51213 51182
80675
6405
2403
88687
84585
43997
15001
8160
70942
86090
75485
35338
75136
33649
62457 69124
41659 75973
74783
61715
8149
8147
73704
89626
8146
14696
34229
66418
51048 51049
88420 4901
8537
36080
49174 49175
88064
88866 88865
78907
87102
14540
60077
44732
60066
75053
85212
42397
58449 58450
80778 27341
60250
15613
21256 21257
6317
8376
78628 78627
69640 60887
37134
70374
74469
14631
14559
74297
88273
74291
44943
51165 72868
39478
87099
14553
60104
35314
74243
49180 49181
75059
60091
9029
24227 24228
73480
83390 19675
60334
70372
65885
15336
66562
72344
2209
70473
65982
2210
69356
18118 18120
85962
39029
87090
83143
76194
66564
8929
52893 72301
79693
65874
69436
15319
8005
33945
88050
81283
38263 38264
73532 73531
26592 81046
2196
2073 2074
15384
39716
7999
21366 21367
65917
72303 52891
69446
89297 2116
39706
84019 17816
88037
54073 71912
72871
38218
2857
39486
42479
77726
21275 21276
2218
81094 26491
87371
2169
81082 26513
15519
78360 34653
81443
83071
3845 3846
67275
38177
84374
87138
78898
1851 1852
70928 70927
70648
42804 42841
66336
48393
88868
2157
38966
66243
6239 6242
37981 37982
52949 52950
62750 62751
39054
89383 89382
32174 32146
66274
67979
74673
58154 58155
77863 36188
34195 34194
36465
42657 42658
19322 19323
37985 37986
8900
85902
83509 83508
5641 5536
57032 57033
39297
15509
80695
66980
2160 89280
20421 20422
71842
82714
7695
42265 75780
78299
2515
72834
14023
14603
2532
35359
66092
38160
6553
26642 81028
2510
71215
15683
15344
69866 60205
81073 26539
73724
26640 26641
2202 89262
70919 57071
88303
57061 57062
35191 35192
72866
43308 43309
78684
15353
14591
88308
7666
7638
79623
39638
32076 32078
75033
72431 52511
61818
87467
4690 4691
85675
14589
69724
57372
40488
63360 68822
33562
34204
80444 80443
64930 68314
825
55020
28519 28520
14043
33312
19175 19176
521
55640
55832
50397 50398
2754
68827 63348
36793
56867
54940
57282
34231
54975
714
53699 53671
83569
73909
14222
2625
954
53327 72167
36999
80485 80483
31418
55296
60510 60511
40382
55747
53692 53694
13195 13196
50351 50352
46088
57047
60517 60518
14209
18081 18082
71839
75210 44025
56881
2779
21901 22268
31299
51931 51932
37001
35810 35811
33077
46095
63427 63428
40198 40199
2712
33537
85691 13028
12985
40370
1004
77893 36094
12920
52156 52157
53712 53714
12978
33331
57281
572
55662
89814
59070 59033
50442 50443
14009
80446 28437
33060
621
13605
14000
9343 86919
14054
60521 69766
40505
60297 60299
44510
18982 83626
54929
19082 83591
86482
31200
55641
44030 44031
79051 32601
933
30539
40503
70258 59000
31444
56950
51944 72601
57265
33130
33041
30541
18209 18210
32614 32615
38576 38579
74682 45637
13584
8980 8981
31302
54885
14116
63344 63346
46439
31360
82133
12468 12469
58040
13910
46491
72248 53078
84034 17775
85873 12501
29392
28229 80502
18917 18919
58479
30071
53099 53100
58567
2131
64358 64288
53962 53963
14247
37119
2887
40747
29325
44292 44263
37123
12533 12534
57969
14475
29874
35649 35650
72280 52972
2540
12566 85852
80058
72279 72278
58077
58021
4091
36746
44402
67760
58579
19308 83514
58491
18772 18774
78108 78107
3322
46339
82124
74185 47085
13872
53500 53501
13099
28290 28291
3380
32829
58499
2350
68261 65096
2347
64336 64337
3366
64340 68490
29986
58411
58588
58594
29720
58410
68469
3741
58400
58361
52932 72300
2167
29779
40391 76392
58371
9771 9772
58484
2513
83461 18732
46472
2570
89763
14741
76922 76921
58738
46538
3927
9664 9665
19506 19507
3967
52683 52684
4019
58116
58109
83966 83965
86810 9661
68433 64545
31108 79563
3964
2407
30202
52573 72409
71438
74179
37139
76426 76425
2438
2397
44362
44363
37065
9536 9537
9522 9523
57950
30204
41725 41726
30155
17989 17990
64443 68465
58217
29892
31114 79562
46487
29558
14334
35669 35670
31077 79576
29918
52525 52526
58962
29443
53239 53240
74533
29951
29360
14320
4204
64604 64605
4194
40685
83760 18564
34127
72229 53136
83429 19545
31038 31039
30270
46336
37073
79512
3794
3749
58161
46510
9963 9964
86842 86841
78056 35570
3906
47013 74206
37100
40343
2351
29799
8908 8909
36698
13839
13179
30794 30795
12446 12447
68497
59124 59125
3110
18659 18660
13832
80074
53276 53278
35783 35784
3469
89050
31078
3136
34257
3695
36142 36143
55431
55533
46400
55525
53532 72099
53269 53270
83574 19124
31137
3698
72546 52128
83483 19398
55342
3674
74659 45660
32528
57244
83550 19191
13206
32743
12735 12226
32677
12869
47868
35989 35991
14157
12875
40453
33038
3058
19386 83487
44174 44175
33412
89057
47823
3063
46855 46856
30950
33417
12866
32660
57332
64832 68343
8910 8912
13830
3083
3473
79130
55392
12868
55372
19162 19163
12852
12859
53809 53777
12324 85922
19188 83552
38944 38945
8887 87076
46116
55552
13093
3290
29615
32892
72326 52793
28080 28081
40351
72337 52797
32971
32973
9421 87033
29601
85940 85945
64982 64983
9032 9033
29715
80549 28049
33016
29700
32798
82130
80558 28160
32880
13121
32857
32864
36783
29716
13964
85837 12607
34130
38993 76909
18718 18719
36959
17883 84000
2232
9801 9802
13947
58264
19404 83479
34485
46128
19428 19427
58641
3250
46175
30404
13773
17840 17855
3248
18814 18815
72064 53634
28143 28144
36938
13222
65235 65236
36932
3659
72172 72171
72050 72065
12199 12200
68286 65018
29665
9060 9063
46169
3273
47056 74192
13780
18631 83740
13779
80070
46172
3258
84213
29668
2974
29666
55486
73397
32950
14356
82437
38506 38504
8009
29230
7690
7683
86833
57162 57160
86858
28803
28817
89153
33954
84818
28831
28835
28838 80242
7978
15339
7976
86721
7970
11906
28756
82816 21290
44607
71587 55077
8055
11903
32142 79199
43695 43696
35433
54285 71846
69865 69864
29150
28575 28577
7749
54134 54135
7827
7822
44353 44354
54321 54355
12632
46780 46781
33336 33338
7786
15646
15687
47431
35434
54255 54256
29188
21342 21343
7632
44889
7629
44891
29245
74571
33982
28990
83659
76372
11732
15458
70822 57378
12766
9977
35675
84787
70830 57356
76291
27429
12055
5150
27442
27445
29090 29091
83237 20045
33656 33657
9938
5127
54679 71713
5139
5052
54731 54732
5048
54716 54717
57456 70797
36336
11977
71640 71572
28991 28992
5091
79192 32166
68776
7873
60235 60236
82352
47509
35652
71208
54967 54968
7868
15512
41469 41497
28877
7939
5095
74453
35671
54958 71633
28890
44919
21305 21306
11788
83620
71854
44920
7902
78302
12560
46817 46819
11963
36168
56033 55996
25781
25782
60108 60079
86813
56059 71272
60090 69902
79955
34760
83492
11690
11691
50779 50780
21636 21637
55992 71296
36154
12437
8238
40774 40775
35465
33610
28572
12403
14917
33244 33209
33213 33211
14758
8224
11028
21683 23141
67972 67971
71365 55801
6963
50988 50989
66021 66053
68515
50965 72927
10975
55826 71355
6855
25828
29476 29477
50939 50940
31915 31917
11038
33624
82435 21698
25838
78347
15204
25842
6895
25848
6891
15212
47577
56026 71279
69948 59984
50845 50846
35700
68651
47559
36067
80332 28725
8458
14959
14961
44743
12698
28328
28320
82828 21237
15286
33689
12656
28412
8318
83501
15629
33677
54198 54199
89006
12731
28608 28609
75864
12726
8395
51131 72878
28733 28720
14934
44759
35471
36184
44779
72946 72945
69730 69729
28629
47666
35450
33593
35454
32257 32258
28743 28744
8170
12274
43602 43600
15002
12268
28690
28640
15018
78438
28647
8132
15033
82411
34058 78567
12318
36325
57458 57459
28314 80479
5810
10553
84830
9362
27870
27876
19893 19894
45038
10264
44389 44390
6557
6210
10285
10295
58229 70554
5848
57630 70746
70747 57629
10204
6196
6187
9403
10189
10191
57622 57623
74716
9089
5797
44631
27917
19907 19908
4847
10537
4817
57580 57578
4807
34761 78327
27699
10494
10458
27687
75100 44376
4842
9592
27711
35118
9588
10470
33915
27742
45003
78897 33097
70753 57599
33913
73213
10539
10629
10637
57648 70737
5877
9503
33761 33762
71217
36533
20441 20442
33778 33779
5509
8883
6508
8607
20598 83066
5537
36617
8573
5610
20548 20549
58305 58306
86208
6334
35317
6330
5750
70451 58539
8651
34627 34628
58453 58454
36654
5656
6400
5521
6476
6483
6065
10214
10231
10391
10399
33744 33745
70553 58265
6086
89270
33733 78687
10417
58098 58062
5906
6179
8933
36586
36434
58147 70580
35159
34667 34668
8817
5944
8894
33930 78611
86203
59810 59811
81984
76299
10534
33627 33626
9293
80256 28935
27180
57334 70882
27184
5476
89234
10025
10056
80254 80253
75878
43617 43618
10040
57829 70680
20141 83203
73258
27396
9896
57279 57280
27279
9695
56553 56554
40884 41257
46635 46636
33124 78885
76024 76023
27306
80230
19996 19997
19998 19999
69980 69979
33699 78702
4937
78261
9902
75881
88817
35533
73252
46620 46621
34034
27222
59859 59860
36363
9922
75311 43710
80284 28848
86845
75087 44413
5000
9894
12019
5383
54858 54859
74471
10122
33717 33718
11994
9295
57811 57812
27787
27678
4602
9204
60161 60162
9876
33110 33037
9881
35377
28219
4400
36210
33463 33464
44546
4395
9167
57939 57940
35198
56813 56814
9756
36416
4382
71010 56818
9808
78642
9532
33892
9524
4438
19774 83344
20099 20100
70647 57945
57997 57998
60176 60177
27680
33859
5309
44845
20340 20341
58016 58017
28023
5308
20083 20084
28046
9732
73490
35788
5274
81948
88834
4910
4900
4547
4544
9636
36235
44929
9156
4515
65925 65926
10994
7056
56608
49665 49666
63734 63735
1817
11315 86298
16087
56802
32176
32182
32139
86169
78987 32795
16140
16106
48176
32804 32805
74506
32095
63649 63650
63642 63643
16327
82619 82620
32136
34981
56638
16333
26498
44672
39522 76708
69821 60358
35865 77957
56592
32354
32326
11495 11496
37638
68707
32381
32031
1773
32039
32041
31995
32043
16157
31990
48191
11158 11159
1776
56748
31951
56778
31964
56743
16166
16178
11145 11146
31987
27934 27936
1547
89098
16366
15863
43489 43490
37153
66452 66453
32664 32665
15828
34418 78443
1198
12056 12057
34078
1187
39488 39489
49935 73272
26286
15889
26296
11720 11721
11713 86120
55967
86123 11706
41137 41138
73277 49911
66401 66402
26229
26200
66609 67759
43487 43488
37582
39473 76733
80569 28013
26482
44081
11279 86271
56681
16258
66761 66762
26449
26450
34394
55848
56009
66706 66707
22041 22040
16294
73191 50151
32781 32782
66683 66684
66908 66909
1932
66814 67694
66812 66813
35103
15860
26618
1891
26628
28009 28010
27532 80723
73298 49840
25627
55033
38639 77000
134
34506
31871
43578 75349
63159 68874
199
83612
55246
38630 38631
63151 63152
189
50608 73032
79114 32402
18477 18478
82373 21941
55128
79996
119
114
44
21945 82591
63270 63271
21
84769
55050
31538
37487
55140
55145
89119
80478 28321
74221 46970
63541 68774
802
33238
76126 41199
31745
13549
34511
31753
50308 73145
54852
85755 12849
55150
86733
68793 63484
54819
12740 12741
50267 73147
55294
71768
55182
32388 32391
31725
155
31676
55038
34496
56337
32389 32387
89105
32370 32371
32276
32277
32289
74661
39320 76780
47242 74110
32260
34964
32372 32373
37617
56557
32221
41252 41253
34970
35939 35940
268
34325
249
37629
32428
32433
32438
11617 11618
32456
56347
68612 63990
31613
13297
37460
31522
55030
50668 50669
38650 38651
47309 47279
78001 35734
18381 18382
39030 39028
55118
31489
31496
47245 74140
31565
47258 74133
12928 12929
31635
55097
18419 18420
428
73048 50560
63956 63957
13386
56523
394
39437 39407
39432 76738
22081 82335
67748 66646
27794 27780
74441 46340
16430
76387
34621
7336
68599
32053 32054
44216
60598 60565
7338
56128 56129
51794 51795
11198
7421
25160
29524 29525
16606
10866
82860 21149
29607 29608
25341
10859
71181 56311
10893
10955
16513
25274
6713
20786 20787
34617
72678 51726
31939 79264
7184
11549
72812 51323
74620
65667 65635
16791
25416
39245 76795
11646
22452 21754
29181 29182
82950 20892
31956 31957
7592
16477
86802
71226 56193
16482
25543
16494
25540
25520
25523
39276 39277
32004 32037
65726 65727
34500 34501
47296
26397
56320 71178
21497 21498
51679 51681
44534 75048
66120 66121
82751 21493
47246
15146
6688
23092 22464
21490 21491
66242 66245
15064
34731
33708
47621
55909 55910
47620
25702
31806 31807
72697 51641
68002 65884
11172
11054
34743
80078
25659
67982 67981
72686 51674
11057
15127
72708 51630
31837 31838
33785
6753
41158 41159
6809
65456 65457
78457
6804
10828
74562
60546 69754
25945
66189 67887
44112
56267 71195
11673
41398 41397
88921
23038 22454
67891 67890
82229 23040
11070
34770
60548 69753
11061
26107
16777
25399
25391
16760
67254 67255
26919
78430
56133
39142 39144
29226 80162
60741 60743
48062
47186 47187
33742
11796 11797
32632 32633
68640
11780 86098
29280 29281
29282 29283
27023
16727
44006
46448 74389
47370
37156
55584 71435
37160
67380 67511
26649
29254 80165
47208 47179
86065 11873
47237 47238
26335
69683 69682
48041
11737 86113
16036
50004 73247
32684 32685
66628 67752
1070
26429
35023
56258
26349
26341
48069
60681 60682
74629
1106
15936
80111
27889 27862
1125
82585 22645
1536
26954
22655 82577
26988
16734
1293
16706
39261 76792
67131 67590
16808
34635
55355 55356
7299
47408
34352 34353
37376
44036
75057 75056
7265
7283
16802
34698
44040
37385
72811 72810
68089 65622
7106
25461
11593
68610
34340 34341
47393
11580
33720
7212
11210
11326
76851 39075
1412
29338 29339
55507 55508
34670
41321 41322
11389
67651 66957
29323 80140
11371
67642 66981
26718
78463 34357
32726 32727
67144 67145
71379 71396
26868
28564 29224
26838
7244
11228
67584 67155
26857
11219
26862
47315
11214
26941
7297
77181 38088
85562 13400
86886
53125
59230
23889
23898
59224
74999 74997
42964
53088
43424 75393
85434
75229
23818
77558 37015
15266 15252
85589 13301
59057
59058
59068
48807 73619
42597 42598
59084
81701 24663
59088
86047
85527 85540
52948
89876
74744
69443 61542
27163 27164
85428 13748
52623
27000 80896
87492 7730
59471
59438
59354
23273
7505 7506
85467 85466
52685
84889
85475 85474
42946
74357
41748
7523 87575
52661
13825 13826
49022 49023
27169 27170
59383
42875
45246
71875
41356
78197
23855
37815
48897 48898
58996
75291
86980
84108
69097
6878 87781
14184 14185
88572
6882 87778
69104
48877 48878
69106
82884
67583
23779
83995
77981
23681
62822 62823
23692
83259
76565
23697
23711
42730 42731
6741 6742
45047 74874
80544
54292
76075
59133
88548
42842
73950
67619
27203 80836
7594 7562
59020
54377
85520 13494
85424
69122
69454 69453
54363
37809
23623
77970
13866 85382
79203
62796 68987
77962
23650
42915
54335
89866
14213 14214
69880
23548
54437
54395
80337
13614 13598
59262
86875
78220
43398
53616
60632
53606
60699
88766
42807
74030 47569
81553
53538
60712
87907
43363
37240 37241
78207
80290
42829
37222 77484
68144
88780
77470 37275
53433
41789
73198
15024 15026
78233
89393
37319 37317
50376
24726
27399 80765
53203
25134 81548
37110 77531
24697
53212
89399
60600
85455
24619
69858
60623
60628
53563
37690 77317
53543
60633
24800
77525 37121
24816
88775
72117
68833
78219
86082
60542
42817
47943 47941
53420
49004 49005
7319 7288
82030
7266 7251
48942 73567
85888
74346
23056
52824
38532
27049 27050
24277 24278
59269 70191
59344
26967 80904
23042
68131
13596 13597
77631 36814
59257
22995
26956 26958
52628
23016
82446
43357
86892
75212
23019
52743
48988 48989
53419
86640
84992 15023
37760 37761
23293
41797
42799
87967
15200 15201
36901 36902
87632 7296
60667
38537
7303 7305
74730
15214 84928
23492
53478
23517
82595
59296
43327
59297
88786
79796
59305
23408
23417
52789
83994
18163
18168
84437 84436
43834
43839
54021
49791
81546
49789
48402 48435
87168 8623
54003
18503
74555 74554
53990
45882
17830
82904
62214
62218
43355 43356
85004
49779
83279
74552 74551
75664 42611
75736
87428 7892
25509 25510
45853 45746
69888
81044
17151
8786 8788
81543
54124
30303 30304
39983 39984
43083
18434
48482 48483
62422
54164
49400
79822 79829
54139
54138
45976 45978
8845 8846
54147
62583
69883
30261 30247
69087
16712 84433
16740 16739
18531
62572
8793 87116
16671 16672
62596
30598 30611
70111 59489
69077
50960
50938
77142
17234
81223
87393 7979
85599
85598
17588 17212
16943
82911
87471 7781
51058
51008
43794
89952
7806 7777
51028
7764 7765
50922
51232
87695
51385
62957
62959
70514
43932
45908
38071
40100
62196
67506
78024
48410 48411
16914 16915
75667 42607
82811
59507 59508
39910 76573
82814
17111
85610
87331
17219
75525
51189
82611
61785 61786
75365
62251
17285
51231
51096
45892
48029 48030
17308
62341
40099
58770 58772
8753 8754
62497
72955
72971
37856
81102
73733 48455
79224
85344 13980
69989
49584
75716
18250
81381 25625
59894
69984
54481
79807 30355
45200
25800 25801
17951
72963
30364 30366
54570
59923
17832
59588
49560
37701
6948 6949
54528
85047
45189
61422 61423
59980
88505
37866
61640 61607
54458
18190
48889 47382
18116
3395 3396
72942
54624
85866
70085 59589
24622 24623
37000 77563
13948 85348
87708 7085
80550
85065
49465
85357 13935
70848
59963
74925
25604 25605
18299
59974
63000 68931
74880
86357
54070
49344
8483 87215
86940
59739
30384 79800
81516
74879 74864
45919 45920
59655
18651
49389
79160
18845
70914
41443
53764
42643
67569
72532
73719 48487
30241 30211
68996
76797
59535 59536
18788
54079
18797
71571
78039
17002 17003
54185
49347
59580
6952 6953
43143
18058
84978
18040
73930
85528
18051
79169
59594
74837
59601
45907 45709
59472 59473
59484 59457
53800
59621
81119
49359
53791
84985
70904
78041
87824
37675
85333 14010
41788
53138
49675
2520 2556
946 89681
22745
4034 4035
48630
65610
89692 928
71975
2584 89132
22849
49263
87036
63341
22908
45541
60959
63315
63314
65684
22858
82004
22886
65675
71331
87126
68195
47759 47760
88225
2533 2534
22753
22846
23884 23885
49246
21938
67089
64118
77861
64119
82169 23682
67132
67116
86256
64183
80603
38449 77069
81711
64022
73575
41187
23830 81977
64023
74954
44787 44789
71335
49273
74388
69274
22814
68179
49253 49254
65835
2725 2710
89913 232
68171
22620
63622
2244 2211
440 441
84382
79838
68174
65556
38433
82051 23638
73990 73989
89180 2464
38432
23467 23469
21131
60812 69663
48509
78765
65589
65591
21165
63506
21231
65544
49367 49368
72725
48503
36795 36797
83786
233 234
63646
63374
40840
73593
22561
2665 2666
63148
65767
65790
40885
22496
22576
63268
82535
73598
104 103
22662
22663
79715
47701 47736
277 89847
88246
65386
49201
82059
69527
63729
65368
81940 23936
64131
23376 23378
41135
62417 62419
70782
66851
48745
48439
49302 49303
81693
23970 81930
37953 37954
67212
49306
84335
62420 62421
66820
88377
85989
3478 88845
78996
85154
45385
75940
88372
3669 3670
48339
49098
88370
85152
83178
67264
66886
87066
62406 62407
85172
41024
69367
3383 88879
88323
48369
66448
87070
77806
66394
66393
67871
75682
72852
66560
76629
88344
83850
24158 24159
42780 75608
76640
76630
87067
66487
84337
3454 3451
87029
66880
3909 3910
22369
83828
550 551
45313
87032
63950
86291
63925
629 630
73766
88602 4309
67065
36613 36614
984 89666
88696 3988
63754
79643
3982 3984
67167
21980
88417
63824
67171
86563
63802
71657
67139
3913 3914
83206
38011 77204
3515 3516
38361
71964
49337 49338
66655
40242 40207
69238
88457
69502
78970
38085 38086
77184 38082
67399
67949
4151 88651
768 770
71383
67188
66952
66754
42506
67013
87022
49040
4354 88591
63901
63898
76174
22207
38419
63487
63485
75620 42747
89585 1230
14964 14965
61964 61965
41279
60184
67999
78126
24562
80379
60174
64272
24452
71891
24465
42486
85446
24487
60218
64702
64700
88722
62142 62143
79784
87922
43255
60133
73648
24361
38636
77388
60020
77712
48895
80726
70752
82300
78901
75054
60083
20851
60051
60084
88267
80734
45477
14838 14837
81657 81643
24402
74288
89437
24374
27332 27317
47627 47628
45481
50105
89520
14939 14938
24360
80348
14518 14519
27304 80792
74816
53306
85092 85104
60981
53296
53282
53280
25242 25243
53354
24888
37855 37786
78086
25064
37898 37899
38494
84882 15326
25053
38489
43201
41610
15363 15364
60914
38486
60967
72121
25034
53148
70936
60909
42450
80360
43094 43095
25203 25204
24064
73659
60520
83369
60845
82044
1644 1615
37835 37836
24284
43286
87927
1603 1604
24191
64635
45141
24210
25232 25233
81489 25280
78094
69856
50014
64598
89454
85107 14663
37796 37798
60809
21576
27311 27312
38401
20862
20887
26453 26468
20926
85271
23534 23536
23514 23501
66259
84519
65005
89384 1875
65004
77734
21053
3271 88911
38288
69442
21009
85202
21028
79691
66291
70185 59292
88295
43753 43754
71350
49449 49450
1732 1720
20885
26464 26465
69450
20993
38446
75018 75016
59332 70241
72727
59333 59334
87146
65508
81621
72728
21289
351 353
42578
66219
48839
74317
88192
26842 80952
63573
65321
48854
1848 1849
20948
66139
61931 61933
20953
72738
88181
48511 48699
24927 24926
89010 2962
60337
21466
47459 74066
71244
37528 77381
21473
48655 73670
65080
60389
47500 47501
65123
65148
60493
78731
26555 81062
48888
89528
21577
21586
60519
48891
38588
60407
50080
37609 77351
70750
64381
21639
71356
63116
64872
21773
65938
65883
48805
2126 89294
65061
40971
78737
42431
65990
77827 36275
65994
38287 77117
65258
47874 73944
37556 37557
89291 2136
77758
2894 2895
77362 37572
65302
21871
48948
66046
2795 2796
72003
21765
50070
82646
54632
42198 42199
10356 10357
82726
52435
86595 10373
77587
39430
51672
20590
73825
73827
61873
43694
61876
76349 40536
86627 10276
20557
47059
61877
75807 75805
87530
39768 39770
10484 10485
42068
75353
51708
82725
43684
52398
39398
75128
82681
72286
20774
20753
20761
43662
41814 41815
52528
43671
39842 39843
29998 29999
46721
84579 16279
52386
52383
20626
70427
20468
39736 76631
16271 16272
39856
46125 46097
61923
61992
61047 61048
19281
43595
70413
19293
51905
31272 31273
10093 10094
76959
18946
85757
39393
43605
18967
18972
31370 31358
42088 42089
18984
47107
69630
61725
86327
4819 4820
41917 75898
87446
10052 10053
41880
39763
51586
51524
72295
51503
80833
77017
4513 4514
45970
4518 4519
19246
42152 75799
62106
47066
75479
62027
44898 44930
87422
51590
62028
19362
43587
60814 60816
47140
51548
39838
61295
46017
86440
5382 88270
20275
50753
77517
50726
15680 15681
41842 75921
79242
72649
69662
5445 5446
61571
61517
46249 46250
61001 69598
30098 30099
19935
30102 79892
84517 16459
19952
16448 84521
61362
74076
20239
75547
46640
50657
80037 80036
46836
81506
46141 46142
72481
20098
43187 43362
43532
81138
62600 62601
45977
5065 5066
20221
73831 48155
61453
61490
42001
61368
81149
46807
61380
20355
29771 29772
70357 70356
82639
85299
52116
85574
52108
46587
61352
20728
16500 16501
79365
20734
29957 29960
79939 29911
20644
84599 16205
69601
43569
16183 16184
81422
16111 16080
20742
20825
52464
83950
52460
42031
4636 88504
87156
5316 88288
20714
88286 5326
16420 16422
43484
72650
69618 69616
26069 26070
67525
89941
46603
16392 16393
89927
52030
75325
39819 39820
87758
61059
52147
20013
61067
61075
67541
76016
61216
45312 74778
47092
89912
87996
70293
79413 31537
6606 87877
42274
86533 10531
75427
30683
72318
5593 5594
42150
30693
57704
83885
30913
38841
82107
77066
30905
40585 40586
87942 87941
87386
30916
6410 6382
57716
39336
10618 10795
46955
39345
6152 6153
19586
42184
80966
69786
72597
57394
39911
70283
82962
39932
79393 31579
38811
19532
38750
39914
57842
38744
80950
82750
79025
25113
38814
38853
57775
30810
61185 69555
72084
39551
70261 70260
39621
10701 10702
42264
81591
42250
85914
42261 42262
45582 45583
86491
39651
30596
84186
9257 9258
70659
75159
79116
80899
43921 43922
70661
30636
39533
57015
57774
76162 41110
82757
39223
42334
30900 30901
86483 10725
6453 6454
57732
30861
83928
77054
46203
39664
85910
86492
30476
80906
69712
6449 6429
5686 5687
79126
45617 45618
30506
10722 10723
19585
41066 41067
87993
67839
62709 62710
61845
69750
75826 42144
82667
45664
19728
61791
89642
19632
19638
51852
44988 74894
61274 61275
88125 5841
80944
39366
39946
39068
42212
71402
39069
74818 74817
19364
45658
72207
61837
4884 4885
44976 44977
10041 10043
88422 88421
31376 79466
62727 62728
51973
45644
46874
75466
51861
72230
61697
76925
31331 31332
60889 60890
19006
82722
72258
19013
82271
61763
86639 10237
75412
10879 10880
82961
71410
45593
41934
19458
41928
19466
19480
39192
69019 62740
42226
39162
19435
81453
46949
31743 79329
75961
86355 11024
19405
88038 6132
83873
19414
39897
70220
57515
57619
86432 10846
38969
61351 69506
57566
19819
19821
73790
57562
19832
62741 62742
19797
77092
57539
19758
39077
41899
19766
42118 42120
19769
57653
85658
82275
76763
46885
57639
39936
82626
41050
43421
51297
62619 62620
82790
51260
62838
63010
17794
26227 26228
29857 29844
40012
80870
43914
70161
62686
17404
46752
79985 29795
81153 26327
51261
5093 5094
48181 48182
15959 15960
80023 29687
75519
61776 61744
8216 8217
8210 8211
63095
50429
5115 88349
43130 43131
79302
42711
72195
43948
84218 17269
62887
67547
17647
51332
62819
30572 30573
40025
17625
17628
70544
17447
49743
49643
79766 30480
63034
81155 81141
51427
43964
16999
87290
82566
51420
17480
7819 7820
45875
62821
17768
85331
17636
17554
51342
39710 39711
38123
16050 16051
81609
84084
17624
75375
87647
17507
50464
17622
17455
85817
46755
58752 58787
37918
26263 26264
89977
17712
62690
51263
62979
43916
17266 17267
69323 69322
89988
87769
26120 26121
79321
71540
17721 17722
17241 17242
43868
84686 15868
79315
62705
17759 17760
46783
81240
40228
72358
62938
69647
62672
75317
88087
71535
80889
40056 76515
8274 87280
50800
17705
5125 5126
81258
77548
455
9910
36845
65582
9897
62509
4991
21019 21020
88205
9706
77640
6164 6151
80981 26786
69542
77112
13793
75117
9988
49887 49888
43175 43176
83599 19059
13485
65506
262 263
37622
65539
71116 56508
32374 32377
87891
9996
4965
49288
13595
63045
48999
1026
4957
13888
13788
69740
37484
39129
77607
4946
13476
62507
950
5029
9671
913
70 105
82539
70730
71319
26890 26891
2252
10063
69049
70721
39103
106 107
6199 88027
83092
39240
38392
85264
75734
61835 69338
41923
74305
72019
85652
1039
5402
72775
38347
68755
78015
72346
65399
78193 35174
70731
69038
1030
83282
82541
9913
9916
87115
72347
77641
62551
8060 87361
81250
62235
52734 52735
73054 50540
5012
63895 68650
412
75515
65553
69055
89950 538
88237
70733
5173
81048
68744
72051 53632
13300
473
89495
6026 6013
3462
88582
42186
87095 87094
72009
75158
5799 5800
65928
2508
35751
20905 20906
81231
57153 57154
35840 35841
61689
33965
601
76966
33968
43656 75327
85779
72261
83132
33969
82693
61262 61265
56941 70968
8847 87089
66100
62574
69635 60905
89409 1772
38309 38310
1775 89407
12960
61770
12944
32468 32469
15304
62589 62558
53872 53873
42590
78570
75459
19576 19577
5119
48971
72385
33986
61706
15648
60341
15635
73720
7726
88281
71357
37772
60365
1990 1991
2431
7795
74053 47507
75576
81758
75937
43416
57185 57187
76985
77759
7694
69903
7698
1757
38624
1959 1960
53828 71996
70354
48968
61656
89330 89329
89169
82688
13440
67968
2577
62691
87655
15333
82528
5102
42569
77454
75101
64133 64134
26477 26478
77634
5099
12953
57012 57013
62743 62744
83080
8815 8814
71034
15440
15437
69747
54064 71918
1808 1809
32380 79118
53991 54024
35639
70697
48831
35682
38260 38227
5111
81444
66190
2158
83053
38941
77984 35794
72283 52953
83272
5054
66154
87142
87654
5072
2141
74875
346
89469
56985 70923
61808
7867
42138 42139
15489
86836
67978
48759
35641
604
48829
52877 72306
2180
7886
15531
70238
48764
89429 1701
66284
35655
797
15490
61810
2214
7928
57049 70926
72042
49893 49894
76701
47903 47904
48399 48400
39001
78012
7945
50404
38185
44574
7856
35847 35849
50405
13894
13366
65808
80578
37995 77196
58171 58172
88466
6251
226
10320
33550 33551
87662
67442
81714
89768 703
13744
41121
67468
803
37444
14238
69912
77478
67447
42325
80918
88459
18217 83881
58250 58251
87707
37496
126
13543
67238
77318
87324
3717 3718
14031
36426
42293
82999
19874 19875
82350
87701
35288
39307
70264
83888 18199
10275
14115
44627
49141
62695 62664
36973
62281
4734
18091 18093
10600
14121
62303
35718 35752
76592
69213
36506
19901 19902
81309
5479
75948
67394
83843
37448
43961
75587 42854
798 89736
41103
23707 23708
69240
81225
6459 6460
67383
34517
85825
76599
10297
764 89752
49140
62291
81423 25481
69331 61855
8837
50269 50270
8869
42526
8860
48403
14061
32489 32488
35691 78013
75004
77472
6438
39627
87186
58104 58105
6491
87062
41102
58156 58157
8871
83160
85485
72867
62978
3414 3589
6526
9047
33911 33907
18062 83939
58493 58494
71229
88357
6510
80660
6524
70471 58480
63561 63562
9040
58131 58301
6538
50302 50303
77809
66567
88799 3644
6167
10355
75882
18133 83933
78999
14015
68784 63502
6045
88157 88156
6048
67196
18221 18223
39699
23960 24128
87710
58066 58063
13563
10376
70650
37525
39725
8914
24122 24123
66573
48391
83953 83952
6120
50451 50625
75017
8915
85353
3825 3809
61884 61852
37928 37929
42239
42299
2882
24138 24140
78680
49083
75544 42954
70583
42558
44757 44756
74313
80596
38458 38459
65707
75959 75958
9825
9852
9776
82424
81327
38703
53587 53588
4623
81433
9863
56567 71097
82795
13840
65690
42147
9760
4355
35816
68797
81964 23856
3106
35336 35305
74960
88444
43820 43821
88096
9738
88445
61124 61158
4409
77887
9823
8173 87319
77913 36024
52122 72549
35837
6551 6552
56621 56622
38786
80229
77442
13368
88437
55
54
83780
924 927
71080 56614
65662
63073
62698 62731
9626
2976
35843
13765
81217
38795
4516
9654
2907
38087
49252
76050 41465
65646
901 902
88434
69321 61878
4541
18428 83809
71907 54095
4554
82675
43735
9625
86565
38386
42237
66973
32404 32405
69216 62198
77141
3074
89618
66966
66972
84833
10489
70289
36192
4891
10453
85693
70249
70811
39
10443
62377 62379
2890
78971
89604
4650
76863
10626
56631 56632
51888 51889
50277 73144
49329 49330
62894
87018
70025 59778
81313
38852
67056
67006
56907 70981
89797 594
62907
76616
72403
67166
35825
40859 76246
10520
8021 8022
9598
73007 50663
34280
53774 72022
3143
48048 48049
35323 35685
4478
39333
67094
71003 56836
4491
81316
81577
33923
88413
87451 7833
87945 6391
22891 82382
44694
3052
74967
33920
51922 51923
42020 42021
80622
44727 44728
81302
35123 35124
75490 75500
88411
3034
22902 22596
77064
4629
82474
8061
15730
72137 53421
15842
85895
7512
4565 4536
59929
3365
16443
59253
7516
83391
42098
22358 82215
68035 68034
77424
16476
7531
37422
72142
14432
16390
16415
16397
69797
83583 83584
51727 72676
7561
61340
15841
59574
7575
53064 72251
4553 88533
4146
42661
70687
4158
85578
88742
88743
61317
62829
715
59227
22820 22674
85860
68087 65603
50164 50165
87297
65608 65609
65612 65613
87003
34135
83223
37744 37745
7100
70056
77401
16803
77521
3398
7105
16841
68854
61214
6939 6940
59915
2007
69161
34140
61054
13115
83710 18733
59366
7686 87507
18339 18340
13108
65102 68258
51396 72784
37971
7174
15834
3426
62831
66796 66797
68494 64320
7409 7410
62656
7181 7182
72223
38540
61663 61664
7192 7194
64374 64375
59569
67678 66870
43306
64152 68558
74838
86870
50353 73119
672
75219
60660
62875
39420
82869
60746
16421
14458
6808
2089
41294 41297
6813
6759
18874 18875
85733
16293
36726
81769
2063
35643 35644
795
38557
43107
4275
70988
14473
60661
52986 52988
42078
7369
85573
43360
7334
68385 64706
4126
34150
36905
71861
85893
7439
4179
4172
4171
37304
65346 65347
66803 66804
16427
70026
37721 37722
37329
87279
42167 75817
62835
37700
7400
38539
14489
61259
83038
37357
43324
42080
62812
36119 36120
7405
50106 50039
87966
85569
65359 65327
37973
13133
1942
59849
61372
66415 66417
38004
1445
81362 25670
41863 41864
48094 48095
37838
87848
1533
42918
1246
74889
15945
81113
13248
25920 25921
62804
1252
16002
5348 5349
82888
65126 65127
74906
13224
59126
59127
75548
62608 62609
86014
27130 27131
59821
1463
79076 32539
72970
72509
70015
36890
3601
76579
1242
42928
32630 32631
75308
1112
22690 21951
72482
82893
85557
6708 6710
1051
35781 35782
76589
13168
62765 62797
72941
26308 26309
1072
32502 79085
41859 75914
18646 83737
71951
3498
37259
62793
16052
5031 5032
67320 67321
81745
75706
38013
1113
3508
59796
77296
15989
69179
80542
69177
71953
66636 67750
3571
15990
61404
81168
36685
43434
78437 34401
87813
7208
70671
13053
7216
67140 67588
37820
85427
61556 61557
68858
59069
59076
1207
16684
59081
21087 21088
64984 64985
74751
70973
69002 69001
5267 5264
7483 7484
82830
3223
53287 53289
77396
15770
3233
78182
50122 50123
7287
21991 21990
67179 67180
18834 83681
70669
61545 61546
3201
27211 27212
25626 25630
43121
59215
62874
85581
1365
82881
85927
77874 77873
77950
69144
72751 51490
12864
25851 25852
59201
36680
34360 78468
83566 83565
80865 27110
37858
77966
85038
61583
59104
27150 27151
82836
72107
42855
4352
43432
3514
41585 41586
27204 27205
1190
81293 25860
18794 83692
43078 43079
61503
1389
37190
72429
75333
3240
70982
12824
78300
21578 21579
61652 69408
12995
63668 63736
34077 34079
20934 20935
84800
3183
77446 37363
77441 77440
14932
42091 75841
38672
34111
60185
60191
14731
88108
37384 77434
81794
53935 53936
8558
531
8508
16221
80858
49667 73360
72413 52562
53931 53932
60092
8468
1132 1133
8485
80728
89603 1209
72870 51164
21864 21865
77425 37417
62470
37594
70945
43590
60211
87236
60136
62018
8240
58585 70432
68890
70315
64507 64508
14653
14783
8269
52602 52603
60149
43264
1539 1540
4525 88541
1585
33617
59649
70157
70314
14776
80856
1545 1517
8121
8177
77378
43838 43841
76956
8529 87198
87262
62739
14806
43367 43368
1600
50850 72950
37670
78618
59979 69950
60233
8114
37051
8556
60561
1719
75860
72894 51080
85956
75521
83033
62706
60504
14636
62408
33831
8396
1324 1326
72247
8380
70375
1779
80742
88259
81061 81060
78578
60088
7729
7812
52634 52635
88863
75131
15728
89344 2005
47457 47524
21194 21195
51101 72886
33834
69481
61746
60263
51090 72891
38595
35709
26570 26571
42411
87445
83124
12962
79702
33684
8369
42665 42666
68762
86705
15600
73481
21226 21228
37069
61714
1839
1837
87240 87239
2481
63684 63685
60087
43088
77707
47429 47430
69658 69657
51239 51240
62725
69463
71745
43902
8378
60430
8338
43911
75487
62977 68938
79710
41873
8323
72373
34260 78488
27287 80795
88450 4814
8371 8372
14864
36136
8190
61981
64578 64579
87293
7025
80383
39394
87617 7335
71900
70924
82728
59748
15051
75560
16312
77855 36205
25811 25812
769
60589
66344 66346
75254
86916
3985
22558 21848
14293
78117
14269
43205
3837
82453
15257
6975
71896
7007
43214
41799 41800
27354 27355
79297 31866
77549
762
64906 64938
41820 41821
14299
7392 7427
15108
61432 69476
77009
38465
60529
6699
80873
22056 22167
42215 42216
61944
43451 43452
4226
42002 42003
81499
37693
69588
6770
59532
38456
70547
4195
78216
68688 68690
43389
60604
76511
38467
53190 72212
6693
6696
43388
14318
70343
43376
15134
43378
37666
75754
43384
21141 21143
21724 21715
72214 53184
14330
3848
14339
80754 80749
60903
36222 36223
68024 66001
67956 66007
4416 4417
60906
72976 50778
35972
83330
53119 53121
6943
16128
80414
37854 77273
80739 27474
35949
62087
3803
18579 83755
64651 64652
1601 1602
76785
14844
59648
36130
14840
63664 63665
70438
60836
27254 80813
69844
14670
1636 1637
77270 77269
19567 19568
3908
35822 35823
60877
37096
59630
59710
80431
14370
7041
72292
1675
22347 82700
3866
61894
62073 69253
86045
78096
78087
60983
59712
60992
81031
68980
7065
78097
15270
15279
37102
21426 21427
73340 49722
35946
19526 83441
1581
59626
65969 65970
1435 1436
1640
37802 37804
59698
16335
47650 74002
66072 66073
61903
74825
25710 81346
72221
72131
9159 9160
48067
53701
70132 59451
18817
56673
30394 30395
56616
26505
26506
53680
18611
18599
18596
35058
56701
16962 16963
56699
56682
48024
26448
53707
53780
18705
41440
49346
26471
74565 45912
82234
18830
32106
18363
32167
56774
54140
54157
49405
11194 11196
49411
89859
56734
89858
39532 76703
18402
18429
47331 47333
18850
86337 11090
54067
60367 69816
27557 27559
11288 86268
54098
54106
79190
48141
84256 17165
32087
53742
18014
70130 59487
48001
74623
54567
35004
17861
54569
35008
41491
55958
82156
79463
55948
17919
54591
26207
41521
54470
47962
11746 86109
54473
68632
67589
48087
26420
54505
86133
18218
54594
85359 13929
47988
54547
12089 12053
17996
86112
11937 11938
26610
26589
53796
17972
56086
14086 85301
80077
47136 47137
56065
53830
74170 74169
13902 13903
26563
56038
83962
71808
53844
56049
12188 12160
41504
55905
41500
31962
49393
51278
12933 12934
17723 84051
58721 58722
12888 12889
70361 70360
84065
34924
17533 17534
47796
16911
16968
51037
74619 45779
16951
86403
84097 17604
86396
30668 30669
31508
84050
49839
84104 17587
51086
17208 84453
76493 40121
31645
31648
51375
31526
44059
51414
74051
55184
17661
79741 30558
31889
49696
31876
17329 84193
17644
17659
74922 44905
40010
16998
47730
31858
16983
47110 47111
51432
17037
89990
43572 75351
84774
55247
31832
17068
31850
55086
49857
49861
54028
83969
32443
80205
18505
54010
86187 11502
48117
32407
18499
84142
32330
56448
56437
50936
40777
60274 60275
41467
34875
31933
84143
84760
75363 43599
39895 39896
11166 11168
53961
54053
49788
51158
17179
74108 74107
56506
78519
17313
34942
59514 70112
17282
40077 40078
81863
17128
44447 44448
48138
32283
40064
32300
71837
51218
49754
32306
32210
45885
17178
51141
56568
56458
79449
24596 24582
54663
54664
47223
81876
23137
50138
11450
11470
11436
25515
25518
73541 49034
25519
23004
52627
34610
29549 29550
85488 13588
36810 36811
52641
25187
85441 85464
41694
25209
88967
84961 15148
25141
56074 56075
25138
71277
73620
18323
44100
46430 46431
25466
53069
11591
25480
23853
55244 55245
24331 24329
24032
34574
23539
13856 13857
24340 24341
25606
59220 59221
25477
25359
71481 55432
49006 49008
52698
78805
52657
25544
44245
56198 56199
11204
15130 15132
50359
23423
84735
10718
25973
23336
50259
24036
46408 46374
46383 46384
24754
53611
15011 15113
50268
53619
24735
41682
11115
37348 37349
68147
15104 84965
26081
53642
45089
15055 15056
83724
47255
45073
24801
10696
81789 81788
41786
56244 56245
23471
25215
24491 24492
45108
10870
25289
84934 84933
25304
25330
23489
70192 59268
10851
53490
10831
89414
53503
23308
37260 37261
25255
47303
23397
76369
25272
73386
53426
73339
55262 55263
23876
49520
48363
27007
54288
56289
26892
45180
26905
14417 85195
74102
45295
74157 47183
79394
45293
73573 48920
41313
67578
23686
81737 81747
44002
27084
27081
27046
79231
14359 14360
48864 48865
23754
86375
14351 14352
56292
56297
54671
78413
48081
26310
18313
18311
76842 76841
56264
26326
85342 13988
56237
26352
18288
56233
18278
69698 60690
26373
56216
79221
49473
54612
80627 27830
26959
26962
18092
84103
23662
11258
26790
41347
84119
23935
44013
80206 29136
76822 39167
24010
52952
50238
11296
50239
46425 46426
26795
74383 46468
13333 13334
52871
45259
86128
59229 70204
13775 13776
52987
53081
78383
53103
83515
82405
26832
89869
88964
39072 39073
27059
14192 85270
41295
54402
82180
33586
23577
41288
23546
54390
60777 69681
76854 39097
54361
55524 71455
46419 46420
54348
23637
76138 76137
68605
79202
50223
47340
50225
11365
67621
17685
55021
11195
45438 45439
19707
19723
79474 31348
73799
58865
19032
19031
58880
19052
19015
29578
79517 31217
58963
46488
19058
51775
79479 79478
45053
39942
58943
86500
58854
86698 10028
9959 86718
58709 58710
83887
19709
86722 9942
31231 31232
29744
58506
58502
19833
46502
71644
9731 9734
86404 10931
29732
86656 10172
9716 9717
76317 40646
29770
19677
19716
46497
51830
40739
9747 86785
29827
89746
58572
58727
86787 9740
19740
10220 10222
19730
51992
18885
58859
40681
58082
79557
19159
89723
86117
19151
19148
19145
58605 58606
44290 44291
51495
46453
19165
40645
89084
30309
47025
19239
45935
19204
51619
86326
82259
58076
20541
57996
19106
31294 79492
47033
47026 47012
79519
30192
30195
82245
18997
86799 9703
46558
18981
45498 45528
45656
79496 31286
10047 86694
45801
30139
51747
71053
30353
86877 9476
89726
40506 40507
19355
45526 46266
19337
10438 10439
46522
19744
58528
31693
45640 45673
67702
46196
57744
31415
40521
71593
79145
30846
89786
74150
57759
31306
57760
74162
57719
30934
31340
30926
31351
59109 59110
31357
79378 31623
84228
30892
31607 31609
30707
46189
57944
57647
30443
30548
89779
71595
57070
57076
57077
46304
40594
86969 9212
46316
40607
56890
30441
10661 10663
74900 44960
83930
31285
40606 76324
31288
89783
31298
30783 79667
45693 45694
56968
30427
79139
86536
57333
76320 40629
29661
19496
71611
46183
57191
45706
73820
31096
57477
19592
58636
10949 10950
57488
40415 40416
57331
19493
45184 45182
19409
19433
46880
58700
19485
10835 86435
71610
31789 79311
31152 79552
31141 31142
19533
31171
73814
19502
40524
31593 31610
70265 59053
57713
40563 40662
57148
30802
47148
40533
30958
57131
57906
30719
74662 45655
67688
57179
46046
9085 9070
25109
75239 75238
79404 31556
31155
9066 9067
57870
71630
39773 76620
51725
51728
17475
74536
50809
55799
33530
55795
55574
15987 84657
33553
33554
71549
74228 46953
33448
55588
13086 13087
55611
33476
40213
13040 13041
75840
83562
46958 46959
50414
16073 16074
80196
33125
28503 28504
15632 15616
20182
45321 74775
20133
55783
50684
50692
55760
46150 46152
33391
33419
74934 44871
33422
76892 38931
20215
33431
55755
29643 80042
40422
15539 84807
55788
47814
76059
55827
38549 38550
80448 28429
50880
40157
78486
84757 84756
17515
74652
33139
12867 85745
74037
12834 85764
38514 77044
33219
44532
17783
17767
17215 17216
79293
76119 76129
17579
17691
12862 85750
13260 13262
74033
17225 84235
51246
31770
76978 38694
40411
49729
82210
49735
17589
81935
31685
33188
17811
44527
45820
33069
17364
29882 79954
17352
33058
44524
50588
33063
50589
50591
50601
79296
13153 13154
45826
17383
45808 45809
40107
47910
54953
29832 79969
17747
39660 39661
55005
84045
76523 76522
55766
40421
29766 29767
58276
16322 16321
58442
67799
75845
52488
20821
20621
68473
20673
20667
73415
58350
20657
58288
12660 85816
52505
20652
12643 85826
20633
20631
20647
30042 30041
16571 16605
73288
40355
39809 39810
28264 28262
52545
25117
12673 12705
58009
10352 10353
38858 76920
28210 28211
29847
51645
44394
51657
20583
73409
20572
28226 28228
46699
52420
89702
31396 31397
20486
68704
20475
31428 31429
30044
44346
82378
46031
68463
46442
79882 30114
55579
44253
19849
44332
12430 12429
19844
28104 28105
32714
19921
52237
28121 80532
55324
55430
32711
40154
46602
28129 28292
46734
86145
12341 12342
46904 46905
81867
46800
12339 12340
88908
55570
74648
20306
39004 39005
32503
52284
19961
40358
16602 84474
80071
32916
40304
55490
40239
44318
82198
44321
84008
52084
84471 16591
12255 12227
32752
40244
20059
41031 76180
52055
71058
80068
28151 28152
52275
52278
45995
45066
51856
76286
11851
21808
21807
27896
21802
9358
29197
41202
21798
27873
33361 33362
44847 44848
65117
65300
33355 78818
79856
2785 89067
21786
65279
65105
50038
29238
65064
54318 71836
22300
21465
65120
49547 49548
4330 4331
73554
29021
35417
29284
2799 89074
47503
29261
21489
80365 28638
89021
71734
54283 54282
41166
57521 57522
41258
28765
21759
59926 59927
71368
71609 71608
28771
27725
40704 76292
64116
88728 3898
65181
71737
36291
35219
9504
11886
28792
22145
4087 88667
55036 71605
9558
49493 49494
21858
2837 2838
63738
11823
78659 78658
47540
11819
65268
21988
49504 73406
68320
35151
50056
3872 3873
21844
63801
21895
11810
27935
29079
68802
8733
48241
24394
40941
41247
40939
74580
28496
24047 24049
45476
50100
54575 54576
34791 34820
14763 85069
14722 14723
24771 81664
78783 33449
36511 36512
5798
40919
38077 77186
76407
4165 88645
64229
89551
24342
76237
28790 80304
22264
71298
36274
22274
81892
35177
68556
40944
50093
22223
71297
66767
33394 33395
47476
14817 14818
12729
63947
65134
54149 54150
47443
64216
54349 54350
21518
12645
86573
68269
89335
63859
68538
65147
22413
71824 54356
21385
22416
65150
63905
22385
64434
12651
5786
28625 28626
80178
40917
28450
2943 2944
54228 54229
35405
9596
28750
29111
12589
64382
63886
34837 34838
29121
29133
63883
77746 77757
21695
78630
22085
21344
36308
63430
45517
63417
63466
59955 69960
21349
33166 33167
21307
63596
63483
11946
54912 54884
63415
22514
9122
89080 89079
63381
2364 2365
86221
63495
12176
22931
48616
27404
63556
48622
12127
71686 54783
68200
63567
27979
36238
40789
36761 36762
23442 23443
9097
48620
27671
12177
11933
44807
89327
63447
23561 23563
10692
73597
2316 2317
35522
82041 23659
27277
75874
22659
36372
22707
71271
48619
9238
9321
27400
9325
48473
79839
27300
71649 54883
63679
28031
21150
86657
22544
63187
77678 36677
48516
54826 54827
22553
27301
89373
71661 54867
71264
63141
63702
44721 44720
73378 49587
22483
23530 23518
84556
20938
88675 4059
20404 20405
21048
20402 20403
27963
48590
29011
28161
22797
28145
63999
47506
45011
79840
83695
21011
88903 88902
78926 33001
3307 3308
78646
23153 23154
89145 2595
21722
27763
64875
28791
74451
22017
22046
22018
28958
70771 57549
68238
21717
41186
45024
64168
64088
36556 36522
45348
11730
64092
71853
28880
20980
20875
44686
27525
20988
27473
64966
68775
27545
20933
21054
71735
35603
27419
9205
64977
27463
20945
27444
22759
64067
29068 80226
55136 55137
68243
22826
3043 3078
86675
71618 55009
44398 44364
81995
48648
28093
36310 36311
40814
64079
28230
45361
22748
20890
28220
28258
78948 32934
82310
36539
88912
89456
8632
41608
35342
68517
69343
12482
12452
25673
76225 76223
53363
83167
24100
35251
25065
78599 33971
24042
47672
48436
55957 71310
84880 84879
41650
35376
53378
8576
24054
3335 3337
24099
8598
14889 14890
5600
74998
69713 60650
36602
80670
24320
25041 81580
82519
25722
25048
46729 46700
81635 24848
85046 85045
48623 48624
41087
68502
6398
68264
49969
78791
66398
79635
5578
41445 41447
8789
5585
25629
42383 75743
25004
64630
80097
14903 14904
58574 58575
60651 60652
54518 54519
24196
53314
89562
88399
41051
66508
44122
36651
28599
72893
75610 42777
24944
66498
5749
34631 34632
47563
25059
58975
8670
28581
8655
5634
60670 69703
48424
23995 23996
37211 77488
45376
24212
24219
49966
74986
14669 14668
24242
34758
8829
6390
8983
40812 40813
47683
89451
5722
41657
24081
75023
24853
24253
14441 85189
44936
3360 3361
83043 20641
66853
41667
66861
8680
84416
64525
24007 23991
50006
71681
36644
41615
84674
25810
80083
66408
85142
58417 58418
25693
62345 62199
11171
12381
69398
12264
24523
15477 84829
44710 44711
47425
34608 34644
41030
24364
6312
66627
28824 80292
24517
77185 38080
55912 55881
74362
24590
28523
28679
71793 54450
76414
84813 15523
5900
84902 84903
82512
5960
48775 48776
24440
66802
28670
45122
44137
25711
6339
35484
42532
86771
34733
24609
8730
20624 20625
8804
64296
53201
11149
33212 33214
25096 25097
28407
36403 36404
45387
66692
88341
20577 20578
41222
47235
66714
54422 54423
89002
5759
54551 54552
6012
9058
24661
66544
9196
13242
53260 53262
88166 5723
53429 72133
57738
65719
52126
8984 8985
50682
49137 49139
57306
34145
65796
58298
57377
58330
72254 53063
9177
35205
39751
39583
61341
52238
12273 12275
14056
88511 4601
42156 42157
57262
13219
3796 3829
52503
14135
9251 9252
35530
61264
61277
16119 84619
81021 26660
38838
63984
63265
9220
49129 49130
50849
61445
34217
14416
40830 40728
57259 70874
57717
66511
28074 28075
66613
46194 46197
14070
65595
87052 87059
85883 12465
52152 52153
9888
50774
65686
57251 57252
9064
71155 71154
9285
88375 5049
53676 53677
50759
61387
8927 8928
57024
61177
55521
46654 46655
16388 16356
89155 2516
12354 12393
88408 4567
9613
52070
61606
57375
34600 34601
2517 2519
2730 2731
40256
6444 6445
52051
63361
58110 58111
50737
66427
34131
65852
55333
65805
52213 72523
65833
55314
39497
61522
66538
61564
8946
86991 9314
61162
40144
65807
35541
8942 87056
15729 84732
25873 25861
39542
39708
34080
55519
34915 34916
55504
16499 16497
56623 56624
61061
13755
8852
56939
46851 74257
57097
56892
72046 53673
41196
50714
39560
5398 5367
14445
36070 36071
61076
38329
64061
52140
73848 48124
61092
13239
30760 30761
39623
39730
83729 83728
61493
65647
73712 45148
14211
61219
55405
53717 72032
56942
61071
64039
56894
50740
13152
56896
41012
83741 18626
65753
66625
63160
84532 16391
67113
87944 6395
58631
677 573
61729
58758
4341 4342
86649 86648
51946
51745
61749
58630
61754
58625
88035 88034
8769
58933
58940
9438
61649
57626 57627
66913
58920
17856 17839
4809 4808
35285
45212 45213
45359 74765
39943
58702
63896
39893
9458
58746
58972
50851
10428
58820
58827
57480
51878
40658
10464
49234 49235
6346 6347
88115 5871
88580 710
57729 57730
40651
53640 72061
40544
39134
14701
58639
61862
45472 45473
23344 82144
14700
39123
5859 5860
89805 608
66956
39143
42449 75720
31361 31362
61675
39219
86693 10051
58540
51793
8714
70485 58431
67009
61809
38976
39283
34169
71926 71925
8564
17860 17862
57571
39000
34307
10440
66770
58598
56728 56729
6206 88007
66774
67386
71042 56721
51828
6260 6261
31671 31673
51805
8724
51816
10284
67364
51865
65316
77866 36179
41013
14542
10192 10193
39242
31734 79332
58863
39194
67040
57430
41874 41904
51755
88641 88640
4703 4702
8709
8755
41243
56649 56651
57625
10544
66740
39441
4163 88648
31197 31198
61854
61859
51748
33914
10579
51763
38753
35130
39849
14291
72196 53238
58038 58039
57890
4212 4197
12583 12584
41177
51644
64211
34237
38915
64166
57980
57991
64113
83091 20491
57145
57144
67092
66658
51722
34174
72228 72227
89627 89641
64128
51711
82134 23372
81939 23938
9565
58159
6575 6588
51663
63789
85875 12487
53035 53036
64011
38820
85829 85815
34160
49259 49260
57714
61633
38873
52543
16236 16237
8854 87086
58384
19757 19759
14385
52344
64179
75330 43647
52353
52447
58224
66475
51999
66473
41055
51680
38922
58056
67123
51505
14348
70492 58415
9685 86803
62013
14659
51601
62026
57200
57861
57709 70716
33890
6523 6521
9347
4297 88656
39362
13762
8703
4870 4871
66987
51575
40674
14738
58126
41080 76170
3465 88850
39314
17916 17889
39785
10456
8777
51908
66929
62058
66824
8702
57819
1089 89632
14343
38813
67182
14335
57919
63794
74793 45267
67181
10610 10611
23968 23969
9587 9589
14674
8897 87071
39312
57803
4463 4464
57132
3891 88719
14667
63787
58212
41793 41794
62067
39342
62074
88717 3963
4523 88542
17934 83985
53568
64989
63253
56296
56213
25700 25701
56138
64238
54305
35491
85018 14957
28819 28807
73259 49978
38673
56125
54316
14953 14955
64312
15899
56117
54191
49971 50002
14410 14411
41312
12691
16021
1118 1119
12657
41337
38600
60004
59883
40950
37865
87837 87836
14941
1218 1219
12690
33750
41274
54284
16046
56102
6648 6649
15962
12360
16725
37797
41629
59205
14276 14277
51485 51486
37808
81671 81670
59199
72748 51492
64682
11394
33604
11384
55735 55736
60117
59223
16722
60229
14800
14190 14191
56211
56140
27240 27241
80818 27239
64293
33738
54218
1552 1553
37795
21535 21538
27148 27149
64709
12244
59123
59116
60226
54701
85347 13946
49912 49913
87762 87761
59564
56085
64431
6922 6923
60512
41480
53829
12050 86050
54127 54165
71867 54212
56029
80390 28569
54183
60412
73195 73194
54529
54531
2824 2826
12633
14080 14081
59561
14049 85316
16353
16360
53903
60481
53904
59542
41002
16266
16243
55987
16277
37691
14141 85295
6986 6987
16263
60414
34990
13985 13986
15859
55929
25637 25638
64444
80375 28600
82825 21243
7063 7064
12747
34066
21242 21229
15995
85071 14756
56252
56248
16000
54577 54578
16006
85078 14740
59887
54492
60080
76000 41584
41493
87763 6945
14784 14786
55955
25804 81347
12721
15874
7033 7032
15607
50107 50137
72913 51035
54171 71882
40934
15798
55935
60076
12307
34684
60284
41702
53353
20782 82991
59303
50918 50919
52765
29526 29527
15329 15330
53476
27452 27453
10852
55844 55847
53481
10996
53181
53521
42417 42418
10890
53380
27057 80880
64675
20784 20785
56098 71258
60980
11424
52807
7639 7640
7633 7636
11045
52820
41580
55823 55824
52828
11521
15268
16424
24448 24449
74374 74373
14620 14621
20815 20816
10903
53176
34744
10763
51682 51683
11175
11108
15102 15103
11089
60581
60526
53651
11059
21501 21502
7432 7433
60613
55867 55868
60582
53584
47534 47535
34298 34472
27039 27040
7389 7391
60686
53169
10960
53454
53459
60739
56229 56231
55896 55897
51609 72717
7215 87663
21409 21410
15037 84987
15041 15042
53631
53604
10800
56222 56223
38568
15163
51766 51767
16834
78543 34126
16825
46427 46428
51531 51502
29103 29104
12511
12451
60159
12388
13759 13581
71506 55344
34350 34351
16822
59494
38657
72769 51431
29095 80218
81710 24646
41617
75669 42501
59095
33734
60129
11383
16651
28745 28746
48752 48750
14830
50738 50739
38662
1520 89480
52941
34691
13524 85510
14879
55704 55706
48801 73621
38154
14439 14440
25299 25300
15287
59423
15184
16450
80758 27415
48332 48333
64618
59345
26961 26945
15170
41701
50951 50952
64606
64593
11032
41164 41165
59251
14639 14640
41736
50870 72944
34585
14557 85183
59387
64542
11590
29455 29456
11594
51343 51345
16751
51359 51327
1419 89515
15207
59375
13858 13859
41538 41539
16793
15205
14467 14468
16334
65156
9248
12838 85758
63101
73162 73161
66226
85778 12767
15462
51273
51295
11197
40021
82089 82088
87322 87321
35606
12068
50183 50185
40399
62916
17309 17310
80232 29035
63030
15406
12153
37955
3135 3137
12158
38212
51316
54771
87369 87368
66169
40794
66186
12958
54727
47945 47946
29050 80231
66197
82112 23447
54706 54707
55279
64960
30464 30481
15424
51384
13718
55225 71543
51386
11801
11714
17524 17525
26204 26205
40820
83789 18494
34933
55119
13734
15488
13735
15475
51079
51366
66252
66251
62903
23529 23532
51435
64941
47280 47282
38145
40807
34922
50298 50299
11770
15522
71566 71565
17752 84040
1865 1866
47295 47297
11766
66244
45842 45843
66371
65868
2467 89178
62846
34460
40221
28447 28448
10005
474 475
65550
55596
16061 16062
65551
40218
78260 34967
23624 23625
63718
46956 46957
55729
50487
37925
57835 57836
40842
5182 5183
50874
29662 29663
35524
34012
62779
13190
18650 83736
57827 57828
50814
57422 57423
34018
63654
65371
5223 5224
12856
10109
63701
519 520
48003 48004
40173
87334 8144
65463
54914
63486
74606 45802
28895 28896
18280 18281
63471
50550
17431 84156
37943
13009
84152 17358
28355 28356
63457
50399 50400
62707
37938
50612
39982
54947
11989
50314 50315
50436
40417
55293
50441
54950
2459 2460
12970
9904
28845 28846
23473 23474
18357 83835
10011
2366 89215
62631
51088
51007
25772 25773
57170 57171
38221
30248 30249
56336
15349
62575
66013
13420
42617 42618
34349
66014
62429
1982 1954
71599 55053
54172
33983
80705 27594
16159
47870 47871
53949
13699
27510 27492
16696 16697
25542 81440
65179
15340
54041
77960 35898
62503
34868
86172 86171
56425
65177
86239 11527
53934
34876
56417
38234
66089
62376
60312
17104 17102
41453
59634
53700
86292 11227
59694
60262
65171
12605
53703
11255 11256
53704
33997
25714 81344
16314
60269
12612
74564 45914
59701
10693
53669
53683
65104
16162
62480
54085
79827 79826
34898
11304 11305
82930 20955
87245 8400
11860
56599
65100
61037
17061 16991
16077
89346 89345
33993
34334
65188
56457
15309
56494
62312
34917
56484
18394 18395
34953
64905
65942
65947
51190
40090
62165
33974
34960
13357
37907
62156
38073
40970
62338
25503 25504
62277
13655
55091
62276
81416 25500
55088
11700
30653 30655
26404 26405
64810
50955
13653
80694 27630
50979
48027 73882
64858
16912 16913
11804
8620 8621
8000 8001
51156
7875 7911
24925 24908
2097 89302
87167 87166
87178 8587
54715
11878
62552
53996
50545 50546
81401 25529
55032 71607
11914
62559
65233
13459
56388
73742 48405
34909
54973 71628
56976 56977
13371
62161
11467 11469
56580
7944 87406
11391 11393
34374
25555 25556
16865 16866
51163
11576 11562
56548
55069 55070
65992
13395
66548
18625
47027
41970
49576
7736
89889
7771
18242
87523
87842
47465
75288
74636
86334
28494
29510
28487
18320
18308
79522
80345
49498
8443
44159
18132
8306
46564
18089
28436
72462
62799 62800
7667
29113
7635
89167
18029
72296
29547
29518
81337
39964 39965
32112 79210
7658
17903
7664
17846
7784
36976 36977
82367
79462
44375
35692
71111
81941
17904
79521
49479
29490
77376
79215
28353
81018
30350
30360
75474
8165
73960
8168
78128
30375
81790
8341
80050
8067
41876
23655
73958
45238
68354
83980
23632
75827
30391
30243
23608
50219
77268
70087 70086
84676
86101
8447
59582 59583
85320
8515
43966 43967
89901
8504
8451
81392
28404
47484
85445
69093
28381
30147
71894
8487
8499
23756
30158
79162
7674
7722
29816
5140
43189
35680
18538
49623
29275
71185
49391
49392
73255
74684
5089
29083
18358
6556
6561
79084
42625
75708
7919
75830
35672
71569
29581
76316
87491
83323
29645
28856
46156
43209
17188
4921
43686
17176
89191
29603
80407
44558
39928 39929
28825
47531
33695 78703
29611
43102 43103
75452
81033
4933
69254 62070
67647
79452
60223 69860
82172
67724
35695
8006
69195
18622
88663
18610
18606
73885
18714
29174
73886
74638
18677
29077
18701
7834
72294
88494
29328
43643
7681
18018
86351
85442
29148
87395
8053
32104 32105
72704
87777
18580
35664
72472
44001
49429
88659
18780
7870
86108
18779
7883
29369
86460
29376
42758
87011
87774
43186
61668 61669
18835
86472
45230
50218
72377
79200
25833
24766
24764
77451 37330
7522
65755 68046
75437
50276
80940
83727
68006
7124
73047
24677
43879 75303
82776
24781
33017
45067
50313
76197
89531
24603
68078 65663
25660
74655
37229 37230
23364
76203
75469
37335
79806
25747
46395
37320
7372
68008
47580
60910 60911
89507
41304 76093
23288
23287
45096
23298
46451
7585
7586
7596
79818
7488
23369
25657
24653
71284
69479
1383
37204
24976
1397
49960
37212
24889
49997
24854
71305
37633 37634
32645 79036
24659
32602
24903
67615 67057
75806
67199 67201
37209 77489
24928
1343
48985
50011
67388 67389
74556
72017
25077
25078
7094
76415
7102
7103
85674
75618
32745
7109
76460
68671
89053
45176
67088 67606
69499
25712
89396
37394
7258
46411
7223
45175
26043
74328
44311
46367
36166
47631
23816
31923 31924
75760
6830
89073
21697 23139
6862
6956
33239 33240
80372
23815
86822
62722 69027
77944
35917
7052
89016
28714
30060
23859
6973
43908
86236
23205
6947
29834
89873
59233 59234
76947
23930
69639
44788
81130
59602 59603
23911
30286
88896
8290
68363
72235
72966
29904
37358 37359
71827
44161
74114
70403
37016 37017
89870
6920
33217 33218
6994
43903
32786
76350
37391 37393
65450 65451
23117
23113
86643
44306
23034
84458
23076
76968
23051
23461
7005
83478
32876
32024 32025
36875 77603
85632
35988
43001
22370 22406
80046
78502
74350
32843
36030
30039
69623
66283 67858
6826
50193
78321
89526
30046
81893
30013
50189
83127
28630
43147
66098 66099
77620 36846
36038
23263
88625
23242
86234
80459
23003
28614
70416
69986 59884
71480
48212
20398
20437
20434
78634 78633
77522
30841
46207
46674
6351
83652
41448 41450
36309
46687
87982
6530
20447
86073
36538
77407
20481
20466
6495
27192
6461
36396
6363
67808
87261
20512
82482
30923
30928
5754
20514
67706
5681
89300
70071
75533
20513
80245
85583
20505
42941
84184
70022
6364
32939 32940
6366
75225 43986
44937
6373
68259
73529
46720
20796
89929
77255
27227
36360
30531
88764
88140
6116
30641
86688
20696
40602 40603
30604
70529
30605
84010
6070
80893
68818
27588
46656
81172
20030
45773
30561
43344
77964
58719 70383
87954
20778
79489
27160
20766
89701
27165
27267
44974
71219
30423
27206
85538
79575
43444
20802
74205
46733
20812
68245
30424
27259
77431
83430
68804
85836
27271
87960
86312
84576
28218
42953
80310
19631
69677
5840
61547 61548
5851
78185
84266
89686
5866
76158
82111
19578
5874
19008
41989
28184
84254
5770
19092
79591
43946 43947
84868
27842
19630
76848
72435
27791
19448
27777
19456
27735
33457 33456
36280
19768
27926
36243
27932
70398 58670
46882
73788
71200
67852
79009
58671 58672
19804
42962
5771
19594
5713
5531
19320
83867
73533
5559
83868
45947
70872
5510
77176
19132
5524
19122
67778
30722
76306 40671
68878
67774
19216
19197
77178
76486 39754
89286
68339
76622 39767
87782
5586
89727
72986
5801
19084
18996
46967
89664
68266
73837
76477
77426
6014
47121
5892
5899
89720
19110
19535
5931
72572
5764
28034
76045 41444
47139
42830
45783
85039
30402
45811
17586
43280
4571
17695
33505 33506
17635
50390
86408
17640
17813
87402
45870
77348
17027
86929
73094
17072
74041
17048
81160
16907
5266
5268
5279
30955
67690
79294
74160
35819
46069
60249 60147
72155
17330
28233
87793
82442
77574
17726
17724
4431
62107 62109
83338
41813
86926
17758
17800
86490
88672
17793
4501
49713
49686
5303
17403
28767
47523
5448
5453
78705 33694
83256
5404
5462
89756
83345
43661 43663
5471
45874
82733
28764
46173
17286
69115
5366
72999
28759
74022
29679
17105
17094
5434
76385 40418
81953
73873
29000
82734
75722
74069
84600
72707
62606 62607
83900
31164
16864
46186
5221
85737
79273
28963
45903
35869
31131
31109
81787
5320
49818
81038
61619 69420
17451
46002
27643
19926
79384
31237
45984
74093
74094
71552
20242
27656
20371
27644
69102
27639
33589 33591
77390
36517
39594 39595
43291
77334 77333
74886
20109
70605
74098
68284
88543
46731
19916
19919
6241
46294
73893
70998
80278
27549
46642
70689
45988
68809
33544 78749
44798
67534
19942
19931
77580
33533 78753
39611 39580
77290
6195
27665
6197
82192
86347
4749
82235
45836
45860
27512
17555
67555
86016
17548
4772
44644
31040
17508
17547
45834
20074
42857
27505
17366
17362
27503
4838
27501
74883
17355
36350
75885
59779 59780
4878
17466
84854
27635
44630
4655
4657
20194
27458
20161
83680
83261
20176
74151
27418
17502
36481
17501
75331
36502
44633
75728
42814
42086
73914
31334
32500
7552
19385
75110
84287
22539
22449
36798
68318 64924
26917
49208
774
81856
48153
25576
48679
82058
2135
76390
22966
22953
2144
69189 62344
85943
72299 72298
80150
71088
568
625
37032
64884 64888
85789
22509
636
22556
77321
22551
22546
77481
48721
2331
64860 64861
566
2330
26503
25414
49096
47699
44519 75055
64717 68380
27001
83521 19284
36862
87870
2174
3561
2382
77798
42266
36916
22793
76641
22789
61113 61115
69769
60700 60701
70114
75820
32137
84614
52892 72312
37961 37959
75008
31550
88353
44738 44739
83803
22913
82517
22946
22721
37115
78385
76083 76082
48627
76428
36888
36884
74511
25472
52862 52895
47799
24201
88249
77043
79069 32550
44149 44150
82813
21238
49186
77471
80963
44187
21369
2298
81276
67898
22505
80153
43950
80555
84481
25532
884
72325
72328 52821
72591
44188
43169 43170
75077
145
2992
33247
63074 63076
70219
25120
83829
73714
80016
70215
59337 59339
70214
22235 22230
75180
21302
37999 77211
67902
85805
47758
37453
42709
21163
25512
22629
26885
68429
22611
31691
81204
45544
72825
77114 38304
25592
940
961
48151
22664
87327
70633
36812
72526
44102
19051 19063
77894
42655
78969
87548
88282
42515
43071
31766
84485
73587
2236
76208
801
37490
77147
77731
21215
75850
88939
47738
76066 41380
77739
31785
27094
44461
80210
41709 75955
62238 62239
4326
88603
22242
85000
22234
64614 64615
22232
27054
48114
26659
4242
71150
45401
82092
69914
4038
61849 69332
4023
64592 68418
82048
44064
26758
77778
4164
26657
22294
32237
87196
45337
32242
87886
4067
22185
2496
72710
4102
83634 18961
77594
61208 61209
4273
75024
85497
36918
3841
64669 64670
44471
3934
83174
88403
48453
77165 77164
70800
87053
88395
31994
71362
44010
83451 19570
86025
69300
87382
76623
72897
45379
68464 64448
3789
82760
85155
26733
72408 52580
87864
80653
73424
36921
3877
44007
31940
48459
3929
3879
88175
72404 52588
70700
48122
75922
37094
74995
48427
42592
4139
68232 68230
22002
87874
21934
72036
78003
42173
36679
38223 77131
26830
21912
83821
4132
26867
43954
84706
83161
48288
75113
3199
48296
44467
3615
75000
2509
3613
73676
22042
3668
73450
82209
47307
22122
3680
22107
82419
22093
67922
22088
68041
87684
87380
21940
48276
75421
82905
47774
37128
88233
43867
36772
18758 18851
72319
65070 65071
22441
26696
82604
77638
32218
39076 39079
22404
75675
84298
80116
39337 39371
2400
2118
64352 64354
22366
48178
44840 44841
84346
65007 65041
71922
32164
3228
70778
68712
48316
2585
88164
22321
80149
78964
26835
77664
82674
3405
22310
32147
68276 65077
20944
77662 77661
70761
86613
2660
69264
25956
2022
63783 63784
72612
50116
70148 59352
21640
2050
36060 36061
68698 63755
26428
68032
78732
49167
21610
77110
1870
89063
21532
69267
50110
71131
86936
25970
79782
44230
36494 36496
67672 66856
76421
21563
2084
22162 22071
25969
88059
50103
26401
36983
21553
43025
36986
1643
33568
25981
70468
21815
47918
1695
77466
76403
68727 68726
69247
72028
1810
86804
36993
21785
89501
49170
88316
21872
60335 60336
85985
1835
85129
87668
1657
33465
33573
49199
21420
88310
89033
82899
42415
26432
69407
81771
21514
38604 77012
71796
50036
21467
1608
36479 36480
38462 38463
72747
82769
26274
68489
1147
77649
37214
24078
71830
87123
41277 41278
73325
1090
52183 52184
66638 67749
74315
49906
36033 36063
89458
76732
47860
1239
1267
1279
1149
24181
77500
49903
37213
82975
37219
24199
84685
77504 37161
1442
36091 36092
80432
72541 52146
37278
70231
18044 18043
24267
26083
86265
72606
32701
76228
77696
1240
2680
26271
77650
24519
72639
18122 83917
1972
25883
1977
89427
45147
69923
18079 18080
36982
25869
38569 38570
24531
47817
33348
48961
26247
66648 66649
26277
32628
87818
86254
77654
75838
24163
87187
24152
47271
36045 36046
82540
32648
76212
67970
1206
71676
74341
25900
84695
24501
24496
84967
50042
1843
78348
25342
89305
43968
3140
72663
77753
469
43768
500
21071
446
76615
85384
35320 35321
405
85210
371
37613
69278
69415
43818 43819
466
3037
68233
83696
271
21873
80928
33096
278
279
39101 39102
62985 62986
42363
42420
21034
49039
85117
73061
386
26540
21737
89611
88878
87672
37036
44082
33324
82984
37454
49011
76195
80714
85077
80006
42348
9
3009
81718
63311 63281
33210
89616
25146
85663
69021 62734
48604
63995 68611
76196
404
63997 63998
41927
89030
36318 36319
70810
22248 21927
20922
2615
76370
63204 63207
37475
20897
20891
84520
77485
85979
71247
298
38360 77095
68586 68585
59298 59300
21649
21661
78976
86564
33053
21663
1745
26615
2706
82638 82247
1754
42881
302
74973
33106
68601 64027
64041 68595
76270
73553
77375 77374
1049
49051
42301
33088
48554
80624
72353
36299 77818
3053
74538
21843
21836
77968
32110
11162 11163
73432
62249
86134
57631
57003
30470
32128
26493
46257
57663
27960 27961
40561
26627
56002
47985
57779
19446
46883
26496
59056 70263
87959
80303
71597
30817
67824
30748
35065
57841
43817
57628
10709 10710
89667
82804
11996 11998
35015
57691
40591 76330
62137
19457
56020
19522
59041
35075
62164
57598
31292
59071
19548
56652
61554 61555
30919
57632
43752
85628
56725
39496 76716
26552
73896
39512 39513
69762 60711
86953 9256
6794 6796
56677
76322 40617
89791
75279
46308
30638
56674
30743
80018
56610
32158
77977
83929
30765
59182
10602 10605
30755
43732
83597
48177
11308 11309
84179
74222
56031
56787
43934 43935
56698
48033
75985
56992
56732
77969
31976
67816
30511
40556
30738
26486
11249 11216
80158
34883
59198
9311 9280
44099
19429
9387 9386
26262
26606
57452
57469
48175
30505
40605
32080
48086
30784
77392
19553
39530 76704
74828 74826
39006 76866
69137
40335
33169
33047
59931
44392
57985
38832 76928
29947
29938
86999
29931
29920
76354
87272 8302
87271 8304
37868
9612 9614
57960
13263 13264
30275
58025
80493 80492
80442
80457
33113
71834
55688
78483
58028
58074
55674
80517 80516
30058
58022
33109
72149
72148
30282
54892
58401
62474
71440
88532
40371
83909
38854 39575
71604
40653
87814
43123
30185
62475
30392
79520
33192
74904
47878
30135
33311
68427
47901
58153
33270
30330
54956
33292
33294
9643 86817
7121 7122
58809
46529
8401 8402
45522 45523
71781
75488
72967
55006
69501 69500
44508
32491
40300
32558
40263
59744
48488 73718
43011
12328 12329
40362
32646
28141 28142
55489
73395
69970
32907
55779
58289
75211 44021
32616
86148
59546
32611
60405 60406
55569
47153
32518
84740
46434
28149 28150
32697
61476 69462
84741
43013
12230 12231
32725
55551
38997 38995
68995
33400
78043
59680
73041
33545
32761
73042
33548
32823
85831 12623
40454
70900
33534
28532 28533
68487
88627
6908 6909
43150
46394
13043 85683
33543
28070 80545
38936 38937
55829
47821
33410
58331
83299
33424
33435
32982
78335
32806
58352
19460
87222 8433
59537
83298
33520
58239
54793
70863
59151
32271
73906
31600
81750
56471
30989
71921
46058
32308
45568 45425
30986
30963
30847 30848
83594
45762
62529
56530
76740 39431
42909
57156
58637
72538
55068
55122
47789
47785
81857
62595
85016
73428
73756 48379
55851
31102
8631 8603
45455 45459
57192
62504
32224
56561
58613
46184
56453
57297
30735 30749
57303
46105
56951
69037
87866
56407
59135
45785
68988 62798
31185
62225
56970
44256
40509
32479
31073
57314
57110
57323
32223
75988
62537
70596
40519
85468
89810
56396
32408
62617
62206
79129
11606 86151
82887
84771
47792
29460
79510
29429
29355
42632
58866
31223 79523
8739 8570
31679
31707
40383
69073
86731
47735
44418
55176
85774 12781
55168
37779
58925
58557
31020 31021
29453
87128 87127
29449
54797
29472
54806
46466
29571
85011
59960
54866
29512
76115
29534
44093 44094
29529
76334
31887
58603
70852
58534
55131
29586
84209
87266
37748
46144
78557
76127
55054
84211
77988
31558
58707
55034
55031
45738
58541
81050
59803
87894
55251
58559
73863
55192
55250
29748
29733
44451
68413
34949
69175
45488 45489
47285 47286
29798
37873
55062
60921
57590
21856
50059
89350
71711
65202
21668
65240
65241
65063
64882
75011 75010
21732
48577
48580
64777
77828 77838
73546
40961
21008
85190
21004
65932
64833
21079
64844
65059
65311
83711
83723
66063
21528
64440
45499
78733
64387
40914
2982 2983
40910
38612
74410
68218
21383
66052
21455
80690
79871
77364 37570
65103
65107
21793
50047
72842
40993
65062
21764
65040
65042
65051
86672
63496
48786
63509
48531
81111 81110
79836
89408 1774
36683 77674
21218
63697
1756 89412
21185
63607
85198
76193
48529
22617
38307 38308
63640
22589
22580
49399 73434
63228
71699
63205
21315
40784
38324 38325
45555
65886
42496 42497
72816
74413
64955
20936
81997
64968
20977
48803
81996
64215
48489
75049
65935
21300
21291
65987
84518
63578
89314
40787
21234
63601
67967
64470
76239
60303
60502
24605
77520 37130
24654
83804
24683
53245
24662
53208
86646
24656
67974
50132
49985
25024
49970
25018
53191
53196
41603
25099
84465
78824
60246
24984
24698
53553
84973 15065
23319
48919
15126 84956
23446
15147 15182
71286
23523
23519
23495
23494
77718
23490
53506
73604
60449
53515
23294
23333
73611
53447
23366
77450 37333
50264
82066
78782
25068 81570
77701
66027
74332
24108
83808
24503
64708
49933
64504
76241
60349
82525
83141
48970
38606
44690 44691
87082
38609
48932
64222
64241
89368 1930
64246
64247
50092
24400
24385
22975
24120
64718
77695
64544
53328
71303
64612
64601
24224
48983
24247
64518
24283
84417
64572
24257
84420
48980
25223 25224
59186 59187
64660
85148 14552
41656
60375
41655
24050
64719
48975
76191
88251
41683
49103 49138
66552
76635
66553
77663
48378
89640
86551
66947
49134 49135
3750 3751
65572
87068
65462
69277 69276
67314
67231
87028
85085
75085
85250
67247
67335
67191
71963
80580
79624
72858
63272
75019
48433
72875
69304
38414
79670
49007
66483
62448 62446
66504
48466
48412
85179
77780
89466
66403
80669
24171 24172
49217
42534
26928 26929
66610
66586
66639
77774
85972
41126
79628
81712
67473
88214
65795
71971
89683 941
81707
65688
65787
83082
65624
68033
70819
72917
72918
89948 144
65673
77655
77652
76687
26742 26743
75095
65839
65853
65756
65804
82064
88447
73692
49075
49013
41111
65362
38030 38031
89491
452 89842
65436
42609
67021
87017
88481
85241
74971
38441 38442
66982
82534
72908
971 972
83104
67158
44760 44761
77667
62001 69281
49064
65867
66811
66936
77812
23379 23380
64070
22779
64081
48656
48821
86658
89366
63973
41193
4013 88686
68194
44821 44822
83715
64003
22445
86260
79844
80801
74392
22031
44801 44802
73668
64102
64115
72035
48636
22752
73568
63391
82016
22484
48714
22552
22511
63192
48729
45530
45529
36745 36747
49558 49559
63392
42565
66240
22901
38162
22903
63367
22951
89129 89138
66356
66348
23257 82183
36521 77721
21944
64136
23985 23986
21959
48270
82148 23332
63879
63882
73752
66170
63900
24230 23284
89863 393
66745
74324
66759
68062
22280
45410
66799
22253
69574
45404
38230 38228
69329
73729
48264
319 320
66910
22367
63845
22407
75725 75724
74263
63793
38188
75104
38206
48283
72714
41171
63752
22446
73682
88165
66195
22329
63909
22315
42583
63929
76178
80971 26806
4397 4365
84315
63949
48336
52718
82317
19628
46634
86083
37681 37717
46646
52174
62483 62481
52214
40141
87970
50749
74723
50760
50681
15777 15778
78211
62093 62094
15767 15768
20330
79387
79388
40119
78221
20134
47572 47573
45924
87910
84530 84529
60678
79762 30492
76018
52486
16097 16098
20671
26969 26970
85405
86431
48359 48360
83388
59322
89936
20699
20690
19986
16597 16598
74000
69811
42785
60001
52148
52155
52313
16363 16365
40147
52257
20026
42766 42767
20199
38566
84080
86878
50542
17730
50557
51301
84027
51320
51333
79291
38466
51245
79318
82214
51265
17656
17012
43219
17035
17041
51357
45731 45732
82217
51403
67520
51390
17746
17375 17377
84159 17420
7438 7440
20180
20169
15620 15621
50822
70347 58830
50653
70991
50456
46746
29850 29851
40163
50450
43365
60547
50421
17521
79244
84087
73995
17354
60533
45831
15914 15917
43393
20733
30033 79909
46126 46096
51538
19028
67844
80333
46996
47003
51866
59382
19068
82258
51976
83886
84238
18973
18963
47108
59485
19306
45810
45957
59482
74784 45302
45953
47129
45952
59474
19380
45665
19732
40640 40641
46884
59397
10817 10818
19763
57536
57538
31695 31696
57548
57553
57588
67849
67850
31525 31701
57573
54723
46900
19629
84275
51818
76475
51797
89643
19669
31706 79344
19360
19356
20843
76487
51475
46671
52416
52423
59271
52427
38520
46691
39867
52330
38522
52347
46663
16247 16249
88736
43359
52384
20789
52449
16283 16323
20803
16339 16340
52519
84242
52561
38515
20569
79459 79458
59448
19316
19147
45290 45291
7719 7720
51483
72585
51532
51508
51520
74776 45319
84896
19841
69800
20554
20547
47049
80982
31519 31520
39780
51696
59462
10273 10274
20564
59353
51397
16858
79791
86062
41293
88689
86368
14147 14148
85279 14156
54441
60202
54396
54357
84921
54362
50195
83978
68907
53657
60113
23913
23910
52938
23983
60107
52943
78910
67601
52971
23605
81793
38479
23748
41336
54606
54611
54625
79220
18099
60170
18201
60146
81752 24524
60140
54275
49489
73984
54310
78153
54324
54210
59592 59559
67579
84101
45287
37479 37480
54217
49522
24005
52974
24001
89878
85401 13814
49018 49019
89410
52672
45266
23146
50180
13641 13643
52692
23274
23271
52704
83734
52713
45179
60089
23022
23000
85219
88268
50342
24288 24289
23105
13708 13709
52825
53062
23197
23198
23791
52847
67605
70949
52873
52878
13766 85418
52894
41371
23805
79423
23792
45249
41286
74117
83212
23873
53116
85066
53126
82182
52995
23857
13837 13838
76166
18126
18198
49460
60824
51162
43194
83968
18491
18529
18568
18563
54042
84450 16652
49802
18524
18546
41464
53955
49876
53959
73948
18368
53918
16714 84432
18354
73077
54151
60827
54158
74800
61031
40057
84390 16809
45904
17599 17600
59137 70365
79279
43216
49846
40105
42374
17222
16816 16814
45902
17319
16686 16687
30686 30687
67510
51177
51180
76505 40096
82603
42760 42761
17145
51227
51169
17207
74124
60822
54677
18418
17963
87930
17864
17863
17850
41499
45206
54522
17908
17905
54462
81012
69836
17933
41409
54491
71498
18267
18234
49536
13981 13982
18236
18271
54667
70615
18042
49455
14088 85300
74810
17125 17126
49382
41446
54074
54092
39990 39991
73943
30210 79851
76537 39997
53748
53754
18670
80356
43236 43237
86051
49342
41479
30421 30422
49379
53902
53811
53792
71471
43233
82805
47804 47805
12201
61813
42221
35539
28032
2043
36369
34388 34390
77240
16364
16354
27303
89219
35871 35872
16329
57865 57866
1659
27294
27326
1686
1549
72159
69069 69068
87785
43545
35116
22157 82548
82627
35397
36218
61280 61281
1899
36230
16076
2095
88021
36233
44923
37571
81958
61373
83157 20313
70018
9289
27378
21118 21103
27575
11957
36315
27602
61450
32923 32924
16203
83007
1777
27563
37597
20958 20959
54888 54889
54900 54901
11976
27580
36332
85533
79098 79097
34438
12032
27353
37563
49719 49720
43613 43614
46695 46660
16118
77239
16101
49714 73342
9279
27198
87962 6340
37547
27176
84571
61449
54854 54855
12000
88031
61446
36204
61421
15851
73832 73850
37281
8756
8760
1440
9083
33746
61625
5469 88247
1446
1522
5788
61574
20724 20725
39007
37273
1166
5869
1084
1462
67466 67467
33854 33856
5940
36559
61512
1410
36566
1309
22689 22794
5567
1297
1342
16709
16723
67509 67384
16717
88083
1284
5952
61526
43425
5854
1097
75156
88823
38989
61496
27688
33042 33043
15776
87590
27797
45020
15835
21025 21026
28132
1973
41910
32886 32887
15857
37579
87312
82575
27751
1201
16013
1188
84541
1244
5834 5835
33757
1197
61584
34750 34749
15884
27920
44379 75098
9396
15814
76739
78635
35178
83655
22105 22739
15808
13442
12157
27661
71110
80091
80373 28620
33445 33446
28424
38788
82413
12727
41932
28518
54236 54237
589
593
12748
28475
28522
71804
578
64871 68331
47462
947
82395
13618
85851
62824
29096
80344 80343
33319 33320
47436
44879
68773 63546
76907
70634
75766 42315
992
62736
78354
47448
62670
46815 46816
979
77547
73372
47489
36858
12242
12839
12248
54403 54404
64750 68370
77125
47645
70160
35482
80336 28713
28726
8046 8047
12774
12802
2112
38717
12516
12480
47655
729
575
86782
530
64846 64847
43715
12988
12522
64942 68309
28377
39355
6488 6489
77109
38702
6506 6507
733
790
54431 54432
12353
12356
28329
13570
809
54744 54711
457
63912 63914
63935 63936
38025
88391 88390
50547 50548
35596
55177 55178
39246
462
54776 54749
11784
46598 46599
28940
11794
76835
37920
41366 41367
70667
81456
21002 21003
13378
54794 54795
86863
35569
81273
75391
29042 29043
34313
12078
39265
64129 64130
33009 33010
85345
251
35852 77963
258
12122
64106 64107
27412
68783
28883
22888 21926
35421
82778
11824
47548
70040
72348
39126
82277 82484
34508
29194
81137
62854
72674
72461
83798 18463
54281 54279
82609 22579
50290 50291
13536
38754
70038
28847
82428
28783
70644
62774
11745
75107 75105
72464
75395
78649
88350 5114
53
13652
32993 32994
34502
28761
35590
63305 63306
63309 63310
63180 63179
70221
36558
36543
12879
81449
9867
78592
32279 79150
51179 51146
41663 41664
9887
75839 42099
77555
4406
35833
15025
73486
4378
4498
85756
39370
78605
33709
81263
60164 69878
79967
9840
87511
5280
72846 72845
21264 21265
68382
9656
44660
4560
9639
8527
33700
4524
4521
4509
35791
83211 20116
8530
87423
33860
9795
9803
15035
4886
43563
36164
10448
7609
36191
72062
36050
70061
31870 79288
8205
15190
33909
35957
10436
35119 35120
4705
10641
4696
60093 60094
10540
61243
31886 79281
84584
89201
82562
56792 56793
33933
10511
8174
34030 34031
10523
8195
39425
89194
82845
8285
10530
83678
4829
4826
5286
8356
42219 75800
7705
83235 20054
9975
61996
57441 57442
5171
10001
15357
4955
4928
15376
69871 60192
9905
7718
15360
7615
82729
73262
15671
15366
68749
5005
44602
7946
89152
44613
73266
8034
32897 32898
15470
15416
7921
57341 57342
56990 56991
69889 60141
68730
70947 57002
7925
20010 20012
5083
35688
7641
5002
5203
33672
83622
61953
5436
42061
10080
87412
60180 60148
8428
79973
75125
8430
8321
15577
9686
26158
9696
77557
5210
35892
15722
82679
70321
7654
61969
15653
7660
43685
57418 57419
35854
10119
75443
7750
83037
7800
15732
5355
7813
57229 57230
10153
15725
61752
6861
4683
51324 51292
16790
6546
61795
8952
70587 58127
88803
44967
88280 5353
23115 21749
8861
6497
7189
6421
35355
16763
70481 58447
69620 60954
61176
7143
8858
6419
8944
8907
81980
6490
70300
72340
75782
22491 22506
79917
35315
8855
8947
37410
6436
61790
16614
82695 21718
6430
61186
44944
6414
77026
16676
61800
36658
61569
79900
5548
80941
33727
36608
8586
67164 67581
7240
75401
7246
41317 41318
61527
81985
81196
1372
7219
58336 58338
23030 82228
81483
16756
8968
20653 20655
7077
68253
61798
16847
16842
5670
7256
9010
5669
16833
16829
61561
67076 67607
22679 82571
67175 67572
65774 65775
8899
7049
88141
6654
34482 34483
6658
43470
6641
6564
15135
44626
6208
4713 4714
35294
6567
6632
6760
61087
6783
65458 65459
6185
33711
15060
81495
39474
15285
15284
71060 71059
15283
43479
15277
44629
37998
15234
4722
43478
10581
85313
43472
75498
70003 70002
15075
21411 21412
89249
6218
36469
16423
16600
42151 42116
78421 34435
37367
87474
33804
65333 65334
7375
7560
10425
7564
35267
10366
61851
79243 32003
6140
9597
65698 65699
10385
7413
36527
6226
16555
35280
51621 72712
10300
6712
87299
89247
10390
33787
16609
6726
88813
83673
86865
80259
85563
58253 58254
85352
35770 35771
81855
62732
29514 29515
62923
39567
53913 53914
39187 76817
10871
39195 39196
34778
37058
17944 83990
14643
85911
80905
62910
11489
10845
39335
14676
17924 17925
10842
10840
83022
43981
53152 53153
14510
70487
42304
25244
77050
74348 46302
47154
29627 29628
71087
39674
3890
80908
2494
6418 87934
87932 6425
71992 71991
34116
81592
34123
46495 46496
14622
47418
72430 52482
14575
11544
25407
11610
37133
78372
75570
14561
11464
25490
14564
11454
83394 19645
77490
88055
78046 35592
14725
3955
87626
38137
56317 56287
38862
41707 75956
87580
47268
3356
3359
3373
85339
34776
4153
34157
84667
53049 53050
4180
4191
4045
73380
72322
26104
14443
13096
81901
13098
3313
47253
13130
3416
71069
34711
68265 68263
75950 41744
3231
55859 55860
68291 65000
25944
10771
75145
47225
4238
56214 56318
18893 18895
47289
43928
61217 61218
82663
64372 64373
14282
3847
10956
10896
29606 80054
47189
63056
25964
69651
53185 53214
77113
8287 87278
44232
4206
81256
4205
35624 35625
4308
4306
34839
38114
4288
10780
25386
14579
63028
56272
29265 29266
27091
53782 53783
26934
26931
87680
11902 86054
2886
88997
56279
26910
62264
70138
14177
14144
39714
56107
84683
56099
72414
37008
78419
43336 43337
3165
82399
27019
13808
3158
48050
13827
52087 52088
2702
11872 11855
53755 53756
14110
2863
26410
35613
76838 76837
55934
2880
2885
27859 27829
55938
55945
14073
52185 72528
2786
14067
2858
26438
11645 86137
74142 47234
26380
14039
2676
52227 72521
26345
14194
86130 86129
26367
56220
14207
34303
80110
82808
47371
80114
25383
34700
70119
13869
52905 52906
11292
39531
11248
13966
73344
88049
2368
2370
11207
26828
69678 60755
2378
2226
54013 71934
52954 52955
26142
52827 52933
44045
54061 54063
13896
2213
52849 52850
62982
61915 61917
62996
29124 29158
11577
55273 55274
11223
2371
37028
55613 55614
70100
39709
81539
78388
11324
26734
36925
26851
36924
19434 83469
39701
83481 19430
78154 35292
13836
26763
62615
35391 35392
74605
34680
39643
2289
82581
11310
34252
73330
36194 36195
78377
26837
69553 61919
11235
85484
44116
25214
83499
36868
80957
12391
34763
53265 53266
13042
53373 53374
72602
87659
47602
12473
28583
64784 64785
77056
72157 53365
11053
11042
42140
81904
36863
3608
36704
38890
47616
13052
85631
80102
13069
65247 68209
28541
70154
3554
28570
3502
25636
81242
62643 69052
13075
11037
10969
81230
87343
13169
3696
13261
80081
47570
42277
87340
3618
72359
11004
25821
12411
3272
72384
68501
83746 83745
82661
77533
25794
3475
47686
25798
67062
38572
23852
41365
18274 18275
41845
22033
84454
22393 82439
80570
65423
22512
22564
53027
80852
35383 35384
48755
15255
53087
628
23868
15226
7035
15274
22453
49153
72058
87481
77909
74239
82493
2972
75465
23863
41363
587 588
23787
86227
13777
2964
80568
3494
23814
79716
76502
79642
14848
12963
12980
14861
85119
14881
38356
34271
14911
14833
52587
40868
8235
66317
8262
87444
67152
8296
85118
42351
72629
23629
67977
89663 997
14826
24009
36132
83207
60039
48918
35971
23835
2902
50961 50962
50963 50964
6944
23829
31901 31868
42281
15156
6904
49626 67960
553
80752
83986
62014 62015
13842
38359
38681
88419
42130
60037
3021
8201
8196
63282
2981
84323
80688
80735
684 685
52786
63231
52776
60081
23428
83792
52749
45366
65337
84957 15125
77715
63237
49106
13276
16502
3992 3862
23451
6720
79823
16512
41119
61824
66148
80727
13960
23280
23050
49107
76192
83787
23468
50374
76603
23331
75192
63220
7598
23386
7546
85746
26894 26895
13928
69229
7310
7383
2359
932
37252 37253
37076 37077
84288
420 89854
73700
82328
89258 89261
7318
74353
73626
7426
32036 32005
49105
74951
48901
53047
83093
23247
70831
36955
37406 77428
15106
6566
88201
2243
15138
74936
22023
6668
15157
22029
78143
38315
76596
88489
36049
6589 6574
65434
70839
7071
73623
45542
60111
81811 24330
52020 72579
39471
52599
67382
73761
22149
22136
35999
13697 85449
42204
38445
83559 19160
84379
33784
49123
69236
48474
16548
16552
42396
23246
42341
598
22983
74249
72690
6603
76250
6582
23017
52620
6569
77617 36860
49131
1109 1110
23578
8120
15692
17870
54548
64828 68344
17884
2677
38643
71262
21340 21341
64752 64753
2852
61 62
172 173
18063
49374
15532
45208
60857
68053
2843
43226
53801
17970
22916
38406 38407
61642
49355
14014
63727
87188
65739
38340
34470
14006
12815
24591 81726
35713
89156
65717
3572
36991
71758
77078 77077
2642
65738
1894 1895
83871 18251
70440
12855
17937
49556
17957
39727
22938
17841
83046
77384
14198
62190 62191
17849
40852
2691
22926
7663
65621
60883
79153
89203
45559
65761
80769
22755
64820 64821
87136
22764
82937
38664
18647
41428
80773
41431
35637
44585
18842
44610
53759
18053 18054
83616
30236 30237
79181 32197
18864
77896 36081
45883 45884
39992 39993
15412
71483
39629
39631
53725
2816
15306
73916
18703
80357
49278
18012
76685
35745
4046 4047
65773
35748
14011 14012
18341 18343
81332
7994
18681
43198
53910
17026 17025
53787
38722
33950
61898
64814 64815
14102
18748
18619
80415
47757 73971
53696
7958
239 224
87542
60025 60026
18249
2631
78896
14926
23760
14927
3075
33702
68356
68361 64772
65392
36072
54202
88430 4873
3066
54192
14970
88723
8301
79089 79088
76934
60143
67096
45300
81367
77860
63434
71708
71387
39689
45237
73130
2704
8500
67101
33688
67174
67616
50210
8090
88661 4106
23948 23949
644
54442
38342 38343
12973
44776
60204
53453
72899
21551 21549
67176
83714
13995
23573
23590
22523
33707
75475
66267
53805 53806
72864 51216
67142
49082
76499
23750
85901
78158
8521
2709
72039
36098
15623
22904
38165
8303
8446
77016
54704
53678 53679
18294
36914
22961
83085
18309
39726
54278
34295
8414
43574
80857
54666
36911
54665
15560
23270 82176
70317
36992
21157 21158
18212
34302
45513
49079
2743
2742
75606
74468
18186
38447 38448
83608 83607
82838 21216
54269
74773
2733
82337
45185
63987
15592
75439
18094
79410
82501
54636
67129
74097 47379
49482
62031
34462
78884
14114
18112
49481
63290
37443 77416
42145 42146
16471
67236
50090 50091
64406
73725
48246
34429
37553
82756
38908
21633
50121
21642
64365
85976
2046
85197
22168 22053
16278
16252
87604
67957
86585
48842
14730 85080
16261
68896 63085
89387
6267 6268
70793
71697
63088 63089
47846 73933
38949
48269
21590
41231
83704
1562
22227
48996
64954
38958
16231
4310
38851
21977
65151
39331
42414
76886
38952
21432
3297
38262 38292
40959
1664
48947
2815 89056
2994 3007
66006
63777
83708
64773
21587
14310
2064
40929
79680
24542
77997 35749
45484
37440
32394 32395
21996
47481 47485
45496
34082
24544
39062
41572 41573
1996
1994
78827
66939
2109
1938
78061 78060
63121 63122
87589
63140 68881
72883
78943
32888 32889
64273
36391 77783
3771
71294
64270
45383
53141 72215
66922
69424
66874
48537
4246
85977
21985
45392
66877 66878
43
48262
64490
24381
80643
65484
68226
1912
75450 43265
21104
75035
79780
3282
61282 61283
186
3851
208
35743 35744
64261
39322
77744 36491
64234
89438
21494
82589
73738
42223 42083
64085 64086
39186
4368 4369
37608
64887
69744
48837
21745
53290 53291
65025
21748
71698
64868
64865
32466 32467
23487 23488
328
82779
65895
37538
324
13416
30194 30196
84503
69778
13421
65237
21693
63
48274
3439
13493
77730
36715
64842
470
48810
64927
42148
21018
81265
67935
87378
48308
38253
82465 22989
75789 42246
84322
39211
37616
66095
70480
368 369
70199
78951
18753 18754
64854
34372
3391
21063
82765
49868 49870
293
40975
65205
321 322
4301
13350
69525 61229
88057 6056
78864
85187
63743
16216
20886
1802
44712
85294
108
36758
42170
2143 2145
18693 18694
38213
22295
16088
20888
38303
112
84501
63742
72260 53029
1587
38968
65082
3190
38224
69736
14500
63746
78958
38823
38236
21688
24906 81619
80715
1737
45457
85659
70254
1714
38830
45458
20907
1853
34398
4170
2183 2184
64999
21823
65308
82
22213
81605 25009
1842
21860
21863
73751
87080
67913
15886
64492
60428
6437 6439
53156
7113
817
88358
7107
79073 32543
34120
48374
2604
14520
21186
24658
61796
76091 76090
41762
67861
2518
14630
63378 63379
80655
21883
3899 3900
14616
24678
77738
41766
2522
2530
7193
3719
2573
14544
60485
7197
39662
75607
1391
37960 37963
79764
2432
42528
49992
3440 88860
39616
64143
21182
89371
48931
73778
15374 15375
76677
41601
35207 35208
21191
37426
24991
7300
66645
49980
63710
53179
77215 37980
25022
53221
53217
25066 25067
34521 34522
65383
16446
84370
2205
88053
24808
24820
7133
36821
4789 4790
87550
89473
53636
65375
498
81683
53609
60416
64097
36819
88796 3627
38885
930
45093
22714
16484
47456 74080
67233
67235
45094
53546
84473
60509
13750
39655
38435
3700
16780
799
42525
24608
75013
16782
78797
84823 15496
75199
13608
51318 51319
22614
67862
42271 42272
37407
71669
48779
42563
22602
83731
53557
80958
67305
67306
24827
86552
75943
37146
1534
38930
63492
45126
870
24063
38626
65973
21320
3996
67812 66438
1251
77848
21972
14666
64738
3987
39044
77697
68766 68765
66481
80943
3266
1146
37268
1141
14655
67945
4015
53302 53304
15912
15915
39027
72096
1180
60364
22000
3786
37526
22001
63778
15789
37225
24506
45554
48437
66831
3807
73639
60355
73549
60309
24142
66869
53174 53177
64680
89431
63463 63464
21263
48449
78836
24102
69301
77132 38222
1183
13161
24268
1398
79737
69386
64586
64583
13534
16732
76672
72415 52557
1281 1285
1303
16735
16736
24957
13525
16743
66416
65965
86248
37177
76231
89624
71993
3342 3343
36564 36565
84350
86302
24900
42316
60386
49187 49189
16633
37494
79657
60260
89376
39578
14646
13559
24282
48508
64519
45396
33767
38242 38243
24306
81691
87107
64540
13552
88260
40780
64636
21161
48849
83118
24222
48551 48552
38428
24225
63599
24235
75064
63737
36686
55927
49841
34167 34168
83919
9865 9866
43157 43158
28512
43160
28462
81097
59966
26355 26356
40630
28623 28624
28372
82892
29539
80548
12578
28453
47460
29137
59956
12544
81101
81523
83236
47483
58134
28327
12355
12517
40668
12697
71720 71718
28280
54553 54554
82641
30119
46547
70030
28265
35436
12668
30220
30203
58781
78456
58875
12532
29243
77936
29801
79546
29278
83542
58515
88503
80095
58536
29785
72951
69180
11836
6747 87827
87005
82251
41089 41090
40695
58669
11864
85060
75981
29739
81501
58911
45060
88493
29426
29112
58917 58919
35411
33346 33381
29058
69184
58569
45741
40687
29735
45456 45454
80540
29255
29726
46543
28362
28040 28041
48504 48505
31450
74296 74295
12706 12707
88616
71072
58419
46356
42660
81509
29993
31052 31117
58377
58395
83580
12395
58403
40325
71913
30094
62717
32828
58446
28594
47624
10965
62876
43002
68513
25844
25850
89088
71050
25771
72379
25761
60662 60664
76535
71295 55999
59511
71056
71916
32814
78353
80101
75137
28554
76422
77942
47634
59918
87648
58175
38836 38837
85327
9595 86848
30283
28665
28674
88514
69169
30385
28331
30349
12344
30331
44367
47639
28734
28562
86001
58030
88109
26333 26348
12512 12513
30057
58048
30056
30068
58064
28696
12467
28741 28742
12494 12529
29870
29861
69158
28706
47657
59762
29235
29017
28828
9261
30457
82863
27256
59192
59188
10717 86471
59943 59944
48110 48112
88553
9259
46147
27196
57720
9246
30860
27337
27106 27107
37814
69818
27362
12033
36357
77254
27579
40162 76474
31282
79121
71596
86095
27675
31252
59218
69134
45675 45677
11965
11964
84188
42890
30566
11982
80512
69139
9203 86971
9331
9329
59016
31546 31547
87783
57882
86048
43535
57832
78184
28037
30726
28044
45216 45282
46963
31586 31587
39917
38002
9095
46965
79586
19597
85436
57926
44849
57853 57851
28025
57782
36385
30912
9315
86458 10758
36381
31603 79386
72989
30700
46566
42983
57883
7572 7574
42975
9296
48104 48107
27313
27681
86526 86525
9319 86930
59032 70259
76451
31157
57223
57224
86338
59823
79135
57253
6886 87776
57186
76103
72465
59843
30985
57122
71589
30972
71639 54983
42905
57143
11800
79931
71629 54972
40532
85512
89239
58642
11915
29686
42933
11913
28866
55090 55059
58620
76566
84214
5098 88356
46177
31125
78263
74452
85558
46182
35578
57159
11786
53917
57312
31441
27434
79471
46104
81103
73002
31379
27629
27638
35608
59156
27640
59139
40140 76484
82149
75564
35611
12189
56964
42029
31384
40188 40189
76452
57319
40190 40191
11750
31062
69955
27489
40518
31041
87794
12118
27465
46079
12102
67698
77992
45793
31310
57271
81144
33003
12294 12295
42837
47343
62968
56376
42746
32253
44460 75075
11404
11398
86143 11597
34682
71085
69054
47332
26783
56574
11360 11361
47954
85830
80686 27693
55768 55769
42748
85874
34863
26766
73040
34649
56177
56601
27076
56415
48209
33578
60790 69670
86966
47356
29295 29344
86162
32353
32337
68460
56414
11321
62297
32463
39421 39422
56486
8618 8619
84714
55040
87893
44517 44518
31559
25462
11410
31553
62981
31521
81466 25360
55051
43823
11592
44050
11585
77998
55226
29211 29212
80106
86977
11275
47317
62974
11206
86209 11438
86975
31631
26785
31664
69885
26801
26787
31652
26789
44465
31634
55320 55321
82477
47375
55113
44459
26805
80115
27058
37677
55976
56091
47216 47217
69930
25452 25453
26394
81476
55970
11912 86049
77139
27919 27921
86739
56238
26363
26643
44085
43741
56011
27895 80615
38069
85617
26557
26558
26564
71811
84723
62322
62327
62940 62973
26295
26293
68581
26167
68636
26186
76402
26209
62360
12182 85965
26221
26239
55968
26441
39490 39491
26454
48028
48077
44068
83534
56817
38057
76380
32168
32153
32148
56841
56845
76859 39048
34886
56203
56726
11107 86333
39042 39043
31974
47687
56740
11835 11802
32195
48061
56693
82371
56695
86783
38068
26538
56705
82810
86297 86295
56720
47952
71103
56618
88938
56634
85296
56132
32135
27090
62131
56139
55232
55268
11671
55377
10775
40490
55778
81255
86161
25904
25925
47951 73901
32625
32624
61459 61460
40290
25938
55391
73306
44516
11101
32681
76811 39207
47863
32492
25895
33406
55761
80425
33513
84737
10712
89069
10699
47808
38117
85519
47278
40429
33354
33343
25910
33335
33359
59654
10809
10798
40280
61474 61475
11083
55558
32569
80186
87638
47612
32953
75559
32928
42015
32917
25669
32905
40359
32959
58309
32963
33020
10979
58291
85946 12259
55567
33272 33273
26082
81520
60494 60496
39002 39003
26076
29421 29422
32533
55329
12397 12398
37660
37663
73068
55343
26079
83491
88905
38095
8071 8072
55531
78479
84962
55745
28441 28455
26141
25598
25609
54833
11455
31772
25493
25496
25498
47304
11444
82803
44186
68620
26225 26226
11523
12819 12806
84968
25172
54743
25121
25608
31710
78069
34593
37656
31919
73026
27658 80682
73024
47723
11662
61918 69319
25562
76999 38642
62409
11632
25315 25316
34577
55174
82402
11623
11619
76400
84702
74827
55635
25234
56308 56309
33149
55692
33136
78064
34809
84652
81912
25254
34812
47930
55743
59675
59672
33451
40471
63072
61480 61481
47291
25237
25256
54874
81606
54959
37781
47894
46964 74223
33327
54991
78431
43473 43474
25355
87627
68719
33274
80183
10847
40365
54911
80010
38502 77035
63002
57461
33511
5333
5472
10333
50992
60937
73219
43371
61957
71009
75883
89257
37736 37737
43173
40175
20378
20374
4627
79366
85458
6162
6156
59342
74004
6160
83389
20732
84052
40093
20720
81847
58045 70612
44645
46588
59318
75775
57240 57241
20008
74732
49862
74058
20020
58073 58075
50926
40150
6108
85305
4892
17229
60952
60953
10419
45848
40176
68829
37727 77306
79689 30708
5461
4787
43657
52036
10321
6058
19981
60541
4791
6055
6054
52150
38692
60930
69795
67536
74057
83639
44972
10104
61196
46771
86891
51166
17090
39817
79446
78677
15836 15837
82260
74927 44890
6434
81224 26077
20795
46712
8857
43443
58621 58623
86922
17183
59261
8875
6543
46782
37738 77304
82167
45928
20425
6452
68759
70579 58150
17372
51193
73150
10136
5357
50444
69637
45889
52542
52469
26965 26966
17292
17786
17454
36441
8890
72545
4432
35286
16302 16303
50505
68758
15830 15831
46662
4413
17095
46018
58158 70577
38525
8885
44572
33726 78690
52246
6104
52264
51457
76434
71509
10434
79977
30510 79755
17051
60731
50861
61330
86410
15588 84783
4735
50902
17078
40129
72439
60606
56751 56752
51362
86441
10541
40022 40023
15748 15749
20362
89174
61290
35304
74742
4718
4717
77423
17689
49650
10487
4617
46835
46852
20163
10543
86711
51293
51287
17687
4648
81486
20164
46735
50810
10675
50877
61321
60605
43412
49630
4746
42183 75813
72118
74050
4736
86184
60599
67545
42090
19724 19721
46736
10589
74724
56375 71160
10079
47545 47546
52239
17612 17613
83319 19829
6276
61120
51269
71548
50471
9674
70350 58822
80986
6186
10173
6202
75863
17462
80269
33874
68805
17326
61353
52301
85561
35867
60550
84852
78665
51296
70050
60575
79352
4859
60646
81552
89954
20288
68300
6209
6212
88858
20250
46747
16953
87305
4857
79274
85783
5304
73469
84089
74933 44873
50467
71520
5240
74862 74861
9683
60610
60963
70563 58206
5222
50750
80260
85413
50470
51476
51040
6515
9041
51115
43564
85846
84276
27852
27861
61585
35122
27894
41980
27911
16855
19693
17407
5829
84540
71903
89172
73839
61581
18365
50903
88242 5480
33827 78654
70948 57000
70603
89228
4482
9394
27838
31698 79350
68982
19811
17701
9462
18389
39945
29830 79970
48150 48152
5790
85411
51961
19103
5067
50641
57393 70820
18912
70032 59746
20399
84835
18894
53968
17390
58715 70384
53973
45877
70818 70817
17415 17416
50507
89657
59357
9430
19005
5813
76366 40459
5873
74231
61596
4469
35232
68852
49701
39988 39989
19388
86363 11029
28112
15495
39887
57421
19483
39907
61886
75501
19475
15473
19474
20391 20392
15494
19391
28108
57401
75770
61398
4494
57443
74754
49442
54101
59048
36211
88665
31568 31569
28205
36224
39884
33061 33062
10918 10919
19765
27702
78775 78774
89653
34059
84144 17476
89981
57554
27962
60525
57605 57606
78198
35224
71570
61366
9781
31781 31763
18404
27752
74811
27804
35684
27799
21323 82801
79990
68325
82573
19454
79934
86413
78215
54071
45627
51977
51994
61929
61367
5051
54000
76714
59439
47053
47052
84140
84141
5753
17805
44560
68976
41972
78596
18492
5744
51719
59442
71232
5363 5229
61540
51707
83883
18940
19189
8636
47064
79965
5543
5612
87179
51310
9912
89487 89486
20410
30612 30597
52434
9735
52432
51150
6342
20419
52418
9062
35862
61976
38493
30644 30645
47058
73211
79583
5041
20594
15878 15943
61169
5338 5339
39756
78166
61017
20607
46878
18504
78588 78587
7709 7710
5706
58317 58318
8813
37703 37704
78084
74788 45294
19256
73137
5571
68277
17409
59477
68279
69665
8810
51929
86691 86690
36578
60982
87727
86104
45049
67479
36594
8710
73847
45564
49413
51883
18950
8729
51896
36246
4367
50792
19310
45001
83322
51611
9960
45119 45120
15893 15908
5609
19131
47010
47018
19123
9986
8595
60985
8593
51610
61513
86100
10512
8778
33931
51594
19327
75266
62032
89821 528
75654
65576
86617
86034
72720
77330
42079
75262
75759
62897
75574
72367
62488
76707
62433
39588
39659
62042
76715
65548
82862
39525
60902
61906
62172 62173
42046
62150
42253
70137
42050
61993
62124
80475
43688
72771
42058
42203 75804
87113
70106
65409
76857
88679
69059
88592
43676
82737
60842
76539
60898
25505 25506
68898
60835
76913
60808
88063
61890
38089
38074
60796
60815
78080
61881
42455
38078
70445
87260
75357
42459
60996
87398
75163
62168
69921
82747
72293
81213
81541
62287
62210
42623
88154
65341
69855
82925
85951
87524
65370
73015
76682
62008
39654
42338
70925
85322
75244
86905
68955
82479
70517
39510
69081
69894
38663
85469
60119
61273
80914
81473 25346
76798
73697
87201
39379
70099
62374
87522
82467
43848
85591
81538
86961
87434
43646
60165
42606
81426
85601
62524
69699
80469
62101
77387
60956
69918
43268
62116
62485
59548
42154 42155
75071
87724
59273
59794
87294
38785
38278
81322
42010
80324
38759
88507
89535
69185
65941
59760
62746
59287
82927
60495
84351
69111
39104
69964
69781
37927
75293
47883 47884
59817
88299 5275
75073
39127
81661
65978
1729 1730
39135
42311 42312
75068
89372 1911
88741
48756
61821
69561
85551
72974
72450
82634
70537
48766
80951
81374
77028
1158 1159
37933
72804
62634
43113
42119
77283
41971
62666
76201
60479
69441
62662
88257
60432
74756
66272
72820
77437
38800
77711
60415
81154
37891
60483
43512
80513
27194 80832
69126
59038
80697
38956
39047
87230
61252 69536
48362 48330
38012
59097
47873 73936
67965
61578
81151
73164
66005
61420
59006
59005
59052
76891
88749
38611
2035 89334
70763
66020
83397
78930
80887
61473
38942
72987
37816
88546
87227
72072
70469
87283
39259
87103
39206
85410
83122
77694
87289
60298
43524
39241
60301
38271
37979
69751
85665
42201
85923
43495
75935
70009
77961
75306
87599
75765
69414
81274
77087
75336
85035
85840
80993
88564
73142
5449 5435
25705 25704
81129
42821
70187
43405
61331
42393
38209
75183
75332
42556
70063
60029
60562
81775
65536
88159
72372
84959
70270
59733
87285 8261
41846
72715
69466
82662
89524
60714
63016
61644
75557
38923
74292
38925
85288
43413
70252
48834
38822
42181 42182
61307
72186
68921
46045
82706
70494
39564
62568 69085
76870
69631
72252
42596
71323
78066
79746
43642
87460
43925
83310
42380
61235
42639
72632
60038
83409
42673 42671
88650
76823
72030
81407
43625
85324
73058
82759
59682
42111
61036
86044
66211
61310
25718 25720
85791
60063
68823
39452
70496
26065 26066
72801
69566
74734
61657
61822
47704 47708
78052
87392
82531
61070
43154
85635
39344
76555
72263
60458
38585
62856 68981
41872 41838
85747
27318 80787
71950
70158
80279
38173
37790
75511 43055
72259
61831
85524
69679
88200
85936
75134
81306
72271
76894
72381
61220
59553
75931
76779
69971
81521
86600
76923
69011
70911
76468
38214
60635
38905
43326
61095
66142
61759
68049
48859
76729
88136 88135
84397
77279
61681
74842
43303
68814
81229 81228
81468
38929
80897
80777
25948
47262
89039
76368
11131
44104
11088
82390
68660
11118
25897
25890
25982
47647
10697
47281
10747
86812
46284 46285
10827
10830
10907
73384
34775
71115
26048
86770
25865
25683
28693
84728
12486
28633
28549
12515
80172
44131
28527
12448
12424
81872
27138
25770
25766
80082
10981
10966
25817
10976
25647
25728
25716
71114
25354
10857
11215
47322
11236
11362
81880
11387
26651
26720
26767
26756
11318
26753
26739
11332
34648
56178
71101
27114
27113
75824
26915
26902
26897
48040
11226
11221
25353
44028
44226
25322
47176
25311
25293
11485
25139
47201
11475
47205
11472
11427
71821
81886
34598
25596
34583
25593
47389
25471
88957
25423
71816
12278
12266
73877
27195
28082
71020
82355
9127
9136
73496
27315
27307
27376
9240
9282
10687
28645
79926
35504
44813
27260
68785
36412
27610
11936
27593
11956
11961
9108
88833
28004
71037
74464
74697
27856
27851
9378
36276
9569
74696
9567
27698
45034
71852
27796
9544
28171
35190
83137 20385
28094
9168
28172
28217
36215
75788
27674
35607
27427
29267
12598
47455
88930
12591
29070
78787 33432
86777
29163
86775
33433 33434
89026
12716
28485
12676
28281
28242
28241
28345
47424
12370
12377
28705 28707
80104
73311
11863
12074
29209
12079
27500
11760
27478
11769
28943
41829
28923
11807
68778
71738
28949
29024 29025
11711
28995
35580
11738
47521
68317
11891
44917
11882
28802
75038 75037
26975
56321
40269
55812
86761
33369
49304
71057
46857 46858
32667
55368
40289
40277
71786
32524
83502
55337
32510
32507
32588
89054
40253
32570
55512
32947
46437
55498
55639
33478
55619
40464
31758
40379
54737
47891
54787
54987
54963
54964
68423
33310
80470 28354
33161
54930
78553
78484
55686
55691
44520
73402
33482
55733
33475
55587
46440
58296
33008
58023
29879
73286
57983
68691
29959
46385
29831
44355
58164
58204
46542
9680 9681
78496
58139
71442
45516 74712
58811
58824
30222
46555
86335
29505
58739
29962
40317
46446
30108
32962
58315
89087
58280
86156
78322
58278
46347
32767
32775
58445
32832
58466
30026
58469
44308
30012
12723 12724
30006
46365
58375
74213 46987
46378
31744
71766
40381
48022
56329
48025
26533
26511
29301
83471
56662
32189
32173
56812
27553 27554
48189
31950
56757
31943
31936
76335
84629
48142
83473
56435
34867
32478
73278
26481
48119
26597
56266
60691 60692
26362
76404
26323
11735 86114
55937
86789
39479 76720
55960
35011
26190
47971
34997
55888
26266
55902
26554
83529
56062
56066
26639
26612
56338
32403
31761
47765
47276 47244
31469
31466
47766
31530
78566
55224
31802
55270
80219
31925
55188
81937
31865
55157
31790
76971 38719
31730
55023
31702
54832
47739
31771
31474
47780
32449
31655
56370
32321
32318
11620 11621
48136
32256
68453
71774
56573
32320
32304
31931
47772
47773
31606
31576
88888
56507
60318 60319
31666
55845
71773
34940
9450
59737 59738
20268 20270
110
1041
176
13723
122
210
209
37449
34504
13651
13654
13684
93
7173
69
422
13341
13285
13291
13312
456
13317
447
34337
286
13717
876
13507
32578 32579
12971
653
73092 73091
36800
36803
12925
50401 50402
586
12952
966
962
13587
13590
1022
63327 63328
912
36825
63557 63529
909
897
886
13564
856
64137 64138
49889 49890
344
1880
1940
15869
37254
1045
34556
37223
15823
21069 82885
1282
1078
67214 67215
33749
15916
1450
1448
1531
34330 34300
1405
16647
16673
32728 32729
16844
7095
15844
1892
13418
1900
341
13413
13419
13430
68572 68571
34389
16211
1812
16234
77948 35893
16086
1619
16116
1627
1558
1555
37550
16315
63813 68664
34423
2045
21125 21126
2078
796
767
12896
13855
2320
13955
34244
13983
13867
2137
2170
2172
14599
2536
34122
2564
2569
14516
14548
2383
14565
2418
2405
71957 53922
14697
37049
14714
2274
2313
14739
36969
2802
2801
14079
36076 77897
14098
14008
2853
14041
34180
2647
2627
2741
14120
2724
3068
34284
3028
13817
13823
2946
2957
52110 52111
36943
3948
3936
34447
3402
34134
34141
3224
34311
64986 64987
3293
3260
19129 83572
34480
3602
65155 65153
3665
13211
3679
13172
3485
36779
13204
3455
12870
36881
77990 77989
12894
35520 78073
18785 83709
34094
3334
64529 64527
3981
37084
3812
3795
14336
3820
36214 77850
3770
78059 35564
14369
3874
4251
14390
14478
4268
4088
4078
72238 53106
14403
3731
14448
3354
7084
16377
5779
4759
33919
10452
10463
44635
36193
4854
36484
35018 35019
40952 40953
4653
4712
37653
16461
10583
34558
10590
10592
10604
56749 56750
19936 19937
10271
33527 33528
5484
6203
10527
35095 35092
4450
4481
10105
5374
10100
10090
5419
10085
5227
5205
9720
71113 71112
56607 71082
9611
35812
4568
83217 83216
74486
4606
9878
4421
9782
4485
9791
9806
10249
82432
10201
5678
8832
36616
74422
44933
8652
8657
86678
8681
5707
5558
5512
5486
8822
8787
8807
5927
89271
8728
5965
5802
45040
9411
5780
8997
9025
6263
6394
35284
78667
79920
10392
10415
6075
6051
6169
83084 20527
34660 34661
79913
44989
8926
58108 70594
35373
8844
35372
6492
6501
6318
6315
9079
44946
9923
5013
34026
67908 67894
6670
6651
6822
33643
7004
7001
15095
33631
15228
35905
7055
6838
15174
15045
79287 31875
73248
14832
8288
8273
8248
14769
74467
72968 50812
15143
33830
8152
15115
68099 68098
7142
7304
16469
51387 51388
33816
16409
7489
7476
37323
7445
7419
16603
65260 65261
36663
6748
16558
65417 65418
16522
21463 82763
6723
14745
15109
79950
78581 34019
34028
7789
15661
7644
68393
82366
15358
7693
7847
7985
82421
15295
7973
15312
68728
7859
7942
34057
71760
5107
5153
5117
4925
35884
9907
7723
89162
44765
15745
8142
79173 79172
8297
73484
8452
71190
78609
33655
15594
8357
15612
83647
8336
34251 78492
15556
15572
8406
36111
8392
73462
35727
15737
15742
58743
55817
40637
54287
18326
18322
22097
89582
73975
18087
54614
85228 14333
45183
54270
79402
36525 77733
41178
54286
71499
22021
23720
54264
23696
54209
18239
54507
54471
54463
79467
53880
18674
21907
17995
17993
76096
18028
49371
67927
21924
22016
67657
17848
54525
83959
76179
49532
89581
23764
64167
45422
79425
24022
64040
23999
86450
50196
41275
52899
89872
53076
53104
63961
40865
53120
40843
41534
53028
52846
50162
23167
63339
24026
22761
23924
64026
41296
58764
23594
22049
67612
67614
23665
23613
54449
23615
36592 36593
23653
54352
74120
22077
41190
23964
22781
54383
17024 17008
21906
53713
17227
48337
63907
16918
89969
51075
17261
17257
49849
49855
22360
79666
17280
22356
41272
51000
59509 59510
49784
51208
51215
51217
74631 45711
51373
51371
49668
50563
51321
73749
45819
22216
51322
84047
17771
40042
74060
79307
22203
22206
40008
16992
63904
73753
16977
51447
17197
63835
49756
18403
54174
18411
18409
18424
67625
49439
44684
18846
18819
53665
63828
63827
18640
18637
39637
41421
89825
49348
53709
18439
54146
51114
18348
51119
67641
22154
63776
59549 59550
18509
63740
18488
54022
45322
54026
53989
18558
43952 75233
53952
53957
18362
45894
18350
59214 70210
68128
63329
73642
24534
78825
24319
64262
73647
64224
21225
21335
24339
21324
63604
85031 14918
21559
21334
50104
21355
21529
24815 81648
21378
21523
49940
21120
83742
83743
84415
64506
22976
64737
40898
24048
78855
49910
21197
64769
24156
64688
41636
24313
21217
48519
64290
63672
24526
84507
86664
50023
45460
21766
21821
78741
65288
64962
65272
20916
21679
64776
21044
64790
64998
64812
45557
21102
21080
64931
21078
76276
48612
65170
74408
21801
21272
79876
21108
65142
21405
63542
65149
65154
21415
40999
20963
21521
45462
65066
64994
64965
21476
74403
65088
49918
84413
23258
53462
73613
41795
40880
53468
23289
68166
36738 36739
23553 23554
50320
24759
49958
71702
76253
71695
22676
53596
89390
53644
53647
24802
59246 59248
76242
41805
53469
41696
79848
22986
22855
40853
45177
22900
13670 13671
23067
52832
41684
52720
52721
52737
23430
23531
2739 2740
53504
53479
53541
63264
24793
24834
71309
73651
24861
24837
24863
23666 23669
79773
75747 42376
24962
24959
41547
24940
63655
49409 49410
24936
22631
24924
24941
74327
24885
22605
22675
63645
53549
24631
50284
63232
50294
24688
63229
45121
24668
53175
22636
24829
84461
25017
48614 73683
22608
25104
22591
59159 59160
17728
45911
67493
30820
57030
86560
67346
57721
67372
67461
30489
30831
74953
30816
69227
709 679
46223
57667
67430
57672
30902
45229 74806
57699
73812
30498
67356
49132
67701
31301
79500
71380
56889
84187
31278
30571
57067
40250 40251
30557
77921
30617
89785
57045
67026
57034
30452
38046 38047
42509
30678
37957 37993
42504
79023
57509
46980
76643
17741
46984
19410
57397
82267
57654
19775
82497
73792
19749
72874
19799
66554
73521 49099
66647
51841
19649
77788
19573
57499
57497
71631
69231
67251
89671
89669
30770
57938
30740
67230
70827
57794
88322
46952
57799
39916
19557
19606
49111 49112
67311
39753
46275
66637
29800
29741
29736
74314
80612
58591
29718
46508
58487
29809
86512
58692
65685
78880
49247
80614
46571
65705
58597
45734
58686
29765
58561
46492
58733
49290
58774
58779
40661
69528
44361
40689
58948
58958
46469
79508
74176
58893
46489
83784
85256
58905
86498
69534
65696
29625
86344
57109
57359
44676
31359
49035
89809
57263
42503
57296
87039 8987
31398
29620
66988
31421
56940
31221
72905
56923
56957
78982
67063
67161
72901
80625
31045
84212
29706
49080
68029
46127
58607
58617
78974
45722
80623
76621
79093
57212
70803
89807
31160
57258
45724
30953
66644
46982
69394
46622
79357
52288
19896
19864
52306
84514 16445
19863
46641
88379
45987
30096 30097
30086 30087
30078 79891
41152
19905
45371
20286
40139
46801
46625
66896
20630
77813
20677
67539
52107
52120
85138
52091
19838
52145
89932
39979
19964
48454
30154 79868
80638
83179
20046
20039
69131 62430
83165
50762
42835 42836
70792
40134
20160
17494
15997 15999
46743
45413
84321
50458
67917
17513
79963 29849
22170
40181
17550
50422
17539
17419
17395
48221
50514
50841
40169
84095
20336
20274
66669
20370
20359
20302
46814
50699
46818
20128
67567
66661
50848
79389
20108
66786
22273
46834
41241
39823
72896
65020
89713
80687
51789
19070
31354 79480
20430
52008
20443
39821
74208
74207
77767
39978
46577
58638 70406
20507
84300
39790
69392
51701
20528
19183
47146
19270
83880
79638
31275 31262
46692
52399
19269
74078
19240
30025 30011
52479
16115 84621
39765
46020
48361
84240
19004
45974
48371
86430
20776
77781
19247
45652
20457
84074
46583
46705
41041
45944
39864
20675
49160
36816
34463
42200
41142
42168
38429
34461
34433
40836
37369
39436
41029
37621
34164
37297
33815
48231
48234
42136
38178
48351
34550
48320
40849
36714
49277
37416
48601
42143
48322
44693
48681
49020
41174
39281
49097
37452
36695
37055
34136
34248
37226
37113
34246
48507
44706
40888
45423
36712
41176
41955
34177
37560
49124
37122
36696
40878
37457
45320
34143
37287
48866
34380
39457
45527
33731
42161
34469
37465
48401
37013
36707
37576
34539
48312
75727 75726
40778
39492
34491
36935
37019
41977
37362
35054
38158
45948
39774
34218
48157
48089
47057
47374
39871
42702
46723
43765
48078
38062
47124
44057
48091
48105
45659
46932
42951
34985
43850
45565
48135
34973
46889
42707
42869
39898
39902
46005
42719
45815
40202
42810
43408
38122
34835
43397
44169
38106
46611
42016
45868
49717
40040
34753
43898
46827
45999
44225
38548
34701
46806
46803
47300
47381
46864
34704
43933
44016
38505
38056
34666
46615
46973
42971
43824
42907
46164
40345
40616
40353
45710
40535
46435
43840
44323
40520
44328
45790
42654
47865
42921
44287
40725
40329
40723
40326
40321
46375
44397
40305
46500
40502
43106
44377
46520
46560
46562
40287
42651
40364
44536
37819
47700
40406
39931
40233
44420
40397
42981
43082
40386
46228
46217
46215
47944
46267
40551
40374
40373
42852
45800
46330
45763
47914
42844
47915
46292
47877
40439
37658
46272
47564
49652
42432
34065
33941
48936
35850
35845
34041
35762
48987
36662
43654
35660
39386
35746
49901
49904
33881
33862
35878
45113
41776
42435
35817
41781
39427
35829
42406
50386
36477
43482
36490
38587
48896
38605
41627
49637
41841
41849
35921
33630
36053
35982
43629
39463
33667
42883
50058
33795
40977
42424
48592
41856
43615
40957
41870
36156
44783
45465
33619
44777
44767
40925
40930
33698
33697
50022
36085
44725
35298
35287
44799
45221
35427
47494
49808
37968
38640
36411
41517
50343
49366
44857
49540
35540
43544
42438
38495
40761
49810
49777
37962
49772
35407
44156
43530
49872
42460
35485
49828
47648
35461
35447
49648
42465
41342
42475
35328
50341
50337
36425
45301
42037
35259
50154
41358
41383
41390
45265
50235
50232
42000
41408
35227
36659
44931
36572
45046
49526
35152
43455
42437
45276
41306
41345
45239
49485
42439
34223
26443
39718
28587
28729
28724
28687
28695
28525
28551
28592
25805
28676
25777
25764
25857
25831
25724
26050
26024
28655
28340
17928
28973
27618
28941
28931
28911
28900
29014
28997
28834
28443
28812
29268
29098
29094
29051
29161
28452
26005
26132
26126
26541
26366
26440
26297
26236
26442
26490
26461
26514
25940
29302
32140
32144
32068
32364
32359
32432
26976
26981
26984
27096
25267
25262
25227
25191
25618
25531
25419
26154
26788
26849
26699
26744
26732
27051
27027
27551
27409
27403
5200
7894
5141
5132
5035
5331
5234
5233
5257
4810
5317
5296
5477
4530
4581
4399
4467
7933
7863
7794
8398
6844
6827
6946
6942
8229
8227
8197
8186
8117
8074
8465
8460
8422
8415
8403
4797
4899
27214
27998
5908
6001
5983
5970
27836
27743
28227
28024
4643
28029
27280
27395
27335
27268
27178
27202
5564
5516
5542
5730
4761
4711
6249
6243
6256
6178
6081
6173
6139
6305
6451
6343
6333
6378
5635
32250
32238
31621
19848
20642
20726
20707
20691
20036
20032
19885
20377
17374
20067
20222
20320
20069
20091
18872
17485
20777
20620
20461
20396
18947
18943
18941
19297
19274
19262
19345
19326
19236
19226
20546
20519
20492
20428
20417
17469
17344
18911
18590
18482
18545
18379
18449
18587
18848
18656
18724
17332
18717
18712
18690
18337
17992
18052
18048
17815
18877
17167
17250
17715
17809
17774
17618
17594
17653
16982
17049
16900
16885
16966
16946
16934
17258
17251
18953
19083
31518
29995
32732
32547
32583
32955
33007
32983
32875
30064
29824
29945
29924
30273
30257
30370
30326
30336
32617
32651
32670
33033
31563
31527
31523
31831
31882
31718
33233
33295
33285
33332
33480
33479
33430
33421
33404
30130
29450
19089
19565
30885
30935
30915
30705
19544
19540
19617
19562
29560
19486
19412
19400
19747
19689
19691
19047
30840
30660
30494
30620
29377
29729
29600
29699
29684
31448
31127
31086
31133
31074
30988
31065
31347
31295
30578
6850
6867
7039
12765
10077
10048
10035
10027
10147
10131
9935
12768
15727
15433
15313
15387
15362
15685
15660
15662
9687
9728
9603
9644
8918
10338
10208
10203
10253
10557
10684
10662
10654
10446
10442
10538
10528
9832
9649
15740
15538
8842
13380
15785
15879
16367
16207
16164
13495
13315
13363
15574
13506
13693
13640
13635
13746
13548
13613
15911
15971
16645
16655
15590
14967
14956
14951
14982
15017
15005
15007
15038
15074
16565
16405
16784
16765
16827
8834
9043
13589
46351 74424
10930
10910
10901
10750
11126
11167
11147
10971
12464
11685
12442
12441
12426
12419
12456
12498
10953
10889
10883
11203
11366
11239
11241
11409
11243
11417
11599
11611
11437
11441
11476
11529
11510
11490
11483
12484
12245
9036
9345
9109
9154
9183
9493
9477
9574
9564
9412
12366
8751
8797
8622
8676
9020
8970
8961
9112
9132
9303
12185
12332
12659
12702
12759
46837 74270
12646
12614
11856
11921
11884
11736
11734
11782
12069
12208
13611
12938
7050
284
51
431
421
438
392
468
231
261
2044
270
365
1771
1753
1614
1607
1668
191
202
213
142
3550
3531
669
658
654
745
793
785
651
592
873
863
167
165
160
2052
2102
32553 32554
7450
7156
7532
7504
7568
7360
7323
7321
7436
2082
7073
6734
6769
6623
6634
6650
6969
7119
7190
7301
7202
2014
1910
1937
2002
1965
1229
1086
1161
1430
1473
1413
1411
1387
4353
7213
3466
3580
12937
2813
13812
14155
14037
14030
14053
14091
14059
2831
2896
2825
2672
2645
2630
2745
3046
3054
13841
13921
13881
14527
12915
12832
13275
13269
13233
13227
13073
13092
14743
14414
14307
14647
14727
14704
14509
3100
2961
3640
3430
4316
4307
4262
4190
4149
3362
3441
3404
3005
3393
3192
3245
3292
3257
3449
3653
4250
3840
3875
3883
2295
2240
2267
2336
2162
2206
2385
2544
2408
2491
2490
2468
3174
3977
3780
17880
18265
11351
82288
67916
89586
71372
84318
74260
86284
89570
74259
67936
82007
76265
68204
68198
84488
78758
68154
73741
84339
18243
73671
67986
84353
78899
78871
76216
71329
82306
71675
73727
68025
61990 62020
79650
89636
67877
86558
89554
68169
84483
89313
79218
84445
68114
83852
79426
76007
79234
89905
74112
83693
79409
79226
76080
86468
82171
73947
79441
83738
68145
76256
79763
73547
89307
68231
68206
75895
74407
76273
82313
82312
71301
68097
89426
84418
74326
79769
84357
74284
74285
72675
83014
77530
75157
72643
85350
77508
83009
75144
75302
81535
72525
75280
77343
81063
76799
76796
85921
77581
81618
72054
88054
87997
72603
77449
75208
87994
82976
82980
85381
72613
76766
76719
88122
88112
80855
81125
76826
78924
82942
75241
72555
75249
72548
77356
76790
77367
77386
69940
77379
70607
89519
71347
89502
79681
86280
87913
87972
77418
82955
69939
72506
70622
87952
77409
77411
72574
69829
77394
70619
85429
80983
70630
80974
75595
86462
67524
74071
71851
84561
68313
79927
81843
76441
88825
76298
78631
74427
83654
83682
71724
81983
82347
68247
89290
68321
71210
80096
78357
68622
74618
78363
73382
89029
86774
80090
78350
78343
78346
68560
89003
68658
68544
83497
78700
73519
83519
88899 4030
11724 11725
11337 11338
80700 27608
79659 30821
10565 10566
17069 84289
3103 88962
4052 4053
68297
88735 3867
991 993
25588 25589
4599 4600
88491 88490
6215 88000
6298 6299
57574 57749
83720 18706
82614 21870
65666 65636
79911
76455
83424
73214
89265
86714
84598
84792
86839
71169
83615
84607
74688
73482
89193
73352
78380
84039
75996
67855
89646
79596
79037
84260
89789
71448
84170
79108
79528
89757
84226
84221
89745
83914
71600
84264
89659
84270
73846
73996
86386
67565
74075
79351
79055
86519
76142
84239
89688
89695
79555
89729
75969
79564
71441
78331
68602
71044
83470
79999
78560
89101
84763
81934
68434
80024
76352
84625
78527
75851
74590
88993
78423
88965
80212
86729
80204
83587
86821
68470
86755
86752
71146
68472
68697
68700
73396
74649
83488
88909
78472
86762
71132
69040 62678
76752
75181
74984
77819
87058
74988
88386
72877
77814
77844
72889
85130
77837
88336
69395
80659
77804
69365
72869
22177
22181
22202
22437
22534
22532
36752 36753
22758
22805
22799
22785
22050
22142
21913
21981
21978
21974
22337
22442
69370
72898
22716
75655
88222
77648
69546
77643
70722
88245
75074
83102
81717
72025
85284
69572
87143
83057
72718
69558
83086
80608
85983
71966
76601
85987
88467
70835
69203
76593
80562
71965
71976
88425
77862
69258
88448
80602
74955
22476
22703
88195
23261
23990
24003
23850
23544
23195
23143
23267
23032
24690
23307
24739
24796
24638
24626
24611
24600
23631
23645
23657
23549
18226
18207
18270
18300
18137
18136
18119
18100
18159
18154
20850
23710
23731
23610
77550 37050
24589
24669
22627
21666
21445
21474
21651
21792
21855
21835
21684
21696
25000
21059
20951
21299
21250
21317
21116
21222
21635
21643
21554
21560
24993
25079
24901
24910
24236
24221
24194
24193
24068
24151
24139
24110
24535
24347
24398
69552
76694
72087
75316
81252
87651
87653
87640
70166
85638
72469
87770
87308
85547
76840
81158
85848
81508
87737
70091
70190
87625
70174
70178
76550
74877
74855
84994
88601
74850
83283
84999
77150
70143
70519
72406
87683
75354
81206
87754
87743
68997
85532
76911
77059
75419
72320
87387
81310
77051
81587
82841
80915
72621
88042
80931
69727
82986
72618
77027
70288
75428
87554
85570
70430
81361
70313
70322
82739
87421
76957
82696
60934 60935
81406
70373
82712
81412
70200
69067
74829
87140
82450
77706
83356
78130
76507
76506
80352
73131
88721
83337
68893
78095
73080
88666
68943
73109
86055
88250
70742
75070
70740
75109
80708
69438
80719
69448
69416
88319
88305
80704
72015
85230
83120
69489
88252
72778
86928
73104
68999
86992
74893
77985
80503
80501
70854
70866
74902
76584
78078
74839
86948
88629
73050
86037
83316
86043
85034
69120
80521
72991
68836
78218
68828
71869
74720
84840
86874
70994
78172
84885
84884
81809
84866
73168
76572
11406
45000
56962
51235
62952
58899
55713
55698
55673
58900
60078
60459
51487
63001
54904
63731
54891
53259
58562
62890
50496
50454
62918
53187
58570
50430
64214
54962
53578
63345
50455
62280
60043
62538
55825
62540
63158
60203
60195
60210
58861
60045
62332
62325
60033
50648
53346
58938
58941
55792
63285
62259
58869
53299
51528
51506
55724
51547
58548
64042
63749
62637
62857
52794
64111
51870
51283
52816
55074
62761
52616
56502
65906
57948
57343
51943
51430
63756
57340
51410
56482
63763
65955
52697
56589
62627
62724
50435
55139
63109
50645
54860
66024
58538
66004
50628
65999
58655
53414
55163
52006
51347
53529
63040
63043
50893
63046
53526
55276
62677
65919
57955
65933
64543
62594
51739
59856
59190
59200
59204
52081
52053
59210
59212
52254
59167
52244
59818
52451
59026
65012
55561
55517
55543
64410
55520
64395
60545
60612
55537
64971
64829
60634
59802
52550
65248
59241
52509
59270
59277
59452
52552
65307
64923
60725
64929
59420
65157
52389
59398
59044
52364
64799
52349
58259
59059
58230
58006
58252
52235
64480
64742
64756
55399
64693
63714
60792
64679
60849
64662
55380
64763
64761
55780
55777
58133
50879
55771
55770
62393
62395
60523
62401
60125
63611
64747
62373
58825
67423
52585
63530
64478
59815
64458
64451
50730
63572
60584
59982
51675
60761
63524
60919
63680
58119
59515
64225
61027
64298
63490
61021
50702
64698
61000
63517
52674
59997
66766
55922
52854
39188
66632
39199
52980
66674
66682
54719
67240
52951
62069
53810
57830
53849
62088
55915
53766
66730
39177
52872
52890
67054
56706
66978
66991
66497
61938
56232
66166
52901
38738
53906
51195
56094
57018
57820
66690
51819
56578
56039
56916
57053
39118
66921
61839
54062
57540
61844
66815
54319
61825
61830
65578
57681
67284
61654
39209
39138
65640
54584
66698
62040
38720
57670
65475
56888
39204
67115
61722
57518
54320
55876
38770
61660
57016
56025
51194
66472
66363
54694
56390
39584
67350
61395
56192
53107
61594
56374
53672
56201
57300
39571
61552
53862
61374
51753
39080
63932
66301
56325
53855
39541
54465
56679
39556
56007
56590
57614
65438
61494
39507
66263
63880
39175
53070
67455
54660
53937
51829
65449
57657
67014
56692
65328
56443
57854
61224
65380
66105
56975
57597
56412
61358
61222
66109
38880
63843
50994
67359
57471
67354
53997
56364
50973
66112
66510
56274
57478
66535
75084
24428
72773
49196
21531
21569
24371
48446
24844
24472
64917
25028
25038
40891
48783
50287
64796
67472
41116
85208
24734
25020
24747
77729
24760
50251
50316
23363
23330
23303
23424
70759
75042
24109
48824
67293
69578
48838
24069
70702
87134
24266
77628
24581
77629
75666
48861
40809
63663
67425
83068
24850
24899
25084
25090
66617
21719
50125
49090
22997
22124
22140
41191
63981
22448
22800
72857
66752
64037
64056
48662
22813
48647
22778
41244
41200
72863
48628
69372
22887
22519
64038
48726
48723
22568
48680
69396
64176
22331
22246
74978
63838
87048
63915
77846
77826
85144
88394
48252
69315
63753
63920
48238
22328
63946
41256
22174
63815
22186
72887
48425
22155
64194
69355
64187
22313
77902
48710
50126
69228
48588
66866
48583
66495
21708
83191
21700
40877
72911
50069
85113
21833
21849
74961 44786
63202
21777
21472
77878
50033
21384
21398
88320
21438
83089
88224
75094
63628
21021
71969
88416
21113
80575
22451
85096
66686
48690
85093
88458
22713
63349
87015
66794
80563
87020
72903
66888
21144
21325
21241
63397
48544
20913
20999
21072
74972
21084
77854
64186
18790
22984
31163
31005
31042
31338
31304
31433
31419
31214
46301
31210
31205
31203
46288
31251
53091
30556
41361
30412
31174
31138
54406
52886
30173
54368
46550
30213
29502
29485
52925
29313
46477
29333
29762
52908
29822
46138
46167
29694
29676
46214
46190
30473
53005
41704
19826
19810
19807
19800
19057
52817
18910
18886
47101
47118
52722
52759
19280
53652
19329
19325
19482
52600
46893
30667
53006
53020
53065
52659
30911
30888
52662
30730
46939
46961
41743
19595
52703
41714
52596
19399
30251
30342
22985
31566
31536
31677
31801
31793
31893
47731
54533
31773
31754
47761
33248
33243
47892
47896
33301
54544
54556
31548
31515
30325
31487
31961
32204
32382
32366
53881
32482
48121
48125
32202
41525
32281
32272
47768
31614
53905
31570
31514
33150
33147
33330
54581
41320
32979
32749
32793
32791
32779
54307
30034
30030
30020
46370
30095
30054
29836
54204
30284
30323
33012
33018
54646
54478
33452
33517
33523
33344
54589
54527
33407
54509
32560
32661
54680
54684
32720
32542
32597
32595
19156
19154
19127
18443
18783
64714
18618
18725
18682
18021
64228
17980
17966
64259
17958
49545
17859
17853
49568
49569
64441
18786
18400
19116
18375
16927
17264
17315
17085
17112
17185
17174
17172
17160
18468
18523
18562
49807
18555
18554
18462
18384
64447
49597
18307
64485
24002
24000
50240
23988
23832
23809
65276
50161
23211
23174
50178
65312
23183
23215
23259
40973
50336
24011
24028
23943
23780
64355
18123
18174
64422
65146
65129
23726
49315
23962
65132
65136
41003
23658
41001
23621
23545
64554
49832
64546
20103
20798
20771
20833
20820
20658
53211
53241
20018
53261
19895
53162
19948
19906
53192
20277
20338
20326
53548
53599
20458
20605
19207
19198
20537
20524
53536
20510
46866
53422
46711
53430
20389
20451
20464
20463
46704
53438
53402
53379
16961
46832
17603
49736
53309
17650
16993
49636
58980
16979
49649
64574
49664
64509
49678
49683
49745
56160
16974
17606
17778
17802
53385
20080
20135
20210
20205
20145
53382
17478
17560
49704
46757
53288
17335
46773
41578
17389
17406
72830
56141
48876
76037
63009
38101
67556
45844
74088
82193
84092
63020
89909
79359
79263
84013
76052
63023
63051
83951
67801
86395
74039
45236
79309
82159
38130
79156
79158
38129
63061
45878
84139
74027
76027
89968
79278
63082
63086
84060
74042
89996
73833
89710
62713
75963
89677
79035
62764
45609
76155
45764
83922
79117
67715
45777
71464
84160
67677
45796
83948
89800
45756
45595
67821
79008
83889
74197
67773
79072
79075
73852
74195
45955
71621
62870
62626
45634
79021
62864
45670
73794
45695
75999
73978
83937
62418
89364
84490
86662
71254
79850
68201
37740
82014
37735
37723
86216
73550
62246
62205
79858
82341
62194
76264
89575
45194
67928
84296
59642
45373
82077
89566
89547
78934
59652
73728
67955
73730
84340
62449
62468
67912
86290
62398
89339
45475
62166
62254
45080
71696
45095
62618
84457
79804
78807
62953
62969
71563
82185
86369
79397
82224
45298
79217
62933
45077
73614
79808
62353
75915
84439
45304
82314
62304
68103
68077
73663
78798
62359
62271
71311
89397
79810
45178
71274
62777
86506
48965
89217
79941
44856
82354
45005
84574
68326
39159
83435
68801
84537
45050
39152
76284
89295
89298
84527
39239
78626
83439
44152
44819
74566
86811
44882
44885
84671
50393
76412
88821
44913
39074
38998
84565
68306
44800
89241
38983
38967
83685
44951
81835
44628
79953
83645
68763
38891
44668
68768
68364
39329
44785
38828
38869
39566
39577
39502
39590
39526
39552
84796
79956
68406
71844
38791
71855
44642
89260
88856
78292
68756
44548
68407
38743
44553
68754
84592
38724
38887
79994
80176
44148
73875
61170
61204
61043
61323
68493
89055
86769
76418
76357
39428
83560
76360
68684
71833
61226
84765
76331
44484
74654
82377
81871
44282
37964
45719
84215
79527
79549
45735
79548
45062
79503
61393
78493
86759
44373
81916
44401
61620
71048
83604
80001
86725
84768
44020
84713
44038
78392
88972
83505
73328
75821
61655
73383
74641
61766
88922
68526
61829
39445
44126
74604
83535
83539
61934
76329
44462
83609
68457
61989
44246
44075
78537
74630
44069
61912
84628
62086
62002
68578
71098
59695
78997
84290
80476
65958
65907
43750
43755
85625
70505
87670
43779
87706
38268
85600
72407
38244
70120
66057
82659
70491
74859
73027
66153
69063
66221
80453
86040
73043
66304
66264
43085
83276
38220
81754
85021
69089
86967
66297
86958
43856
86029
72190
81260
66093
76877
82636
60501
70070
87757
60446
81182
85844
70064
82789
43655
77002
77008
87501
72273
76992
75457
85782
81185
87738
60282
38622
76876
43878
82654
85636
81241
38454
43909
60357
70016
70033
60313
77233
60368
76829
60381
85856
69162
75717
83836
73124
78150
88683
73085
74809
65413
84943
65387
88658
80393
43199
81783
73108
80404
86924
82449
65562
43387
84911
70953
88531
43231
48940
85966
88304
41129
83121
39745
67018
67003
72012
85216
72806
80722
67184
80551
48906
65634
74772
65574
38430
68838
75773
38422
65483
69135
86988
72983
81751
69095
65531
65860
71936
74891
69110
86983
80526
85058
32077
88498
80321
42942
38397
86869
83399
71871
83403
81821
43305
73201
65588
74728
42955
38417
65474
70970
71879
42961
68864
78180
85716
60015
70316
69985
85503
87264
59087
87851
82889
85891
59184
85426
42865
82945
69827
87978
59183
59178
42769
80990
42781
42690
85529
87525
59051
76735
87175
42364
72665
72666
85486
70586
81066
72517
42733
59464
42743
69927
77341
87254
72530
72533
87965
82956
59864
87242
59572
59576
59586
37695
59525
73684
83763
59543
84406
76211
84375
37673
84386
59556
78972
71390
59703
79697
74280
59905
42467
77361
81024
59772
59816
77357
42464
59805
42468
79688
59977
77370
85450
69849
85885
42390
74301
59291
77541
41984
42251
85702
85685
60791
87385
70266
60828
82764
60820
88045
69707
61022
60915
42358
60958
69718
38497
42240
81326
60859
60156
42188
43583
76964
60046
43612
72236
70369
60232
85751
87555
42202
42207
82767
42220
77106
70452
38665
77496
72633
72655
80910
60693
87161
69612
41866
60726
77554
88114
41884
72705
80827
77571
87159
38545
85935
60689
69669
60663
69619
80849
41896
60558
76750
38468
38464
60549
42113
87216
87988
77458
88011
60570
77462
75191
77468
80936
69748
77453
32102
25127
834
57845
14372
5689
34129
5700
10483
2110
10473
5627
50771
5654
14308
10513
37655
14488
5679
5667
36648
5675
55284
14456
6374
50729
37559
1681
55037
57795
58362
40120
34093
36590
1822
14651
5921
35291
6032
10292
5583
10248
5587
10265
14332
10259
5592
1794
34931
34107
36541
50751
10502
54738
34308
57436
36529
10042
52033
1145
4710
36504
52127
10096
10148
37274
6350
13039
4677
57416
13232
4695
4700
4769
34021
4879
1425
1056
6253
52037
52046
34128
6416
6532
6536
14435
36459
9813
36454
1981
33836
57492
13100
40390
55179
13118
36435
1238
13145
1077
36430
6180
6018
10202
35307
9427
27161
212
50482
13907
27359
9470
2
50453
27323
9425
28039
1713
118
14574
50825
36364
40225
37458
14522
28020
56461
27976
27158
27247
50485
57099
37529
9526
56346
36345
37530
13941
27625
35185
36337
143
13965
34881
50502
27573
9557
9338
50494
56988
36362
217
9351
27978
8701
100
27958
27772
27800
8833
8891
27696
245
27705
27726
34112
58407
37631
347
318
8924
34944
1043
10343
10243
5819
5986
50868
361
381
40227
28154
58024
35176
8617
56
8699
8672
435
8995
56585
28186
8960
28175
50811
57098
56468
409
28087
8849
28098
396
28136
9915
52510
35199
16579
7328
33790
36064
13498
8501
16580
37327
33803
51478
8075
8113
16831
16613
16495
13414
36170
7461
16437
16454
8241
16785
8245
7385
16538
8536
7556
35698
7773
37413
34370
35899
8058
36112
37415
7540
15158
55319
13477
33634
39970
33639
15088
7503
34333
15116
8340
13450
16750
51591
34478
51758
15822
6719
6879
6709
6707
15818
39808
55416
7042
15865
15862
36138
34409
7027
16248
6821
51967
16060
34414
36031
6656
6683
6750
16015
16345
6955
8187
8188
51563
7456
16679
16160
51560
40274
15973
15961
55300
6887
39951
36668
6888
6881
33756
51903
16320
35959
7069
35699
55334
55809
1390
39853
33953
12990
5330
57529
5458
15381
15355
1400
5401
15691
7766
5390
55511
15678
35848
5018
4953
15669
55672
37194
15747
54722
15408
5277
4558
4451
1523
13245
9940
4362
4374
13182
1493
13200
1338
1325
4590
4607
15426
15439
13026
1307
12880
15325
12787
1414
55440
13617
34071
35761
55742
7990
15010
7680
57550
37372
14816
14810
7790
7808
7186
13338
14771
14895
7732
7735
14893
7737
14867
14841
7746
35754
8002
52426
7968
55434
1386
5113
15559
15543
35667
57637
15542
34509
55599
7865
37375
35642
55605
7285
37377
55609
8030
35633
55658
8036
9342
8583
36354
12305
51138
55993
36687
12438
51132
2933
56005
35112
34561
57326
25211
25212
3470
56696
35449
57349
35462
25167
25153
3541
35469
11005
11040
35100
47401
26798
47380
26799
57213
26809
57121
58745
26819
51152
29300
58793
34718
25430
3656
47395
11148
3016
25395
57257
36934
2945
47185
56041
25286
2701
727
56625
12621
12617
12604
2744
25864
58829
26092
47259
58786
50998
40095
26008
2639
26028
26033
58815
50967
35424
36899
56707
12545
3529
47177
13786
2956
56680
12334
25321
3530
12331
25345
2115
12549
51167
47158
25259
719
3147
12742
58839
3035
25273
40086
10961
56653
2592
11559
11573
3763
2425
11630
48005
53768
26614
26593
58513
26630
41439
11626
58526
26231
26165
58600
4243
26211
47998
26399
11563
11566
3901
11352
32113
48170
3944
34664
34665
26512
34671
26501
26509
11354
35028
2485
2486
26530
58560
37138
3991
37135
37079
11281
2591
26425
10790
37126
27078
27063
47366
37129
26869
53925
2361
36966
26738
34996
26676
26686
2286
58604
3431
58622
40547
3210
58761
2984
2985
35007
47694
58697
55953
34599
11430
40691
26439
26351
58894
26948
35038
11534
11486
3377
54126
54137
26937
26920
27088
27026
11201
58678
58867
11861
3533
6700
905
51361
47435
25802
28656
51302
51061
47638
9213
9210
603
634
11790
9228
11699
50553
47568
11717
35557
29202
28644
58117
14069
2812
882
977
14153
58149
28619
28568
28535
11767
9130
14176
56418
51337
39996
51468
34236
28699
56738
47651
56784
12063
28566
35568
56420
9333
14236
28539
34190
34874
51233
1027
40024
56727
28398
47644
28800
29240
877
34181
56928
58180
28976
28987
9255
51288
12018
13800
11944
36857
9175
35574
25858
808
11899
11904
13835
57273
25726
11997
36979
37520
57267
40601
35614
12092
50923
50564
34892
836
34873
28769
58176
37512
9187
36813
56938
36828
13821
13998
81017
34115
14196
75627
13465
13464
36965
77025
34243
60736
42280
81013
60059
87407
41957
60003
69595
60047
81335
59800
2140
68020
14202
13321
37842
2191
14206
76933
87935
34387
42103
2150
88116
34119
60609
60014
2429
69847
58184
85576
68044
43481
59530
2436
38577
81615
37108
72093
75502
16134
13979
16204
2412
2487
80850
81557
37702
13795
78874
2472
43446
16306
13958
60722
59540
55362
60748
77456
43457
60470
42582
57976
83801
88127
14225
77436
72275
14623
2524
80862
59896
72276
59498
59983
85399
55317
74294
42381
82298
41892
81365
43665
75928
41862
75932
80968
81424
41918
13431
59916
34443
14583
41920
58070
14242
14244
43601
14471
76963
75260
70277
76801
59317
37831
80929
14266
41985
3125
2326
42128
13031
59294
59336
13159
58267
13095
58261
37826
63115
42677
77097
13202
58993
58989
14074
13176
13268
38632
81100
76884
77267
72349
14662
2949
58846
3152
69728
2807
88089
42171
42727
82992
77047
85483
2841
14273
58425
42718
76754
85340
60990
14503
58388
42305
81436
70581
2820
2735
13151
2866
59242
88074
60839
87889
72127
14367
42744
60768
81301
58422
85330
70459
13749
87584
2939
42030
69592
82717
85938
2671
34444
59871
34309
87489
77359
13691
13698
70692
13715
13725
13550
37843
81555
34441
13528
34183
40261
70407
58936
72706
80909
80830
69701
59782
59781
42440
42056
43621
75252
70604
82936
88155
85752
59004
55494
2920
14024
14692
81441
70688
12798
58216
14685
60636
72682
58297
72334
13029
34467
40679
59208
42876
58408
36926
42247
55446
80834
14028
77430
55476
58847
76972
72698
81007
87591
58398
87592
70233
12921
59872
83997
86605
12061
81879
82407
88954
56783
44052
61716
61713
68590
12114
62048
83503
84694
76383
62037
78510
62035
12197
34907
11962
71153
12046
12034
12006
44066
78533
61893
71156
9281
44051
61737
61861
56809
86807
44138
12596
44135
81894
35420
71122
56646
75835
12221
78351
78459
61836
11829
56799
11917
78461
61682
61666
11901
44201
34893
86125
68600
82408
44184
84703
45051
61971
8634
61405
35236
78499
71778
44281
61516
84635
83582
44406
9475
9346
9344
78489
71136
68689
9335
78326
61388
56391
8719
8776
8795
67719
83918
38009
45750
38010
61462
73860
9549
9572
9579
61304
89134
74498
89146
61956
89143
68721
68716
80213
39403
44540
73335
9202
9199
73444
61961
89127
61278
44515
9184
35188
89068
9194
35196
9336
44409
9478
9591
73315
73314
68546
55887
56225
11541
11468
86835
38733
78574
71028
34613
71026
56327
34783
38721
82361
39346
44543
71849
83426
10884
78675
44643
10850
55863
39358
38803
71005
55872
55911
89254
68405
89192
44664
74678
39691
56152
67477
39614
39599
39681
39581
11408
11376
56111
11231
56123
38856
56314
44714
38912
68366
11283
78280
80235
78606
34576
56243
78616
75871
11613
84794
44639
39226
10721
78276
84810
12414
84580
81972
12472
35073
44818
73510
35437
39078
88814
35475
44866
86200
12301
35071
78652
39053
12679
68656
84672
12669
56702
61807
35082
61815
12567
83650
39263
89248
34764
10714
82348
79919
44971
78704
44962
39094
89292
39085
44956
71721
11064
34707
34755
11192
35105
39213
73530
11050
11002
55981
10967
11006
35099
45015
45012
35086
62123
45727
16284
14942
78780
45079
15618
15611
55598
78799
15589
15587
89400
14958
74364
74366
75920
68079
84509
78848
76233
55634
45138
73660
14991
55805
78829
14793
86636
15196
15175
15224
38058
45112
15557
82327
83975
15334
38132
55010
33949
45186
62886
83992
62882
79239
75343
45299
15342
79400
79228
15294
54948
79420
82184
71281
79802
15717
15533
61042
89418
15631
71273
38083
38084
62789
89588
33775
83823
37709
59660
16656
55379
79678
15950
16043
45380
16011
83813
59647
33759
15256
67876
79639
84301
73779
59718
79647
15873
86569
79644
78978
15845
37667
68028
33823
16457
45333
16435
62163
79857
79862
89311
62158
15091
62222
84516
15053
15124
78759
15766
16542
73594
45532
82330
62523
68177
89369
16509
73570
55784
16589
62576
62584
71259
55748
15480
15499
15517
84233
71415
62755
86549
83854
10183
79620
73806
45672
86318
67837
89660
10283
71638
79066
73919
86328
73836
10561
89711
34926
73853
10680
55022
55230
33904
45951
33908
73851
55127
10236
10363
10369
56539
45717
8667
8969
8956
9078
62773
67674
8830
79140
56488
67712
73892
37911
56491
35313
82136
8943
73899
62772
75986
67826
62769
71632
83865
67832
79588
89721
10471
33916
33882
67500
67485
34039
45827
45916
54724
86409
79271
10130
71524
10128
54729
71530
9908
74026
67508
71529
63069
74135
63067
34049
15445
45563
84154
76092
74143
54994
74056
54848
37947
74014
84247
10490
79053
55201
10492
67796
79574
10170
63033
9784
45972
45997
9839
9733
55151
33849
89911
9659
67560
45867
54810
9684
79247
9675
10165
54814
54836
70089
32083
2453
16899
36270
27946
64639
27927
49842
50887
50844
16960
27695
36298
64524
16876
16895
49682
17039
28185
36197
17057
16994
28181
36207
16988
16990
17023
17324
28204
17655
17688
17605
36240
17240
17233
17226
49863
18800
36544
41630
18347
49420
5589
64697
18454
49404
18367
5563
36574
5568
5934
5917
18561
5914
5894
49787
49782
50765
36248
17196
17087
17092
5820
5850
17288
27954
17590
17597
18781
27464
20269
20072
27606
36317
27626
19851
41680
19959
20034
53248
20044
27546
53232
20716
20727
28086
20639
27511
27484
27507
20763
28235
50433
50501
50570
50618
28996
28779
46697
20484
20243
27231
27233
20322
28007
41564
41566
28005
36232
53297
41571
17575
17394
28016
48210
27974
46769
17343
17563
17549
36370
27286
46745
17483
41583
20172
20137
20201
40216
20102
20073
53372
27237
5602
18813
53463
23087
4528
35780
23334
35786
50281
23352
4529
4505
23368
23393
23305
52565
4579
23433
23103
65174
23136
52513
4496
4458
50328
50327
50345
23135
65214
65266
39826
52123
4889
4630
24741
52558
52549
24627
63571
24075
24189
24254
64972
52409
64940
64939
4982
4980
24907
50007
24876
5178
40818
25054
5387
64840
49976
77179
52343
25042
24673
40826
40899
24595
35864
64803
5204
23846
23904
50707
18066
18202
36468
40954
49586
18232
49581
18254
6399
17931
17952
6367
64468
18049
18059
18072
50150
49370
17991
18020
5614
50677
18671
64319
49341
64287
64277
50685
64704
5532
18658
36457
6126
64356
6130
50148
23827
50142
4672
65116
50194
4647
40996
4768
52094
4747
23782
4729
6200
6222
65122
6288
23567
49874
40901
23743
36433
23776
36437
33585
52160
6131
36451
18183
28760
40039
5060
32582
25458
30009
32769
26813
47411
32877
54190
47346
32893
32932
32957
46397
32952
26865
46415
47824
26829
54630
46401
54015
26843
32600
32519
26715
32680
53954
32742
47354
47355
32662
29990
41311
25426
29903
29312
39705
29343
29537
29551
25213
29577
53654
29474
54380
30209
40063
46553
30144
25513
25499
30111
25482
47396
30345
54399
54398
25404
54221
25400
25375
30319
25374
54195
47839
27053
29425
26522
31641
31642
31643
31575
31578
26484
26483
53775
41429
32282
53900
32244
48130
32246
32410
33337
41529
26495
32461
32481
41427
32342
48106
53853
32376
32119
32006
32009
32049
48167
31456
53851
26237
26189
33353
33378
27043
48070
53953
33454
41485
33509
27018
54128
26991
33256
33251
26957
33226
33230
54535
54069
31751
31735
48082
31732
47737
31715
53655
31888
47719
31896
53729
29365
29418
47532
51418
18931
28748
51286
52706
19698
19726
19727
19658
52624
28732
19828
19779
19781
19462
47001
50958
19387
19396
28565
19418
52648
46975
46947
19602
30734
30757
30769
30713
30699
51065
52833
28302
47482
18937
20446
28826
20610
29297
20526
29259
29247
29270
47029
53524
19177
47024
29034
29185
29168
53510
29114
53507
19278
19254
28456
52775
19283
41758
28459
28439
52717
28467
28478
47571
25843
29366
25268
31033
46077
47270
31016
52897
30952
25918
41372
25971
25966
31168
25269
41379
31088
30398
25840
40074
29651
25247
29696
29652
29638
29640
29708
29783
29794
29806
29817
46506
25218
31184
53096
31374
31325
30825
30830
50946
30844
30941
30472
25678
25676
30486
25680
30469
25684
30497
30440
46325
30448
30601
50947
30627
25624
30562
26057
31259
31207
26114
46187
47261
31436
26085
24037
25008
51634
80389
71864
83407
48
101
65594
65355
86927
57057
68954
43288
77
84940
68956
38390
57038
68889
57074
43225
37628
40570
86931
57677
65789
83371
43277
81802
65776
65858
57712
81804
20
40552
37436
131
73160
86076
819
73153
37492
904
38398
86887
900
70976
883
42948
80334
43415
78179
65476
83392
875
56920
43331
65464
38421
80268
65549
37531
56980
74721
68815
70985
57787
83354
87147
67439
88312
1226
1179
83146
1275
57528
70757
37267
69433
37272
1283
63593
75040
1447
83070
65716
48771
85942
85276
85278
1468
67227
67334
67323
87132
1491
57433
88190
1331
67296
72832
1989
37588
70764
67106
68929
68932
86910
70952
74789
48914
68917
67141
1622
87101
57905
67072
57833
72803
2061
72783
69498
57840
2080
1933
57666
67381
2003
87108
75067
77745
69422
70765
80515
88547
42982
82660
4086
38258
75386
43993
66087
77120
77119
36765
3326
70173
38226
85813
66083
3351
87690
37507
43724
3193
87318
57195
3295
87700
77138
87667
3648
43748
3643
70135
75358
65891
81459
66049
38450
4089
3939
70074
3932
3926
87736
43562
77194
70078
58578
82630
77235
70020
72160
87791
3979
60366
3769
3828
43728
4233
72187
43912
66017
4325
40699
58668
70145
70503
82802
85827
69051
3730
36906
71909
66340
66337
69016
88626
76532
57311
43129
773
66110
567
88526
43108
85049
559
70847
800
66126
970
66198
66181
36820
88561
978
41419
37149
822
86987
75721
66345
74834
3691
86952
3450
43862
57344
3563
3552
3540
66268
85005
43835
85019
40517
69090
38295
78010
726
702
69072
80484
73017
86956
66250
71908
687
73074
81776
66357
88644
82462
66305
1353
67421
81623
8361
8255
64052
22837
22737
36116
8183
36169
22777
22950
22874
36178
22726
22719
48731
8091
36115
36057
48702
48696
51482
22462
22508
8552
22495
63356
22693
63352
8531
21196
22048
22026
8231
39800
51971
7030
7068
80646
48248
51979
7034
48239
22269
22187
22172
63831
51942
6959
6562
35952
22365
67286
48331
39788
22345
64172
48292
64020
21964
63996
21923
21936
21206
21230
70788
63422
21769
7687
63637
63625
7677
21464
7986
21444
21623
35627
21525
21536
21542
8015
21547
7878
24383
24375
24411
24353
50128
51629
24357
7850
24540
24552
49937
7896
49932
21869
21838
63149
51712
21172
36105
21170
63395
36107
21339
21351
21371
36108
48478
63394
21258
63375
51716
7778
20882
21056
7775
7774
21035
21379
21381
7772
21743
21751
21755
21664
63153
80642
22424
16873
39960
83197
49125
37298
49084
76684
39961
7228
37302
37303
49294
7356
66432
88240
87024
51825
87026
66673
66606
72743
75007
66771
85112
37195
72746
70836
66716
41160
7524
7279
69275
7302
7083
7295
39977
66474
74959
66494
41061
57650
7180
77857
7226
57555
7137
69295
66935
66449
77868
85124
74940
57576
87122
41026
41093
66629
49197
1402
6812
6781
49212
48458
80764
6766
49215
87055
76706
51769
6614
66581
83061
51790
48432
48430
72726
88378
71986
48467
35987
85178
74964
76645
48387
48356
71988
37332
66623
77797
49184
77772
7455
66729
7600
61129
31760
47695
72542
26446
8713
38094
20506
47782
17368
44575
41507
1157
7891
88287
63448
50112
69978
83581
40031
56860
26407
5464
4044
73634
53786
31612
70969
36775
65502
62455
51097
48470
77808
60960
55381
64250
82291
16024
29440
89557
828
22301
45781
79674
34426
88774
29623
52982
72692
5910
74644
10587
34420
25620
62818
59921
65431
86827
8127
34805
54788
81035
57138
49707
37562
18901
42013
13295
87359
79022
7589
73536
79353
40656
34321
30786
67564
18167
62412
57022
45032
30872
62383
40670
75990
88827
