80000
13242
71167
72913
16599
24010
38200
25432
363
75147
46859
59034
14146
20914
40407
27077
60684
65052
30606
8387
17523
60445
50484
79350
72110
619
66609
5844
68562
48865
73249
14706
11636
8893
20000
57956
74823
19619
46535
71708
73010
62362
66150
50779
48281
71120
46521
25156
17949
48327
31282
38881
16558
9666
2268
35581
36200
67836
5726
7069
79907
14408
47153
3532
14630
22743
54928
23860
64799
69693
1401
23480
42464
56455
61896
79450
41148
18473
59893
70469
61216
51175
5618
12363
76378
36531
55016
78334
22324
5985
57009
73477
38003
76047
20656
42158
71275
46639
21577
67960
41758
58734
77338
58405
29410
13454
5781
54564
68384
2589
18563
67185
51638
55716
53947
26850
32611
28655
45410
74718
18579
34451
4688
51645
29020
52807
66346
16423
44973
67197
47844
11538
78513
3107
70782
74944
19432
41312
4566
16681
78707
3114
28688
68095
29027
10724
78319
27569
16836
16685
55968
68002
66937
33108
16591
25980
16022
64842
36409
1344
67648
70647
71685
4672
18224
34258
30095
42172
71774
16554
23068
54292
65848
19566
68401
54975
49788
44370
71142
16366
3001
66353
38575
43757
65301
74491
73260
3103
19388
31109
23292
38549
9992
27037
22111
52307
18058
13421
53556
58357
72186
2344
39094
55074
46502
3816
30647
30318
3910
42812
72627
2725
62262
11633
13830
28034
73979
66215
21009
22462
17416
54591
3724
6142
34640
20189
482
25424
43984
73082
25166
3722
46307
4269
13942
11586
2485
42880
64174
18108
32915
6784
4276
79407
39098
23515
56460
13806
16924
23789
28018
40734
22708
76590
35693
24275
20465
22727
72724
25345
65865
23945
61483
9429
21793
69989
17240
3614
55483
28101
17166
26365
39069
13962
73509
500
53357
17155
46369
77344
67497
40216
36121
69802
37262
68635
74161
47700
54417
47451
10318
44723
10322
44707
55471
25495
63384
12545
16705
48493
17870
55349
54526
16566
3693
60153
47477
57870
3676
58849
12023
54513
35180
34484
28481
12002
35279
78054
15705
39614
46379
49664
50769
7684
24728
68602
16707
44720
47227
7750
64007
1759
60484
47624
68276
29526
12630
77730
60549
66977
52800
3420
24521
27234
32410
44948
47645
21540
24996
39687
43589
46448
16216
24652
68169
74334
48001
52680
63913
63278
32475
74112
3164
12164
47815
30045
18079
24747
55566
29765
53788
39967
47682
54447
26358
1863
58573
52728
32388
35239
25675
49577
9034
44923
24984
10400
56276
27909
12498
58519
25694
74194
44855
3345
68370
8940
3290
44733
66001
57848
24398
72570
78229
22427
9684
25914
18692
71999
62264
57653
64687
64475
39215
71940
71946
2365
30446
22783
62346
45640
42616
30447
54200
29799
70019
39170
7103
22556
11757
2388
49117
58090
64848
70212
26236
72431
18441
56875
70624
39320
62870
22554
30525
56959
6747
72385
56956
54178
49167
45828
72401
65589
70033
65371
18357
46039
52943
70329
70517
42998
18637
15388
17083
35650
1876
7938
57205
15493
45180
23506
15374
45232
54111
18273
65397
13196
65424
70498
62395
43025
65431
64506
52823
45073
72065
62492
57371
72096
46115
13241
61938
26219
35807
45056
46242
9584
18671
18655
2261
35910
6329
70450
70434
49320
56454
63713
70746
16762
56522
49986
17547
50685
7649
47026
9989
49739
54624
15185
21479
15178
71634
30132
25468
70715
65249
1279
62792
47131
6878
65285
78330
72252
16868
24549
16036
78152
60436
32027
17521
36643
16804
12353
49466
49893
78324
12804
27172
9727
12480
49909
16749
16738
38751
55414
12439
62751
34262
48920
63005
17334
45434
6917
56945
23026
2009
11373
56893
15034
28653
28641
50875
59375
39245
7984
42538
56450
30426
49367
51537
65105
11772
63027
56920
23034
9402
49024
49043
2136
35975
47063
71363
13514
38879
15046
23045
53039
58945
48902
70968
65034
45425
28660
44535
32091
64871
23033
73772
34654
67636
77206
38299
75595
37765
43853
67985
51595
60624
58635
40784
60212
79248
73538
43834
14548
21610
42302
41874
76346
66762
36901
66252
69491
42489
51690
37054
37343
55979
79087
55952
30805
50197
19165
1659
7372
42236
43349
64248
38307
50378
69480
2816
26812
37441
18804
37563
59654
20740
75158
64257
56020
19657
76767
69863
67642
51032
11194
31436
40169
56049
76787
76244
1682
28068
74988
74680
13797
6147
11117
37164
51050
41433
29324
36994
43148
1705
11225
11222
2880
5881
28843
37557
74996
20770
68094
14655
33565
35414
1097
38178
37087
31252
67323
74418
4385
33607
56112
69624
76441
18902
67217
14287
8666
52342
54990
53231
73441
42113
40243
5858
25704
19731
19475
14161
19325
67963
56596
43208
69371
10842
14503
19897
40528
53175
76422
69370
69621
76188
5211
40153
13093
20566
69510
73147
75830
79175
75944
42412
58355
50599
5861
64298
20147
4649
35463
74647
51694
73579
27466
26824
56628
42048
41969
43643
75090
38563
33658
53242
43324
4895
75680
5189
18831
20894
5185
76522
50134
7501
59584
8335
55695
11006
7255
65833
2722
8614
32208
52280
55262
54
61154
37878
50039
68960
37818
66487
2699
6024
79468
50477
40669
53561
41098
79893
65641
8201
8840
66747
3093
68540
26062
240
4763
66744
69766
66411
66743
69721
40886
41671
66742
4265
13944
68580
21510
63355
7391
40563
68699
31137
19985
6033
73993
44802
65708
59648
58409
75302
31162
53811
60005
40771
18919
40557
57943
14889
43426
64368
41133
72737
19256
57951
31809
23791
20295
36328
6463
52275
4242
34569
8769
13108
79392
46797
36381
77068
4198
64370
55713
10270
73003
3038
74750
201
76872
19346
37016
66373
14469
12961
748
20626
31244
230
59999
37485
14051
32323
27809
20127
8411
74610
27839
75361
14942
59501
3095
68933
8558
10957
43759
20334
41329
21030
55211
10960
33738
77399
68776
27737
8578
4995
8719
67690
24229
183
24282
67693
51610
9284
53301
74788
72583
76593
27679
8154
66444
79690
69732
55310
79957
305
2769
60656
8727
32302
66505
73014
76621
36504
5037
75232
79718
25769
43415
21392
41004
32651
32957
38092
29910
8104
36127
26103
54790
19954
13414
36122
8118
56877
29885
59381
21694
36107
36967
35751
28200
30477
51995
27073
31223
52446
60916
35772
30483
8650
66513
70131
70030
29446
7455
30980
18649
72564
54321
21786
66546
37409
7853
8241
54824
18982
70529
35701
37400
7879
18652
72995
19808
72992
64151
21719
72885
19694
19696
70276
21852
59436
70035
70301
6930
18487
57281
36132
13405
18703
72871
8064
64162
64888
8651
36878
72856
29438
29852
19821
13311
35732
35735
70003
57306
57318
28427
17788
37148
26890
29527
7385
6965
66603
27145
19598
64276
74765
52471
56377
19685
74133
74808
7763
17976
56873
74835
8537
74309
74359
54002
30210
74093
53987
25714
17589
7407
52419
35305
56259
74956
8561
64796
31042
35253
74743
21665
74187
53870
35377
35261
19544
53875
18099
27133
66832
73866
66850
35497
30294
17848
74002
17821
73898
56770
63779
63802
25739
53814
73870
7662
63785
35114
7675
35102
26949
73838
17841
54017
74030
21583
59901
35588
27030
59689
17959
63888
74258
17948
18087
18057
56334
74289
73943
26925
73930
74034
26923
74273
54045
66630
64364
30142
74384
30112
71204
74412
52491
26162
8018
66344
19523
35944
66629
74405
64957
19505
71117
35971
54279
66331
71102
19529
70953
56595
54232
70969
19983
19981
37175
37177
59961
36240
8725
7366
74660
56874
66388
74683
6949
74628
31082
37063
8039
36190
74430
64945
35964
35419
70900
53832
53833
53834
74849
56610
19635
7578
8441
7022
7527
21602
64836
64778
66641
70812
74998
70816
70791
35288
8476
70924
17733
64806
6896
36070
64728
56641
35425
6903
64750
66717
30026
74487
19385
21718
70646
66769
53858
36048
74922
35227
35466
7824
72294
7819
55230
78833
78860
27655
14375
56092
25033
79224
27815
37759
14545
25005
14539
79363
55966
50207
76776
37540
78839
5047
76842
37638
37628
76750
51088
78757
5048
78894
10976
31442
10984
76778
78880
78896
79329
31549
10733
75635
76488
27534
14434
76537
10931
76433
59137
7499
50233
31257
27881
59132
50289
14386
75901
59115
10736
10759
79081
27566
27577
79217
31506
59330
27512
10676
9158
75827
37698
75797
59119
56199
12931
11081
77820
5069
55010
55012
79533
79422
79433
10110
8772
63350
27957
59270
79524
37816
55052
8873
37825
5145
27931
27700
39575
77935
39541
10617
77924
55135
79583
39577
63318
5090
10598
79548
10502
32233
37917
37890
32207
8844
79783
10284
76574
10179
50435
26076
79830
25149
10292
55189
79772
12847
55161
11022
76861
50951
10293
27659
79976
37864
37968
37970
79921
38076
25084
12867
10308
79989
10055
27685
10266
76689
27938
5790
50285
75708
75736
27975
14960
31739
77414
38348
14959
14930
75315
38356
14015
38326
55874
38337
14001
31663
25274
28006
38413
14968
5768
50025
38364
13890
77438
5972
5716
28071
75313
75520
13880
38419
38401
38412
31853
50083
14049
14695
50478
50514
28092
13751
14791
50482
50542
77071
77158
31576
77178
28120
6190
77146
31586
31859
6010
75400
14060
27996
31645
55931
75437
55935
13937
6224
50488
77086
50102
55909
14762
77025
38394
13856
28041
77272
14520
75973
25205
56137
77269
5879
76081
14525
14072
25269
76078
25210
55937
38227
75943
5210
55739
31273
5813
10838
75939
50295
14406
56095
50303
76194
5199
76243
38725
38728
5933
59066
50257
50563
77459
14288
31336
14223
50010
6088
6060
55654
28010
50065
14293
5746
14880
14271
75033
14061
25201
75250
6037
14313
6019
5683
75172
55719
14304
25243
6032
75297
5635
14894
5632
75280
75278
14352
28543
10554
64446
72486
50844
11362
72342
11402
71457
52030
39229
11277
50800
52133
50817
56921
58975
56929
50805
39350
72321
11774
13744
50834
57025
72432
39317
11739
30398
5422
72265
72456
56998
5411
72228
63059
63061
32048
71494
62614
11460
62551
13524
62656
57110
50865
5385
9851
38809
62782
12289
12285
12271
12303
12701
11472
13527
32035
11539
71305
71293
32052
50902
62523
32055
58937
62549
9898
11432
62561
57152
58930
5315
11851
13720
58832
25335
54079
18387
57436
18381
18374
70465
70455
57494
57495
70430
70396
35805
9582
57470
71876
70376
30568
64656
18159
35662
13129
70548
7891
64422
70623
13154
64673
64426
51899
70567
18195
64629
25419
35786
30372
54140
9621
11625
25436
72189
11824
13620
51946
39078
62854
72407
39134
62869
39115
72475
11872
30451
29617
35856
72129
62932
13642
9537
35830
39171
9561
30341
62828
11712
71932
54211
57405
39184
28219
71831
71829
62676
12725
63227
39893
12109
77683
12619
63241
77805
63269
77745
12586
51168
77518
77536
77528
12611
77659
32354
55605
32413
11919
9779
58777
12135
78558
28474
27915
77728
78538
78552
50729
12147
50725
77699
77618
12074
8971
10375
78099
9033
9032
78107
39630
10328
10377
78005
25974
39617
5105
28549
77883
77830
51129
13027
51156
77615
28591
77652
63135
63194
8923
10418
77607
10439
55511
5517
28556
8938
28533
77974
32414
32417
27500
78290
57085
5552
50691
12781
55418
25549
58800
31898
12794
52059
12344
39812
39814
78188
63559
71654
78158
71589
12728
39037
31950
31945
71595
59002
57102
9931
58993
12676
63539
63521
59007
71705
52064
52067
9828
78484
12763
11904
63728
39930
29589
32188
32393
52068
39963
78448
11952
55582
9830
9829
9807
12013
12415
39701
28697
31959
39694
78265
78218
78215
39698
9822
78437
31986
31985
9715
78659
39761
71580
8173
37352
24466
6672
342
51786
49563
21892
16682
49662
6659
16689
52557
16692
49676
68339
49615
34480
16661
315
57712
34505
65998
47820
58523
26386
26369
21926
33331
34514
34497
47901
374
351
24452
49585
49640
432
49530
51364
29032
61864
22920
44393
16779
65290
16774
52654
2096
16350
22958
22965
34931
2048
24587
65176
26286
16820
49416
21893
66019
61708
49499
61709
34912
49910
29053
411
61630
16850
6589
34970
3414
47871
16397
3430
68729
68617
313
68631
24818
48123
22110
33417
47673
3613
66098
47810
3634
52696
28801
48463
24837
66145
65706
3570
48248
24035
3457
34551
28788
68707
3700
22070
44806
145
53549
48494
29155
51853
24958
66171
24903
68161
3130
33301
47581
29163
590
47998
44925
44961
3386
48111
3427
24472
47862
47592
68156
24928
58556
24933
3229
3235
22151
44738
3240
3214
58585
24990
47517
68273
504
47622
29171
61720
16401
23444
65530
22497
62227
53068
2348
45783
16987
65608
2369
42849
22754
22737
51288
17015
22432
45867
62208
45857
53053
17420
22469
53118
22521
42957
53112
62339
17366
45850
33911
65484
65507
2414
49173
17351
16907
16896
45637
23533
62363
29775
65345
33801
17148
51405
65468
26415
2228
2265
17058
45988
23576
45941
43085
6362
22678
16948
26438
6767
16940
22455
22682
16946
22692
62465
22660
16918
65374
65387
29800
22728
22533
17434
49730
22634
48934
61327
49044
22186
49025
16555
1928
23111
53016
65046
16430
1920
16425
23105
65069
22866
34728
48977
57752
6580
16378
26307
44433
49818
61564
2158
22881
49774
16265
65242
61339
18924
2150
61308
61293
16466
2013
49222
6858
1994
17194
49347
52998
34802
2007
42919
22372
1990
61470
1971
49080
28969
61552
48876
49273
61297
61290
16455
61307
65023
61517
57544
6808
34840
52978
52977
17336
49292
44570
48157
48187
3562
40101
684
68827
40592
4715
21124
4691
635
40548
20517
21171
636
33705
53202
68845
69659
20311
69649
40496
58333
58329
881
4793
40529
68785
21230
40483
68779
29105
4803
68784
33490
40487
68780
20526
40349
4933
58241
67957
42162
4458
42160
44324
42155
4521
32610
4524
20645
53243
20627
53213
26631
53246
44116
20543
32588
4937
58249
29130
4968
4974
53158
20765
42045
69278
20777
4917
732
725
42092
69630
40113
48184
873
41216
41230
20181
41237
41236
20006
58362
53287
32695
40995
20219
41006
20229
69934
69937
41094
68752
69843
40709
4121
40746
40628
4116
69771
69829
4335
33126
4367
4345
69795
69793
69811
20077
21043
828
21049
32567
40820
69494
20953
21013
40008
32573
20094
53361
33495
53392
40091
3969
58147
29228
804
69483
40903
69030
68943
32788
40214
3762
798
40809
69908
40294
40176
29323
29346
69051
69024
69900
1107
42111
1101
33598
67743
65799
3028
3026
65803
41796
33151
41722
53492
24237
51637
24222
58745
167
26719
41563
65822
41333
3120
53740
24333
41316
43781
41257
43784
26867
26854
3094
26871
1035
67559
65839
2975
41867
44010
29191
33384
2663
28773
48353
65644
68587
48301
3749
23883
51802
58483
68472
10
48391
18
257
33178
2620
2760
53510
44017
67664
24272
32907
41570
32899
68523
33198
58693
53441
44044
65669
20408
67564
41307
69170
68076
4640
42001
44346
53645
51686
20878
20562
20893
20561
41978
68056
20917
42417
20905
69113
41951
20582
69302
42146
42032
20696
44337
4415
41944
33611
33031
41952
4448
29068
58233
1224
41906
53665
58640
24320
26807
67609
58608
58615
41436
58616
53718
53716
24159
24140
67528
53733
67514
1090
24119
43833
29096
42468
67997
1174
42431
51717
68096
4547
20849
33225
1011
53599
53598
20825
42229
2921
43850
65452
48965
15769
62039
51481
34313
1295
19370
47218
19357
62160
67157
45376
15880
15153
46652
47310
1520
60578
37210
43270
23252
8416
47205
60996
42564
67004
62037
73646
60947
8312
73639
42656
1589
47072
62068
19358
23178
23194
60384
43219
46644
23191
27323
47254
45352
60304
22328
60257
29808
19278
36287
46720
30638
23233
61168
16185
42624
46576
19274
25636
73483
62140
30646
23646
67470
54951
57996
30640
43715
47287
15889
27483
30664
45565
43278
51453
23244
8407
67485
43737
45608
52191
16174
1566
8432
37224
30695
46599
47457
8315
46876
19323
7286
21253
47395
46884
67139
15803
73353
43652
66886
73179
54848
67143
19148
54639
1685
16027
34280
7332
46950
6493
43659
36670
51411
54907
42678
34222
36438
66933
15227
60432
15229
73434
54912
54883
47393
66924
54862
46999
21287
67449
60230
23316
21312
21454
29953
8343
51446
47468
66901
23370
15267
23375
15265
8285
73327
19118
15971
47054
67317
67008
15945
47442
62046
42739
15252
30908
59586
57815
57895
23408
67116
62101
19207
47380
73159
54873
73245
36703
61064
1252
43226
73257
8326
27210
8323
45105
19281
54750
72721
15377
15330
33778
60110
72727
2270
6480
6479
43515
25861
54493
43044
60064
62010
27440
43171
37487
15336
45283
37429
45276
43023
21347
8196
16140
36403
52292
6418
45251
7251
67077
34078
37425
51497
7253
15570
15468
30744
15363
62001
54700
29837
15743
2314
1819
6474
46052
72774
23452
15719
15747
46032
52929
60026
25927
43496
37367
8249
66485
15768
31156
19057
27387
37473
66413
1807
60654
60017
54499
59675
65429
72683
15453
52958
22202
67411
23499
15759
36563
34090
2305
72790
52914
36537
43516
34111
29839
8385
18890
57991
73558
57976
45077
15632
45015
61922
73590
60486
36270
52202
27425
27434
54590
73474
45013
15595
21366
18771
45122
73564
15643
67096
18875
15630
34108
37230
46857
46294
6268
36252
1542
66973
8396
30178
76852
32499
67553
67506
32933
30232
60298
76405
59240
30230
59522
76329
27841
60171
60264
59458
64260
32851
34199
58688
76722
59517
28876
30842
58711
31513
76328
67575
58634
31441
76596
76570
31417
76580
63903
33099
34164
32948
31416
60272
67536
76859
76846
33093
76376
63774
31477
28862
31425
67753
32841
67979
31557
68034
58600
27947
31873
30824
67587
68017
29947
63880
67814
63882
76868
31479
31475
60307
59244
76339
67611
59312
27831
60275
60065
31462
76364
32935
29955
27848
58716
64293
68101
67994
76352
64278
60159
30184
76618
67801
57899
63852
63875
76620
76343
30849
67797
59302
32837
76825
76368
64265
63853
76873
29951
67570
64681
76317
64150
59419
69499
32553
77461
60739
28069
32760
32762
77473
30703
29243
58184
55822
77372
77376
31756
77407
30753
69886
32750
69911
64173
60715
69454
58203
59563
60734
31349
77256
64313
59382
64318
77228
31351
31071
30956
64128
69613
64102
30948
59209
30650
64072
77425
29882
31204
69419
69433
77429
60733
69907
59426
30745
31751
55840
31170
77002
60805
29846
32706
31813
60915
30732
31141
59625
55851
59632
31802
33544
58435
69833
31102
76887
76934
55848
60923
29863
60785
32702
60638
59669
32780
60833
60626
29340
32681
77188
69981
69997
69990
69985
28066
32726
58369
32693
76975
69955
76969
69946
76971
32672
55002
30771
77202
64366
68109
59130
76443
76425
67849
67948
31023
61056
64245
30931
67933
30930
31280
76479
60965
59073
67959
60972
64220
67673
77292
31380
32602
58221
67900
29883
67835
77197
61080
59320
76309
27823
33001
59065
76294
68066
76407
60227
33006
32981
64241
59109
60202
76489
58229
31317
59122
64252
61035
29942
58234
67851
67897
32607
60959
59082
69555
69667
77341
69656
32620
30884
61190
77211
31337
30678
77219
69653
61212
64371
58151
69679
77224
61229
69677
69651
59195
61118
31330
30887
58254
58243
31373
29260
58270
30877
31375
32596
67501
64337
27859
61002
32582
69580
30896
32590
59405
69546
61199
77279
29291
77328
31078
32647
59549
29889
30256
59297
62151
57553
62598
33843
58917
33842
62121
58922
62594
61309
29667
62646
29812
64862
30543
62636
34820
62620
62626
57657
33865
62514
61316
62569
62181
34713
32182
61298
58969
58970
32070
64479
62974
58965
61915
61926
61556
32074
64905
58949
28967
59926
61930
63036
64914
63039
61495
58976
33890
61504
62142
33845
64913
61515
32093
30522
33832
61259
62560
64876
62660
61793
59987
34947
34954
31942
58999
34956
57781
34925
63548
64923
59989
64972
61848
34062
63582
59016
64970
64966
31897
34984
64991
57734
30089
61761
28934
62157
61562
59937
59939
62546
57768
34709
28910
62159
61371
28908
59037
62747
34752
62162
62753
61369
29764
31928
62062
61344
30101
29565
62065
62689
34732
59053
63000
59949
34985
64451
30380
61996
62897
57588
62426
62441
62956
64419
61997
59752
61998
62933
59755
30541
59840
62454
34059
57643
62238
29833
62242
57647
62849
29615
34042
62231
57598
64607
29414
57599
61956
61984
61977
33823
64620
59714
33824
59695
29424
29640
64543
61960
64548
33759
33754
64425
33794
30621
59765
33768
62347
59727
62375
62371
62368
29418
62820
59763
62969
30400
62299
57536
62297
61451
59744
61449
63085
63057
61466
29841
64458
57513
61951
34788
61412
34796
34799
61536
57565
34773
33885
63102
34774
61544
62270
30478
57639
59786
58037
33774
64380
33826
62881
30462
29623
61878
64501
30460
57630
33927
62861
62315
61881
57579
57523
61884
33882
30456
30506
33913
61953
33875
33970
58112
59980
63763
59886
57828
63367
63368
28807
58475
68723
34683
59919
68744
68740
32449
27906
63421
58869
27908
28824
68734
60490
34661
68677
58454
57820
29514
34608
34110
68700
63393
63922
60592
68722
29705
59861
63167
60388
57889
32488
30069
58845
68665
34612
60574
60577
63176
34305
28789
29751
34302
34300
58841
68633
68604
60623
58866
68624
63390
63302
30548
68696
32196
58440
33750
59277
34066
30306
76653
76705
34099
32916
58702
32321
57839
32320
76717
68520
68544
32895
32316
30290
67703
34184
76681
67726
67731
32336
63995
34070
32263
63357
63319
30255
68499
63296
68514
60480
68505
57834
68503
30298
63297
60533
60516
58513
27954
32254
59273
68460
58481
60103
64000
68470
68467
68517
68559
59857
64797
61860
29403
61715
63684
61707
34903
61676
58062
62081
61675
61673
63744
60418
59970
34472
34362
58761
63717
64746
34235
63712
64753
34232
31979
63725
60412
31977
68320
29051
58058
58822
61717
61807
63565
34266
57692
59009
63569
62097
29571
34972
61607
63573
61636
32005
63455
58808
57666
34846
57671
34855
61694
32011
61688
64953
63493
57724
64729
68294
58759
63650
34353
68383
34401
60339
68180
34403
68172
63230
68200
68166
32376
68203
63270
63276
29498
58888
29497
60316
60319
34368
68253
63153
29496
68268
60376
68389
63646
68293
63634
64727
29708
68300
29506
60401
63625
63630
63615
60406
28999
68417
64726
28996
30030
68433
64765
64823
68376
60409
58536
68380
59880
60458
60434
58525
31718
77934
76932
22717
45675
22424
22788
22789
22681
42866
43073
45715
22667
45708
45732
46188
22724
22726
46144
46142
46157
46170
23539
22230
46222
46247
45680
45884
45880
22800
22464
22577
22540
49144
42934
22565
22567
49172
45832
22550
22496
45846
45821
45799
22490
42816
45906
22747
22438
45877
45875
46238
46186
37321
45252
45171
45160
23696
23705
45182
23676
43020
45310
45302
45299
23736
46183
22224
45268
45262
23713
45050
23719
23723
23727
45035
45034
43039
22196
45166
45224
43122
46174
43106
46199
46196
45953
45944
42991
42992
23559
42994
46090
46087
22251
46079
23475
42974
46045
23501
45230
22199
49150
22509
22504
49768
49700
49722
49820
49817
22842
22846
44428
44424
44530
21990
49798
49189
44629
44613
22884
48916
22860
44626
23071
49029
21980
23058
22939
49761
44440
49735
44502
44529
49915
44399
24586
49921
49859
49858
49848
49862
49863
22897
49966
49964
49996
22907
49949
49689
44413
49737
49744
49011
48804
48791
22405
22602
22354
22605
49368
22611
49362
22346
44580
22589
42913
49331
49321
22638
22635
49132
22623
22524
49096
49090
22529
42901
22421
49231
48810
49235
23119
44653
23090
23093
48770
22383
22403
48891
48840
22976
48830
48847
44549
48849
48857
44568
22411
23037
49293
44571
44593
23596
23600
45120
21504
43508
36353
36363
46779
36390
46733
43492
43493
46730
36400
46753
36818
43700
46844
46863
21509
46810
43676
46828
21305
46824
36288
46339
46370
46371
46274
36810
36811
46467
46415
46413
36869
46534
46550
46496
36797
46510
43457
43441
21551
36722
36731
43450
46327
46263
43454
46271
36315
46567
36297
36471
36474
73198
73142
73129
36460
43437
36462
43228
37296
73273
73267
73244
73205
37271
73206
73233
73228
73227
21404
73667
37307
73200
73181
46590
43663
36510
21321
36497
46660
46671
73337
73332
73330
73329
43620
73326
36553
73323
36560
36532
43631
36439
73377
73370
21258
73366
43587
36831
42645
47058
45321
45344
45337
23186
42554
42758
42761
42763
47049
47067
23373
36824
23424
47179
21455
47116
47129
47132
23310
46948
46942
46940
42515
45353
42513
45386
45091
45085
45113
45109
45522
45508
45513
23649
45482
23236
23239
45469
23215
23204
23264
22335
42521
23245
45581
45360
45372
46888
46886
23286
47433
42715
47455
42706
42707
47235
47247
36566
47226
43540
47196
47191
47206
47213
36628
47325
43524
36610
36612
36718
43532
47275
43123
36688
23342
21415
23347
47025
42788
47020
42790
47019
23340
46964
23334
21477
36667
42677
21472
36647
36678
36653
47358
47381
36658
42719
36711
49902
49885
49887
42178
20472
44064
20649
44320
42166
20500
42152
20499
20660
44318
42171
40350
42112
20636
20602
42145
44335
20666
41936
44365
20676
41886
44119
44118
42037
42044
40318
20936
20729
40344
40341
40338
20736
40467
44100
40430
40434
40432
40451
40460
40408
20720
42080
44134
44123
44121
42107
20605
41878
41893
42233
42251
42202
43856
42219
24173
24162
42210
43862
24208
42270
24213
42298
41454
24193
24086
24087
24090
24097
20385
43870
43871
20835
20853
20884
20366
42029
44348
42010
20611
20867
42016
41966
20876
20584
20931
44233
44234
20812
44282
20575
42486
20470
42443
42456
20362
20367
44094
40388
41487
21022
20227
40958
40973
40877
40964
40900
40963
41055
20209
40930
41037
40570
41047
21017
41249
21061
40171
40808
40810
21067
40813
40817
20223
20220
20194
40981
40768
20270
20254
20240
40735
40727
41141
41159
41156
41134
20010
40667
41096
20288
20291
41233
41183
41205
40994
20168
40983
40188
40801
40186
40143
21181
40311
44162
44143
21240
44146
40537
44153
40506
40477
40472
44179
20102
40495
44209
20312
40589
21121
40612
44186
21104
40098
40147
40182
40137
40233
20965
40286
40283
40278
40293
40309
20958
40298
20957
20941
40844
20950
40257
40045
40064
40077
40010
40004
20989
40029
41490
24111
49480
47614
47576
47630
24971
47619
47647
47642
24878
24863
24848
47597
44960
48452
24856
48038
48046
48122
48112
48064
44978
44866
47865
24491
47536
47537
44742
22155
48440
24827
24831
48592
48567
48563
48581
24816
22055
24721
24724
44699
24750
24752
47672
47735
47802
22157
47746
44745
24924
44879
47829
47847
24645
24616
24647
24648
49632
24560
44463
49403
49505
49492
49497
44521
24533
44523
24534
49510
24540
44528
44513
44512
24541
24598
49672
49681
44849
49610
47839
24500
21914
47930
47937
21932
44905
44906
47962
47900
47919
44919
24436
24442
49572
49604
49603
24450
24419
49561
24428
24775
22052
24115
41617
41869
24233
44009
41861
24236
41859
24284
20450
41827
41612
41620
48483
44022
41578
24063
23854
23863
23833
41697
41691
41680
41688
41842
41795
41745
43800
24328
24331
41281
20317
41380
41374
41401
43763
41335
41330
24339
41774
41769
24346
20341
24250
24253
41726
41739
41752
41746
41699
23829
41657
24013
48127
23999
24050
24031
24037
23984
48237
23936
23925
23913
44768
48609
23970
48740
22042
23964
48690
44830
22039
44837
44838
48197
21248
41660
23807
41674
41663
44024
45000
48325
44040
48340
48357
20399
48351
48321
48296
48310
20412
43942
23755
48304
43924
20424
48402
43917
73602
73624
77173
39674
55518
78016
39428
78096
78116
39629
78110
28534
78065
39619
39669
79679
77888
39665
77822
77958
77902
77913
77923
39581
39586
27707
78018
39385
39381
55540
39861
77705
77702
55608
77721
39898
39482
77777
77807
77803
77798
39474
77744
77741
39493
77560
39513
77634
77622
55532
77580
79656
55003
73729
79702
55301
79927
38109
38111
27678
79744
79743
27735
79735
79733
79722
79612
79719
79816
37983
55235
79835
79834
38039
79773
79771
55178
55299
38061
79990
79998
79645
37901
79417
79387
79379
79508
27723
79506
37846
27720
37848
79522
79490
79482
37880
79480
37888
37861
37863
79879
79962
55586
55549
78557
38941
71813
71811
28728
71820
57036
71614
57041
57043
57071
28714
71586
78556
71695
28747
71690
71689
57101
71700
38923
71652
71679
28736
38989
39021
57062
57061
71347
71365
71361
38757
28613
38761
57182
38824
71797
71730
71737
71734
38793
71741
28617
38905
71849
39015
39019
57059
71871
38975
38950
38954
78660
39763
78603
78599
55352
39738
78618
39845
78739
78735
78687
39938
28502
39983
78480
39997
78477
39979
39965
78459
39970
78570
78605
39756
78348
39751
78320
78293
78287
78315
78410
78423
55404
78365
78387
78386
39810
78163
78160
55436
78155
78153
78255
78271
78268
55341
55334
79788
78955
78953
38162
75183
75181
38255
75294
27812
75243
75242
75271
28022
75050
55753
76183
38141
75060
75076
55658
75011
55661
38197
38280
75154
28035
38249
38246
75192
38244
75997
56161
76007
56164
38659
38661
56136
38665
38667
76058
76090
56144
38437
76023
76036
38214
38243
27597
55708
75171
75163
75093
75114
55692
31650
31712
75418
31692
77084
55915
77089
77101
77104
77102
77042
77047
31589
77037
77060
31583
77110
31569
31600
31575
31578
55790
75405
75443
75112
31643
75104
55699
75533
27979
38306
38292
38293
75614
75560
75551
38345
75578
38351
75571
75471
75363
75360
55868
55876
27999
31661
38721
76234
78949
79260
56048
78773
37502
37508
37562
78864
56018
79261
79280
79287
37553
38723
79226
79225
79241
27539
79347
79349
56073
37768
55967
79319
78774
78775
56044
78784
79374
78975
37606
78909
37596
37581
79034
55224
37647
37648
79016
79013
37636
78802
78818
37527
37528
78760
55625
56039
78786
79065
79134
79080
38588
38561
56174
75645
38462
38464
75704
75777
38515
75720
75717
56230
38513
38495
27654
76151
56228
76138
76135
38678
76108
76216
38574
75674
79077
75679
79195
37686
79211
79203
79147
37669
55980
37715
55986
75799
37708
37712
75803
38543
38548
75916
75918
75927
75894
75890
75888
57172
71336
71343
56815
35446
74924
35343
21605
74934
74952
21637
74733
74756
56813
74720
74570
56859
21624
74815
35362
35550
74769
35564
35608
56854
73974
35443
74848
56606
74918
74544
74541
74553
21812
74627
74626
21803
74432
37045
74451
74397
37105
37107
36875
37073
35415
74521
56579
35422
35423
35458
73917
73920
35591
35022
56394
35019
74361
74325
74321
74118
74136
74104
35074
74080
35051
21675
74086
35260
56272
56271
35244
25000
70828
35309
70823
74355
74296
73910
74257
21595
35547
35494
74049
56724
21588
74023
73994
73803
73812
73759
73905
21685
73887
73900
35086
56353
73853
74270
74290
74232
74547
74595
56313
37491
73528
73526
73554
72710
43196
37426
43200
37428
37459
72663
72676
74602
72678
43179
72786
72782
72778
37344
72800
43391
21765
21762
21334
73592
73569
73573
73725
43273
73743
43275
37219
43263
21372
73738
37220
73683
37225
73703
43251
37201
73440
73485
37251
21393
21390
73475
73473
37372
72743
72772
73070
21743
72880
72876
72831
72821
72817
72832
21845
21836
36945
36923
72962
56675
72904
21855
37144
37119
37122
37125
74590
74589
21744
21748
72767
36899
37350
72573
72541
37407
72519
72537
72626
72644
37188
72584
43406
72610
72609
43410
73025
36966
72983
72977
37018
43296
21750
70844
70784
38877
39197
57349
72113
72146
39147
39149
71920
71935
71938
39214
71900
72019
35667
71964
71968
71959
71974
71983
56979
56986
39075
39076
72417
72170
35839
35823
35849
35679
35782
57451
57453
57454
35888
70368
70388
35863
70380
35865
70333
57433
70444
70451
35913
57467
28242
57472
57367
35819
72364
72479
39116
71420
71433
71432
39274
71532
56930
71547
28632
71496
38833
38843
71406
71300
71307
71302
71297
71309
38899
71271
71283
71282
71383
71416
71424
72467
56940
72465
39328
72484
57012
72442
72459
72458
72450
72449
72344
72258
72202
39349
72325
72307
72272
72301
72296
56887
39228
28669
57238
57242
35179
71192
71108
35969
71113
56542
35978
71190
36001
36007
56441
71177
70994
28133
70986
70983
70945
36206
28408
36175
28401
71056
36180
36181
71170
71145
36073
56554
56324
70860
35175
35160
70915
70902
70875
35205
70643
36043
70629
70662
70658
36034
70648
56502
70762
70764
70779
36056
28297
71079
71025
71045
35723
28169
70116
70084
70107
35756
57196
28194
70545
57206
35661
70547
57229
28186
28202
35635
57247
35689
57232
35698
35684
70558
70125
57313
71040
35728
70627
70625
56252
70232
70197
70190
70277
28379
57304
70302
70250
70273
36166
36153
28387
70269
28385
36144
70043
70074
35937
33520
30712
12872
6895
16719
8276
6905
54818
6904
18971
51975
18972
66703
10578
7006
10575
10314
6997
66587
7013
52520
16835
18965
66569
18948
26256
16827
66602
428
400
52404
16795
10550
66636
6882
10620
10619
18937
51230
2103
52622
16791
13360
10609
16783
8244
13292
16759
6944
6943
51957
16756
13323
8907
2082
54816
26327
54821
13329
26161
10563
66664
26253
10365
19817
66803
10461
25530
19829
341
10398
16645
66866
7187
52364
16665
66837
66848
16663
7395
25484
66798
8633
52374
3325
381
8967
382
51134
51155
3348
52756
51157
19827
16709
9022
25734
8986
16634
10383
25543
16603
25725
19793
66615
19794
462
16600
9037
66620
8206
19772
10391
8930
16589
8234
19780
16641
446
52359
8229
26277
389
66816
10621
16357
13370
13723
18775
16474
8866
53038
8890
8895
10125
16410
16409
26246
26247
16424
8184
8887
16483
16534
13637
18788
16539
51200
26229
16544
8867
7043
8881
1931
10089
13721
10028
8248
13746
8397
10255
17321
5452
51007
13695
18850
17311
10257
10054
52031
13702
17324
50997
13705
17276
13708
18871
51925
17302
8180
8178
16453
13734
18882
1942
16463
13233
13206
13240
10111
8816
8147
51234
16384
16383
26291
13175
19044
7120
16382
54723
52011
19026
13180
16380
51236
19037
19039
2057
13391
19041
13395
2061
2062
16399
10590
13377
8815
2165
19001
7165
7109
51895
26223
16503
10103
19010
8756
16517
2117
2118
16296
2148
19020
2164
16325
10526
2183
51183
51900
10544
26294
13153
52002
8788
52006
10486
12088
7386
19543
50751
88
3489
3486
3484
3483
67455
11955
7302
7299
3498
67439
11985
52336
67440
53534
52333
9708
11977
3508
7292
52330
19506
67491
6462
25634
8485
19397
52312
67248
6454
53918
25701
3594
19906
3725
8673
3719
11903
25648
518
26774
3731
67311
52213
50775
9808
7310
104
19887
19888
9817
11994
3684
98
50747
67253
19895
3674
12400
3504
66724
9730
19644
3583
12471
8569
66965
66968
66970
54046
8567
25562
6538
19658
12468
51479
67002
51473
53573
8562
19609
19555
50663
66907
50689
6502
2728
66887
12427
3590
8444
27005
66988
19403
3478
121
12388
19381
53524
25640
53525
6477
52268
19436
3443
67358
19437
132
52298
50660
134
52291
67388
8453
19428
9758
6424
19431
53578
19530
52222
25602
26354
7466
19708
54769
52429
551
66262
8965
52425
25477
19699
614
3183
66323
25774
12166
19763
7462
19730
12160
12153
66302
19732
25776
50937
26345
15951
66511
589
54773
66270
517
52803
51162
25711
7403
12104
7414
370
66783
354
12097
3287
357
66794
360
3314
3313
54780
19815
3358
7373
3418
8637
7420
52797
52798
7344
7473
66285
8607
7426
12128
66490
66453
19968
52671
53981
52673
3652
9834
67303
25493
11887
53977
50741
3607
513
7192
53975
9839
25469
3628
67282
25779
67268
50765
19849
26355
25703
67331
66477
475
11913
12138
7442
66492
66550
9799
19955
3153
603
3259
53960
8630
3256
8626
66438
66475
50723
25746
11917
3241
66418
7262
19962
3213
53953
19993
52662
25499
19275
9260
10244
5912
1837
14982
5966
15728
5916
1811
54498
1808
5803
14846
14881
25232
10850
14858
54595
15312
14907
1553
15523
14898
50609
5818
15516
54602
10783
50288
10817
14169
1498
14486
1497
6093
50247
5992
54558
5924
16097
14757
15010
14211
14745
14729
14158
15007
15003
50275
1304
14153
6000
50494
15120
50493
1516
5950
1491
54509
50469
50596
15529
1816
10247
54471
5825
26050
54581
15593
26052
10880
15651
14641
15652
1617
15609
14621
10886
14650
52917
5274
10780
52920
1611
1467
52923
14670
14653
15385
1621
15383
15629
1435
14446
15776
5169
50562
14463
14454
14514
5624
5204
54589
5819
50568
1530
54574
10916
10905
50579
15482
14404
5852
26044
15488
10926
26045
14385
15755
15496
15779
50187
14440
16130
5922
25262
54441
13753
54640
25282
54643
13815
15986
50150
13822
27196
54647
50147
50073
5662
50142
13800
13801
5637
54613
25291
13804
1371
6168
15173
14299
54622
15164
50086
25251
15995
16129
15996
5751
14262
5762
27228
14267
1770
50011
14284
15968
15961
1346
5775
50031
13861
50023
13895
16080
14222
13902
50131
13876
5709
25276
16009
1341
14251
13775
15163
16196
50050
14316
16218
16211
13959
14792
6239
1254
14128
14075
15254
1265
25159
14774
14067
15258
14081
25164
54663
16118
16123
50532
14091
15048
25265
1317
5897
1320
5869
5679
6213
5678
1725
54621
14048
27263
27209
54672
14037
16192
15288
25181
50056
5668
14113
13928
16182
6128
5676
16187
15278
1284
6172
13917
15294
50518
50525
13968
15299
14558
14537
52896
10947
5585
51087
10961
5564
12773
5561
19189
27469
16971
54869
11058
2362
19093
51055
11089
25987
2355
12776
19094
17417
5555
2354
12791
8341
19124
27477
8347
54879
5587
11173
52049
11182
52098
16895
12518
12503
12506
15835
11206
16897
5491
12516
11198
2494
19163
5590
17009
1675
12550
9218
9323
9331
52038
19151
17025
2472
51080
19142
2413
12682
2417
8292
17454
1961
10216
26206
19344
8408
19241
53102
19247
8405
2021
10235
13464
9235
13459
52991
19229
13444
10282
13447
10276
13452
10300
27350
17197
9291
5449
1955
5381
17426
9343
53085
5574
8299
5362
12671
53114
5363
11028
11025
19318
17482
17495
51016
10214
17423
9344
12703
26204
52181
11034
19360
12709
17435
19371
11249
13124
5498
11210
15640
17082
1570
12933
5061
26088
5040
17072
17105
54688
12839
15887
17092
5009
12850
5018
15891
10715
10712
17034
12853
10710
9139
5035
26074
17062
15894
5027
5078
1572
12929
12530
15416
14571
9176
15333
1635
15343
27435
50326
50324
2274
50170
2278
15432
9143
27437
5269
10636
5257
26454
26464
12918
9156
5052
2336
2339
5044
50345
15425
2198
5130
50202
17110
16925
50413
2440
9140
26408
13011
5514
52085
13025
16920
52083
26424
16934
26425
11221
51052
2428
12598
16941
5531
11241
12616
2434
15855
52100
16877
15828
2441
15815
12972
26014
15866
2248
50431
13050
50206
11150
15861
5138
26071
13061
11149
13085
5148
17030
13118
5140
15859
50427
11164
26417
5080
25966
11111
17133
9069
52821
19568
622
54419
11358
11336
65245
4004
6625
18138
25334
7777
812
810
65252
69116
51688
26931
4562
53658
50841
808
53771
17717
51331
18066
26830
65220
3802
7944
53600
986
6606
9390
11389
1194
53765
11329
53432
54139
6638
33634
65256
26832
65239
69328
6630
51344
7930
3996
27162
4610
25421
6592
53637
1242
53639
65159
6588
907
4622
50823
65171
806
69198
11733
11727
65173
69192
25342
6690
11726
18086
1239
7963
4611
65190
4666
11788
69068
17692
51585
50857
25848
69096
65287
4045
50850
51360
6582
6595
69091
51356
4675
50625
4648
984
33608
11393
7692
18228
51282
2822
50804
967
53819
65523
65519
25809
18207
8021
3771
25810
65115
17698
9505
2844
6867
9507
9508
963
69772
2890
11301
2860
9468
11512
25858
65547
3775
68831
25351
33685
26947
9517
18646
53712
68863
68860
17878
65528
18648
51659
33730
69291
792
11404
17730
948
65003
18347
978
6616
18255
11273
65061
29074
9404
53404
3824
11380
18279
53418
69366
2915
65049
11371
11274
18271
27109
65024
69283
26808
7688
69258
53616
69225
2943
33726
8022
69241
847
65124
53789
25320
65155
17867
25802
11271
6818
18164
65228
65494
4852
65921
9375
65936
51848
11571
33401
66109
51842
664
11570
733
66163
7571
53150
53896
4849
65872
717
53183
65895
4915
65919
4645
65804
889
51633
7623
11604
4486
1141
33303
65810
27128
53862
53901
26692
11640
54152
4776
11579
17600
4891
11575
4804
66139
66134
4820
65687
686
4950
29204
65697
17522
17524
54191
4755
65694
17511
66147
65663
29199
25403
65752
65759
65662
53187
4749
4726
65744
26598
65720
9560
26639
51865
7510
65736
33191
65883
17641
7520
65725
11682
26585
51859
4923
29179
65682
65680
27123
753
4718
11819
1151
1167
25389
7590
33217
4417
54272
4432
4446
26608
6703
6651
6657
17985
53381
4441
33219
9612
1116
17810
4438
17809
53393
26613
69158
51565
65215
7956
4641
26714
11746
7908
53647
33224
53648
25850
7751
4637
4636
29094
6686
901
51766
17779
11719
17793
17798
17796
17557
9623
26634
33355
17539
4500
66195
66200
4512
53874
25430
9587
6668
54161
18027
53272
4493
33242
890
65815
33284
9627
66012
7918
878
11834
7757
3921
65969
18033
4388
874
7641
868
51578
65973
4378
65941
1113
53851
3982
1098
27183
4397
25443
54236
33626
33383
65434
53320
7712
26849
53444
33575
4287
2812
69006
11478
12218
18704
25932
4294
4273
3022
67155
27035
69013
7970
172
18570
68922
69058
69054
11449
8075
69053
217
2598
11463
68999
67159
6402
67158
7710
9966
58296
29113
11427
6349
9963
8109
4090
3034
3864
50664
4318
33577
7856
51295
58126
3847
51430
33584
3861
53440
65318
65390
68805
33499
18559
6321
4088
3016
11444
17931
68790
4302
11408
33586
6308
12222
6374
69025
50924
12313
4214
50886
12327
12306
68910
9976
6271
67057
67056
4237
9869
33569
68985
18732
51523
2542
12307
2761
2557
67037
18472
26751
12341
67069
25867
2565
25569
2566
51553
286
6259
67066
9844
2559
4203
29316
18501
6274
6380
162
9860
65428
9961
18681
65412
65396
4281
18572
165
4343
25877
65398
4369
17895
11876
53346
51496
18471
27068
50891
26743
18688
54362
69038
12301
6286
8535
7993
67076
8080
68915
53497
11433
67183
26663
1024
3090
68766
11497
4071
50906
69788
2686
53741
65584
26726
3891
6764
54316
67119
68872
54303
53685
8035
18539
156
269
3888
19541
65363
53794
12245
67144
11500
53462
6757
26864
66928
25910
2660
4220
19592
68879
27051
26861
33482
66923
65562
262
27071
53737
65606
33706
3889
50920
53799
3836
12237
18484
8030
8027
25383
26943
18482
11484
65596
2717
26858
66935
8112
11526
3840
19604
12252
29312
11557
12244
26646
17828
68900
8116
18553
4327
27075
2969
36631
70867
15840
15852
70756
70200
8096
17767
73368
7626
47312
36412
70628
70866
47313
47308
46683
46701
36417
47320
47240
70868
46648
35217
18510
73381
46642
1599
70211
15862
17510
46706
36410
36050
36518
46716
36123
18447
15833
36051
18479
35220
17657
15954
36130
73364
36049
46649
47241
15826
70209
36590
8098
1786
17556
15879
70898
15896
46657
36595
73379
18452
70679
1763
15847
35209
73347
36575
46689
35225
15783
73410
1794
70686
17564
36556
47258
70160
70701
15912
47260
17540
73126
73339
70696
73404
18507
70885
36569
36534
36539
35201
36572
15814
73287
70680
70177
15813
70674
73311
70883
73294
35200
73309
70178
70672
15809
17562
70683
1779
70165
36437
35224
1789
36627
73362
1703
18508
73333
15874
70865
47214
16008
15871
15876
36223
16004
73375
36546
1777
47210
36424
16002
1595
18505
15980
17567
1778
1691
1694
15920
15927
17569
73328
70863
36094
16007
47207
47219
1690
15787
15797
36221
47245
73430
15921
47221
1708
46680
16154
36512
46531
46765
36341
36365
7813
17729
36333
36346
8024
71182
71210
1851
46362
36008
36855
71065
17732
36848
46554
36853
36362
36179
1849
36358
15764
36562
1803
46484
1826
1805
46411
1823
36188
71233
35951
36397
36865
1748
36186
46796
36394
71243
36183
46410
46433
35955
46780
71237
46408
8009
46783
1825
71061
36368
46792
46434
71236
46548
71207
46444
46316
15727
71007
36733
1858
16144
46507
46299
71003
70977
70958
46305
36753
46323
16109
46302
16133
16139
1869
1865
36721
17711
70956
36738
46297
1866
70950
8028
46515
15740
70987
36846
46397
8041
16114
36764
46497
18547
70989
1843
36777
18545
15708
46492
36746
1806
8008
35977
36744
46383
17708
16107
15729
36207
46280
46520
71013
71087
36210
1583
7992
36091
70730
15699
46620
15698
47281
36263
17781
71138
1781
46614
17782
36202
36088
46819
1624
16202
36072
17789
17685
36821
1629
35960
1734
46830
71164
46630
36322
36825
36230
36022
46696
17738
46589
17751
16093
46592
36300
47326
46598
1782
47332
36077
46640
70722
16194
15676
1580
47330
47267
46570
36086
36293
1573
36324
70724
71160
71159
7985
1612
46852
16188
36383
71173
35956
36367
46750
46447
8002
1618
71229
1738
46463
7607
16244
15701
46468
71030
36239
46728
18581
71226
7604
17721
1564
36233
1616
71116
16191
71024
1636
18571
46803
1731
47293
15638
36283
15637
71135
36246
18569
15628
36815
17667
17689
46464
36275
17691
36273
36805
36806
7613
71099
17659
46854
15657
1603
35387
36419
72892
74020
73988
72848
36937
17822
19735
8610
72968
8660
7669
36917
72937
19740
35505
37030
72959
74017
36885
73820
36912
35542
73808
36881
73802
19707
35479
35476
72886
36891
19690
19692
72884
8667
19751
36888
8662
35504
19948
72957
73933
74591
7721
17940
17945
17939
19988
74571
17932
72932
8721
35592
17965
19979
8728
37179
17960
7719
19937
37120
74576
74001
17832
72905
8596
37138
37140
19956
35500
37114
37115
17834
17847
37123
8622
8620
19722
19717
74550
37011
19810
7689
37021
37022
37023
73100
37013
35099
19841
73904
73091
73090
7690
73886
73108
73122
19823
73000
35529
8231
36960
36964
73833
19778
73835
17869
36968
72975
73899
72974
36991
72991
73006
73005
73892
7685
73120
73113
36999
19714
8640
19711
36902
73079
35508
73761
35512
72971
17871
36907
17890
72865
36894
72861
73815
72860
73754
36897
73770
19818
35112
73088
73877
17882
73086
35106
73064
37004
17880
73780
35525
37005
7658
73054
73050
17958
73944
36956
74819
35460
35462
8504
74906
8501
8478
74860
35435
19573
74821
35368
8532
74847
74878
74921
35441
19572
74893
8536
35409
19378
74838
19582
19581
19382
35576
74456
74842
74898
19390
19391
19589
74481
35403
19413
74899
35442
74975
74970
35351
19571
35331
19560
74742
74734
8586
74732
74763
19641
74723
74761
8582
74709
74753
19547
74766
35347
19660
74942
74926
8440
19607
74843
19625
19674
74990
74713
74984
8577
74714
74939
19649
74935
74717
74928
35580
19400
74551
8540
17899
37159
8744
8740
19859
8737
73976
73950
35622
74623
74620
74617
37058
73965
19910
74642
19879
74681
74517
19873
73923
8718
37167
17929
37151
74557
74556
74662
7711
37157
74654
74653
73969
74686
73973
19875
17896
37066
74636
8494
19464
19516
19518
8439
74775
17919
37072
74399
37035
74493
74782
8493
74783
8483
35420
74777
19458
8677
74395
37103
19917
8687
8685
74450
74447
74792
37093
74414
17894
8547
74771
74388
8679
74380
74773
73831
19786
73282
35269
73711
37222
8433
7542
7546
19235
73709
8428
19250
8424
74183
35265
18012
19258
73491
74188
73713
18023
70831
19341
35236
7573
73722
19355
19338
74149
73721
73715
17812
73733
8414
19350
8413
37217
35241
19244
37204
7539
37198
74082
8384
18896
73470
35054
73461
73570
7556
74072
19271
18884
18904
73561
73559
18826
37241
73577
18894
18892
18891
74094
37250
7548
35384
73510
74218
18042
8366
73507
18041
73501
73479
8363
8390
8389
7553
35297
19363
18031
7531
17654
73135
1671
1668
36456
35191
1666
73148
73164
8329
19141
19085
17629
19089
7521
70800
35176
73188
73627
70919
1650
70925
35196
35172
35171
19169
35165
73167
36478
73183
70904
1673
17503
17535
17526
70917
8338
35291
17620
8310
19333
70851
37328
35292
73669
17585
73661
73610
17636
70830
19335
73606
70836
17610
17609
73615
19329
19328
73648
8302
19081
70821
37299
70843
73242
19130
73213
17579
70855
73211
73235
19110
70857
73230
19218
35058
37242
73021
35122
35129
18908
74231
72547
7793
35123
37355
37360
37349
18914
8277
74285
74288
37405
7779
74261
74226
72758
7806
8247
18933
74342
72738
74350
7807
72755
7810
72770
37363
74248
74249
74255
72769
18942
74224
72764
74262
74264
18946
72615
7733
72587
35139
8240
18751
19376
73858
35088
8266
19791
7680
73862
72606
36984
73864
73850
73852
35145
37186
35147
74265
74259
7783
72536
37419
72527
74272
37386
37389
18979
37391
72637
35148
18949
18952
72749
37370
8164
18802
7739
18812
18808
74219
72715
17996
18797
17994
7737
72702
18803
72700
8131
74330
7748
74317
37443
73543
74357
35066
18779
18783
18770
74126
73555
7760
73527
73534
73546
7771
8167
74123
8195
18827
74108
73553
8130
74300
72714
37474
72682
72736
19048
37470
19049
72781
19050
72804
72716
18105
35020
7801
19042
74373
19031
37368
19000
72690
18100
8157
19011
37433
19014
74335
19015
19019
74315
19005
37486
19004
19003
18992
19022
18994
74336
73514
33522
36588
24291
2632
41835
41803
2633
41799
2523
41818
2527
289
2511
41720
297
41618
24260
41604
279
41640
41579
2539
2552
23858
23859
185
2648
159
161
3014
24219
24297
41788
41729
225
41731
41756
3024
24239
41755
216
223
2610
2583
2590
41719
41846
41836
41872
24231
2765
23849
24352
48286
23826
2665
2672
49
2695
23777
23778
48291
48297
55
53
2739
48302
48315
2716
2703
60
2707
48303
73
48359
48412
2661
48326
2692
48336
41639
41717
23836
2749
23837
236
2796
23844
2776
23889
2780
41653
2783
41650
41649
253
23871
2789
271
41672
2680
215
3029
23765
2818
24185
41464
41453
41452
41450
2834
41873
41482
24217
41471
41420
41538
41414
41412
41408
41424
41442
41440
24065
2851
2876
1064
942
42288
2946
24201
1007
42196
24165
2899
42223
2904
2953
953
949
42338
24153
42334
24156
24157
42329
2930
24212
2941
946
24214
24216
41534
24073
202
24357
3092
41371
24359
2992
41391
2995
2990
1047
1046
41344
1043
2871
1038
41332
41331
626
41346
3046
41363
24343
3035
41773
24312
41404
41328
41286
24126
41555
24127
41548
1073
2866
1074
1086
24324
41293
3056
1031
41308
41323
3116
41327
41264
3118
3119
41255
41269
65
48405
47600
515
3622
24765
3623
47719
508
3627
3600
47675
47676
47688
47733
537
47790
47788
24742
3610
24689
541
24845
47797
47745
3666
47724
47729
24700
47704
3736
48462
3742
48569
103
24805
48578
48556
48526
48532
24711
24717
3711
48537
48552
3727
48540
3617
47705
47709
47707
47752
24955
3733
595
494
47620
491
47635
47638
601
47639
47618
24875
24877
594
47743
24864
47615
3131
47584
3132
47580
591
3135
3189
47613
3242
3248
47654
3276
534
3647
47765
3649
3225
24936
477
47543
47558
47575
487
24987
47540
488
47516
3204
24997
3243
3267
24969
47525
3735
24830
3544
24002
48195
48190
3563
24006
23989
30
48143
23993
24022
27
48203
3459
3592
48259
48242
24060
48275
48273
48270
48269
24027
48264
32
48198
19
48176
48401
48430
23820
23825
23810
3518
3519
48371
48397
23793
11
48378
48396
3527
23802
3533
48386
48383
48282
3526
48181
48243
48208
48443
3595
48688
48686
150
146
48674
143
48705
23961
23962
48491
24800
3475
48479
24785
48498
24769
48509
3699
48478
48448
3681
24777
48712
48734
23982
48713
3449
48235
48234
122
48646
23937
23939
23927
23908
3448
48659
23915
23918
3502
48627
48621
136
48723
23974
48716
23981
2909
2910
2926
803
20969
3991
40301
3993
3994
40275
20943
40248
4023
40244
40237
40071
4048
860
40271
4043
20948
20976
21000
40053
4031
21005
4005
4019
784
3906
841
40211
40206
843
21089
40215
21074
40224
842
821
3788
3790
21055
794
40174
40175
3794
21071
3797
790
787
40075
4024
41043
4789
40106
21187
3952
40525
40524
40521
40513
3959
21239
3960
4792
40065
21242
21245
886
4785
4769
4780
40475
679
40488
40502
40108
40114
877
40095
906
20998
4036
40015
917
3984
3983
931
40028
40027
21195
3926
21198
40136
40138
3918
922
40146
40140
40139
21207
21026
852
42260
20286
41158
4219
4241
20308
20310
4201
20293
4252
4211
41124
4296
20179
4181
41226
41225
41219
4284
41213
4286
41232
41244
41243
4352
41162
41166
41144
40650
20053
20054
4078
40763
4102
20257
40774
20263
40718
20255
40711
40707
20242
40732
20249
4086
20250
40938
4368
41146
41242
4063
21031
41079
20202
41014
41064
2499
3874
41058
3875
3876
3879
21048
41078
20183
21037
41030
21020
3776
3777
21023
625
21025
3786
21029
40962
3872
3885
4163
4061
41212
4149
41181
4160
41093
40939
4162
20170
20171
3846
3834
3837
3842
4171
20224
41015
3894
4166
20199
40966
40501
21218
21211
1230
20681
1223
41907
41901
4422
4431
41953
4531
42002
20890
42003
41979
42011
42012
4629
20862
20864
20865
1244
4621
41993
41968
20679
41888
4445
20671
1108
4494
4507
42120
42127
42123
20662
42129
4379
1122
20663
4389
41920
1118
4413
41932
41935
20683
4436
41943
4440
20877
20927
4828
4545
4533
20818
42439
4536
42430
42425
20821
42441
42442
4538
1203
42188
42446
4591
4574
42244
42241
4580
42245
42247
20828
42263
1175
42492
42495
4552
20935
42401
42404
4651
4652
42414
42413
4653
1182
20907
4656
42382
4659
42363
42372
42371
4557
42369
4558
20815
1178
1132
4525
20657
4741
40368
40365
40363
40359
4751
21137
40324
21143
629
4745
657
4519
40333
4689
20731
4940
40339
4935
20735
4964
40447
4966
40362
21156
40571
40574
666
21227
4807
40469
4816
40596
40602
40599
4714
21122
40618
40617
21130
642
4697
640
40553
40549
40582
4701
40578
40445
40443
772
4887
4892
20755
42039
1146
42033
42049
42052
1145
20703
4478
1135
42062
20701
4489
4472
4456
1164
1159
42149
4514
1134
938
42093
40438
20749
769
765
40449
4866
20724
4871
20705
4864
40400
714
20741
40417
40415
4851
708
4912
42082
42089
42076
4914
42090
47602
24881
36587
23478
2209
17073
46056
46017
2214
46030
17078
17080
15414
46050
2326
2306
2341
45208
23498
15408
45198
23479
15459
15460
45226
15449
23457
2208
23461
23564
23579
23580
36100
23582
46006
46001
45999
45955
17050
45951
45950
45942
2200
2225
2196
2193
2191
45974
45973
45971
45968
23492
45173
45939
45064
1417
15618
15605
45054
23717
45052
23718
15597
15596
45068
23617
45172
45061
45040
15504
1430
45020
15475
23615
45028
1536
45129
45266
1421
23743
45256
45170
45168
2271
15349
45187
2286
45233
45284
45288
45287
2288
15382
23678
1251
45304
1464
1422
15585
15608
23712
45237
23577
23554
15486
22786
22795
16909
45679
16910
22777
2462
22781
2460
22785
45697
45689
22683
45687
45665
45642
2439
45638
16883
16889
45658
45657
16939
2493
45888
45896
45864
45808
16962
45858
2471
22738
16970
45910
2478
22740
22742
17017
22746
45934
45929
45898
2465
45861
2464
16992
2497
17007
16943
45701
46198
23552
46220
23543
17138
46232
17142
46245
2447
46241
46240
17129
46233
22687
46182
2237
17118
17121
23523
46209
17125
2256
2255
17165
2453
23540
17134
46094
45759
45755
22690
16950
45760
45743
16916
16921
45733
45731
45730
46143
16923
2443
2458
46151
46153
46160
46171
17031
23749
45117
45121
48018
1275
46924
23309
15279
46918
15281
23317
1281
46946
46944
15291
46892
47017
15233
15184
46902
46899
1381
47001
1380
23355
15171
15172
23359
47140
47141
1285
15049
23363
23366
15261
47053
47109
1267
1262
15272
47152
47181
47180
15297
47176
47171
47150
47111
15298
47147
47113
15301
15166
15222
47033
1330
47355
1340
36651
16017
47378
47374
47370
36708
47471
16081
36710
46966
16086
36715
36682
16089
47489
47436
47430
36586
47441
15974
47356
1338
47359
36656
15216
23332
15228
46957
46987
15232
29999
46982
15204
36669
47397
47396
1398
47383
1396
47391
16043
47417
36648
16044
1393
15056
15055
23609
45604
23205
45501
23208
23209
1550
45596
45597
15102
45589
45588
1547
15140
15114
1502
15083
45587
45554
15115
15091
1499
45365
45363
23223
15311
45477
45481
23604
23655
23657
15532
23665
15533
45096
45097
23636
1526
15543
45101
45313
15528
15512
15517
23226
1556
45542
23230
23235
1522
1488
47039
23175
45431
45392
45400
45428
23197
23198
15061
1322
23166
23170
23177
23279
15069
15072
47078
47074
47103
47096
47070
15043
23393
23381
15077
45454
45463
45464
1505
45380
1510
1507
1407
45351
23158
23160
1306
45345
15033
45391
45467
23136
45443
23141
23135
23202
45436
15011
23188
2368
22769
45812
49889
396
16808
24542
16862
16872
49477
16855
49897
49892
49883
49888
2086
16838
16841
16852
49903
24578
49916
16853
49912
16741
16745
49527
398
16718
452
436
433
16582
49532
449
24650
49418
49432
49448
16580
24664
24556
16630
16632
49402
24565
24567
49506
456
16606
453
16748
49854
16593
49712
16396
16388
49750
22938
49705
49703
2056
22944
49719
49714
49842
16721
22840
49811
16326
22844
49826
2108
49838
49834
49832
49831
16391
2033
2034
16358
16725
49851
49849
16729
49865
22919
22922
16785
22909
49961
16787
49965
49982
49993
16771
2098
49935
22954
22957
16351
16354
49643
439
22766
24460
48048
567
48063
48062
48053
48052
3400
24474
3428
47869
3429
24495
47857
47887
24520
570
3409
47828
47821
3309
47833
24510
3365
3364
3393
48113
3191
48017
24861
48012
3195
24909
3197
47985
47981
24915
47988
47990
24904
3185
47996
24901
48086
24897
3174
3281
48121
358
356
49621
339
317
349
49597
24433
49569
49542
49568
49538
49535
16702
49559
3288
49555
16704
49609
16715
49661
24633
24637
16687
24631
443
49375
16667
319
24439
24492
3294
24529
47933
3319
47948
47964
3343
385
24400
47953
47906
47899
47893
47909
3323
47917
47913
325
322
24438
22849
49828
16256
1969
22584
17233
1993
22590
49326
22593
49323
17235
49322
17236
17444
49068
1962
49102
22648
22649
22619
49130
22622
17427
1973
49072
49304
2018
49305
49306
23016
49250
49244
49243
49297
1996
49349
2012
22601
17200
17204
49339
49354
49355
49370
49369
17265
17249
17252
22596
22580
49069
22525
49827
17418
17377
17362
17349
49169
17353
17354
45831
2405
17406
2421
45853
1981
17388
45843
45842
17187
45791
22763
45785
16986
45801
16957
17374
2385
22517
17367
49093
49092
22528
1975
17490
22532
49196
2395
2390
22518
49187
17474
49184
2387
22513
49206
49202
22515
49155
49154
17422
49239
49221
17221
2132
49036
2142
16490
16491
2140
2138
2134
49056
49055
49047
2031
17264
1924
48991
48988
23087
49015
49008
16524
48799
48789
16441
48984
48929
48932
16521
49804
49782
22832
22831
16264
49773
16267
49802
22850
22824
22825
49789
48964
2176
48979
2171
16305
48922
2146
48925
2144
16427
48823
48821
16876
1888
1883
48853
48852
22985
17268
17275
1893
49266
49265
17267
17329
49294
17335
23041
17323
17310
49289
23028
1951
2029
17295
48831
48766
48834
48761
23092
16443
1933
23094
48781
1945
48884
48880
48878
22994
22997
22998
23000
16479
23002
16481
48868
48844
16482
22973
70234
11307
36101
31051
66796
63845
30223
30216
66749
66741
63847
63848
63864
66738
30225
30213
64062
64269
64266
66736
64294
66781
64284
66785
7384
64236
64234
63839
30220
30170
63756
63807
6977
63790
63798
63797
30274
63810
66864
63819
63757
63755
63898
63786
66870
66872
66839
66849
63876
30174
63871
63889
30167
31048
66777
64908
66773
64116
64131
7464
66265
64081
64079
7495
64069
64082
64085
64100
64099
30998
7488
30997
66320
30984
64194
31199
64204
64158
64157
7486
30965
30961
31014
66397
64249
66775
66564
7355
66356
66347
66337
66366
31031
66345
7371
64332
66379
66383
66273
31085
64308
31073
31058
64301
66287
66253
64009
66799
66813
66835
66654
30123
64736
64732
64730
64747
64760
64752
66712
7000
66689
66690
66693
64695
64714
6995
64821
64811
66591
64824
7018
30015
64784
6909
64947
64943
13321
6925
13416
64857
64856
13304
6914
64847
64881
13314
13284
30107
53330
13356
6915
6913
30098
64993
13327
64989
30085
13328
13339
64782
64779
66572
63937
63944
30266
66822
66823
63925
63943
66828
63942
66829
63938
6956
63919
63929
63984
30272
64043
30236
66834
64055
6973
63992
30301
63916
66565
30063
30070
6991
64785
66635
66637
66638
64793
30067
6967
64790
66606
30071
63945
30074
63965
30042
30044
66608
63949
30046
64374
63978
30156
64149
66297
66299
61205
7325
7336
30903
61074
67229
61075
7335
30904
30910
67255
61078
61030
61021
67261
7276
61050
30814
60206
60205
67241
30786
30788
7278
30918
30935
61066
30874
61096
60990
30864
60982
7221
60997
61008
61007
61006
30873
7217
60961
61000
30898
60956
60954
60953
60950
67308
60958
7322
67216
67446
67450
30792
60036
60060
60073
34155
60068
60067
67377
34181
34202
60014
67381
34213
34149
60030
67364
6466
60132
67357
34195
60149
60142
67360
67406
6464
34147
30796
30826
30798
67425
7287
60189
67438
30852
60292
30856
7297
60278
30829
34162
67463
60301
6461
60247
60241
67468
60270
60268
60266
67473
67333
30891
64163
67332
31111
66533
31159
66537
66542
31163
60891
66430
31152
60886
60885
66434
31140
66439
60677
60672
60668
31149
31143
7231
60689
60628
40660
66529
7444
7448
31187
7432
64172
64171
64169
64167
64164
66307
7431
60832
31185
7429
60909
60846
31230
31229
31219
60788
66520
66488
31123
7453
31114
60661
66469
66470
30687
61152
67270
30629
67274
67304
30639
67278
61105
30663
61100
7190
30643
67277
30671
67305
30675
61244
61240
7223
30679
61211
61189
61137
30644
60648
66458
60702
30720
30770
30775
60775
60774
60768
66478
66455
30748
7226
67269
30752
67291
67294
7199
67286
60730
7195
30651
30655
61146
64883
64909
67415
12660
12810
12792
32007
63568
63567
12777
5550
12784
63589
63583
12735
12680
63581
63557
31909
63532
31910
63523
12685
63519
63551
12688
63542
63566
63517
12807
32020
12738
31987
5608
63689
63702
63701
63594
12743
63491
32016
12747
63464
63507
31995
63453
31997
63443
63441
63457
63473
63469
63466
62710
31892
64910
31952
32136
32141
32142
62752
5383
5353
5390
32116
32118
32124
32111
13518
32150
62553
13529
13554
13583
32178
13587
13589
62576
32181
13574
62807
62809
62795
31934
62726
62733
62730
31940
5364
62695
62674
31949
5360
31935
62661
31931
12727
62659
5356
5355
12700
62688
62687
62734
31922
31930
12753
12768
31982
63732
63427
63426
32442
12996
5111
63363
5107
5100
5313
13037
32438
32432
32460
13028
13026
32485
32487
63200
63199
63197
32480
32463
32465
12991
32450
5097
13063
13067
32195
13051
63329
63326
32226
63126
13053
13084
13060
13048
32445
32255
63299
63298
5142
32248
13116
63315
5092
32235
63403
12603
63163
32461
5600
32416
32419
63666
63672
63612
63604
32392
63600
32399
5601
5597
32412
12541
32187
63620
12547
12548
5619
12765
63720
5613
63714
5494
12531
63159
12595
5528
5537
63256
63254
5536
63261
63263
12597
63272
32373
63205
63638
63218
5485
63207
63239
5506
5477
12631
5505
12528
32405
13559
13563
62567
62938
64650
7110
64670
13275
30558
7159
7166
64618
13260
13247
13248
30610
64647
64645
64644
64637
64633
30619
13253
13254
7160
7157
7154
30550
30565
13272
64579
62955
13644
62900
7038
62910
62911
62912
30374
30377
30384
64604
64667
64602
30365
7059
7056
64569
30569
64563
64555
30580
64660
13146
64435
13130
64477
64472
64474
13384
13385
30542
7130
64481
64480
13375
30526
30510
13382
64688
64899
30516
30519
13424
30521
13425
7137
13404
13408
64457
30537
30591
64407
7184
13188
64439
64386
64392
64381
13194
13197
64394
64408
64400
64463
64510
64507
7172
30501
7148
30505
30487
7127
13178
30531
13639
13638
62541
62941
32041
13482
13483
13484
63021
32097
13477
63012
32105
63044
13696
13701
63035
63031
32088
32089
62981
63007
5403
62976
62972
32083
13707
13479
32040
5465
13457
32156
62516
5342
62519
32162
62522
13568
62655
62633
13458
5441
13508
32062
32066
62596
13450
62593
62588
5435
13515
5433
5432
63004
32085
31250
62830
7077
62873
62874
62883
7074
7098
7097
30434
30435
13660
62829
7089
30443
13666
62835
13654
62848
62846
7041
13636
62839
30391
7078
62858
30414
63051
5394
13685
30420
63115
63114
30393
63111
13686
13712
13738
5421
30457
63069
63078
63070
5419
13717
13724
62864
62862
62853
13670
34092
67418
70293
65922
32925
65668
68522
68521
33200
65678
32898
33199
67699
33190
67733
67732
33189
32903
32905
67719
65864
32931
67694
33141
65875
67660
67675
68554
68531
65688
65750
65768
34570
65770
68446
68445
68443
68457
33379
34602
65761
33389
68586
34606
34375
33385
68571
34575
65653
34589
68576
34581
65660
65878
65932
68301
67688
69168
67569
67541
67516
33269
67510
67509
33267
32888
67519
33243
32854
69175
32861
67634
67631
67627
33218
69144
32866
67620
67651
67649
67573
65838
33277
65860
67686
67787
65911
67784
65913
67779
67778
65916
32942
32967
32839
33263
67751
67749
33259
67739
67754
67556
67555
65855
67544
67542
34543
65767
34537
65714
33296
66207
68174
66193
33318
68168
33287
34393
33285
68136
34384
34386
66190
66239
33309
34413
68150
68148
66243
34443
68274
33409
66226
66204
66202
33342
68423
6669
65963
34519
68413
34525
34513
68419
68435
65972
68428
34503
65940
65942
33328
66002
34507
33340
34509
33357
68382
68394
65984
68265
68244
68213
65740
34677
66138
68717
66149
33376
34653
34657
68685
68710
65739
68676
34676
68675
68691
34664
65723
33371
65711
33369
68491
68489
68485
33428
66153
68212
68668
68223
68224
34424
68232
68438
66095
68650
66173
66117
68640
33399
66166
66131
34614
66106
66111
68632
68599
66172
66161
34673
68595
69146
33215
67640
69678
69505
69502
68808
69498
32657
69517
69465
33451
32769
68990
68991
32740
33441
69894
69895
69891
69889
69915
69059
32798
32799
69853
32802
68809
68811
32546
33480
33491
68786
68758
68764
68828
69644
32525
32530
69425
69430
68814
32545
69446
32514
69386
69384
69380
68823
32570
32574
69409
69400
32804
32810
32795
33124
32721
32723
33581
32731
68950
69691
68955
68961
69375
69820
69815
33591
69789
69792
69826
33524
33546
33548
69830
69770
33551
33518
68977
68968
69876
69993
69875
69040
69870
69923
32790
69973
32678
33555
69964
33560
68913
69951
33559
32689
68919
69932
32658
32659
69929
69926
33573
68945
33487
33699
67582
69671
69131
33101
68110
69123
69122
68061
33669
33667
69112
32989
68082
32973
33661
67863
67866
32980
32984
69320
67874
33009
69323
67879
67824
33647
33648
69100
68035
33081
67615
69180
33082
33068
67813
69216
69199
69185
68036
69190
69099
33087
69197
67981
33112
67975
33229
33114
67989
68000
33437
33038
33632
33041
68850
33744
69576
32595
33733
69600
69572
69549
32644
68858
69552
69567
69264
32653
69557
69556
68832
68834
69664
68840
69657
69655
68871
32589
69585
67834
67953
69299
67844
69363
67946
67945
33615
67951
33630
69345
69349
32812
32580
67907
32811
69220
33616
69246
69254
67896
67912
67921
69289
68305
66015
67420
62025
6252
67097
33871
61947
33872
6270
33873
67103
33879
67104
61886
67106
61892
33881
6285
33828
67085
65414
61899
62030
62002
65399
62014
6261
67044
61927
62174
33847
62168
67166
62186
62184
6315
62180
33836
62176
67110
6313
67034
62128
6260
67063
62119
62117
62116
6265
6264
33838
67051
62029
6372
66017
62023
65327
34017
34020
62475
65352
62473
62471
62466
6358
33987
33992
65381
62437
62460
6356
34047
62427
65385
65372
6563
62444
62458
62457
65351
62376
34008
6395
33753
65454
65462
61963
65450
61980
65437
62187
33818
65438
62392
62364
62405
33791
33792
6342
6340
33805
65334
62352
33907
65332
67163
6318
62110
62054
34325
34326
34329
34333
6428
66992
60581
6483
6539
60575
67012
60570
60368
66995
66996
6528
6545
67009
60331
34369
34372
60320
6558
6434
60607
60589
66978
67405
60108
67403
60528
67389
67396
6411
67189
67188
34109
66981
60590
66984
60491
60501
60492
60546
60602
6436
60601
60595
66960
60317
66952
60348
67173
6299
67129
34289
67113
62075
62089
6302
62103
67123
67121
6291
67140
34270
6307
34271
62040
67180
6310
67171
62061
67154
62056
60417
34233
34339
60459
66903
6553
60441
60446
6549
34219
6491
60433
34247
60461
66944
6519
60454
66949
66950
66921
6505
34225
60400
60399
60395
60410
34051
34055
6761
65050
6573
65305
61785
61783
34951
61781
65309
34955
61732
6579
34940
65293
61752
61750
34929
61742
61796
61798
65278
61850
61871
65288
65189
65276
61762
61765
6628
61368
65261
61402
61400
61397
34765
6621
61390
34757
61338
61366
61759
61337
61331
61347
61350
34745
61355
65250
34737
61774
61773
61859
61808
34988
61679
34914
65201
6684
6713
6708
66038
34902
34892
61655
34895
61648
6687
34900
66035
66020
66021
34486
66081
6676
6674
66064
68288
65216
65226
61809
61635
61835
61801
34995
61818
65177
34980
61721
34961
61609
6585
61634
61692
61574
61577
65219
34851
34856
61591
34854
61588
61642
34908
61383
65057
6778
34724
33908
65500
62325
65506
65487
62337
62335
62277
33944
6853
65542
33977
65543
62298
6848
34373
33949
61457
61465
6845
65516
65509
33958
33924
33926
6726
34031
6790
6789
62239
62235
65564
62230
62246
65565
65623
65607
62255
62265
62199
62206
62203
34040
34041
62192
65592
33935
62212
62211
65522
33955
61423
61320
65027
61306
65030
65037
6827
65006
65014
65068
61324
34822
34842
61522
6614
61291
61261
34764
65040
61258
61253
6609
61287
61279
61408
61505
61421
6863
61418
34794
61443
65102
61439
61486
61538
61537
6864
65088
61531
61490
65080
65143
34781
65146
61553
6809
34828
65122
34838
6800
76662
76645
13068
9825
78637
78653
11970
12017
9842
78672
11999
39745
9816
39729
78613
11951
78624
11902
39944
78725
78724
39947
78748
78746
78744
78743
39941
78639
78641
78634
78214
39722
78258
78249
78247
78272
12397
9694
12399
12188
39695
9692
78648
39697
78209
78235
9723
78232
11961
11967
78644
9716
78650
39940
11906
39003
9841
78447
9806
11942
78475
11944
78473
39961
78468
39974
78593
78568
9803
78592
12139
78589
39878
39879
12142
39864
9800
39862
78526
78525
11885
78450
78451
78490
39931
78679
78677
39937
78694
78709
78704
39939
78596
39985
11893
78452
11877
39989
11879
39990
9837
39981
78500
78456
78455
9833
78202
39716
12418
12414
71699
12259
9960
12263
71682
12242
71656
12345
38972
71644
71676
12449
12451
74999
9925
78337
9958
9956
12432
78351
78358
38958
12460
12258
71687
12228
12314
12267
71806
39060
71613
71605
39035
71628
39039
71604
71602
38928
12198
71573
71596
12212
71593
71592
12215
12221
71642
38924
38908
12484
9944
78292
78142
39839
78174
9762
78184
78200
78198
78195
12352
39818
78136
78140
9729
39822
78137
9754
78132
39842
78147
12358
12359
12354
12410
12374
39829
12492
78409
78296
12495
12482
12481
78301
78302
78303
9739
78311
78304
78408
78395
78404
78436
78427
9734
78401
39773
78369
39783
39776
39806
78519
39881
78553
10390
39553
77946
39561
39551
77965
77959
39536
77932
10614
77908
39546
77899
39570
10615
39595
39602
78749
10606
79577
10588
79600
10586
8798
77835
77818
77819
39678
10385
10388
78061
39622
78068
78069
78082
39620
10368
39675
77853
9013
10362
39685
77874
39655
77881
77880
39658
39660
9005
10549
8792
79540
79550
79495
37933
37934
79383
79380
10100
8785
37837
79503
10113
8828
10084
79453
79529
79528
8883
10092
37831
8879
79492
10145
10149
37827
10515
79416
38750
79625
79561
8819
79666
37922
37923
79684
79674
10476
10484
37893
37896
79439
79622
8790
10533
10538
10541
8763
79435
37961
79447
79444
78058
10350
9796
9056
77799
12036
77750
12043
77743
12044
77757
39464
77759
39468
8982
39515
12046
77575
39521
77568
77565
39526
12048
77515
39528
12041
77538
12034
12052
12066
12184
78549
12119
77706
77710
12124
9789
12171
12173
77729
8955
39885
12059
77665
77676
77693
39899
12159
12108
12053
77782
77781
8954
39496
77505
77503
78032
78017
8937
10433
8934
78015
78030
78041
78040
39448
78034
78008
78021
39417
77981
8928
39431
39530
78101
10335
78094
78092
9028
39438
39436
39501
8945
77521
77533
39506
39509
8977
39405
77650
77649
77641
77619
39378
78019
39380
77585
77583
11250
77598
10396
39387
39390
10428
10460
12274
9863
32212
70418
70335
70344
70340
7897
70339
70336
35929
35930
18362
70435
18363
18397
18361
7912
18429
7921
70432
18401
18403
35911
18414
70398
9585
70334
18392
7902
35891
18190
70581
70579
70578
7951
18199
18200
18185
18167
70365
70361
35874
70359
70384
7952
70377
7905
70391
70331
18281
70325
70321
18303
35814
9856
72499
72060
35850
72167
18349
72162
35827
18329
18335
9540
11666
35833
9535
35001
72174
72151
11648
11653
9563
11651
72143
39161
72137
11699
35855
35854
35853
72099
18316
72080
72079
18301
72078
72077
18283
18284
72108
72103
9600
18346
18287
72094
72042
35798
18318
35791
18293
35821
18291
35848
70583
18165
35678
70553
18729
70006
18718
8077
18724
70020
18721
35707
18616
7865
18628
35740
70024
35715
35716
70155
70133
7858
35719
7855
35764
70153
18601
18730
70067
70073
36167
8114
70310
36111
36134
18493
8111
70299
18699
70248
8087
70256
70075
18709
70270
18685
36151
70262
70057
18682
8065
70042
70060
70145
70144
70085
70590
18210
7834
70490
70491
35638
18264
7845
35702
70601
18254
18149
70478
70607
70620
70617
70616
7935
18133
18134
70557
70556
18135
70477
70482
7888
18669
35744
70099
35745
70114
18658
18660
35754
35755
18665
35759
35779
70485
18653
18638
18642
18645
7890
35646
18235
18205
35643
70486
11684
71930
39157
72278
11269
11252
9509
71527
71561
11327
38857
11315
9494
38861
38864
71526
38847
11303
11305
71506
71521
9519
71510
9515
11511
71303
71298
39261
39293
39291
71450
39251
9392
72287
9391
72291
71463
71462
71460
11374
11367
39231
39289
71476
71482
39259
39282
71445
39284
9410
39286
71418
71413
38892
9466
9473
71725
38813
71764
71763
71794
71790
38821
9904
9918
9916
11445
9910
71771
71750
38806
11475
9884
71798
38906
39007
9921
71856
11450
38790
11435
71325
11547
71320
11493
71314
71254
9488
71284
71280
71277
9487
11523
71387
71564
11549
38774
38781
11554
11558
11530
71360
11485
71357
71354
72304
72282
71921
72268
11632
39097
71973
9682
11564
71978
72187
9620
11831
72393
72386
72404
72418
11816
11800
72410
72409
11802
11814
72361
72359
39127
72354
11603
71962
72026
11584
11686
9556
71950
71947
11693
39207
9610
11593
11594
71884
71879
72014
11583
9657
71910
71909
39188
71899
72030
72010
72006
11600
72353
11835
11860
72194
72244
72237
72232
11729
39361
11791
72204
11762
72198
72197
72191
11736
39344
72214
11561
39347
9445
9441
72326
72340
11347
11337
39306
72454
39123
39323
72376
39109
39102
9614
72476
11869
72470
11855
11854
11838
72495
72455
39325
11842
11848
11741
72461
39318
11749
9636
39316
11735
79463
37829
37853
31636
31639
6214
13982
13947
77046
13951
13953
13957
77036
77056
14795
14800
14787
14771
77156
31577
77186
77185
6173
6189
14830
31633
77117
77098
13978
77105
31657
14035
14036
75445
75444
6114
31649
13985
13983
75433
31653
75460
6227
75457
75402
13934
6124
31686
76251
13940
6121
13921
77079
31634
14837
79475
31622
76999
76997
31868
77014
77029
31872
5977
77024
77021
77017
76994
76955
5982
31840
31844
31836
76959
76957
5979
14741
31848
31849
76980
31866
14752
31865
31822
31620
31609
6191
6192
31612
6206
76927
31820
76922
14714
14717
76954
31827
76944
76886
14694
76883
31799
14725
76878
14700
14702
6105
14052
31676
75346
75010
75006
38170
38171
14273
14063
38179
13850
75155
75133
75127
5776
38389
75122
75137
5773
13846
38378
75143
13845
13838
75113
13897
75016
5749
38193
38136
38161
75255
75257
75268
5649
75266
75265
75156
5779
14226
14230
5750
38140
14232
75048
75047
75042
14281
75061
38186
38191
75065
13900
75108
38433
38328
13808
38349
13803
38354
75370
13805
13905
6137
75358
6151
38331
13810
38333
75380
38334
13999
14000
75324
14023
75320
75332
75347
75580
75553
5708
75492
5707
75537
13877
13783
75485
75484
13752
38414
13756
75503
38317
75554
38302
13761
5729
75623
75620
13820
75613
13824
75557
75555
76979
14946
14954
31299
14603
76390
76367
5271
76334
31536
14572
76357
14573
14575
76563
14576
76771
5264
31437
12914
76789
12917
12922
31408
31412
76724
31443
14598
76395
31545
76288
14648
14674
76323
76318
76316
5281
31515
76289
5279
31519
31488
14544
76256
76285
31525
14665
14610
14609
14608
76380
5301
31552
5045
76751
5042
12883
76628
76577
12823
32329
32332
76595
76594
76592
12878
76589
5028
76632
76640
76693
12855
76683
76701
12868
5125
32266
13077
32210
32274
76624
76748
5062
31444
12902
12905
76851
12907
12953
5070
12957
5066
76867
12938
5008
12967
76812
31448
31450
12891
32290
12848
12834
32295
12815
14627
14631
14927
76303
77456
77452
31771
77446
77245
77241
31354
77230
31356
31360
31361
77253
6089
14910
6087
14914
6080
6079
6077
77217
77215
14688
31341
14879
77444
14878
31735
77416
31754
31740
14989
77422
31725
14990
77351
77350
77381
31736
14870
77345
5941
31789
77498
77494
31791
14995
5959
31778
14866
77323
77312
31390
14416
14381
14390
76440
5173
5171
76439
76437
76429
5167
76550
76549
76415
31322
76492
14429
14633
31292
14635
76521
76520
14645
31303
14394
76418
77325
31367
31391
77340
14461
31392
31397
14493
14515
31374
14528
77303
77298
14407
77294
5201
77290
5213
76456
14399
76466
76478
76475
76470
5656
14247
75273
78987
11012
10980
11195
78879
37506
37516
11201
37517
11176
78890
78869
78867
11177
78843
37569
78834
9107
78832
37571
9105
9104
37573
78856
11007
37532
10951
9366
79002
78997
37616
37618
79006
11091
11057
11061
37635
9370
11072
78785
37630
37627
9360
78812
10970
9308
10946
9302
78787
9301
78854
37560
79276
79303
37769
37756
79361
79359
79338
79313
10936
79310
37741
37772
10726
79343
10729
79323
79219
79119
37802
79122
79136
37809
9090
79133
11140
9084
11246
37555
79264
11219
37545
11224
79285
79282
79281
9101
11123
79232
37657
11152
11129
9077
11113
11096
9071
79255
79298
79352
11169
11153
78996
9354
79128
79026
8861
8857
38079
10045
38081
79996
10047
9062
79985
9272
79931
79929
10238
38110
10240
38113
79945
9294
38121
10273
10297
10287
38101
10064
38071
8847
37872
8888
79487
37879
10131
10132
37881
37885
10023
79891
79890
37854
8830
37857
79905
79918
37859
10018
10002
8837
8834
79850
10016
79755
79727
79693
78939
11021
78978
37811
78969
78946
78917
78926
78928
37599
37597
11031
38019
78935
78930
11079
79036
9340
11084
79033
79032
79060
79058
9336
11041
9233
38032
9232
10185
37977
10189
9230
10174
79815
37986
79839
79838
38033
79791
10158
10159
10164
10168
10171
10218
10232
10203
79770
38011
10739
9085
75248
76153
5925
76202
38625
76096
75991
75996
75998
38600
14184
38601
14187
75952
75945
38656
75960
5875
75967
5866
38663
75965
75961
76017
14094
14199
76181
14142
38741
76163
76161
76159
38676
76112
38709
14174
76132
76100
76125
76217
76182
14175
76231
38729
14177
14152
14155
38724
14157
76189
38726
38639
38642
76075
14357
5695
75166
75194
75165
38263
5688
14308
5665
14314
14335
75285
75173
14336
75277
14351
5643
75300
5645
75274
75246
14243
5659
14322
38276
76084
76038
14069
38649
38643
5681
38436
76028
14120
38232
38234
14105
76050
38271
14106
76044
76040
38211
75211
14112
75231
5667
38270
75225
76164
76134
37779
76145
10634
75840
75826
10641
10635
75850
10689
9161
9177
37705
38540
9172
38544
38545
75812
10684
10669
75804
75861
9170
10678
75900
38523
10644
10779
37694
9200
79070
37791
79088
9183
9198
79193
9199
79192
79188
10761
10747
10758
79216
79213
10750
79206
79205
79204
9209
79155
37661
9208
75934
75931
75922
75707
75779
75778
10814
75773
38454
38508
10790
38497
10792
5785
38480
75780
75723
75725
5799
38487
75727
10828
5859
38697
76146
10836
75760
5796
5837
10873
75876
38517
38578
5834
10881
75887
75883
10863
10864
75676
10900
75702
5625
75701
38557
75703
10929
38564
38566
5842
75662
75649
40655
4126
25339
42853
57604
56318
28339
55750
26237
54976
21270
20430
51934
22434
43636
28016
54969
44013
51923
55646
28328
55748
29787
57597
51939
54851
56292
57582
55773
55774
56326
56325
55746
43802
20444
29784
27468
54877
26240
54874
21271
55630
29779
56257
58013
29776
28336
22484
54925
55685
27351
27355
21285
55668
54947
43993
24998
27358
27983
43999
27362
43988
54930
43987
51929
27367
51930
54996
27369
56328
51931
29782
27373
55703
56265
52142
20466
28335
52144
26244
43667
25697
52028
27445
52026
56507
56521
27456
56163
28952
27442
43756
54466
54465
57632
54458
54457
28351
56154
42968
27237
42885
56107
27235
43072
54403
56132
54402
56104
57531
52020
26113
52022
54398
57529
56172
54530
56135
54506
56516
27579
56138
43662
29794
27493
57617
55722
54917
42872
29802
55717
43767
43665
51886
54885
54922
20336
54855
55744
51893
43604
43819
57642
20346
20344
52004
27592
27460
55733
57638
55734
27582
54892
54891
56300
27487
27488
27581
54740
58031
58010
50419
28122
55796
42953
53976
53982
55846
28109
29701
43908
43220
27027
25968
57853
29703
55857
27010
27020
57971
58008
42960
43240
58068
28089
58084
26962
21678
58083
55784
27018
52078
55786
56389
28105
55789
58077
29694
53917
53924
50395
59145
57876
53938
56344
42912
50462
43976
53930
29755
43920
22084
28078
28076
54041
43982
56335
59154
21374
53942
21658
43265
53916
26016
50402
28058
29750
57887
55833
42897
50408
59167
43968
21250
56339
57879
26999
58050
54803
54785
56279
52155
58005
58004
58003
26199
58002
54703
52166
43236
21669
54693
55875
57995
57994
52109
25992
27416
54758
44050
21277
27354
58047
52176
54735
54734
57986
20460
42841
56270
54731
57982
27408
29838
57975
55888
28002
52061
58059
42932
54838
52092
26976
58086
55900
56375
54828
55914
58048
43985
52099
26003
54781
26984
54776
22466
56379
20406
29713
21644
58100
56329
54714
42942
25988
55929
55932
25977
58094
20401
27969
27400
54809
58120
21660
54406
57534
28347
57670
25742
55209
26419
26421
44293
22253
52258
44277
52828
25747
56042
52261
52262
52248
42995
56051
27739
57697
26876
52857
52208
52864
52863
52193
57729
52197
26435
57728
52851
25759
57723
55202
57720
44288
26426
52875
29059
43045
52889
52455
57685
57680
57679
52451
22259
56071
25775
52901
26470
22260
26459
56093
52458
57789
52440
43089
52189
26449
52964
26448
57663
56022
44269
56420
27760
26476
56081
44273
56082
27657
57690
52950
44061
56089
43851
43674
52214
52212
55280
55304
55305
26499
58554
43033
55278
52969
44253
52339
53101
28987
55275
27790
52335
25627
55287
29015
52988
57302
52269
27675
20621
55273
20615
43029
26503
26489
43043
55252
43486
22195
53006
20608
27689
27687
28991
28400
55225
42973
26531
55162
43703
53066
26524
53083
53081
44236
53107
22249
55221
53071
42988
57700
57698
55217
28428
44228
53056
44224
53121
27786
55234
26558
53117
27785
29000
27779
42983
55187
22198
28422
20550
27794
55191
26455
43740
28963
43616
25728
25726
52403
56211
56213
54638
28916
22239
27194
57561
22242
52397
54427
56243
43626
56246
54630
57658
28929
57762
57767
28318
43872
28914
52355
27223
56175
25732
54615
43054
52384
54623
54648
27193
52405
54617
52188
52186
22244
29373
56503
56501
57507
54387
27622
54384
54381
27619
56219
21288
54394
57522
56097
26106
26131
28346
43776
57508
54386
27260
20329
22189
27522
28973
54435
26158
51973
56524
27254
56487
56120
28343
27626
57510
27625
27215
27214
56209
56008
21323
56004
54578
56006
54577
27516
25713
43112
56541
52495
52496
54603
27281
27282
56485
43842
27270
52487
56432
55949
52430
52925
55957
43742
43743
27572
27297
27299
56436
43847
43846
20359
27301
52423
27286
54596
57776
28913
54556
56525
27324
52476
52477
43896
25709
52422
27313
54542
52367
57738
54667
52373
56203
54659
20381
57744
27326
27341
52473
52480
43845
54547
27327
20387
57753
43057
54538
55984
43890
27332
43064
57747
52470
57745
28074
56331
54025
50679
50782
59494
50176
58913
22139
44437
56571
50678
50189
58919
25575
56570
29685
50669
25075
22023
50882
21829
51044
44443
22019
59038
25048
50867
50866
22020
59041
58984
58927
59512
44969
58938
25046
44441
22145
21735
59462
56600
58974
50209
25587
59795
29672
29671
56587
22013
50208
59801
59457
29650
50626
56698
29469
25607
59780
56697
25014
25015
50659
56588
50699
50168
50696
43409
50693
44873
59473
58952
50642
25554
50226
21728
59790
59792
59793
50873
29554
50877
44929
59451
25253
58816
50852
44940
21613
58819
44959
29909
21961
59440
43428
50797
22150
50796
25266
58815
58814
21611
44957
25442
21608
29587
25445
25447
29582
58758
59429
52499
25247
58763
50836
50832
58766
29575
25333
44932
22129
50274
44992
58991
29549
43418
44450
59399
59055
50925
29599
50283
29891
29564
50290
44963
29562
29560
59384
50305
50915
44419
29591
29914
44431
21968
29593
29592
50783
58907
59008
25321
50813
25260
59387
50301
44420
21726
59768
54160
25508
51219
29422
25145
59977
51214
43356
43357
44527
51220
51238
59966
44526
51237
21854
43328
51233
50973
50972
29618
59697
21885
50960
51123
59875
56655
29532
50966
29431
29425
43351
59701
43353
29509
44484
59867
44485
25522
44455
25525
51010
25109
59954
59955
29391
59958
59994
51196
29390
56678
59941
59930
29377
59932
59934
59984
44469
29452
59952
29415
25106
51188
21853
21883
25101
29444
25116
21851
25092
56674
51004
43334
29439
59846
29411
51006
29633
56658
51072
59809
50722
29523
50724
25078
51025
22000
44916
29528
25132
25472
50726
50936
59906
59885
29510
22006
25024
29520
25501
50711
50761
29616
21722
21934
59839
44908
25586
25596
50766
56689
25545
50719
59895
59842
59827
51148
51146
25533
25486
21951
21897
56705
51059
56704
29636
51060
51062
21754
51068
21863
25509
21749
51096
21913
29504
25125
51111
51171
51158
51144
22007
44889
51139
51085
51086
25129
51154
59851
51165
29642
44506
22002
25481
22029
54162
50068
26899
56797
50578
43160
53867
26041
44778
27148
56758
59112
53869
53836
44543
57898
53849
50551
22415
57911
21368
59121
59367
57955
53884
53883
53880
59131
44770
27131
57958
27112
44548
56785
53903
56784
56783
50470
50571
56781
50564
53859
57912
27833
27158
56738
58751
44561
44841
57501
44826
21333
44776
50595
54286
27108
27060
22402
25216
27067
21589
59306
22419
25197
25206
27822
53854
29957
50611
53853
44829
57923
57922
56733
50615
57919
56757
50619
44552
53878
27143
50360
56562
26881
59202
54001
50346
26882
22090
53989
54004
56774
43959
59187
59190
43961
22107
26031
54013
42500
56358
26086
43248
43277
50442
50443
50444
26900
22378
42918
21703
21705
43260
54043
50467
26905
29748
59207
22352
26936
44599
44606
21682
29738
53828
27857
22101
26922
21401
50387
50350
59077
53770
50371
53786
27032
59080
53781
21403
59096
53820
56763
54010
50322
26937
44579
22381
26029
59198
21701
53806
59140
53803
26027
50374
59093
56764
54226
27845
27913
43385
59062
44674
50088
54075
21625
56838
58852
44672
25422
50148
54082
44759
44611
21769
27903
50136
22160
22161
44609
59259
27964
50082
54106
50089
25414
21563
50090
22162
44675
56869
54136
44750
59653
50093
59276
25235
59612
25280
44748
27918
58873
25302
25298
59645
54143
54158
59641
58883
43394
27917
22182
50063
58827
59637
44944
54146
58872
50035
50033
50030
21764
58840
43380
25404
44623
27896
27910
56803
54193
21779
27912
59613
59630
58902
25452
50096
54103
50112
54368
50486
21359
59243
27098
21565
59539
54369
21356
50535
44714
59535
59534
54364
27102
54361
29966
44661
54346
50475
54353
59372
59373
29936
59357
54241
54250
54249
44819
56751
44821
50490
54244
22389
54220
27042
54359
54315
59665
59609
27089
54323
56848
25190
29974
27934
21600
27083
59552
54116
21350
54112
43180
27951
29868
50109
29961
50511
59565
22053
44718
56851
44721
25160
54311
59241
59239
59238
59223
56850
54306
25175
29968
44706
27076
58584
56493
50001
51729
53172
40891
20538
26695
21552
25911
52752
53515
57355
20540
57491
21559
29186
51311
53167
53166
58227
57422
21437
26399
53454
25915
25906
51564
52737
43445
58373
55081
42639
55097
51716
28192
26380
43475
28207
26822
22329
55361
55100
28599
58694
53176
52771
58692
44079
26376
28257
21418
51264
53453
53638
58439
53189
55514
26590
28579
43471
28612
44999
42499
29372
57187
29268
51602
20129
52780
25828
55528
28455
55544
28210
28269
20510
42722
58366
28871
43582
20128
26396
53439
53449
43474
52806
51680
57250
29224
25860
51783
28209
52794
57254
53475
51614
51258
58381
26586
42648
42694
21459
26680
27501
51519
28785
44136
21534
25925
28781
27499
53040
55424
28541
55150
55148
26281
55423
25930
51511
58224
56973
52560
53631
25931
51753
53597
29360
28771
29230
20123
28238
53367
57219
26701
26818
52513
53363
51492
51491
28239
53378
29167
52516
20124
55154
44138
51651
25923
29337
51722
51509
51310
25832
42508
29363
26829
28884
52655
28631
51297
51824
22306
40781
51730
51710
42550
28552
26825
40859
42506
52758
53661
21458
57081
57116
28826
53496
25919
28687
44129
55384
28273
29272
55385
55119
58596
57208
53507
57357
28607
55117
58697
26275
51304
42539
51826
52553
52556
40831
51608
20087
58206
58654
28858
21536
52702
57072
57070
55496
51768
44216
53589
29141
26632
28454
53124
25796
55616
53126
26770
43568
20030
51568
22297
57053
28594
28127
51402
57093
53159
40874
29295
53157
26361
57098
21427
57097
55500
28866
42729
57393
58637
58626
51758
21426
51770
52731
57384
28845
44199
20114
28241
44145
42529
53270
42528
53263
51573
28218
58610
21533
57430
28847
53537
42523
55592
40929
53533
40925
58656
40928
42702
29088
42525
57427
53582
51580
25797
44202
58191
57455
20113
44208
20027
53249
51576
26766
40923
53267
51342
51357
20100
51579
57457
57035
28161
20112
58632
53247
26763
52719
58189
44180
58140
57248
26611
53473
43585
55567
42520
43586
25824
21560
21544
57398
44087
51328
57158
29099
44086
51606
42619
52675
20084
52660
57399
51277
57162
53474
43467
28141
28586
28587
52784
55574
55537
42638
21440
42744
26340
55575
20086
29062
28452
51788
28451
26724
51789
29240
55533
20083
55486
51385
52669
40918
26362
42737
52672
53570
57413
22290
57239
28732
57240
57414
28555
26757
53555
58172
52666
55504
51371
53145
28564
40873
57103
58724
26730
57461
58178
26732
51778
55482
51623
28557
22289
53127
55475
40866
44197
28745
51381
44196
28899
44194
43460
28265
28898
57396
57160
26848
28775
28282
55000
26659
29288
40848
53295
29205
53293
26644
53739
55063
26866
56891
44333
55443
27731
58566
55011
44309
58304
58265
56953
53318
58517
29121
29120
55068
51841
55076
58272
29110
52613
21476
58311
29106
43498
52597
53672
21499
53343
57027
58308
43551
26806
44314
58336
43024
53619
29203
56916
25888
58359
29134
56944
27697
53622
29306
58472
51437
20066
42603
53688
29159
26322
40690
51847
28698
25892
56951
53307
57018
55390
40693
40852
51441
57020
40841
53314
52590
40635
20070
28227
52592
52594
52588
40663
42561
29285
58461
29334
43548
40799
58463
53316
42692
52642
52643
57325
20067
43552
51423
20135
53732
57381
25670
58592
57282
53013
51861
53334
53015
42733
53333
57005
42786
40798
22280
27668
42785
53339
58293
53746
57277
58291
55269
27664
53020
42791
51864
28708
28363
29007
58345
22275
53042
55456
57379
25684
43026
58321
58320
28649
53044
28278
40796
57377
53336
55462
20058
27669
43479
40845
57328
27717
27719
52601
56997
42782
55430
55043
42566
58564
52605
27721
56995
42683
55449
56910
56911
58565
53351
29277
22274
57368
58301
29150
29153
58251
27670
55467
20153
51478
53726
40643
26670
26672
55432
20137
29332
25676
28804
26859
58559
44362
58286
55053
53340
20590
42774
56936
25849
55031
20480
52631
53697
58452
25869
28487
57321
44111
53676
21469
56970
53691
40698
57033
29103
42543
51524
51533
28680
26314
55133
25873
53696
51652
56966
51674
55395
28816
51538
42794
51676
58450
29236
53370
44319
53419
51555
40850
28173
28492
58419
20488
58449
26836
58420
56931
57462
26266
52526
28679
56928
55318
28251
51646
22218
20475
40699
57265
26802
53699
40856
26801
53424
53427
26260
20142
21468
53360
26705
26681
29314
29257
55323
28762
51486
28764
26657
26287
58509
28245
51428
42609
42805
29258
58444
28124
58430
58506
43527
56994
57310
55124
20063
44330
55398
28663
42664
53408
25896
58428
29209
28237
52519
69594
60869
30800
30885
29964
60743
69627
30718
59626
59628
29292
60207
60783
69542
60649
32578
59681
61206
60658
31136
58194
60753
69537
59547
59615
61215
60211
61232
32576
58160
30890
60755
69534
59618
60881
60759
60863
61246
60894
31153
60210
29994
31164
32626
60644
59678
32627
30782
59571
30879
58153
69522
59594
30781
30734
30733
60686
29880
61188
69523
29248
60992
57913
60225
60993
60994
30789
31144
29956
60940
59621
69548
69526
58192
59540
60232
60687
60645
60985
61241
31147
60630
69668
30709
61238
30865
32642
60637
60639
60676
32552
61179
60703
59544
69529
30882
29993
30795
69615
30794
30724
60216
32518
30811
69632
30648
29283
30906
59660
30656
61150
61098
69558
61092
30923
29866
32534
59585
30660
30927
61059
69416
69427
60944
58253
58280
58135
30907
60945
69387
32577
69391
69431
30694
29867
69672
61129
30692
30691
60974
30686
69436
61109
30628
69610
30633
30636
29226
29931
61068
61155
59575
59576
61015
61135
61093
30933
60968
30929
61143
61060
60971
61103
29844
32502
32519
69609
32638
61065
60970
61139
69611
61104
59554
59557
60736
29871
30765
69531
69398
59656
61049
57916
30667
61010
61019
61022
29254
61023
30859
69401
61028
61224
59600
69639
59652
69530
69503
69507
69508
69509
32522
61013
32649
69568
61221
58252
30813
61220
59670
60773
30812
32544
30749
61031
30758
69562
30754
32528
30755
30756
30899
69561
59658
58144
60706
59607
29238
61173
61124
29940
30751
61222
58202
30915
69406
30913
32559
61057
69637
30750
60713
30742
30685
29939
59603
60955
59657
61207
59390
69492
30262
69835
58421
63941
58436
63936
63930
58434
33542
59896
58433
69824
63985
63986
64042
64041
30244
69808
69810
30248
64029
33538
30245
64057
64050
69818
63987
63996
63926
63924
63998
30260
29495
69804
29494
59859
64791
59862
59855
59922
33537
63956
30073
30075
59907
63953
30043
69777
59912
30048
63983
63982
63981
30053
63979
30055
69805
30056
69807
64001
59476
60872
63796
63793
29490
30283
30286
63822
30289
32730
59475
63814
30291
69729
63789
63761
59474
63760
63759
59472
69754
59456
69758
63754
69764
30233
69730
63787
32720
59461
30281
59485
30300
69699
32712
63990
63989
59478
69823
29467
29465
30308
64016
32711
64013
69716
69720
32698
64011
30293
59482
32697
58423
69696
63908
29462
69704
63806
63804
30280
63799
58400
69769
59882
33567
30087
68940
64963
30090
64933
30091
30093
30079
64932
64960
58284
30143
30148
58302
59965
59967
30138
64949
64948
58303
29405
64745
68920
30125
59974
64734
30129
64987
33568
64800
33570
58322
64877
30103
30104
59985
30105
29322
64867
59988
64845
30110
64977
64973
30113
69045
33463
30097
64980
64981
64983
69029
33516
64997
64990
69039
33592
58319
29398
68946
68975
64764
58361
30009
30012
64835
64831
64828
29492
64805
30016
69790
30038
58417
59848
59849
33530
64804
30040
64774
58415
33525
64771
69800
64769
64803
33553
69785
64802
68956
68962
64827
29304
68979
30131
68981
58309
29453
64759
64757
59845
29529
59921
58307
68954
30029
64819
33526
59873
30033
64708
64725
30018
64717
64716
59874
64843
30003
29505
32719
63778
30183
30992
31197
64210
64208
31200
64182
29353
29861
64156
64155
31206
64153
59433
64147
64145
64160
69896
64161
69897
29858
59427
32742
59428
31175
29241
69689
29242
60838
64202
30990
64139
30988
30946
32806
29336
30975
32800
30954
32736
64104
64076
31002
64073
69912
64067
32748
69920
69905
31009
64098
64093
64090
69904
69903
64088
64197
64190
30986
64188
29851
32738
60829
69478
60861
31129
58198
59647
58197
60900
60908
31096
31099
60902
60921
31100
69463
69466
29247
31101
60931
60929
31106
60925
32759
69470
59629
60862
69471
60877
60875
31122
60809
31119
31216
60825
58201
60851
60842
31240
32755
59533
59633
60845
29244
32771
60792
60796
60813
40658
58199
32766
69489
32765
69473
31227
31094
32763
60803
60816
60814
69865
29342
30185
30224
63834
69941
63833
63850
63860
30215
30198
30199
64064
32661
69927
64271
64270
29369
30204
30207
59496
30208
58365
58364
29370
29478
29477
32677
59499
69938
64291
32662
69958
69871
59520
59491
30188
30192
69735
30177
69728
29458
59465
63868
58374
69950
29457
30175
30158
63887
29366
59470
59471
59464
69952
69954
63893
29474
63843
58370
29488
63840
30624
59504
31043
64237
64311
59379
59380
32735
59383
58389
69979
69972
29902
58388
32787
31092
69869
64326
64325
30962
64219
30967
30968
64117
29915
64115
64112
30974
30959
58385
30819
59396
31087
64359
59401
69987
29900
64228
29899
64239
29897
29371
69991
69994
69995
64243
31053
69998
59397
58390
64353
31033
64348
59404
64341
31079
64372
64369
29887
59412
31084
30791
29009
30821
58489
34815
61319
32917
61312
61289
58696
61328
61266
34580
68583
61288
57765
61257
34583
34716
61285
68560
68568
61283
34722
34723
57772
61384
28911
34693
34694
34725
28909
61375
68532
58701
57551
68539
67713
32896
61560
57572
68750
57573
57574
57575
61502
61501
58709
61494
61492
28945
58704
28944
28883
32894
34824
61516
28923
34807
61512
57548
61406
61305
61301
32912
61374
61370
68698
34702
61362
28941
34736
68504
68512
34738
57799
34740
61353
61769
68497
61775
34533
34566
61772
61770
68478
68495
61768
57805
34559
34843
61764
57808
28933
61795
57811
61790
61789
34729
34542
28942
57750
57739
68572
34607
68466
57740
57741
57742
28924
68459
68458
61367
61346
34753
57751
28759
28768
34598
28757
68476
34760
34761
34596
34595
57774
28758
34748
68456
34544
34782
61545
34775
67709
28958
58744
33937
62343
32936
33941
28953
33925
62317
67783
62306
58741
58739
67788
62310
28870
33909
57577
62342
32962
67681
33915
67682
32960
28951
33917
62336
62332
62329
67796
62215
28886
57637
67738
67740
62237
62228
62236
62233
28902
67802
57652
34029
67805
32891
34030
62257
28960
62256
62229
62205
57623
34039
62198
57624
32946
62196
67810
33983
62223
62220
32959
33921
33922
61416
58680
33954
61477
67728
58679
58676
33962
61447
28979
32928
57538
67714
58691
34791
61448
67704
61409
34798
61436
34800
61434
34784
61484
34771
61540
34772
67708
57562
61874
61455
62284
28878
62282
62281
62279
33945
58736
33946
67677
67659
28867
33971
33972
33976
62288
29378
67725
58686
67666
33980
67670
33975
67696
58682
33965
67724
61875
33947
61462
57521
28760
28827
57894
58562
68355
58569
68348
57707
34490
68299
28802
34465
34636
68648
57708
68291
68319
34467
57710
34468
68286
68285
57711
57713
34634
34469
68318
34632
34454
68306
58563
58539
34523
29002
57715
68324
68652
34886
34888
34890
61657
57716
61646
34899
61661
61662
34630
68670
68654
61663
34645
68325
34893
68637
34644
61671
61666
61665
34476
34482
34483
28995
34642
57704
68340
34531
29022
61788
34431
58527
34410
34396
58577
68194
68192
68188
34382
68164
68275
58591
58580
34383
34432
68245
68142
29013
68139
68163
68133
68248
68132
34390
34391
68162
68243
68157
34415
29011
34406
68272
58532
68242
28993
68420
68436
58546
68429
68220
68221
34423
34500
34492
58550
34501
68362
68371
34421
28988
28805
68373
68372
34508
68367
68365
34502
68396
68393
28906
34397
34414
28798
68667
58571
57731
61843
34939
61855
61858
61873
61872
29024
34658
61865
57683
61799
29030
61815
61814
68686
68687
68690
34989
61811
57686
57687
28822
61804
57689
34669
61816
68747
61819
61834
29036
28815
61851
34957
28931
57794
34553
61760
61797
57777
34610
61736
34666
57778
28813
57779
58455
61728
61854
61724
61723
61722
61738
57783
34927
61747
61744
57787
29039
68694
34663
61847
34996
34981
57678
34647
34850
61582
61583
34623
57672
57673
61598
61597
68603
28797
61592
29056
34906
61697
34624
68610
61695
57718
68672
57722
61684
61701
34918
34919
34616
68660
68663
57730
61569
68615
61828
61606
61827
58458
61823
68730
61822
29026
68714
68716
57659
34974
34971
34844
68718
61622
68628
34872
28808
57664
34873
58474
34876
61627
34878
61625
34865
34863
68727
68621
58720
34043
62243
60614
57823
60500
67875
60497
67876
60495
60493
57825
33034
29757
33033
34220
29756
34320
60598
60587
57824
60605
57854
34323
67883
58232
60621
58230
34324
67873
57875
60615
32979
34116
67826
60504
60547
33010
33027
67839
33044
34103
34126
60511
34131
67841
60536
60535
33043
60532
29763
58238
34106
58223
60479
60507
34107
67847
67848
58240
67816
67820
60476
29762
57821
32986
57877
57644
34330
57860
58651
29063
34370
60328
32987
60322
57866
57867
60347
57869
32988
60345
60341
34343
29700
34348
29699
34352
28850
29695
60431
60438
58073
58074
34248
29691
33002
29690
34365
60378
57858
60576
67856
60609
34331
60586
58228
32983
34317
67861
34315
60550
60567
60582
57884
67864
34359
58437
34312
60366
67869
60364
60359
67815
34298
60356
34335
34358
29726
60387
60521
60312
60101
60105
58274
32581
60243
60240
34169
58273
29276
58269
34170
58267
60254
60255
67922
29944
60271
57962
57964
67926
34173
60262
60260
60157
60057
60056
60054
60052
34146
57967
34148
34165
57957
60297
32579
60160
60176
60178
32639
69599
60184
60182
60181
60180
32616
60235
60290
60289
69607
34999
69589
60287
57906
60283
30840
29279
30827
32586
29948
32584
60311
60305
60302
60043
60042
60061
29745
34191
34194
29730
67930
34196
57890
58216
67955
33025
34217
29263
33020
33016
60141
34180
60140
34088
67939
60117
34089
34094
60091
57842
60081
60097
33015
57844
60106
34189
60125
67928
60033
60074
60071
57935
29741
60062
60016
60015
60012
32604
60038
34206
60034
29261
32603
67902
29262
60028
34214
67905
58219
57947
29732
60134
57941
58218
60131
60118
67908
34240
60430
68057
33777
67645
61974
67650
58598
33814
61983
33815
61979
58613
33816
32868
62188
62398
62396
29780
67622
58614
67618
32863
32860
62402
62417
67525
62416
57813
62408
32859
62385
57603
61973
33827
61961
62011
67616
61903
58035
33077
33781
61952
33783
62007
58040
33075
29831
58042
33770
62012
61965
62013
58030
62027
33769
58029
33073
62018
29767
61955
33072
67619
67641
61968
32855
62359
58622
34023
62498
33990
57586
62487
62485
33999
28900
67658
62440
33986
67759
67761
62438
32815
34003
57591
57594
57595
62459
57596
29797
32834
34053
29795
62446
34058
67772
32845
67552
34005
62356
34014
62382
58621
67507
62353
28891
67512
67518
32879
62350
34007
57607
62378
57611
34015
62480
62421
34016
57615
32878
58673
67571
28894
67560
62470
62469
62468
62467
32829
61906
33775
68059
33773
28856
62071
62070
34269
68087
29717
34273
33091
62069
68100
29715
68097
62036
62035
33089
34061
62064
29710
67993
58122
62059
33858
62109
62165
33849
58089
33848
58093
33830
33086
62102
68089
34236
68062
34223
60403
68064
58067
58051
60411
29709
32995
60413
58055
60421
60420
58057
68105
68114
60414
62499
68120
33103
29722
58061
28854
68123
29720
62073
61876
62106
67999
58095
62185
61890
33058
29825
57990
68020
57989
61933
61941
68022
61939
33878
33052
67601
67603
67604
68027
28834
67612
33884
58607
67597
29836
33877
58604
61880
33078
67586
58032
61897
68014
61924
68005
68031
33118
29819
58098
67973
67976
29814
67983
33841
62125
29810
62113
29823
68008
68032
68043
28831
62130
62143
29824
33866
62139
33868
62136
62135
33891
33893
33048
68042
60481
40659
64866
56133
55237
79997
38065
38082
79966
79967
79968
38078
79978
38077
79972
79868
79872
79873
55247
79876
27677
79987
79984
38055
79948
79763
38094
79734
38104
55293
38119
79947
38115
79933
27681
79956
79926
38063
79960
79935
79937
79866
79847
79851
55054
27673
37874
55156
79457
55050
79460
55056
79469
37883
79517
37819
37817
37832
55058
79511
79500
55260
55266
79852
79917
79853
79856
79857
79922
79885
79908
79916
55256
79689
37856
55272
37870
79892
79896
27693
79899
38099
79759
55283
37611
79042
78984
78938
78941
27796
37613
78910
37609
79038
78916
37605
78947
55169
78974
27807
37812
79039
55222
37813
79024
78992
78993
78994
55226
37588
27749
55232
27752
79025
79047
79048
79052
79056
79061
79028
79030
78980
55165
37998
37974
55182
55180
79810
55285
79843
38006
37976
79723
38036
79691
79694
38002
38001
79698
79700
79705
55185
79778
38025
55175
38022
78951
78957
78958
27808
78962
79790
79792
38042
79795
38015
38029
38044
55193
55192
38043
79501
79502
79505
39558
39562
77931
39560
39559
77943
77944
77945
77968
4127
77892
77836
77838
77841
77847
77849
55152
28538
77933
77816
77900
55128
39604
77918
77922
39592
39569
77897
77904
77949
55122
77955
39535
39534
77960
77964
55136
77833
77821
39606
78056
78081
28551
39626
55116
39621
55085
28535
55082
78071
78064
55098
39613
39612
78115
39645
55112
39671
78070
77851
77879
39663
77829
77831
77891
28544
28545
77877
77885
77867
77887
39653
77855
55096
55094
39680
39679
79581
39607
27722
37892
79419
79421
79424
79432
37931
55013
79634
79638
27732
37906
79629
79617
37897
79648
55006
37909
37960
79440
79621
79394
37839
79510
79398
79400
37891
79408
37944
37930
37950
55070
37938
55067
79389
55065
27728
79437
79628
27699
79585
79572
79551
79536
39580
79538
79541
39587
55026
39582
79565
55025
79597
79606
79608
79591
79589
55155
79566
27706
37910
79657
79678
79681
79682
79683
79686
79669
79654
79658
79555
37921
79661
79663
79667
37918
55033
79610
27748
79004
27746
75885
56181
27536
75675
75782
75783
27520
75884
56191
75668
75891
75892
75893
75897
38582
56193
38554
27533
75667
38532
38568
56235
38460
38514
38516
75632
75663
75637
75643
56186
38562
75687
75688
75693
38558
75695
75697
56194
56208
56237
75798
56094
75815
27504
55994
75787
55991
75796
75820
75811
75855
75856
37697
75858
55985
75825
75828
56096
56195
56207
75902
75926
75928
75929
38525
56204
75936
38524
56202
56200
38519
56201
38534
75912
75913
38535
38537
38463
75658
75832
76226
76245
38714
76248
76230
76214
76215
76225
38738
56100
76121
38735
76124
76116
76115
76098
38686
38715
76237
76106
56108
76207
76209
76192
76175
76176
76179
56109
76184
76236
76185
38727
27653
76174
76211
56102
56101
38683
38681
38466
75764
38509
75718
56232
56233
38502
75776
56244
75761
38482
38446
75747
38443
75754
56241
56239
75653
27523
38484
76110
38704
38680
76105
56124
38707
76168
76169
38705
76139
56224
38699
56171
76148
76144
56226
38593
75729
75829
75834
37640
78863
37544
79266
79267
79273
79275
79064
37559
56034
79295
56032
37566
78866
56028
56024
78898
27769
79262
37546
78902
56058
56065
37761
79251
56056
56064
79238
79223
37549
37539
79229
79233
79236
79237
79283
37552
79288
78900
78870
79242
55215
78819
78821
78823
37632
78811
78793
78795
27740
27755
55203
78906
37653
79008
37651
55201
37642
78817
37522
78874
78778
37505
56052
78881
37536
37535
56047
37533
27756
55213
56040
78772
78769
78753
78754
37530
78765
79245
79296
75838
37682
79199
37688
79186
56001
79189
79197
37683
79089
79202
37735
37784
79100
79067
27563
79072
37778
37677
79212
79126
79145
37720
79170
79171
79172
27509
79160
79144
56014
79207
37664
79150
27514
37660
37659
79180
37658
79125
37795
79220
79372
79336
79360
79362
79364
37753
79368
79369
37771
27558
37770
27545
79344
79345
79337
37766
27546
79308
79311
79139
79324
37805
79109
37801
37800
55959
55960
79221
37796
55969
55974
79332
79333
79334
79300
37746
27559
78106
39644
39642
71823
39042
71612
71616
39059
57050
71821
71822
39051
71607
71819
71801
38986
71804
28721
39002
71812
39026
71606
38997
39034
38939
71599
71583
71569
71601
28715
28716
71574
71623
39041
57046
71627
71629
57069
57039
71639
57066
71799
28731
38822
28619
38810
71735
57150
57156
38823
71784
38820
57163
71789
71793
28622
71780
71778
38814
38827
38808
38795
39022
39017
38993
38987
57064
71868
57063
39018
71857
71841
38800
71844
71853
57111
71742
71749
57165
71753
71594
71588
71773
78346
78288
39789
28683
78291
39374
28686
78345
55419
78284
38959
28682
28673
78126
78339
78326
28710
78285
28709
57088
78421
55405
39772
78362
28674
78426
78430
39787
78406
78314
78407
78411
78412
78360
78306
39794
78310
78336
28733
57099
28740
71703
57074
57089
38920
71716
38917
71702
38943
38944
57108
38911
71692
71696
71698
57092
71718
38916
71659
38949
28735
28734
71665
38947
57084
71672
71673
38982
71677
57077
57082
38973
57080
71649
28738
71651
38967
71772
38766
78374
71456
71474
28668
39235
71448
56937
71461
56889
39227
56943
71877
72290
28652
56885
72300
72302
72288
71473
28664
72275
71441
39265
71430
71431
56919
71437
39278
71439
56933
39285
71425
71409
56935
71412
71444
71419
56948
39240
72281
39270
28647
39355
39356
39372
56901
72192
72193
56900
39369
39341
56898
72203
39363
72250
28643
72255
39359
72222
72215
72283
72310
39247
39244
72334
72336
39346
72341
72324
72312
56903
56908
56907
72318
28642
72316
72267
39336
39258
71541
38764
57126
38772
38904
57127
71371
71372
71373
71381
71384
71400
71385
38878
38876
57122
38873
71286
71287
71402
71399
71258
71334
38762
38787
38756
71350
71348
57173
38752
71340
28598
71342
71339
71369
38780
71394
38776
38775
71253
38903
71538
38849
71492
57135
38832
38831
38830
38846
57133
57031
71490
56925
71552
71545
38853
38851
39062
56922
71491
38839
28606
57144
71323
57129
71292
38891
57146
71301
28609
57141
71520
57140
38838
38842
71514
71516
71517
71518
78375
39803
28519
77774
39456
77742
28568
39471
39473
77753
77737
55492
77755
39489
77806
77808
77809
39487
55603
77780
39457
77770
39481
77658
77544
77540
77551
77552
77554
77557
39469
39467
39460
39466
39465
28566
39462
39490
77767
77768
28516
39478
77574
39908
39904
55606
39915
77726
78124
28466
77703
55620
28465
77707
39906
55619
77712
78750
55617
78547
77723
77718
77787
77687
39477
77790
77736
77682
55598
28460
39900
39895
77696
39894
77677
39891
28462
77694
77666
77695
55503
39520
55612
78020
78038
55526
39446
78044
39445
78028
28526
39437
55313
78025
78026
28580
77812
39452
77602
39392
78036
39433
77600
55104
55110
39638
78102
39637
39634
77996
78004
77991
39432
77989
39425
39423
39421
77977
39420
55101
28581
77582
77570
55472
77524
77525
77527
55485
28573
55477
39494
77516
39453
77517
28561
39525
77562
77563
77566
28563
39529
77628
55542
77638
28584
77594
77596
77589
39396
77642
55534
77637
39398
39404
77623
77625
39401
39399
77633
55487
39855
39848
39775
78213
55347
78236
78238
78222
78206
78207
78212
78242
78438
28695
78270
78274
78275
78279
55447
39690
78230
28493
78204
78604
78628
39727
39733
55354
39730
28480
39746
78608
78646
78612
78635
55351
78668
39752
78652
78645
39719
55440
28496
39833
55460
28693
39826
39840
39837
39836
39834
78388
78196
78390
39830
78393
78394
55407
55406
78370
78197
78190
78151
78133
55431
55439
78154
78159
39712
39710
78145
78135
55464
28703
78138
28704
39821
78203
39819
78187
39736
39689
39846
78474
39977
39976
78517
78515
78471
55551
28444
55569
28456
78443
39964
55579
28453
78449
78502
55469
39978
39922
55363
78579
55609
39863
78530
28472
39865
78555
55565
78582
78564
78583
28473
55562
39874
39872
39871
78561
28478
78481
78671
55388
28506
39959
28507
28508
78738
55389
39924
39943
55371
39956
78719
28511
78726
39945
78729
78595
78686
78682
78482
28500
39988
78485
78486
78487
78491
55367
78494
39962
28504
39960
39923
78703
55362
78706
55359
55358
38622
38628
64865
75940
63616
63597
58771
63601
63603
32389
58786
63633
32402
28750
58779
58778
63653
58773
32407
58878
63651
58756
63671
63673
63733
63683
63735
63737
63739
63743
63745
58789
29573
63722
33473
63719
63721
29577
63726
29578
63729
32361
32357
58882
32470
63202
58903
63149
63150
63156
63157
58901
63128
32420
63131
63203
58895
32481
63193
32494
63196
27925
63250
63232
27920
63236
32352
63225
63222
58879
32365
32380
63214
32367
63266
63268
58874
58871
63279
63262
63247
31989
31974
63685
63537
31880
63546
63547
63549
63552
63553
63538
63535
31881
29540
31893
63526
31911
29544
59015
31903
63544
58990
63588
59003
29567
62675
59050
29550
29533
29534
31944
62697
63540
62720
29537
31890
62712
31912
63125
63127
31902
59014
63679
63596
32028
32025
63512
32021
63498
58824
31969
63695
63501
63698
31962
31990
31960
29588
63691
31958
32013
29605
31900
63468
31899
63574
63558
63562
29548
63515
63467
63472
31994
63460
63459
63446
63448
63452
58794
58793
58893
63198
63186
76575
27937
59236
59231
76598
76583
76566
59228
59226
32337
76641
32279
76627
32269
76639
32300
32293
59230
76642
27943
27932
32322
76711
27950
76713
27948
59288
32317
76699
32325
76685
32305
27935
32309
32308
59282
76694
76616
59254
59291
59351
27836
59220
76857
31471
76840
27838
31467
76848
31480
59350
27840
76720
76744
59345
31419
59341
27889
76863
76613
76833
32288
76821
31874
76824
59252
76826
76831
31464
59245
31451
76803
31447
76811
76813
27940
76799
76707
76682
32489
58861
32455
63431
27905
63435
58862
32345
32343
32242
63378
63411
32241
32240
63410
32232
63307
63308
32456
27928
63311
32435
58844
63179
63181
32423
58842
32439
63283
32434
63375
63396
63397
63364
63366
63369
63373
63374
32231
27901
59295
76675
63334
63337
63331
32200
32225
76668
32191
32206
63340
76661
76644
59280
76646
32224
76649
76650
63332
63328
32246
63346
63301
63288
32262
63291
63295
63320
63322
32256
63323
59274
32253
27958
63356
32249
59267
32228
62678
62693
31916
64560
29635
64665
64666
59721
64556
30579
64559
29638
59723
64564
64565
64568
30573
29639
64541
64544
64663
64658
64572
59707
29530
64648
30564
64627
64612
30562
29632
64678
59710
64680
64684
29634
64669
64668
30555
30552
64570
64595
64616
59806
62915
62920
59817
62925
62926
62928
30329
30328
30385
30326
29645
30324
62904
62908
29631
62957
59820
64586
64596
64589
64598
30364
29643
30360
64606
64601
64591
30357
30387
30356
30355
64577
59822
64590
59821
30388
30585
64613
62959
64467
29413
59950
64489
29437
59690
59745
64462
64468
64896
30533
30530
64527
30476
59728
30489
29448
30515
64895
30500
59931
64863
29380
30312
64852
30313
30524
59960
64915
64893
29386
64918
29387
64889
64890
64891
64892
64493
64509
29429
59705
59754
30589
64421
59750
64423
64427
64428
29426
64447
64533
59703
64634
64636
30617
64640
64641
30590
59757
64452
64384
29434
64402
64404
64405
30469
64395
59762
64385
30592
64387
30598
64389
29433
30595
64440
64442
62958
30331
59056
62632
62619
32063
58915
62647
62638
62622
62623
29657
58923
62577
62525
62526
29660
62531
62534
62536
58920
32050
32161
29681
32099
63016
63017
58978
32096
63023
63024
62607
58924
32044
58971
32039
62582
62583
32049
62616
58926
62506
63042
62810
62739
32113
59036
32131
32146
32138
62808
31924
29553
62775
62784
29563
29566
62679
62684
31918
32114
32147
32158
62574
62509
62513
62539
32151
58939
32169
32184
58934
62771
62542
32175
32171
59042
62760
32120
32123
32103
63040
62963
30465
30438
62891
30432
30449
62880
59782
30466
29621
62816
62855
59776
30459
59775
29626
30455
29620
62819
29613
30429
62940
62964
30347
30346
62950
62935
29630
62931
59826
29612
30336
30335
62890
62836
29629
62841
59836
62863
30406
29679
32084
62992
62994
62996
58963
29674
63002
63003
32082
63097
32081
29678
32079
32075
58951
58948
58966
63046
30416
63084
63058
63068
63067
59799
63053
63056
59798
63060
63049
30417
63088
63110
59794
59791
63116
63090
63096
76756
27843
76740
75371
38336
75378
55873
75383
75387
38327
28005
38125
75391
75364
75366
55863
75368
27988
27987
75576
75352
55877
55892
55901
75439
75442
31646
75441
27997
75340
75343
31671
75329
31669
31668
75321
75322
55878
34998
75328
55893
55891
27993
75507
75496
75498
75499
38309
75502
27984
75488
75479
38310
55671
55683
38410
38399
75532
55684
38406
75495
38313
75582
75610
38343
75568
38342
55886
75561
75565
75609
38295
75601
55883
75617
75608
75607
75594
75587
75596
75438
75436
38402
31596
77150
55803
77166
31566
55817
31584
28090
31595
31574
55814
31593
31592
77035
77044
77048
77049
77155
77152
77093
77125
77032
31610
55820
31604
31623
77116
77118
77128
77170
31626
31625
55819
31640
31580
77183
55788
31585
28097
27992
75407
75428
31714
75395
75398
75399
75403
55903
55902
75425
75454
75455
75458
75459
75462
75452
55921
31698
75424
77096
55917
77097
28098
31717
77100
55860
77103
77108
76876
75420
77076
28100
55912
77499
28102
31684
31683
38404
28046
76926
75209
38265
75202
38217
38216
75215
75205
55724
75210
75227
38210
76250
38208
38206
76042
76045
38223
55707
55710
38236
55721
38248
38247
75177
75176
27606
75160
27608
27611
75217
55741
75195
75218
75219
38275
75222
27599
38238
38235
55767
76009
75950
27642
38610
75954
76016
38606
38602
56160
38634
75999
27643
75983
75986
75978
38613
75995
75947
56170
27583
56147
38230
38225
76079
76080
38647
38645
76076
38633
38660
76065
76068
38638
38651
38664
56139
56152
55766
75234
75541
38386
75142
75144
38393
38392
75120
75124
75118
28044
75095
75026
38181
55631
38177
28027
38168
38167
75096
38368
28026
38423
75542
75543
75530
28009
75513
55698
75526
55697
75091
38400
38398
38370
55694
38376
75081
55689
38183
75013
75236
38151
38153
55776
75301
55775
75303
75305
75306
75311
75253
75279
38148
75284
38203
75290
38252
75292
55778
75249
75041
75261
38192
75073
55649
55780
55758
38132
75259
75262
55762
75269
55751
55749
75254
75239
75240
27813
28110
28087
76739
76553
31324
76498
31323
76501
76526
59105
76551
76556
76523
31313
76559
31267
76527
31266
31265
76530
76495
76493
76525
27890
76326
27829
31507
59113
76295
76296
76298
76304
27875
31305
31304
27851
76511
76513
59114
59108
76533
76534
76322
76874
76445
31283
27884
31279
76467
59079
76482
27871
76423
76451
31272
76454
76457
59101
59070
77295
76424
59102
76536
27882
31262
31259
31287
27877
31258
76432
59136
76428
76421
31254
59127
76409
59126
76413
76414
76444
27828
59324
59069
76355
31430
76773
31483
27847
76562
76351
59361
59360
31434
76358
76359
59359
76348
27834
31535
76337
31431
76761
76341
76737
59355
31413
59356
76757
76729
76731
76736
31424
76777
76797
76782
76786
59371
76790
76794
76795
76338
76342
59325
59319
31546
76274
59318
76276
76278
31501
31498
76286
59316
76287
31496
31494
31522
31490
31504
59327
59317
76385
31524
76401
59308
27832
76369
76391
31528
76397
76399
76402
76383
31560
59335
76370
31554
31553
76374
76382
77297
77299
28085
31852
31747
31745
77393
31797
59176
31846
59175
76978
31752
59174
59173
76981
76982
76983
28067
59168
77387
77418
76960
59151
77479
77423
77367
31729
77373
31734
77380
77366
59160
77382
77361
31723
59147
28080
77408
77412
76958
76966
77469
31815
31808
76911
55858
76880
55856
55855
76891
76938
31810
76939
76940
31832
76946
31829
76950
28048
28063
76907
57502
76996
31839
77015
77020
55836
31857
28056
31869
76998
31811
77001
28060
28062
31858
31835
76901
31812
31780
77481
77302
77208
77321
77322
31344
59191
27864
31365
27866
77192
77318
77193
59193
77196
59192
77226
77198
77200
31338
77317
59189
77307
59083
77287
59085
31372
59097
77281
77284
77334
77313
77335
31394
59094
59092
59090
59088
27861
31346
77259
77483
31794
59208
77426
31765
31763
77460
31776
77440
31793
59210
77488
59180
77490
77491
31790
77493
77497
77443
31769
31359
31353
77264
59184
77246
59183
27868
77233
77234
77236
77451
27869
77237
31352
31561
59215
31772
77450
33471
65041
33474
18860
19237
27346
19225
27347
19228
8431
8426
19291
19292
54958
19277
19262
19264
8374
8373
54949
18857
19255
19254
8404
27380
19312
54991
19362
19364
19366
19368
54984
8360
19246
19345
19349
54936
19219
27365
19242
19245
18858
18862
8165
18863
18877
18772
18773
18774
8172
18781
18784
27411
27413
8182
54762
18758
8200
8198
27414
18766
18813
8175
8176
54736
8383
8380
8395
18832
18834
54745
54744
27360
18898
18867
8382
18886
18885
18870
18872
18874
27421
8307
19308
19334
19303
19162
1662
19149
54864
19154
19155
54865
19157
19158
27467
1672
19206
19213
1664
9998
19187
8332
19174
19172
1646
15850
15792
1710
15795
15796
15821
15849
15851
15838
19168
54856
15827
15831
15836
15837
17499
1648
19139
27470
19086
8301
8287
19108
19109
8286
19114
54964
19319
54980
8293
19322
8316
19326
54983
27368
27370
54993
19104
19122
8325
8354
19096
8324
27475
19067
8357
19072
8356
19077
8295
8351
27478
19127
54962
54970
8319
19134
18816
8163
15818
53959
8658
8634
19746
8632
54794
19733
19734
19736
19739
19742
8603
8631
19945
8598
8597
19951
26969
19756
54797
19752
19718
54784
26981
19822
19766
26986
8636
54774
8635
19726
19706
8652
26972
19693
26955
19700
8669
26970
8629
18825
19926
19874
27022
19876
27024
8713
8747
8746
19858
27012
19861
19882
53968
8735
8712
19918
8682
8689
8715
19870
19869
19990
19927
19931
53957
19923
19960
19986
19987
19996
8717
8672
54374
19969
8724
53980
19978
53979
19814
19805
8642
19824
8252
54721
8259
19030
54720
19032
19024
8257
8255
18983
8253
54715
18938
18941
8246
54767
54843
19045
19055
54708
8127
18809
18791
18795
18789
18800
18905
8128
54766
8151
54706
54704
54698
18993
27401
8156
18995
18913
54823
8278
19803
18962
8209
8208
54840
19787
54836
8235
19775
8212
54833
19806
19834
8437
19840
54807
8649
18959
18956
18915
18980
27394
8269
18969
27397
18976
27398
54812
8204
18954
54811
18975
8218
54808
54825
18953
18964
1712
15789
8684
15197
15276
15280
54679
15274
15290
15234
27224
1273
54628
15186
1384
15174
15218
15221
54616
15226
15231
15309
15307
15305
15242
15156
15157
54661
27319
54657
15268
15255
1255
15304
15247
15248
27212
1270
15273
15302
15303
54631
15198
27198
1386
1335
54431
16083
27202
27204
16076
1349
1363
16057
16061
1357
16069
16072
16092
1352
15963
54424
16056
16054
54425
27197
15200
1387
15214
1402
1400
15210
1399
1395
16026
16039
16045
16050
1391
16037
16035
27201
15051
15047
54660
15044
15503
15505
15487
15471
1428
1485
1535
1532
54573
54601
15534
1527
15539
15541
54605
15510
15511
15502
15501
15500
1408
1472
1445
15587
52916
52915
1419
1415
1426
1434
15592
15599
1436
15469
15547
15492
54584
54600
15518
1548
54563
15026
15028
15029
1296
15018
15002
1293
15008
15154
15012
54559
15038
27307
15068
27311
15059
15022
15131
15104
54548
15107
1525
54570
1523
1486
15084
15085
54544
15126
54543
54569
1489
1517
1515
15119
15122
15970
1774
15785
15667
54460
1638
15634
1637
27433
54489
15642
1632
15687
54487
1626
15692
54485
15697
27439
1601
54479
1607
54461
54470
27449
15725
15735
15721
54529
1801
15720
1800
27452
54464
15770
1817
27457
15745
27458
15749
27441
15682
1578
1772
1575
15935
15919
27491
15917
15901
15904
1689
15908
1687
15915
15858
1684
15808
15812
27496
15800
15799
15934
15932
1697
54899
15675
54478
15678
15681
1567
1582
54900
15892
15930
27485
54890
54889
15873
54902
15924
15929
15937
27242
16143
16145
15992
15994
27262
16195
16198
1780
54391
16205
27246
27245
1732
1727
16186
1723
54380
1722
16212
27258
15983
1792
1764
15942
1758
27265
15949
27249
15955
15948
16000
54443
54451
16006
27253
54448
16010
16011
16013
1739
16241
16242
54400
16171
16132
16157
1857
16159
16165
16166
54399
16103
1868
54452
1864
16137
27240
54503
1862
1840
16131
16245
16172
16247
16215
16220
16226
16227
16221
1744
54412
1836
1741
16127
1850
54409
16113
1848
27236
53921
19883
33458
7839
18232
18238
54065
54120
54119
7818
18209
18211
18215
7833
7849
18243
7848
18266
18270
7844
18275
18231
7829
7823
7885
18608
18609
18611
18604
18632
54301
54300
7884
54322
7880
18636
54329
18640
54328
27078
18438
18277
18246
7898
18248
18136
7933
18139
18141
18142
7949
18189
7966
18193
18196
54128
18184
18171
54104
54074
7906
18282
54124
54123
18131
18152
18250
18242
7837
18257
18258
18252
18147
7940
7939
7946
18157
7943
18160
18161
18145
7942
18607
7871
18600
7854
18516
18514
7997
7994
54248
18470
54245
54243
7969
54296
18443
8101
8095
8094
18453
18455
18478
54252
54255
7971
7979
18523
8032
54225
18525
18527
8007
8046
7986
18576
18578
54238
54239
27033
7977
18587
7973
18499
18513
27048
8070
18710
18739
18715
8079
54336
27106
54308
7968
27101
7814
7866
18625
18626
18629
7861
7857
18673
8058
8117
18698
54344
27070
18491
27092
18494
54340
18595
27096
8059
18701
54373
8057
18693
8062
18678
18683
7899
18394
18534
9629
11720
54147
11820
9625
9624
11832
11799
9647
11805
54173
11810
9617
25444
11798
9616
54169
25446
11619
11618
9671
11631
25460
25461
11581
11568
25466
9670
11626
25434
9673
11635
11638
11605
11606
9677
9676
9674
11866
11868
18395
11870
11734
50822
50856
50855
11782
11784
50853
11792
11794
9420
11760
9417
9432
50848
11775
11563
9446
50824
9431
11730
11852
11871
25391
52500
11839
11841
25337
11845
9643
9632
11743
11744
50831
11750
25341
9635
11721
11598
9662
11591
11589
18413
54098
54096
18358
18306
18309
9577
18315
25428
54092
54090
9596
54142
18320
18321
18342
18343
8748
7917
54085
7893
18380
54101
7895
18368
18372
18373
25412
7911
54083
7927
18423
7926
7922
18428
54066
18420
9594
9593
9571
25455
11644
9552
11649
11654
9557
11700
11683
11688
11662
9555
9554
54214
9553
11696
11690
9659
11660
9534
18354
18334
18355
18356
54195
18340
18323
9547
18327
9543
9536
18337
15000
11665
11668
11671
25408
11673
18520
8040
19894
8545
19569
54000
53998
26912
8533
26887
19577
19578
26892
8524
18748
17914
8552
17917
17918
54007
17920
19546
8583
54026
19661
19680
8571
8568
19669
19652
26904
54057
54054
8584
19608
54052
8557
8574
26894
8588
19535
54022
26952
7686
26913
53804
7720
17815
7671
53792
53808
26946
17874
17875
17876
17883
17884
7674
17873
26917
17856
7691
17839
17836
17891
26938
26915
17904
17892
54012
7707
54009
17963
7701
53805
17934
17935
17938
17930
17941
7713
17946
19679
8565
8514
8462
19528
19513
8487
19511
53925
19496
19498
8492
8491
27001
19507
8484
19502
19453
19398
19399
27006
19525
53910
19517
19485
19896
53919
19899
53944
19478
19481
19483
19488
19515
19456
19460
19462
19466
8702
19470
19454
8481
19406
8480
8458
8450
27029
8475
19532
19638
54032
19646
19630
8448
8471
19615
8467
19618
54029
19620
19611
19421
8515
8495
19439
19377
53936
19452
53929
19415
53984
19438
53986
19418
8503
54035
8500
19450
19434
19433
27002
26918
17861
18551
17802
17757
17758
7651
17760
17762
17768
7645
54064
17739
17742
7639
17772
17748
54269
17736
17775
54275
7652
7653
7637
17572
7629
53848
17538
17563
27176
17566
17568
17573
17550
17574
17575
7625
17542
17543
7620
7635
7593
54274
26919
27153
54289
7600
17716
7811
27159
54283
8023
17700
17703
8015
17706
54234
18540
54233
8029
8044
8042
7603
7605
17694
17791
7589
27155
27156
7587
17785
27157
54265
17784
7610
27149
17681
7581
17687
7597
54261
7599
7627
7522
17534
17533
18120
18107
18089
18090
18093
7775
7736
27135
53777
18096
53776
7747
7746
17992
7744
18000
7765
18117
53787
18111
18082
53761
18070
18072
7735
7785
26914
53763
18083
26929
18052
18054
18056
53757
18063
53755
18085
17980
7762
7549
7519
17646
17649
7512
7507
7505
7502
7518
53830
53892
7535
53839
27124
27125
7530
53840
27150
7517
17590
53868
7557
18043
18044
18011
18013
18008
18020
7543
17811
7564
7559
7560
17603
27117
17611
17614
7569
15567
1479
1482
3105
3076
3077
3068
1085
1084
3050
3052
3053
1082
3058
1078
1026
3057
1032
3108
3109
3110
3075
3074
3072
1066
2827
2823
53720
2853
2875
2879
2886
1055
3071
53730
2870
1063
1060
2867
2868
2869
1029
3104
2611
53690
2983
209
3007
3033
53704
203
53703
200
213
3008
53595
53594
53593
3018
2813
2602
2606
624
2976
2971
3096
3091
53687
53686
1022
3098
3100
1021
1018
3003
2991
53679
2994
26857
1037
1052
1050
2824
53724
2850
53725
1176
53604
4535
4537
1208
4541
53605
4596
1199
1197
4603
4375
1093
4581
4583
989
3750
53634
4563
4556
4684
53635
53651
53653
4676
1237
1235
4683
4685
4554
1212
4668
26819
53667
1184
26823
53654
980
2917
2919
2836
2933
2934
2936
947
975
944
956
958
951
2840
972
2846
2849
53729
2832
969
2949
952
2922
2896
2923
1013
26815
1010
1009
2893
2895
53627
2960
1006
53626
2905
26804
976
26805
955
2607
2613
53641
53530
5
3581
3585
3586
53583
3591
21
3561
53579
26
53517
3514
3461
3466
3469
3458
53531
3578
53587
53588
3551
59
2706
26759
2709
53560
3548
17
3537
7
3535
26784
13
3522
53591
3553
26786
3440
3444
2599
3450
93
53544
90
3701
3707
83
81
3677
3678
96
97
3685
113
26772
105
3744
101
95
3493
3491
3512
53527
53523
53522
26793
3507
53518
53535
26778
118
3496
3495
26760
3485
140
53547
139
48
2726
52
26736
178
235
284
2533
290
2521
2518
2504
26748
2514
283
274
2538
2561
53499
2572
2574
53505
2525
181
168
2581
2582
53486
2615
53483
2593
170
53482
2578
2639
26795
2646
175
2622
53512
26745
2541
2547
53455
2674
2782
2786
237
2678
2684
53469
2690
261
242
26756
53465
53464
2667
2666
56
26735
241
243
2551
2746
2556
26755
2766
302
2755
53447
2744
2747
2809
2751
252
2798
2799
2800
2801
2805
4623
4631
27293
4057
3804
800
802
813
4021
4006
3990
26707
26709
26710
53398
3997
4001
805
53375
858
4050
53433
3801
3798
3765
823
850
53415
853
53413
53411
844
3827
3796
53406
53405
3813
53402
3823
793
3791
859
916
53280
913
3946
53390
876
53388
53387
3975
866
3949
3950
26687
53383
3956
3957
3958
53282
879
894
3944
921
26698
3930
910
899
53369
53397
53368
53362
919
3931
26699
3934
3936
935
933
3908
26700
923
3779
824
3881
3880
4141
4196
4362
4370
4372
4341
53437
4347
53356
4353
4346
4297
53354
4243
4244
4248
4254
4298
4139
4311
4076
4129
4130
4125
4134
4137
4140
53335
4115
26668
4119
4112
4084
4096
4332
4333
26665
4240
4239
4212
4169
26645
53285
53300
3839
53302
3845
3890
3893
53290
3903
53310
3886
53309
3870
3871
53303
3849
3855
4210
26662
4208
4236
53347
4257
4259
26676
4179
26661
4145
53319
4288
4289
53291
4152
4270
4148
893
53179
53644
1106
4455
1166
1165
53275
4466
4468
4469
1161
53274
53271
4517
4520
26630
4522
4523
53265
4513
4471
1152
26625
53252
723
4905
4908
26575
735
26577
734
726
1138
26601
4889
1143
1150
1133
4476
4477
53204
1103
4797
4503
26620
26604
53236
1172
4435
4416
4418
1226
4427
4428
1217
26615
4635
26616
26617
4642
4643
4437
53224
53222
4407
1131
1102
4529
4451
4398
4402
4405
4408
1120
4395
53210
53209
1130
53207
53206
4390
4854
4856
26574
53152
687
4723
26587
4695
639
4704
637
26593
4750
633
4758
4748
627
53139
4729
644
4733
688
4713
4712
677
4798
53178
4787
4786
4784
681
4779
26690
691
4824
698
4813
696
695
4842
4766
4735
660
659
26565
762
763
4994
26582
4996
777
4963
4975
744
4971
4844
4922
719
4876
4878
716
760
4987
658
4955
656
26597
4845
4947
4948
53134
701
4943
4939
756
4924
4925
755
53131
53130
4936
3714
52703
3720
17468
26550
1974
17430
17459
1989
53104
1988
17438
53106
1977
17488
17494
53120
17496
17497
2394
2392
53092
17443
17457
2017
2024
52993
17250
2022
53045
17257
17261
17230
1960
17231
26486
1991
17241
1970
1968
1966
17466
17469
26537
17470
53052
53051
2359
53049
17402
17401
17385
2351
17392
2349
2347
17398
2364
16978
2379
16982
16983
2384
53055
17421
17380
26559
17478
26544
26543
17369
2419
53063
17347
26530
17348
17350
2411
17358
17359
2407
2406
17205
52994
17195
17191
1925
16540
16432
1921
16434
16436
16439
16440
26512
53010
16411
1932
53043
16418
1949
16446
16468
16536
26407
16528
26405
16501
16502
16495
52813
16546
2032
16550
16553
16527
26406
53022
16557
16559
16560
16545
16542
1944
53037
16476
52972
1909
17332
52976
17337
1902
17325
26493
52987
17273
17313
52989
17214
17218
17219
53003
17223
52984
17271
16480
16462
16448
16449
16451
26505
1939
16454
16458
26504
1879
16874
17288
17290
1887
1882
17285
52985
16985
2373
3723
15458
16248
2320
2319
15419
2313
15411
2308
2323
26450
15399
2338
2337
26452
26453
15401
15429
52956
52949
2315
17084
17094
17038
52942
17044
2192
52941
17071
17093
17101
17079
2220
2217
17074
26475
2211
26465
2210
2331
52952
2371
15434
2294
2290
52897
1874
15381
1455
1458
15371
15355
1454
15359
15366
1451
15369
15314
1447
1463
15329
2296
2297
15340
2283
15430
15441
15442
15447
26460
2273
2272
15326
15342
52906
52904
15317
15319
15320
15321
17035
17049
52940
17051
17005
26430
17008
26431
2490
16900
52859
16908
52854
16880
52872
2438
26437
52887
2430
52885
16942
2482
52867
17000
2474
2367
16990
2420
53072
53070
52970
2475
17021
16996
17022
17023
52814
17028
17012
2467
52869
52882
26442
16932
52841
2246
52844
2263
2262
2258
17156
17157
17161
17175
2251
2250
17109
17054
17060
2204
17052
17178
17174
2424
2452
26410
16928
52850
26414
17032
52818
2454
2451
17150
2450
17145
26423
17115
52848
17119
2233
16500
52811
16497
364
554
550
3375
3376
581
3422
26398
3432
52799
52796
3417
3402
314
3410
3411
52736
3359
556
3392
3391
3172
52782
3196
26329
3184
26366
3169
613
587
3389
585
3180
26390
557
563
562
3387
26400
52751
16492
26373
16668
16670
16671
16673
316
26328
345
16678
16652
16653
16654
344
16657
52552
337
335
16714
26377
26384
321
26378
3284
52741
52738
373
3298
52755
3347
384
350
26379
3125
3328
330
327
26383
324
3194
52787
3202
52788
542
52718
3663
3667
535
530
3638
3639
3642
479
486
485
3643
3437
3226
3227
3230
543
544
511
3625
26562
26561
3726
3672
521
52725
3624
52729
3611
3629
52727
3612
3597
52723
3602
3608
3232
3233
3234
3158
545
3279
3201
469
3148
3150
52681
3159
3250
3161
3144
3162
52791
3138
3139
26344
52686
495
52665
3218
481
3224
3223
26364
3208
3209
471
3266
52688
52677
52692
3275
26336
3277
52689
3260
52546
16701
16700
16736
16349
2045
16333
2044
2068
16344
2036
52649
16368
26323
52647
16398
16403
16387
16370
16376
26309
2069
16361
52652
16760
26313
1875
16788
16789
16790
2100
52624
16761
26321
16764
2102
52620
2091
26319
52638
2071
26308
52591
16328
2114
16317
52596
2178
2175
2172
16301
52611
2131
2185
52609
2145
26302
16504
16487
52604
16489
2184
16290
16272
16271
52589
16274
2110
2159
16280
2166
16285
26293
2151
16253
16255
52586
2154
52584
52582
16266
2072
2076
26276
16732
16579
459
16625
458
16627
52517
16623
16621
16608
16609
16602
16614
16616
401
26254
16819
26255
461
16576
16569
16696
16683
467
52544
16686
16688
26279
26280
444
52563
16585
442
430
52571
52570
26283
26285
16829
394
16818
16744
16843
16844
416
16849
52527
415
16742
413
52534
2498
16751
2087
2085
52578
16724
16731
16854
16856
16800
421
16802
26259
16805
16834
52518
426
423
16798
26261
16837
16861
16863
16865
52536
16869
16871
11357
50845
11364
25778
7493
66315
7491
66321
66322
66324
7487
66311
66309
66308
7485
7484
52456
66304
7438
66300
7435
66312
7496
7482
52435
66382
52439
7477
66329
66274
66277
66281
7468
25771
66255
66256
66259
7479
52427
66263
66264
7434
52448
66423
66521
66532
66525
66534
7243
66539
66486
52232
66484
52231
66432
25745
7238
7236
52245
7227
66428
66427
7343
52227
7345
7452
52345
66504
7440
52244
66494
66501
7454
66548
66543
66551
66555
66557
66558
66559
7446
66561
66381
66380
52460
7367
25736
7186
66858
7400
66855
66840
66843
7397
7396
66853
66720
52372
25706
66750
66753
66754
52420
6978
6980
52351
66821
66632
25937
66605
52413
66611
52406
6962
25731
6985
6959
66833
6955
52357
66801
66807
66811
66757
66729
7417
7375
66332
66334
66335
66341
7377
66367
66391
52486
66349
52485
66399
66400
66401
52483
66387
66371
66348
66365
7416
66761
66797
52472
7410
52461
7405
25712
52466
66766
66361
7358
66759
66768
66776
66351
7352
66355
66410
7260
66628
52296
6873
25702
67374
67375
6478
52284
6473
6471
67351
67352
67356
67362
67383
67385
6444
67413
67414
67369
67368
25639
67496
25643
25631
67486
67487
67492
7289
6251
67498
6449
25662
67482
52267
67465
6456
67476
67478
52299
25692
7259
52294
51482
66999
67000
66993
51474
25679
67003
25674
6557
66900
25782
66909
6548
66896
66894
6525
6486
25664
51873
67017
66983
67386
6417
6412
51874
6410
67187
6427
66975
6484
51456
66972
6437
51464
6429
66955
66994
7298
67435
7285
67441
67272
52225
7207
7208
67329
67330
52224
52223
52219
7218
25647
52216
25649
67312
7319
67316
7318
67302
67300
7197
25751
66472
66473
66474
52256
25750
7254
66452
52250
25758
66457
52249
7250
7249
25753
25757
52198
67265
67211
67214
52311
7327
7306
67246
7267
52313
67233
67234
67242
7329
7275
67190
25658
67457
67458
67444
7268
67262
7333
52264
67194
67218
67220
7316
7314
67223
7305
7311
67195
52318
25650
67226
7307
52322
25651
7334
67252
6963
66627
5486
13471
13579
5332
13585
13586
13576
13575
26191
13558
13561
26190
13567
13572
13462
5446
26176
13465
13468
13578
13532
5321
13548
5373
12707
52180
12712
52179
13126
52178
13537
5324
13535
52173
5330
13520
5327
13523
13528
5443
13474
6248
13441
5399
13674
5396
26210
51926
13687
13682
5410
51921
13736
5426
51920
13743
13730
5417
5413
13719
5400
13693
51928
5462
52129
52130
13455
26180
13476
26184
13504
13496
13697
26189
52138
52137
26182
5454
26173
13439
52184
12697
52168
12730
12510
12577
12564
12570
12571
26009
12575
12559
5594
12543
52045
5588
12556
12657
52043
5617
52040
5596
5547
12512
12628
12644
12645
12646
12650
5481
52107
12625
26000
12537
12578
12576
12522
12527
26004
12502
52096
12766
25995
25979
5571
5567
52160
12689
26198
5573
12674
5572
5570
52165
5470
5468
12665
12666
12724
26201
52167
5566
12785
12769
25991
5612
12754
25984
52052
5548
12745
12736
12798
12783
12802
12805
12806
52053
52108
12782
52110
51935
26239
52401
51958
26101
13411
13413
13415
13409
13307
13308
6921
13317
13302
13301
13299
13283
26110
6935
13297
6946
52014
13429
52018
7143
13394
26114
7145
13363
7144
13366
13368
13369
52019
13371
13372
7142
13376
26097
7140
13422
6945
6942
6250
13341
66713
52400
6999
66681
26136
6994
52392
7028
26142
66592
66595
7026
52390
26144
6993
66580
66604
66680
26152
66657
6892
6941
6940
6937
13355
13125
13338
13332
13330
6907
39999
40001
6886
66670
66676
66653
26154
7112
7113
13390
13389
51890
13633
7044
13647
7039
13225
51883
13229
13231
13237
7050
7051
13209
13210
13214
7062
7061
7048
51952
51913
26242
7080
7083
51945
13623
13625
13626
13630
51942
7092
26243
13602
7106
13609
13610
7101
13662
7060
7057
13268
13168
13127
13131
13137
13163
13191
7179
13167
26122
13161
7111
26125
26129
13174
13282
26115
52027
52008
13158
51911
13244
51910
13274
51909
51907
26224
13261
51905
13246
13157
51904
51898
13255
13259
13150
13155
7155
66889
6499
6497
65818
65868
33136
65925
65928
65929
65930
33131
29189
65933
65935
65904
65909
51622
29196
65805
65812
33152
65867
51615
65879
33175
65638
33181
51828
29182
65689
65693
65696
33171
33165
33170
33169
51822
65679
51819
65782
51616
51631
51630
69208
33149
33274
69166
51575
51574
29090
69177
69178
51600
69147
33216
69150
69151
69153
51567
69159
29092
33214
65832
33278
65828
29087
33201
33279
65787
29217
65791
33253
65843
65842
65827
33245
65854
51624
33260
65851
33262
65825
65637
51830
65630
65629
33406
51849
66099
33402
66107
66108
33435
66158
33433
33432
66165
66167
66170
66155
51854
29178
66141
66114
66116
66130
33304
66235
51746
66242
51744
66244
66246
33305
29172
66129
66212
66221
33412
51797
66122
66125
29161
33426
51871
33422
51804
33367
33363
33362
65776
33381
29210
65745
33390
65769
29212
33386
65651
65654
65655
51818
65661
65771
65765
65938
65722
33361
65728
65730
65735
65737
29157
51862
29151
65705
33372
51807
65712
29202
65716
65718
51812
33205
69211
66893
33595
51673
29133
33684
68837
68866
68838
68842
51670
33680
33679
68867
68892
68898
33690
29136
68873
68876
33687
51677
51662
69288
69228
33722
69235
69236
69230
69281
69286
51678
69276
69295
69280
69279
69261
29127
33732
33745
68881
33593
29095
68878
33501
68802
29116
68806
33476
69008
33515
69012
58342
69015
33450
33475
69022
69005
69004
68988
29064
29115
33504
33506
68765
68775
68781
68782
33489
68756
58340
33484
68767
68792
68768
68789
33481
33497
33510
33508
29114
29101
51655
69255
69252
33646
33645
69076
33633
33641
69102
69104
69125
69126
69128
69132
69133
33652
69139
33653
29082
33668
51696
69070
69067
69194
51584
33239
33238
69184
69187
69188
33237
69191
33649
69218
33227
51590
51588
33643
33650
69083
69106
69107
69111
69346
51707
51706
33597
69357
69341
69344
69337
33624
33599
69354
33619
29079
69298
69296
33672
69250
69369
51709
69118
33655
51684
29066
69321
51698
51699
33657
69330
69332
69308
69333
51701
29070
69305
69307
51712
69313
33314
66174
66182
65572
6337
6335
51302
65325
51289
6364
65391
51294
65378
6354
65388
65356
65359
6775
65368
65369
25904
25920
65341
6344
51516
65413
65411
6376
65403
65407
6386
65458
6400
6345
65451
6397
65440
6394
6366
51407
65392
65571
51323
33290
6758
65488
65482
6745
51254
25803
65532
65535
65536
65537
65541
51269
65529
6851
65511
25805
6847
6836
65489
51287
51259
65586
6766
65582
51319
65559
51316
51313
6787
65618
6739
6734
65622
6733
65594
65595
65599
6723
65421
6382
65418
6384
67134
6513
6512
67138
25890
6508
6507
6407
51439
6305
6303
6300
6298
6289
67127
51433
6293
67032
6520
66929
51417
51421
6496
51420
66938
51418
66941
66943
66947
66926
6488
51415
51443
25886
6504
66920
6521
6309
25881
51534
6281
67072
6254
51548
51547
67092
25875
51500
67079
67043
6277
67080
67083
51494
67086
51522
66251
6256
67038
6322
51531
67170
6320
67152
67156
51535
67150
6317
51530
67036
25863
67058
51543
67064
67065
25868
51557
51283
6838
65526
65284
65230
65202
6682
6698
6699
65211
6716
6714
66250
66039
66040
6709
66024
66025
66026
6702
66087
51772
6694
51774
6593
51362
65235
6581
65179
25851
6584
65184
51355
65197
25853
51350
25856
65169
51563
6697
65196
6648
66090
25827
65978
51731
33338
66007
66011
33356
65985
33351
65991
33329
66196
66199
51721
66203
66205
51740
33294
33323
65947
6673
51781
66061
66056
66069
66071
66072
6671
51784
51780
65945
6666
6664
51757
65975
33336
65957
33334
6568
6570
51279
65281
65121
6804
65125
6802
51378
6815
25799
6832
6829
6828
65004
65005
51387
65008
6824
65012
6821
6805
65154
6806
25811
65314
6856
51276
6857
65109
6868
65099
6866
65149
65082
65087
65091
65094
6860
65147
65148
6820
65039
39298
65307
65251
65253
65237
6603
65298
6601
6640
51330
25798
65311
6577
65294
25846
65277
51347
6574
51339
6627
65062
25792
6720
65065
51401
65060
6611
25789
51395
6608
65273
25794
65260
6604
65269
6631
51338
51343
12643
5507
50820
10148
8783
8782
8778
25104
10112
10114
10080
10083
10086
10115
51205
10090
8882
10093
25111
10141
10144
10101
51177
10311
51186
10473
8814
10507
10509
25312
10534
10535
8765
10312
10543
8761
8757
10520
10522
8752
10524
25114
10138
25089
51195
8836
10012
10015
10077
25080
25083
8863
50980
8860
10073
8856
10059
10057
10042
50996
10156
9275
25096
10005
25098
8892
8900
10121
10122
8899
51194
10117
10128
50994
8842
10024
50992
10026
50991
10033
10035
8843
51235
10487
10501
10499
10441
51114
10443
51130
51128
10349
51124
9044
25539
10324
10325
10326
10330
25542
10374
51116
9047
51112
10464
10463
10411
10417
51108
8920
8919
10422
8918
10412
10394
10456
10395
25546
51103
10406
10401
8924
8925
10380
10381
10382
51244
10548
51213
10610
8906
25515
51246
10607
8803
9012
25517
8789
10599
10600
10602
8794
10496
10564
25510
51094
8996
9023
51228
8995
9001
10357
10358
10359
8993
10567
10369
10570
10571
8989
9003
10577
9004
9274
9271
10415
51037
9321
10939
11095
25133
9119
11199
11205
9116
11190
11175
11188
25023
11212
11242
9120
9123
11216
10992
10991
10990
9318
25131
10950
51083
9316
10948
10999
11000
9333
10989
51079
11010
11011
11013
9328
10996
9327
51036
11226
9270
25031
11167
50212
11136
11145
9093
10937
10725
9091
25016
50213
9197
50231
9189
10765
10768
10771
10772
11163
9082
11134
51045
9127
11170
51049
25032
11119
51047
11122
11124
9068
11130
11115
11105
25019
11107
11110
11171
10941
9310
9312
10969
10278
50949
9280
9236
50975
10291
25144
50943
10180
50942
10182
10183
50940
10190
10176
50958
9222
9282
10295
9283
25118
9267
10265
9264
9263
10242
25079
9279
10249
25142
9293
10245
10275
10299
10301
10302
50955
10169
9237
10217
9371
11026
11017
9342
11083
11086
9356
11073
9365
11027
9364
11070
11065
9359
51075
9314
10966
11033
25153
9255
10202
9254
10228
9252
10230
9250
10623
9247
9246
11020
10211
50964
9353
9352
9351
50963
25152
10416
51109
12579
25366
9854
50864
11452
9858
11454
11461
11462
25363
9849
50879
50880
12292
12293
25364
9864
9865
12302
50897
50869
9907
25356
9895
9890
25355
9889
11411
9903
11417
11419
11474
11420
11423
50876
11446
11467
9912
9911
9877
12269
25582
50894
12315
12342
50681
12213
12214
9967
9996
9995
25577
25578
12265
12251
12253
9983
12255
50667
12260
12319
12316
50674
25362
25367
12275
9874
12279
12281
12276
25369
12329
25570
12333
9922
12326
12323
12308
12311
12312
11434
25373
11431
11430
11383
50786
9394
9395
11272
25317
11283
9408
9398
9451
9502
50812
25322
9499
11312
50807
11317
11376
25332
50818
11338
11331
11335
50819
50791
11339
50798
11345
50795
11372
50794
9389
9384
9383
11400
50792
11387
11319
11324
11309
9686
11551
11555
50935
9477
11543
11542
50932
9687
50901
9688
11532
11537
25385
50929
25386
11428
25379
11486
11308
11516
25327
9524
9522
50860
9520
25390
9516
9465
11502
9490
11487
9460
50899
11522
25377
9486
12261
12232
8946
12116
50705
11943
11935
11932
9781
11918
11921
11924
12030
12134
50737
12140
12145
50733
50731
12112
9798
11940
9831
50714
25594
9815
12026
12028
11995
12005
25592
11953
11897
50716
11898
11899
11900
11894
50713
11883
9835
12115
12118
9934
12125
51140
12058
12063
25476
8963
12039
12068
51153
51169
12069
8981
12093
8980
12090
8973
12073
8968
12054
51141
51145
8960
9790
12111
9376
51143
12179
12181
8961
12170
12165
12168
12151
8959
12149
51147
12161
8957
9766
12021
9710
12019
9948
12489
12490
9845
12496
12464
9741
9740
25558
12473
25564
9732
25557
25548
9745
9748
12373
25550
9949
25565
50695
12234
12239
12240
50700
25583
12189
9929
9926
12437
12456
9940
12442
12425
9943
12430
12459
50627
12365
12364
11960
11978
9690
9706
25618
25619
11988
11957
11990
9691
9717
11965
11966
11954
12015
12016
50749
11976
12186
12346
50653
25585
50646
9755
50661
50658
12360
12406
12417
9693
50652
12402
9725
12390
9695
12396
50648
50229
25061
50216
5231
6034
14490
14466
6041
50555
25626
14527
50549
14511
14495
50565
5208
5207
50566
50567
26039
14529
6018
25207
14481
25203
6058
14882
14905
25213
25202
14902
6056
14892
14478
50613
50612
50610
14899
6031
25204
14686
50580
5228
5282
5227
14425
14430
5186
50359
50358
14637
5179
50354
5233
14615
5284
5290
14623
14620
14611
26020
5283
14423
14420
14419
14442
14377
5223
14383
5196
14452
50314
14441
14443
14418
50368
14448
14449
14435
14432
50365
14417
25225
50604
6061
14848
14728
14754
14755
25171
50473
25173
5983
50487
14747
14746
25194
5981
25195
5998
50503
6007
14944
14705
14704
50481
6208
14834
6209
14825
6175
6174
50533
14820
14766
6095
14710
14713
50507
6200
14722
6195
25167
6003
14948
6001
14873
5969
14974
14976
5965
5961
50594
6016
14876
14964
6070
50593
50591
6069
14863
25231
6066
5971
14979
14953
5954
25217
5999
14957
14943
50498
14926
50497
14933
14994
5953
5951
25222
5947
5945
14991
50603
14678
14681
50222
5089
50429
13066
13054
26069
26070
5153
5152
50403
13064
13111
25960
13119
50409
5116
5095
5094
50411
13083
13081
13080
5076
12880
5031
12885
12886
26059
5024
12852
5127
5121
26063
12869
12968
13069
26055
50454
5124
13091
50412
14682
13100
52080
13008
5508
13019
5511
5526
5527
12605
5529
25950
25951
12596
12581
25954
5532
12587
52074
5521
13038
13031
12988
13102
13103
5096
12992
12998
13000
13002
50420
5312
12973
13006
12981
5102
12986
25973
13007
12877
50449
50448
12825
50329
14591
5237
14602
26028
5254
5256
26030
14578
5267
14583
14586
5259
14580
26054
5157
12915
5272
5247
14542
5310
50385
50384
5277
14651
50383
14649
5294
14663
14536
5307
5306
50380
50377
14554
14559
14567
26056
26077
12919
12845
5077
12947
5014
12838
12840
12841
12844
26089
5038
12833
50434
50433
5007
12820
5006
5005
12941
12930
50333
50339
12925
50349
50347
5043
26081
5059
50341
5073
50445
5067
12966
12951
12950
50391
26087
12937
14832
14831
6186
50248
5914
14170
5913
50304
14176
14159
14143
14147
14149
5904
5903
5920
14207
14208
50252
5932
14201
14167
14999
10830
5808
50281
10796
5801
10819
10845
10846
5809
5806
50308
5804
10826
50292
10839
50294
10833
10834
14200
14185
6188
50244
5885
14130
14131
5882
14133
14134
50264
5674
25255
50261
25237
50259
14108
14111
50156
14114
14116
14103
14077
25270
14090
50272
14180
14189
14191
5874
25264
14089
5865
14074
5862
5878
14083
5896
50271
14066
14070
5789
50282
10789
10788
9175
10683
10666
10667
10668
25074
9169
9167
9166
9165
50161
10679
25060
10883
5001
50175
10889
10693
10691
25071
10633
50220
10649
9202
9157
50217
10643
9150
25068
25070
10638
9146
10640
10642
50173
10687
9160
5836
10892
5835
5798
10899
5847
50179
10913
25050
10859
10803
10809
50180
10810
10811
25051
10816
5792
10799
50286
5848
5855
25041
25043
10879
50190
10865
5828
5838
5840
10898
10921
10918
5850
10928
25039
50182
10934
10935
10919
14119
5670
5700
13765
14016
14018
13988
13989
13990
13996
50115
6160
6159
13986
50085
6158
6157
6156
6104
14030
50098
50092
13907
13799
6148
13760
5937
13812
13817
25287
13823
25288
50145
50118
50144
6146
6145
50143
6140
6139
13802
14034
13984
13930
14802
6246
13955
14374
14788
50527
14796
14798
25174
13975
14785
14768
25158
14773
25163
50537
14827
25191
6223
13935
25186
6127
25185
13941
50103
6118
6117
13912
13919
25189
6228
13916
50524
13945
13946
25188
13969
25283
50119
5696
50120
14246
5658
25252
5650
14238
50040
5752
5759
14228
14231
25296
14234
50012
14290
25301
25303
5744
50067
14241
14353
5634
50052
5689
14305
50041
5640
14362
5638
14371
14350
14372
50075
50074
50072
14345
14347
14349
50002
50021
50036
25279
13879
25278
13884
50124
13826
13772
5721
5724
25294
13781
13782
13786
13771
13770
5737
13768
25292
13869
13860
13837
25306
13863
13849
13848
25307
13831
13832
50026
5718
13841
5743
5704
13894
5720
13899
5719
72261
60793
0
70835
23707
70858
49596
40555
42389
56268
23708
73234
43222
45184
70854
23693
41026
35276
37303
44892
49599
44895
20374
45190
43206
70832
70840
35308
40920
42385
42386
42387
24432
49571
43027
70827
70826
41549
42388
35294
49570
73240
40552
20920
24415
44887
44886
70797
49578
44221
40935
49581
49583
24443
56314
70795
45289
21942
70794
44903
43238
21940
49588
37273
41056
70848
23691
49600
21274
70846
35280
43011
73208
70792
56289
23690
42391
45178
43012
45234
73210
70834
21112
49654
49534
24532
41544
74159
74158
49659
43215
56269
35246
45218
43214
24124
24429
45217
24125
35248
44223
35249
23488
45216
35242
35238
21126
37339
37338
21890
74206
23485
41022
44482
44187
42419
40901
44481
56287
73664
35240
74143
41557
73654
37331
73650
74165
35299
35300
72500
49552
23694
45164
28330
49566
49550
49549
43878
49533
28337
73644
41552
74167
49565
35251
73642
74146
35252
37327
41556
44686
40561
37304
49564
35298
73634
41029
35273
74175
45167
40560
74171
37270
47914
41502
24391
56407
70879
21933
45241
20515
70896
22207
35228
21916
73157
73158
47936
23738
21921
45271
41494
47942
73150
73149
24451
70870
23735
45246
70878
35221
42601
41067
35222
47961
43438
21949
24397
56306
47951
56307
47950
73202
70891
36454
20926
35202
23730
23729
43645
56513
21929
21930
70678
73138
20351
24494
45156
41016
23716
70673
42610
24108
45260
20204
24106
45265
42605
21284
41976
73146
73145
35623
24499
41072
73132
47891
41977
24498
56510
20514
56511
20558
70862
24405
42811
73274
23679
23680
35192
35177
47895
37298
43232
21046
24383
73275
56310
42400
41500
73277
24122
37295
70811
47911
70913
70785
40583
20933
41080
21944
47918
41082
24387
43017
41086
28326
70815
24386
47927
70814
45277
44237
23683
73263
70901
23673
45298
20212
35170
56297
20211
28323
20928
35173
56296
70930
23710
70926
73255
20025
70923
44190
24396
21132
70911
21041
44914
21109
35162
70908
21946
21042
23685
70905
23688
21040
41075
24393
43230
37292
21111
70903
49655
40902
56518
23569
49504
23565
41434
23460
21385
43001
24552
21116
46068
73694
44493
49451
49397
24564
73692
44491
23465
74345
74337
49503
56369
45961
20860
40594
74354
41437
49494
44524
44522
37196
73701
35027
46016
21908
44519
43242
24550
46063
56395
56396
42355
24068
42353
24608
49383
35007
21654
35037
40624
24555
37209
24659
41484
49386
73687
21117
24666
74312
41429
74366
41431
73676
74365
73677
40591
35018
74360
49406
40205
42381
46059
74338
21895
49411
20913
56400
40913
23570
45966
42416
74242
24603
49484
40860
43903
46008
74292
44495
49488
73505
56332
40600
35119
74283
43201
49473
73512
20383
73502
21396
46009
73449
73452
37259
37258
74268
56365
73455
49475
73516
37257
74277
24375
74278
44497
74279
44210
21395
23588
56337
42377
56346
74241
45940
37226
37265
45958
37203
74250
20804
49470
49519
21170
49522
73488
23561
42999
20858
74240
74238
24594
45948
23589
43099
40200
74237
49457
74235
49459
24570
49469
56338
49462
21679
43102
45952
37228
21903
40588
49390
21054
40605
35045
24618
41530
21662
74084
35048
20899
24617
35052
49618
35053
49647
37320
21367
24615
21676
37319
73621
24622
20908
74078
24626
44456
41045
46051
56383
74079
22265
46048
43006
49644
24625
24624
49631
73619
35041
21661
56273
23502
74092
43218
56282
23512
73608
37308
21125
22203
20549
35270
56281
43007
23481
43030
73633
35255
49669
74213
45203
21666
73630
42409
20903
35049
35155
45211
73614
20902
24628
73597
23509
24629
74193
44256
74192
74181
24630
74189
37315
23453
49638
56386
49439
43261
24668
74323
41541
74322
40622
49444
74326
20522
49445
43274
35010
73744
24682
73747
46080
49437
49433
21369
73690
74302
56403
35012
21650
74318
74319
74332
24654
43005
24649
74329
35013
73736
49413
73737
49435
41539
74127
41044
46020
49431
37212
74139
43269
21882
73712
49531
44461
56376
37266
46018
73728
35069
49635
49637
49430
23449
42971
74103
74117
44462
73731
46025
73730
73714
56372
74111
23447
74109
46024
74106
41536
24671
74121
74122
20203
45055
24744
44955
24974
46661
36196
47523
20163
24973
41263
22181
24972
43728
47531
36199
28409
23228
24966
36500
45536
41194
36495
36194
35992
43594
47625
56415
40895
47617
24299
47626
47628
47634
41265
20164
35987
46672
36525
24975
36523
24965
46645
20529
36487
24993
45485
70947
56424
46658
47513
36203
24989
21319
22170
46702
43711
20160
24988
43718
47564
24994
45486
71016
20162
28416
44084
42617
70955
70954
42626
28415
24982
40348
45509
70951
45507
41200
46653
56423
46654
45528
35985
43629
45527
44933
56439
36002
40989
21149
43621
43619
56440
56442
28309
28307
43618
44928
24874
71179
43617
71176
41315
42637
73325
42653
40862
73358
71234
40326
47609
23638
41317
47611
28310
23640
71211
20322
24849
45106
23641
43624
24872
73334
22173
46665
24866
42021
40320
45515
71094
24920
70988
45514
71196
36547
24922
44943
70992
70991
20938
56411
47649
35980
40991
71206
24317
36011
24871
71209
45517
36550
43779
36549
35979
40881
35998
35997
35996
36548
24868
40896
36506
36208
36521
45480
71021
24303
20881
41997
47741
22156
42530
45607
43734
71036
44066
71038
71051
24953
36323
46624
24951
47737
44729
36241
46568
45600
28430
24927
44732
71029
45599
44352
47767
47754
47768
24926
23217
43786
41176
47756
24943
40337
46625
36247
47805
36317
44758
36215
70205
36314
36290
24843
46606
56456
41992
47809
44069
41276
47795
57291
70199
28423
46637
42531
23267
46626
71043
36232
44761
36321
23265
24947
20734
24944
47796
23269
24306
44760
41278
47798
46636
71032
36238
46565
24939
46684
28404
44740
47557
46687
45472
41256
71069
43782
28403
47544
41207
47545
24937
41208
41193
46682
70961
46693
70966
47567
47568
70972
56469
24985
42028
36517
41287
20002
42632
20879
43714
36516
47572
36514
47574
43731
71064
36236
46583
45493
41190
21309
40343
47655
45492
43739
28433
46594
24929
47758
47759
23211
36235
47760
71057
46597
47554
71062
46717
47548
41254
43747
47552
36405
41192
56479
43746
41252
36303
45498
56481
36301
45496
45495
43745
73356
71238
73141
70743
48069
23626
36413
48072
48073
24471
48075
70771
41514
40941
73394
73396
45003
45002
48079
36411
73380
70775
24459
70776
73383
40354
23623
36024
44872
73281
41517
23624
43669
45007
70761
56526
40940
41974
47968
36418
73387
45019
70765
36026
73371
70712
45029
24480
48061
44089
40945
70709
23614
24484
22142
45026
48057
36441
45023
45022
48087
70713
36408
21254
48049
21154
41956
48067
24488
73367
42591
70719
73369
45030
73398
24487
24486
43656
70718
22140
22315
40875
45011
73354
23622
35212
23711
47822
47824
70691
35626
73193
23726
36040
44864
22215
47830
36041
23728
56504
40967
45075
70695
44862
47819
47831
42612
35204
24528
47834
24102
44847
42614
41503
73166
73143
36475
20323
44846
21160
43642
47817
56488
20200
70637
36446
23616
20197
36468
44875
28344
45017
21165
40959
73169
70753
24490
70760
73178
47860
42615
36021
73173
47886
24518
56498
56489
47874
70632
56491
23672
45069
45066
70657
47885
45065
24454
36473
70655
36036
43637
41520
28291
40386
21263
21151
48034
40374
45141
45140
56538
56539
73285
48040
43772
71127
36528
71126
23658
73319
24905
36527
43613
71114
41008
48030
73315
24912
20221
20034
71101
36484
36485
41294
71100
71097
47986
41005
23634
48007
35970
45144
48009
43773
48028
48027
22124
44987
71248
35952
73348
35954
42649
42650
24852
45084
22125
40863
47603
36015
42651
45114
40982
45083
71230
73297
44989
73298
44246
56486
48014
41325
40998
73320
56429
71214
71221
35945
43614
21142
71218
48023
35947
22118
43601
35966
24895
48089
41990
73420
24898
43606
40950
48098
41306
24319
36436
36063
41304
73402
36064
48102
71139
73436
36059
45125
48117
23598
23599
73429
70736
73431
40384
70733
48119
48104
73432
24220
41961
70728
36075
45133
23631
56561
41962
24913
71112
22116
73359
40871
24917
41298
45150
28285
71111
24321
47975
73306
73307
42642
21267
21133
20216
47989
73361
48047
56544
36433
24889
36071
73400
24902
22128
47997
42640
45152
28289
71166
48004
73416
22317
20328
71161
40491
41409
42374
22987
42826
35416
48901
36981
22751
42454
48888
74520
74519
48887
48886
40060
22996
72607
74516
74494
40059
74524
45930
48898
23004
43414
45920
73023
42822
35413
74513
20846
40072
56575
23003
72814
45932
44559
48895
45931
56573
72611
72612
48873
22775
22773
45872
36978
45871
43405
22969
43404
22798
74461
43403
42874
23101
56626
20842
23086
22801
45874
72597
74464
35426
21190
74470
35424
21174
74468
22745
48875
48879
35427
40086
74465
74463
48882
42457
42340
72599
74500
40067
37014
42821
74383
22979
72985
42314
37102
20139
74379
45860
49063
43304
45909
21832
45916
44264
73031
73032
45915
22487
42445
36970
22413
74437
37094
56594
23036
40017
74393
44544
49267
74387
40823
49269
37099
23030
74389
56597
21206
56583
44537
45914
73017
36957
73030
22741
48832
24148
73015
36974
42307
74454
37082
36989
37083
20841
44563
37084
37085
73043
48848
56582
36961
36965
22416
73036
48854
42831
45912
42815
48859
45907
37090
22485
21731
48862
45899
48864
36959
22390
48771
21004
48769
44172
40268
45690
44682
72529
23108
42854
74876
74875
45686
42855
74873
42276
74872
45635
49021
45641
72528
42267
42871
74863
72635
56605
74850
45696
45695
44685
20798
72577
40110
74865
37385
44684
72525
74880
74879
40263
45639
35430
49006
45628
74965
22791
45631
45630
35389
45629
37412
72508
40847
23049
72509
37410
42303
23066
22735
49023
48997
45662
37418
56615
20082
42860
37416
35439
49003
74978
72520
74973
40103
44678
74971
42278
35444
72503
35445
56618
45698
22400
45699
23104
44657
42333
48760
72642
44279
20999
21564
74896
48764
72646
20145
35431
74891
74888
22793
48812
40051
22430
21179
74479
74485
72592
40854
48753
56629
44260
44660
37187
22809
74478
48757
21729
43864
48787
35405
21796
44656
74905
74853
42888
72624
72625
48797
45666
45682
40262
22774
22399
37383
43434
21780
42327
35448
48800
74854
74882
74883
35465
42882
74915
48818
48819
40156
23121
40157
72654
22395
21180
45668
72636
72620
74911
37392
45670
48792
48793
72972
42345
42373
49125
44062
72915
37118
40834
37121
49107
72857
21868
49156
37124
49153
20831
74582
22644
37126
20839
20990
37117
42258
72920
43326
72881
20994
40023
72895
22512
49205
21846
42910
37112
49204
20992
42963
72926
72924
22653
49123
56651
74579
74578
74542
37173
49329
43352
37174
49330
22562
36906
73073
42206
73074
44274
44272
42208
22585
21858
73075
42933
22379
36895
49112
37127
44063
49115
74574
22616
44275
22579
36911
22561
22510
74607
72863
74606
49147
37150
74603
72898
72878
21816
42194
21848
36928
36929
36913
72964
36930
20363
22526
36952
22474
22502
37031
40133
42201
43337
37032
22475
72834
72835
36914
72840
42265
56668
42952
72941
42198
36950
36935
49141
40130
36943
72940
49087
21843
36938
42956
21095
72955
42900
49084
20836
40832
42898
22508
49214
22633
37136
72829
56663
22654
49213
72903
40125
72899
22628
43331
49101
72908
49200
42200
22476
72822
49082
49081
72851
24163
36892
56677
37134
72909
42899
72827
22505
37135
49070
42225
43335
73076
37183
74538
36904
22493
74632
49238
42837
43284
37062
56691
42189
37064
49224
74635
22757
42212
22758
73097
72970
42211
44601
23012
37026
49245
37108
43290
73123
73107
20625
22495
44605
45852
22494
73093
73094
43285
45849
22552
37059
37060
37051
37034
49234
42320
56590
22408
43315
44541
74448
73004
43313
74445
20852
74444
49279
22765
22489
49278
49277
37092
42843
40012
44595
49280
74431
22760
20980
49229
37037
74415
22762
74422
74436
42840
37040
74419
45788
74435
20089
45786
21834
49346
45856
40035
74559
56712
74555
20823
74554
43857
22612
42234
22598
44582
37153
22610
49365
22557
49366
44577
22614
49298
24170
73084
22363
74537
36903
42937
22362
42938
73083
49309
49307
22348
74567
49314
40034
37169
49166
49165
49371
74663
49353
20840
74682
22544
40152
20984
45822
74678
37165
73116
73058
44375
44600
74673
42239
40151
74612
37110
45826
74670
22609
45833
37156
22358
20986
74650
74658
73056
24172
44574
40019
20361
74652
73060
43859
45839
42227
22603
56719
49048
42274
56722
49924
73989
46130
49926
35471
72713
40811
72706
40161
40162
73125
73541
35474
73542
21364
49933
46123
35488
44391
49942
49956
74024
73987
46112
72707
21361
49953
49954
49958
20578
49943
20121
73999
73998
21587
21586
46113
46122
46121
42470
73793
73552
22028
46225
40170
35530
35535
41472
40478
35546
49985
46219
37454
46217
35536
44386
35538
49962
56730
22953
44388
22705
40193
74013
23124
41476
46117
35478
40807
49932
73907
46172
43060
40480
35485
73549
35486
74047
49951
42272
21360
49753
43170
35595
46111
22934
73935
46110
41475
49757
37462
72723
46109
49762
73984
43168
42466
74042
46104
73939
40187
44445
22943
37484
72696
73913
49702
73912
22703
73925
37483
56753
22941
24194
35594
22227
73942
73940
46106
43891
49729
49843
49743
35491
46100
22022
44415
74059
46099
22964
43199
74057
49945
21065
74056
43197
74053
49950
22709
43185
74039
41481
35603
35596
21231
44439
74036
49731
46103
72726
40190
40546
35469
49736
43184
43084
74028
41480
40194
49987
73824
73522
73830
43088
35085
20568
44404
73841
73840
46195
44402
23517
37231
49882
73467
49905
73836
46093
40494
73462
49855
73890
35097
56765
20811
73568
43128
20580
73571
23748
21345
35081
46191
56772
73896
35080
73593
46206
23529
43091
43161
56769
35144
73856
40227
45982
43086
40228
73445
23584
56359
49886
21391
73447
45996
37260
21709
74274
49899
45983
45985
23556
43898
45993
24584
43158
24583
73460
35092
37246
49917
43156
35095
21224
43899
24589
45977
43901
37263
73873
46176
41418
35522
40473
23547
35517
49963
40471
44382
37444
41444
43895
44381
43140
42471
43110
44378
22893
73771
56788
44157
37237
49994
49989
22905
43048
20108
44156
73525
43186
46214
22011
73791
42477
21697
43894
41446
73529
37448
56793
46239
73556
21337
73829
43133
37240
40222
22248
23521
49872
22918
73827
22263
43120
73562
22917
44204
22916
46178
40503
40221
73785
40218
73784
35518
73584
49972
46237
21692
73586
73779
21215
49976
73588
73589
43136
23535
21998
43134
49725
73919
49696
72750
74747
56802
74764
22886
48968
74759
72658
43372
74757
24182
37362
21631
56835
48971
35379
22662
22663
35328
20080
21789
37353
74739
35322
43841
48943
72546
22676
43376
20792
21989
22855
48921
56800
43374
20956
21633
72554
42293
40795
72766
56812
21778
21173
22853
35360
45718
21955
37375
45714
48950
43076
40305
48959
22828
72747
21627
22671
72742
45719
22882
45704
48976
21182
35381
35382
21973
43366
37365
72757
48948
21629
37379
45720
35356
48963
48947
74697
43070
72544
40791
21984
42438
72565
56826
44620
42861
22442
40239
23070
42284
22970
49039
21620
20793
49040
20358
45656
74937
72562
72568
42435
74989
72512
56721
72514
49058
49059
43832
56820
40843
45661
72518
22733
40253
56822
43423
49026
74925
72569
48911
74846
40518
42460
56834
45757
35315
48927
22449
72560
35332
74738
22689
44647
21987
48908
72543
45746
74948
22450
40241
43837
20975
21622
74959
48931
44622
48933
48935
22453
48940
56832
35348
43361
44176
43370
21638
45703
22827
56836
40184
74715
20372
49823
40290
44178
49807
21993
35587
49809
72685
49805
35611
49816
44418
56852
20119
73952
73951
37482
35557
40288
40541
35555
43068
40787
74798
49833
72775
74796
42482
37479
40287
21768
72787
49840
22725
46141
74790
56853
22836
22014
49708
24192
35607
35605
46166
46165
20962
73946
21597
49715
22946
40531
49691
42463
73921
72671
56748
43175
21247
46137
46136
49821
20964
49815
72689
44432
49766
49764
46135
72660
22015
72693
46152
43177
46169
35621
20963
35554
49829
74802
74825
49793
44641
35569
22720
40310
35570
40295
44640
40792
35572
20785
49800
22821
21960
49786
22818
74811
20098
74839
43844
74712
22694
48751
21234
74767
45722
49374
56863
21958
20786
22345
45738
21573
72801
44644
44287
41462
44638
43083
21774
74781
21772
49781
20783
45725
56844
35551
49776
74784
40543
45936
21570
21568
41458
41457
74803
56841
72793
74837
22237
72811
45734
56855
74833
21574
35582
35583
45729
35567
22815
22722
22723
40277
44634
74807
49777
43688
45067
23404
23979
48724
39189
41108
22300
21486
43788
40630
46971
48718
35630
40775
36776
70481
35645
47076
47077
39192
57390
46388
70484
28163
72003
46972
47089
20259
47079
40404
48725
57256
40403
48594
23973
46375
70505
35636
20751
71904
36778
47279
28216
43530
70489
47090
40631
23884
47088
41110
48727
20261
70473
20481
48334
46956
70474
41348
44363
48730
39179
46248
22302
41668
48741
28189
21483
48739
44031
41337
41675
46390
70530
28191
39085
46401
35647
57201
48689
41747
72028
44804
70513
72027
48685
43798
23949
23950
36767
41749
71995
46393
20469
41750
23179
22048
41107
36617
35656
23337
36766
42553
70535
20258
39196
20060
35653
70538
36758
72001
23176
72000
71998
23880
23330
20407
70540
41364
46367
20309
46284
43578
71914
57228
47297
20593
23389
71893
40766
23923
48602
36782
43931
43813
46376
71889
44106
70622
47300
20398
46281
41933
47095
70608
71913
23916
42657
71937
20482
48343
46269
48608
70562
41919
47015
40411
46255
43795
23392
70565
35685
70588
20697
70609
43933
39205
40410
20698
47294
40409
35699
70613
43932
46252
35697
23782
47097
48612
40396
20699
48322
42070
40399
41132
39200
28138
23828
36820
36819
20403
39183
36794
70546
28139
41360
70495
48616
71908
46990
43478
41362
42679
57261
40700
46378
23329
71895
20447
47268
35691
36788
23946
41934
46275
47101
36789
57419
48628
70598
71881
41754
48626
46326
44034
43556
48624
48623
20711
71878
48620
21541
41157
70597
36823
23885
20294
70509
46761
41884
47322
42034
35741
46764
45453
70127
22273
41711
71980
48508
45456
35713
57189
47403
40457
41713
46760
71979
57213
48505
36645
41121
36345
36646
70128
41710
40745
44825
21496
20491
23896
71972
40760
46563
57188
23895
23894
41851
41389
41706
57217
70120
70121
46774
42035
45407
36336
70122
39083
47387
43534
42173
40671
42541
56980
57211
45461
41698
70032
39100
48475
46788
72390
43547
20453
20477
72387
46787
41684
22278
41685
42569
57320
36389
44805
43485
57319
24767
36603
24806
36652
43477
44816
44813
21467
70077
48453
43536
47415
46777
47212
20723
42662
20155
47413
48502
72397
42574
72396
41700
24774
28171
45466
47412
70025
23187
35714
44057
43787
39071
42571
40461
71956
35771
23164
39088
28196
72020
57397
44103
48707
47341
48706
36351
45426
45427
23183
41891
40668
70150
48703
43804
23959
23184
41097
35748
24371
40670
70112
35747
44834
70115
48693
42548
70102
43764
43801
46338
70522
41103
36772
48679
70523
46343
48676
28195
41343
20628
72023
41644
44828
41102
36606
46342
72022
41101
20664
70312
23957
72021
45421
57209
21466
41113
36638
22034
71991
47398
28240
44839
46351
44060
70089
70080
22284
70119
42676
70140
36673
35775
42038
21431
70143
48486
43495
70147
42675
48485
23897
46561
70094
41655
44042
43762
23902
46349
21498
71955
36668
43805
70081
24223
47307
36347
48695
57224
41890
28167
41130
71970
21497
70087
57222
70088
71967
47309
43520
41129
71966
36833
57410
47406
57498
46879
42140
23808
21543
23809
43562
23407
24047
41929
46409
46500
40708
35912
43953
70402
41792
46877
72111
21532
48147
46499
28258
57366
47146
43559
48421
41791
48150
43921
24023
72067
47136
70410
43514
46912
28256
40726
43950
46883
41924
23411
40937
20690
46882
35857
41789
46547
70399
72061
72059
24241
72058
20417
47139
23283
46414
35838
44784
57347
48427
41149
48247
48428
48246
72150
48244
46896
24350
20423
35933
46419
46487
72165
20236
70440
23813
24057
72152
72168
47123
23418
35931
48278
46505
41142
42083
47118
41762
35901
46498
42736
35899
57365
70458
46522
72163
41928
43465
48255
20252
47128
47112
42752
47114
48254
47115
36741
42104
23815
24054
43820
24055
41150
47117
57481
70412
23998
23300
20072
72076
35818
57473
24251
43808
48200
41781
42803
48196
36836
48193
57345
57374
46483
48385
24017
46527
43970
24019
43566
46526
42137
35802
48389
23800
42135
48280
72092
43966
72107
43825
41757
48170
21448
46947
72105
20599
42809
72089
48173
72104
46943
35788
20687
46532
46934
48169
21447
24011
43809
48178
48182
46540
72074
72072
24020
23798
48133
48363
46439
23797
46555
46885
48365
41785
43572
46553
57370
48129
48128
35809
35844
72036
70426
23796
46890
48146
46551
20069
42075
23994
42078
57373
23358
57421
48395
46952
40723
46921
21529
48202
72088
48135
46545
48142
46923
22082
72049
48380
46435
46559
20484
72046
46558
35795
23307
40705
24247
72044
46930
35796
40665
41766
46420
43818
41914
39143
48644
39144
42770
20767
46311
46290
35881
20410
41168
23940
43793
42114
28272
36732
23942
22294
48300
24345
72031
70369
35887
35883
22091
48283
43452
70356
70355
70371
70372
42755
47108
20075
41152
46453
40719
23935
28271
42128
48438
48643
70386
70387
41153
57362
44795
70389
40662
48648
39160
42783
42756
23368
47056
20269
20766
22096
48653
44787
47036
47021
47038
35676
71919
35671
57190
36816
70554
47068
23943
35670
47018
20307
23784
41350
71918
39158
47042
28131
70559
39151
42095
47290
42147
47035
48292
48284
47034
28145
71931
35882
46264
47028
48654
46457
28144
40420
23379
43453
48667
43794
43936
41737
70575
46262
23353
57449
48318
48290
48662
42787
71923
48661
21548
36730
22100
43911
35834
43912
46508
28275
57439
44788
48220
48219
36751
48218
48217
43575
23763
40717
23761
42101
24036
72176
28274
36814
40638
44133
21465
57437
47184
57354
72183
42778
44374
35921
46910
23435
48272
57348
48434
57463
35927
72171
20343
35924
42142
42103
23434
36747
42747
46907
48420
21251
36860
23287
28203
48266
46416
43913
43573
48413
46474
46897
47009
48238
28152
23320
23423
23400
23983
23398
46482
46308
22102
57358
72130
36723
46325
42754
21538
57426
47159
46322
46992
43588
41135
39176
46319
36756
47008
72148
43473
72122
48211
24347
70317
39165
20775
39166
41250
44790
72121
35873
72128
36812
46303
48205
23295
48409
43458
48221
47029
48360
47167
72124
35869
42741
48358
20677
20669
36393
28229
70251
36326
46839
47261
23151
42055
48545
39118
72468
48547
57016
24718
36158
45387
41636
20650
36156
28392
28391
36164
41855
47259
72345
48535
36702
46836
44722
70244
28390
70245
56971
28230
41633
40752
48551
48550
42511
23152
41634
24228
44708
41246
36102
47701
23147
72491
45354
47476
41606
47702
28362
47474
72490
42710
45357
46865
45359
20180
36583
36103
72487
47473
39327
41605
72482
40437
24230
24707
72498
41904
57019
41622
46856
36104
43992
43991
24690
24692
57021
44340
40780
46869
70295
20009
44339
46849
41838
39130
40645
20013
41218
70055
41568
20461
23146
44001
41387
70052
47347
28234
21436
43538
24814
42181
36600
36140
47198
48583
70239
20752
47201
46723
57340
41595
20537
72422
48590
36386
20779
41841
72362
46752
28223
48586
72356
39129
43542
46749
41911
36138
41576
24764
20646
72375
41214
24821
39106
41839
42673
24815
21520
45324
42183
48523
22057
46719
24273
21518
57329
21517
47364
41909
23157
70263
24268
44713
70259
22060
45325
41580
39122
42510
44078
72378
22059
46743
45329
40433
41215
56968
43997
20008
28364
45315
70218
56993
21411
36585
40652
70196
47427
57295
47678
44347
24731
40653
45553
44074
45555
47734
44752
36256
70221
46825
45551
45584
44728
56996
41829
44726
70169
28225
47690
70171
43769
21409
44327
47686
43907
24730
20655
72451
24310
42713
28436
57004
42005
57270
41858
23277
36692
36220
20191
21298
20541
47780
36211
47484
41273
40440
39313
44015
20542
47777
41798
44014
36327
20501
72234
72238
41806
47431
47791
36225
72239
70225
36685
41805
41834
70227
36686
47789
70228
40893
41812
46617
44351
41813
46616
24289
72444
36170
45369
47466
41613
45367
20042
47243
47465
45368
20498
72434
40648
22109
43989
24279
46813
36593
45314
57028
36591
57269
70236
20620
20007
36099
21513
36098
36278
70287
42709
42708
42169
46858
22108
41610
47469
36112
72433
41602
21507
40885
47732
36128
72460
46809
46815
36119
41825
46799
47446
20889
42151
36713
20331
70162
22166
42518
41384
47452
45582
47453
46833
47496
72443
23249
41823
47670
41182
36124
45569
47345
41819
41376
47444
42165
46804
28367
23253
57288
47695
57014
40439
45573
44698
24292
48573
48164
43758
72412
42540
22065
40676
56990
44354
57312
45349
45334
47192
39140
20056
56958
24823
44051
39073
42665
44048
46735
45445
23830
48472
35738
47382
28280
42667
70063
48555
48469
44822
43543
41227
40462
35938
41398
70078
44818
42176
40464
70039
41585
47195
24226
40677
36601
56987
46756
72414
40463
57311
43491
22063
45446
70070
42565
45336
56972
24832
42669
28181
44357
44817
47208
24829
23129
44049
24811
45338
21488
20456
48465
70059
47225
48572
21434
20680
48464
24363
23831
41397
23138
20799
16252
52104
29335
16885
42779
45919
12633
6992
5331
46149
5347
16283
13510
58332
22343
23318
26153
66698
69784
16286
6901
26151
16892
26139
58338
20848
69783
26436
49158
33698
66652
69782
12632
52621
16952
47480
12627
68772
51980
52120
66647
66646
16936
66642
66640
16335
6894
16250
69980
69711
66660
33488
16770
23284
23293
52842
29122
16913
66718
52125
69965
6910
69767
66649
58330
12654
42716
16915
46895
49157
33694
66705
13500
16269
12648
45938
32680
13501
2322
12651
12636
26015
25976
42777
52088
68884
42964
52393
42966
5482
69969
7004
66683
58391
22514
58402
66684
33552
5478
16268
45804
52398
16886
66700
32679
12649
23285
66715
5474
45917
5448
68773
66692
6898
42143
66707
49203
16884
26183
58418
16891
22243
22771
2264
2101
42661
49151
68868
5466
49142
16767
7007
46908
12623
29123
26185
42850
33695
7008
5487
2436
44286
42451
2431
58394
16346
66662
33512
33511
6948
6950
51990
26005
32714
13290
16278
29111
17153
47004
6933
69986
13486
12509
13488
12511
52876
58356
13296
33513
32685
68821
58426
68815
16949
26171
22665
13344
58339
13343
68817
33521
13342
52095
51960
13320
13319
23321
45717
33498
13485
51962
47470
13286
69984
26481
47357
13313
5455
58380
22750
58406
32690
32691
46997
6919
22564
26107
17090
16917
42721
12540
13491
13492
26109
6918
2109
13300
13285
12513
44308
42444
2425
32687
68793
33507
23345
42834
42487
68796
20573
45764
16276
5469
32688
13316
12505
22668
12524
5460
58403
6912
68788
13495
6884
20658
22516
69996
16282
47464
51984
22718
22465
33519
26163
47402
5459
58328
68763
23294
66669
22669
22719
33486
68769
17081
66678
13512
33477
68754
26165
33485
32683
66675
12529
69983
66674
42493
26440
33536
22748
52883
20643
13337
6888
16944
13322
23319
16947
6936
43077
47467
13350
13357
26132
68761
42723
20787
69713
6938
13580
42948
68812
6939
29109
51955
52139
52097
5495
6891
12534
58327
46951
52881
44268
12536
6885
51988
13324
2213
32684
13481
47401
69775
45706
51972
26134
68757
20639
13590
51643
2153
69862
26434
42157
52084
20642
2156
5513
49185
69860
13467
5510
29307
52838
13469
69814
42958
33682
46915
52353
66804
52966
16904
69063
42448
26316
6984
16792
52352
16901
22714
66810
33739
2487
68851
25943
51644
13024
33736
69855
25735
2486
6972
47409
2157
2483
2039
5442
69852
68849
16794
42156
42465
13473
68847
6958
66825
46155
22702
46158
46891
47488
69839
42727
42819
69806
12604
52421
12601
33543
69858
68862
12600
52358
13562
46913
46132
52585
52354
58179
69856
52360
36684
66831
32801
42250
58180
66808
69064
66836
2312
66842
66841
13044
46098
26295
52365
5520
29126
5391
23302
20505
5467
69262
69263
51248
32745
66856
42795
52119
42954
58432
13570
47405
5524
52379
50414
15427
32751
33714
5523
33539
33729
46097
52380
5522
2491
7398
13041
5337
13042
69913
33731
25956
6982
42447
2488
13016
52350
69274
42955
6979
22706
66859
17053
16339
52121
49186
47408
46936
42249
33742
15423
13022
32773
6976
42228
52348
69259
66873
26467
13010
13461
49180
13012
25738
33747
26433
29348
52346
66869
5519
42467
69270
46938
69272
13014
46159
66820
42961
47492
12585
51669
47493
47494
33692
26145
33708
49212
66571
49211
16894
46139
66568
7017
22511
52389
5345
32783
16342
66601
66573
66719
66575
5535
42724
13557
2040
33674
68896
66579
47361
58384
69873
22713
68897
32782
46878
7015
36657
5533
66576
12584
2038
68903
66582
12590
17160
42833
16879
66593
22240
52623
22731
42481
5346
26133
52072
44328
7012
43066
7011
2321
42257
51666
12641
49209
13577
7025
66585
66583
69831
47495
12591
29341
52870
52836
46893
5530
23123
12593
52871
25955
12588
69845
33704
33703
33702
58283
66581
66574
68843
66612
25946
16778
20802
22700
13560
46164
52839
20837
25727
51671
6966
52123
33709
22698
66621
66622
12613
66623
24999
25945
42776
32807
68833
43053
20496
46889
16341
46161
42793
66619
33681
66614
66618
23299
66617
12606
6964
52407
52117
42139
52115
52114
33675
66624
13475
22697
17164
22236
13449
52402
46881
43051
68869
52951
66626
33678
33677
20368
5437
58429
42693
26147
2252
52855
13446
68839
69837
13440
68844
25947
32808
16777
52856
5439
52415
13443
6968
69866
46168
25938
69881
52113
26150
5430
58282
58407
13359
45767
45692
68942
45693
52175
13219
42689
7065
13217
13216
16400
7066
44303
26238
69756
33563
45694
5374
12690
52849
32713
13747
5580
26472
20850
47363
68939
7058
29361
22551
13741
12681
52162
51919
45863
26220
5583
26234
13243
51879
12684
26235
33566
26196
12691
33561
12734
69755
22802
42873
5376
5379
20819
22803
13235
16362
51882
7037
45685
13230
69752
13714
17033
26324
12663
2070
58318
22555
13239
13211
13224
26197
45848
5418
29317
46974
7052
13207
51881
42891
68912
46989
42889
23336
13549
45845
68944
7049
68916
22764
68938
47352
13227
13257
46959
69042
45636
33572
58290
42125
52056
26093
2444
68929
26233
22547
7164
26225
58377
51922
45625
13250
17182
7162
13258
42682
46960
13536
17131
13201
52640
69032
52058
12795
33514
69034
47377
7161
13279
69036
16355
5584
47353
13252
42852
47379
13249
16356
52164
42856
52174
42429
68934
16359
26194
12788
47400
12789
46955
17039
17181
69707
2343
7055
68937
45688
69760
16360
17113
51908
52651
45868
13278
42944
51903
69746
42859
68931
13245
69747
42858
42945
42857
20630
42690
42844
69749
68963
13263
42177
69763
22548
42688
42838
46996
52170
33585
22805
13539
52845
45781
69703
69702
12698
46978
5354
6875
13600
7090
69374
33583
45782
7075
17171
13613
17111
45780
36664
7105
13711
52646
30001
22794
33587
45794
5358
42671
12732
51940
47186
44294
45793
5357
58401
2041
26202
47350
68965
45882
45784
68957
22807
44316
12710
7082
12711
29303
13616
45891
13727
47351
17176
51947
45787
33579
13672
36666
12705
5386
68952
7085
17065
51949
52185
42440
69701
12702
26203
42879
22429
45894
13629
26241
13627
45885
42150
69700
2230
5371
69698
13624
45887
45789
17173
5359
42672
42180
22656
13645
51884
2067
22782
2052
5367
2240
2238
29300
5380
51889
42886
26230
7047
58313
58312
22780
68971
68972
33574
45667
13543
13648
13226
68921
13436
22549
12667
52645
68923
13438
52156
20820
7042
44258
26215
20497
58316
12672
5368
13545
42875
2227
17067
33554
45881
13658
52153
5361
12723
7095
7096
22776
12716
22657
52177
69695
46945
52152
46981
13632
13671
22428
13718
7102
12720
13659
51885
26245
2046
12717
45664
13669
52846
68973
16330
52154
13667
45673
12719
45676
2235
33590
21474
13663
13716
2234
7094
5558
12808
7158
13398
26479
29118
17098
5605
36661
51924
5606
33449
2206
26112
7141
5620
45747
45748
45749
69019
33447
52826
47022
45744
13400
42717
58368
52041
2223
45778
22674
13423
13533
17102
17167
5589
29309
20824
45762
2224
2095
12551
52032
47027
2037
33452
16927
42939
13426
7131
36676
21481
69798
45758
5616
22768
45811
47367
25996
12764
45900
33444
22686
49164
52637
22451
52825
52148
45648
12761
21446
12757
5402
47420
2260
13367
44305
45753
22688
2054
32664
13364
26445
52044
45756
13378
7146
45922
42848
32665
42789
47389
13526
5406
7149
51969
47386
22661
49177
23348
47010
45771
69786
52111
51954
5407
2097
45772
6923
69718
45773
52874
45775
5320
47475
45769
13593
12573
36660
12561
5431
12562
45768
13305
22479
5316
58379
26105
49162
32703
52071
13303
12566
45925
13358
20603
22808
12567
49175
6926
17104
12574
13419
45924
42936
52890
12560
13435
7132
13698
12558
16914
26098
7138
20634
2221
26320
45777
13428
49171
29311
42116
16377
52134
47478
13407
20789
20572
52132
68807
21417
52015
13403
69930
42115
68907
6929
13401
69787
69719
68908
13417
16404
26099
13388
22439
5428
13135
13142
13141
12749
13140
13139
69791
13138
69060
33466
45815
12750
45645
42941
13136
69690
33465
5563
22734
22542
5557
46968
25990
29321
52639
13193
13683
23324
36675
69055
45813
13190
13189
42436
13187
13684
69056
13165
12746
17041
45814
44304
45646
32673
13688
5336
5559
33462
32696
7152
52009
12803
69377
20659
32700
2035
69737
2446
52029
44270
17045
26118
29325
32699
13673
47376
69741
17047
69745
29364
16369
17139
33464
20796
16352
12796
26119
52007
42734
69743
22784
45817
13143
22481
13689
22543
7167
69027
12799
52001
13681
16373
13676
22488
2457
47014
58344
12755
58425
36705
26130
7126
52150
52035
22736
52822
26127
69000
46993
45655
42170
22437
20632
45653
69050
5398
69956
13386
44271
36706
22452
47369
42119
68992
45870
32668
22456
22680
42823
69023
21421
7119
7123
45001
12756
13525
5610
32670
26123
12741
2456
69026
16375
69048
52817
13200
7177
17069
2058
45834
12772
20794
52000
51992
13195
26205
69846
58416
13182
20571
29319
21471
69948
69002
25981
69947
25982
13172
69796
23125
45836
32671
68996
13171
42432
47373
46954
7171
69722
13709
7118
6685
25724
66140
66152
65319
51301
51855
65317
6333
42595
6334
33427
6365
65348
23137
23597
65344
51741
65343
2015
42594
25935
17229
65336
41959
51872
51406
33424
22322
42567
41958
6332
65321
65322
25918
29147
51291
45126
65383
20606
2019
51293
6357
29148
65379
45128
22321
6359
51296
1919
45130
17262
65324
6363
16437
44356
6346
51298
23602
45389
26511
44252
17232
6390
6393
65455
53099
41972
65393
1963
45435
45433
65738
45432
45004
45448
45005
6373
23165
65724
29158
22303
6375
25922
45008
33374
51837
25900
29142
17343
6378
65394
65410
65453
65734
66148
33375
51868
51507
23630
45033
41883
65939
23140
33398
65436
42590
65433
45036
51513
23629
25929
6398
6399
41955
17227
33370
16428
53100
26510
6403
6388
65459
29156
20674
65386
29146
6781
51312
45320
23656
41963
29175
29176
1916
33411
52995
66119
66120
65563
65561
66121
2026
41970
51317
41895
66123
53029
26515
1917
6791
23143
26514
45316
65555
17199
65611
29160
26498
17190
45095
33414
66220
23659
20871
45079
65590
66223
66224
33413
29173
53000
51267
51260
20872
45139
66227
65621
65620
66228
52999
66229
45142
22283
65614
65613
6792
26513
25902
65370
66110
2020
65366
17255
51325
51843
41894
6562
65353
66105
65361
17256
23605
45342
65358
66133
65357
45124
33420
66156
45341
66159
17258
17259
51308
65389
22319
23606
23608
20563
6774
6794
66115
2023
66113
45333
6760
65569
17228
33405
65583
6762
6763
33404
33403
16426
45347
51322
23131
44250
65577
29143
45153
45138
65471
23132
51844
6773
42575
23189
65713
65646
1987
65645
67112
29198
65628
42607
6297
23744
1929
67122
33281
65632
51435
51436
33280
33174
45393
67117
17460
1980
65635
51438
23200
45253
1979
51440
6405
23745
65647
42547
29200
44369
16532
41982
29214
29215
41980
17433
29216
16531
16530
53019
51540
23714
65657
51541
65658
44368
25880
6325
51484
45397
67179
22221
23747
25894
45396
6292
6406
65639
22219
29183
33177
42813
66919
66918
23167
45236
66934
25884
6503
66951
45420
33173
45296
45297
66946
23171
2188
65685
66942
23689
45301
25883
45417
43022
66916
65667
6494
25887
51410
20554
51409
45239
51442
45240
67141
17485
45242
65640
51829
65642
65636
65703
6511
65664
45243
45272
67133
1930
6515
6516
66930
42600
51424
66927
45249
23182
45250
65692
42611
65702
51489
26547
51498
51499
67075
67073
65766
51810
45455
17452
42582
17453
6284
16541
42558
51501
33366
51502
67105
25959
26548
51546
22213
17455
45071
23193
1959
41987
45072
6278
22211
45401
67082
65715
51490
65427
65426
1923
65422
45460
53097
6381
45014
16485
51813
65721
6383
45016
45459
6328
51493
41912
1965
65742
6272
6273
17448
23618
67084
45457
22214
1957
45051
45043
45045
67062
67061
65754
51542
65755
65756
45046
42599
45404
53089
45403
53088
51800
41983
65760
51528
51529
6314
45048
1927
67167
65780
6316
65704
67164
51532
51803
65743
65779
42542
16538
1956
25871
45408
67048
67047
44371
67046
17441
45406
67041
45059
67040
20923
51556
65746
33394
6263
67050
1972
51560
41887
67053
25866
65749
6266
51544
16414
25909
25723
66073
51787
6634
66065
51366
6635
23247
66068
6636
65271
66070
23250
17331
45576
6623
23660
20609
51389
6620
45575
65264
45473
65262
6670
51390
25839
65962
17333
6605
1903
6632
66063
26490
25821
45494
1937
45566
20617
42522
25820
65274
45567
1940
6624
52981
66074
45568
45500
22341
22330
51340
23207
17306
45504
1906
23221
65243
66062
23222
42627
23237
6607
65157
6615
65075
16465
22307
72230
65072
65070
45483
51403
1901
17340
65946
42628
16873
33333
1900
33332
65950
45479
23234
51734
65078
65952
6819
45364
16475
25831
65016
25829
51736
41898
25785
65156
51392
65056
6667
45570
65054
20888
51759
45506
65051
25790
25818
65048
23256
26491
45478
51796
6613
65043
39998
65960
42026
33330
65058
65059
45362
42630
65302
23260
65303
51762
23278
66041
23268
6711
23266
65167
51775
1885
52986
45617
66045
51761
6641
66047
66048
66049
20896
20613
66051
65166
51562
66052
6586
17286
45619
65162
23243
6696
25857
25854
45561
51765
23273
22333
51764
65214
25840
17297
26488
51763
17294
6689
23272
65229
65207
45557
23271
6692
45564
65210
6693
65224
23276
45562
20895
65222
6695
17293
41998
17284
52982
6679
6571
66031
66032
6642
17277
20891
6575
45602
52983
22339
6656
17280
6576
66055
66057
1894
66078
1913
1936
1895
6652
66083
42009
66085
51333
66086
65306
45598
17303
23241
51363
51353
65178
65193
65192
51354
45622
66053
6706
6705
51776
25852
23213
51779
66022
41995
45590
65180
17272
42535
51794
23261
45593
20880
51361
6567
23216
45586
65015
26520
51388
51751
33283
17210
65518
23639
45375
51284
1947
33300
51749
2005
45111
33317
45112
51271
42652
51270
66189
65545
17213
23155
16422
42514
42516
51268
25804
6846
6797
53004
53005
66234
51280
45379
51274
65114
17319
6870
66192
42018
52990
42636
65108
65107
45312
45311
51754
17322
16445
17315
45377
16444
6854
65312
22276
65313
45102
66180
17342
6840
1948
41908
33295
23668
65491
42647
17217
41910
42015
66230
65502
17220
20897
1992
51742
1999
65496
65495
33360
42646
65493
65492
1998
6737
65470
23661
65604
1997
53002
51262
65600
65490
2001
33311
65472
33310
45098
66240
6795
6741
23635
6742
65510
65508
45081
65480
42517
23652
6744
51256
45328
6746
66245
33306
65479
25859
23653
65477
65476
65475
65474
2003
45518
17318
65013
45540
51728
45541
44243
66010
23203
65025
51373
17307
66014
51375
65079
51376
51727
6816
65135
42625
65133
1943
1897
6801
33354
65996
23225
65982
65129
65983
6803
65028
33350
65126
26492
65949
33326
6822
1899
23232
45532
33325
44242
53035
23229
42503
45535
51386
51732
6826
65021
44341
26518
25784
65036
65035
25783
45538
65032
6830
42505
16478
65118
23436
65098
42509
20782
17305
65119
45385
51377
45516
65096
65095
45384
33297
25837
42620
6862
25830
45520
25812
65116
23645
65086
51272
65084
6865
22312
45382
45523
25001
45524
16469
42020
25817
33319
41903
23148
51380
65120
22304
17309
6834
23149
65138
65139
33348
23650
42622
23648
20866
6810
16472
16471
65992
65994
65995
65988
6812
51724
6813
51384
25836
51823
53021
33183
66497
23433
52241
52242
46007
33639
33638
16300
51695
52243
20809
66499
26541
33635
66495
45307
7443
16298
66493
69136
69137
2366
16965
42748
23420
42375
46012
51692
52343
66524
66526
43097
46005
7189
21874
22257
46015
52236
43100
47178
66544
69078
52238
45978
69079
69080
22258
46002
47177
69074
33640
25761
66553
23428
2124
16960
46004
52240
41926
16961
51691
46013
47125
69219
69221
45986
16969
7460
69322
45989
52598
66296
52457
7483
69324
69325
45990
23578
45992
42751
66310
22261
69327
52442
21461
43090
69334
25772
69318
7489
69317
52453
66303
23585
26289
7424
66507
66522
45997
52444
52445
25763
66515
51689
33663
7430
7459
23401
33662
29081
51685
66510
25777
66508
23583
66407
43095
69117
65200
69119
66306
69120
45954
26539
42743
46070
69195
66465
23516
52252
69196
66451
51593
51592
52610
47154
2147
66450
16299
66449
69087
66448
51591
42347
69089
42740
46014
51589
33436
66476
47151
51587
66483
46071
69193
7256
66460
7196
52204
69201
17400
69200
67301
2346
7225
51599
47164
67296
67295
42349
2363
46066
66877
2380
51598
25754
69186
47160
23462
23422
66463
51596
16507
66461
16979
66480
53076
2376
66442
16974
45956
47183
51697
16303
52229
2374
45943
66435
42969
23557
66431
69101
45946
66429
23573
21876
26538
23575
66535
52233
66541
7242
22255
22256
20807
69069
69066
66479
7232
23426
52257
47169
45963
66471
52612
25748
66447
69085
66446
69084
66417
47170
7261
66421
45970
7263
42997
66416
66415
52263
26536
42996
47185
42993
20805
52247
16963
43104
7494
20814
69248
33721
16314
52465
46223
44281
7354
42474
69251
17003
66795
33728
51657
66793
23313
69256
52469
43063
29073
46227
66789
52866
7409
20816
69240
69239
46221
66763
66765
26297
23542
66358
7349
51681
52497
2180
7350
52482
23545
33622
33621
33620
66562
23304
25718
23305
25717
66774
42801
16999
33618
7357
66771
66770
42030
46914
46218
16316
66784
7411
16320
22712
46127
66751
69234
46128
2496
7383
52369
46933
7392
42469
46129
52371
43056
46935
51653
25705
21450
22711
46949
66847
33717
69285
21449
33716
66852
66851
69290
46126
7389
17006
66756
52474
43059
7415
66737
25740
66735
46919
23538
66733
33725
33724
7419
20817
69226
69227
46917
7402
20689
69229
7387
69231
46124
21451
66739
69233
7388
42461
7348
51702
16954
66283
46175
29071
52436
42367
69311
33606
66276
23553
25766
7476
69314
23524
7478
69315
52438
46180
51711
43121
69336
69338
69359
52432
7422
66368
33605
23522
25765
17020
43107
26484
20810
52424
66289
66328
26534
33671
66268
29069
69303
2477
7481
17014
46204
46207
17016
25770
69304
52968
47145
46193
23527
52431
7467
25768
33610
66271
66272
52434
66372
2470
21464
52489
7380
42344
7365
7364
33596
2179
52493
7363
33613
23550
51705
51703
16321
46244
42478
47031
33627
16995
69343
22229
43087
7346
66364
66363
66362
46230
7347
7379
69373
33603
42797
66386
43117
66389
33601
42422
66403
25741
43116
23518
46210
16324
43115
66396
43114
66394
16323
23551
66392
46236
23413
66390
17013
23414
23416
43113
66339
52488
69202
67287
52203
23697
43028
6421
45161
33129
45162
29193
2133
17371
2401
65902
67417
67416
2403
33145
46875
6416
52300
41945
65906
26542
65907
67409
67408
33160
65900
41947
20918
53048
25693
41948
52289
6439
66989
66987
20589
6441
45188
66982
25685
66980
26545
23181
17477
22299
45191
25695
67401
33130
17344
53110
53109
51876
6413
17368
23698
67390
52288
51604
25690
2418
45185
33155
33154
33153
25663
52273
45219
45220
43035
6475
23491
26299
65811
22298
67370
47102
67367
29190
6465
17346
65817
47091
6448
23384
33148
67479
65800
44225
2141
67379
52271
65912
2415
67422
23280
67355
65914
43042
6446
52812
52302
6469
52287
25689
33158
43041
67354
33157
67382
6470
53064
33156
51636
43036
65859
67350
17378
42403
65806
2416
6438
66956
6451
33192
47498
66910
51617
25882
45279
6552
25781
65890
42397
51467
66902
51468
2397
66899
22192
45282
65891
41938
65893
66954
33186
45274
67010
42395
42394
6559
45285
51619
65885
23675
53023
2400
33184
17493
42393
6500
51821
51422
65676
65677
51820
66913
45414
23173
65681
66884
23709
51720
20930
66881
66880
45293
44364
66895
43019
46250
6546
33195
6542
51476
66957
6485
67018
41940
51463
16549
65873
65874
65876
2391
65877
53018
65871
66969
33137
66967
6431
25668
53116
2389
6435
66961
33134
65924
20682
43010
16525
25666
33132
67019
51465
43015
2030
47087
6526
2383
33202
65882
33135
41939
17465
25673
45291
6529
43013
65863
42552
67013
17467
47084
65866
47083
67028
67027
6524
6533
6537
45235
65869
67022
23484
26528
52201
46029
33268
7317
46031
23378
52210
42766
67215
46033
67213
67212
23362
23445
46054
46077
52608
69161
67343
46078
51571
51570
52211
22250
2129
7320
47061
67319
69148
20911
23446
7315
47051
7326
42764
65831
67203
33273
7324
7323
42359
67198
67500
33272
33271
33270
42765
69167
46021
67196
69169
42358
7309
52266
67207
7312
7313
67225
51577
46053
46081
42769
65836
43004
43003
17383
23459
23473
33221
52207
52206
52190
69210
17395
44235
67281
52194
7191
52195
2113
52196
41923
46057
67275
69213
7193
16509
7194
23371
17399
23468
52220
67336
47059
67337
69179
23367
7266
67313
69154
69155
69156
69157
23443
67310
7210
16514
46084
7211
2352
29093
7215
7216
69182
23440
67341
33212
23456
2128
33210
2112
67338
67206
67199
52279
45202
25629
2408
20565
25628
23388
45214
23510
65820
23507
42985
47069
65844
65845
67432
67460
67431
20901
52341
42410
67427
33250
42984
23505
65847
45212
67459
23504
25630
51628
23503
23513
52281
67462
25637
22200
52276
26529
23385
65789
53058
2412
42415
65819
33257
22201
33256
33255
52327
45213
26305
23495
43046
65797
65798
25632
2410
67489
7291
23390
20906
42360
46043
16505
22296
53050
46047
67247
42361
65824
7304
46049
51601
25655
67260
26532
22295
52316
17404
42976
23454
23380
2143
65830
44298
22226
33275
52319
25653
2357
42978
67235
67454
17414
17405
67452
44230
23391
52323
41917
67448
17407
52309
67445
42759
20567
23394
65856
17410
42981
67244
52310
23395
46041
23476
23396
65626
67240
17412
67237
2360
42226
6164
13032
24760
16138
7889
16136
27498
18150
24313
24311
47661
26248
24761
16169
47659
47658
18146
47674
22163
27087
47667
18259
24755
54510
18263
18262
7840
18244
47694
18247
44704
18249
44705
18251
18253
41379
27086
24754
7941
54122
22164
54125
7965
7964
54131
54129
18183
18182
25420
7961
7936
16163
7958
24735
1870
7955
54141
16161
44751
25415
18194
47679
20316
16167
47691
7934
54137
47687
7932
24746
18163
54135
16164
18188
24733
54134
54133
18276
24298
18179
24694
7878
20333
18641
7877
44692
7876
54327
18647
27081
47703
54324
18643
7851
18436
44693
47699
44691
54330
54331
54332
1798
41369
54302
18657
18659
48124
24708
18663
1835
7883
41370
18668
24706
7881
54333
18227
41372
24749
47716
16149
16148
1860
18218
18219
24702
18204
27241
47698
44700
44701
7846
54115
18269
47720
27084
18212
7817
54118
44695
47697
47713
18233
24358
27082
18236
7826
24695
54219
44694
7820
54113
18221
20332
18206
47787
18180
44709
41271
47740
18345
54218
18348
18341
54196
41285
54408
18331
44730
18338
41270
18324
18326
18328
20320
47742
9595
44747
24954
54091
47747
54089
18286
54088
9607
9606
54087
18290
9605
25402
9603
24304
9601
9599
25405
18332
25400
1797
54411
47556
11645
1719
16121
54188
9567
11652
41268
47553
11655
25392
41253
25429
54184
11642
11659
24931
11661
47656
47766
47763
9542
10000
47762
54410
9539
22154
54190
11667
16124
11670
11674
24959
54189
18300
18302
24727
54070
24743
1838
25427
18364
18365
18367
47776
18369
24308
7894
47792
24309
18376
18370
25411
1839
22158
54073
18396
47781
54081
18280
1872
24738
41272
18383
18384
54077
18386
7928
41274
18390
18391
1856
47782
44756
47808
9590
9578
9586
47775
54097
16102
43771
16100
9579
18308
47807
44763
24949
24305
9574
1845
9572
24952
25396
18412
18411
1842
7924
7923
16110
47803
27238
7919
18433
18434
18435
18419
18418
54084
18402
16108
18404
24722
22054
7616
8010
8014
54230
17709
15753
27063
17712
8011
18124
54229
8026
15751
24773
18541
48499
44809
15742
24772
17704
24771
48506
24768
17727
54287
44823
27443
48510
54517
17725
18123
27056
27059
54258
8020
24770
17701
54518
48476
7601
24828
48445
18554
24782
24367
54222
15761
15762
15763
27066
18589
1829
48474
18574
18573
18557
54521
24780
18533
18532
18531
18550
48515
44810
48455
18536
8038
18518
15748
44811
48451
22067
24778
15746
27050
27049
22049
1820
27034
48595
54270
17776
17777
17778
27154
17780
15653
17774
17734
41338
24790
7586
48487
7585
44836
27424
23751
17795
15654
23955
7579
17750
17752
17773
1602
1613
48700
27429
27427
48698
17803
17805
17806
17807
17808
17735
7584
7602
17672
41368
22033
7609
17665
54295
17669
54294
17673
17679
17666
24370
48480
17696
27163
54515
24787
17662
17661
17660
54280
7583
17682
17683
7582
24795
48488
24796
27160
17690
54469
15647
48484
41366
54278
7612
15774
41395
18610
8052
8056
18734
8084
8055
8054
15723
15724
18741
1809
8051
18743
8049
48530
8067
15738
48528
18712
24819
54365
18689
48582
54496
18691
18690
18674
22062
8061
48580
18679
18680
44711
48577
18684
54367
15722
27105
18714
8085
18599
54312
48549
7860
7859
54310
48548
54501
48546
54338
54335
18602
7870
18603
18606
48544
24719
48536
1812
7869
7862
18719
8078
24710
8076
8074
18726
18728
48520
18672
27107
54313
48519
18618
48518
18620
54371
27091
18567
24824
18442
24365
8100
8099
54298
22064
8097
27040
1804
15741
1799
54528
44766
18500
48562
18502
18440
15765
18458
54242
7999
54251
24834
18565
18592
41396
18460
7998
18462
24838
18467
8047
24839
48516
15767
41403
18506
48584
18694
24812
18492
48576
48591
54339
27094
48589
18695
15715
54495
15706
24813
48587
18700
18702
44764
18490
18489
48574
18477
54514
18509
1834
18511
41388
15711
8122
8120
15710
48558
48557
15709
27069
18483
18485
11679
11681
11702
9915
9885
9901
22114
50898
48000
22113
16001
11416
48103
24885
24887
41303
11468
9914
47969
15999
9886
48002
9887
48003
11483
27252
47972
24919
47987
54436
9896
11438
11439
22115
9883
25354
9891
44980
11424
24883
11477
11534
9862
48090
15952
48088
9846
12291
48105
15950
48107
50872
12296
44970
12298
9880
25365
15947
24687
15953
25361
9852
9881
11479
11480
27250
11482
50871
11465
41305
48097
48095
22130
54433
11464
44968
50863
9853
41300
11541
12268
25353
48029
15990
11407
11507
50916
24907
50913
9493
48037
11515
48041
9470
54438
50911
9467
9462
1785
9523
15987
11298
43774
48013
9513
11310
44991
24921
48010
11291
9528
11293
9527
1784
11296
11297
11289
48039
15985
24322
47980
20324
1793
27255
54445
11545
47984
11528
25384
48036
20326
11524
11533
11535
11536
22117
47976
11553
9481
15979
11550
9457
1790
50908
48035
9474
48033
43826
50904
11499
50903
24908
22121
11495
24327
50917
12284
1765
11703
47863
44870
16065
12241
47866
50697
47864
9959
1353
47859
12445
47861
12447
12448
47852
16070
25568
12238
12236
41516
12235
9985
12250
12256
54426
24456
50666
24458
9932
16016
50684
9936
9935
12231
47814
22138
9927
12455
48077
47882
9953
47888
16062
44876
16060
47884
47883
12491
9924
25551
9689
50640
47880
9737
22132
50638
50686
24116
1356
24470
47856
12443
41518
9941
16068
12424
47854
12426
50692
12428
24464
12431
16066
50688
9955
44868
48078
12270
12339
12331
9867
15941
22143
25314
12337
12338
15940
50781
44844
12325
12324
54422
41508
1773
48058
9868
41507
12328
48085
48115
9876
1766
24475
50892
24218
22146
9873
24476
9872
48109
9870
24477
50890
1769
24482
24483
12205
1562
12208
9981
9982
12190
12191
12192
12193
48080
48054
15966
15965
50671
12201
12202
12203
9988
41513
25576
1563
48082
12317
9975
12320
12321
24112
41510
1775
1768
25573
48065
12216
9968
44867
41512
50676
9511
11320
25326
54176
47506
11830
47505
44946
11818
9622
54177
47502
11808
25441
9619
1751
24979
11804
1752
47521
47507
11827
54144
11825
22185
11613
1750
24991
11616
16213
47514
11612
16229
11718
24992
9648
44945
11823
25438
11806
44947
47577
20350
47627
9631
9646
11836
11847
1740
9645
50835
11811
24977
11853
44953
25338
11797
11795
9641
11840
44952
25336
44951
11812
47534
11807
47532
11837
9615
24967
47529
41262
11863
44949
9628
1755
47522
11857
11610
9678
41324
11717
24935
20321
11680
11689
11694
22167
11697
11641
1745
9609
54213
25456
11587
25457
24923
9663
54216
11685
54217
54202
11704
11705
11706
11707
11708
11709
16117
11711
11713
1742
16170
11716
24934
47550
11698
25458
11595
47561
44744
16219
25448
24986
11627
54155
11629
11630
27233
24302
47563
25435
54150
11623
11622
11621
54149
25451
54396
11580
11578
11599
47573
16224
11565
1747
54397
24962
9655
54204
25464
25465
11572
44743
9651
11577
16239
16238
44954
50788
9380
11370
50790
1735
47607
47606
9379
47605
25316
11378
16207
1736
41318
11382
24851
11384
11385
27247
11388
47610
24862
44935
47583
44937
11368
44938
22148
11391
11392
47599
9387
22126
47612
11399
11401
1796
44986
11751
50809
41319
41321
11261
11263
24860
25325
54393
9503
9396
50808
9500
11311
48008
11313
43775
22122
44988
9397
9399
24855
11276
47812
11278
9411
50799
11281
11282
47813
11284
11286
1757
9406
50816
25350
16201
11343
9385
11341
41267
47653
16235
47651
50854
11780
9426
9425
9414
9452
11789
41260
22177
47646
11793
16173
11779
44942
47636
9424
9530
11752
54379
11754
11755
25340
11738
22180
24844
11722
11723
9633
22178
50827
16236
11756
47643
9418
44924
11359
11361
50842
11363
24876
9440
11348
44930
11330
47591
16178
9415
16177
27229
41314
11365
50843
1756
11761
11355
11763
9416
11758
54382
11769
11770
9434
25348
47616
43778
25349
1726
50846
24318
11354
48704
17746
49193
19828
41751
19783
8230
54831
19804
23877
54830
19830
48323
19831
19176
8226
20404
19835
19175
20445
19781
48339
19779
19161
19800
8223
19143
48335
26975
19785
1660
19768
19769
8237
8236
54847
19774
48331
48329
20402
8648
19798
19721
26985
48341
20395
19716
54850
19719
23780
26987
44041
19723
19724
54771
54770
23781
54786
48320
19166
48349
19764
48352
41753
54768
8646
54777
1645
8644
23772
48350
23775
54849
19819
23776
20428
1647
19842
8222
19797
8653
18910
18940
54876
54711
18927
19208
1669
8260
19204
41742
8263
41647
54822
18918
54820
23887
19181
18939
54712
19210
54875
19035
41852
19038
54718
54717
19034
18985
18984
23898
18928
8254
41658
1665
27391
18934
41797
18944
44035
18955
41669
19178
23876
8216
23878
54863
18961
27188
41645
19147
8210
19789
49998
54841
23881
54839
43789
18950
19152
44030
54817
54866
24221
27395
23886
54814
41744
18974
23870
44027
23872
44029
1674
41673
18963
23783
19725
41703
23766
19977
48406
19922
8716
19866
19867
19868
23767
19864
19872
27021
43914
19877
8714
23788
48419
19975
15857
8723
23759
53949
19994
19995
23756
8594
53948
53964
53966
23758
19964
19966
19967
53983
43909
23787
15854
1651
54857
1642
53946
8710
19914
19915
19916
48425
23818
19904
48435
20421
8686
53923
53922
23821
19889
19890
19908
23814
19905
8736
19847
54859
53973
19850
27025
19852
19881
8739
19856
8738
41727
19860
48431
19854
27011
19992
20425
19697
54792
19762
26960
19748
48289
54852
54795
48288
8611
19845
54853
15834
54882
23770
15832
43937
8602
8655
8656
8659
19757
48298
19702
54801
54800
19705
19698
19765
20409
41738
8663
54799
15001
8661
48294
48293
19843
15829
27019
53965
8627
27015
19959
48308
1653
48307
15822
19938
26967
41725
8618
48306
48305
53954
20427
8617
19928
43927
20411
8628
48316
19950
43939
27465
8612
41723
48313
24240
19957
8613
26993
8615
15825
23753
19924
19033
8258
17744
54942
19230
43990
19232
8430
19234
54941
19236
8429
54959
19257
19259
19280
27348
20441
19283
19080
41608
24276
19226
19224
27363
41718
41564
54960
54931
54974
19252
41871
41615
41614
19101
8401
8419
8435
24277
8425
8422
44003
24265
19062
8368
27353
24263
18852
8362
8378
18859
8352
41631
19100
24267
41629
18864
19070
18846
19063
54952
54953
27352
19078
41857
19294
41621
19276
8370
8376
8375
19266
41637
19267
8372
54955
19272
8369
19243
27364
54946
19300
8298
41802
19136
19317
19316
8291
19299
24235
19311
19302
20438
19304
19305
20432
19132
41817
8313
19330
41804
41863
41837
54968
54967
19113
19115
41862
19119
19112
27344
19220
41811
19123
41809
54981
41808
19310
44020
8399
41870
19354
54963
19339
43906
27379
8358
8359
54933
19313
54940
54939
54938
54937
19125
41821
41820
20451
19356
27377
8305
24232
19307
19298
19337
20449
19359
24285
19361
24286
54988
24287
19365
19367
19369
54987
18830
18833
41705
19012
54752
8132
27419
19188
19007
19009
54727
41850
27403
54699
8145
8161
19018
54705
19021
5000
54753
27418
41848
8136
8187
18823
23839
44053
54870
41689
54756
8331
24225
8333
18794
44055
54871
27417
19191
54702
18987
19217
54725
54691
19200
19201
19052
27388
23866
19216
19058
8159
19059
8279
20431
54724
19215
27389
19027
27385
19047
19046
8152
18989
18990
18991
41701
19183
27402
54697
4998
41715
19198
1663
54695
54694
44058
8153
18819
23865
43996
23851
20464
8282
8281
54977
18903
8280
27476
19084
23856
19099
24256
41571
41567
18878
41566
23855
54742
19065
18893
41573
19068
8393
18865
8391
54945
54844
18842
18843
18844
18845
18838
8386
18866
18868
41601
18881
41582
41695
18759
18752
23832
41843
19091
18756
54923
41586
54921
43995
8197
54760
18767
18760
27415
19087
41696
27473
41589
8168
8171
54733
18828
54732
20459
19095
41596
18776
27384
27405
27406
54972
44025
18782
27407
20458
27463
20419
8681
15885
18094
48657
48656
18097
23914
54689
27138
17969
17999
23919
48610
44769
1565
17995
27140
17997
48658
18092
54894
22094
23909
7795
24336
48665
48664
15890
41561
18118
53784
18121
7800
18106
27132
7797
18088
17998
23920
26930
48599
48601
18046
54477
48600
18030
15679
41354
48598
18001
53879
18038
53877
7551
53876
23944
48614
27144
7761
17981
48603
18002
18003
54687
7741
41351
53827
1569
17987
27142
7770
7769
7767
48606
23921
17978
18109
43814
41356
23933
53821
1596
23930
17885
17886
48229
54893
7677
48650
26916
53817
48226
17855
23934
48436
53813
17881
26932
54884
41775
53795
26945
44792
17824
1593
17826
7665
7693
7663
17823
44793
53810
7661
23928
48232
53812
17864
1584
18053
7774
7782
27486
7781
54897
26927
18051
48636
7683
18084
48635
26928
18060
7776
18062
18064
23941
44798
18080
48641
7681
26920
54895
17814
7679
17970
7678
48647
48645
7734
1598
7784
7789
7786
23938
18028
53871
48370
27174
17512
48742
7628
17515
17516
22047
17577
17561
48733
48737
17565
23947
23948
1623
17570
7617
53847
17509
7630
27459
7528
54488
24373
48746
53866
48745
24338
17520
17519
7576
24354
27173
7654
48743
17507
22044
22043
1633
17771
7650
7648
17765
7647
27185
48691
17769
7642
48710
17754
27168
7640
23958
17740
17741
1608
23954
22040
23953
54459
48673
27179
54472
48682
7621
48687
17544
17546
15631
20349
17553
17555
1622
17549
17655
17528
48731
7547
17599
17607
17608
23969
41359
22071
7572
48617
17598
23972
17596
41361
15684
54480
53895
23971
17615
17606
53900
7574
15668
53886
48630
27129
24340
18016
23967
18017
15664
44771
15672
1577
18018
17813
41358
48622
17587
43812
17525
17632
44775
20345
15686
17628
44777
17630
7533
1630
17592
15663
17627
22041
17578
48729
27126
41334
22069
43790
17637
17653
17593
17594
7562
7561
17640
53891
41349
1625
7513
17645
15693
17647
17648
48726
7537
43815
15867
17817
19435
22086
8506
24015
19446
19447
43979
54042
22083
8449
48194
19416
48191
24248
43975
54039
8452
48183
53985
41780
48168
43810
19394
8513
8512
24249
15788
54906
19412
19384
8510
19387
27009
8509
53932
53931
19426
48165
8479
19623
23987
8470
1698
8469
48162
22081
19621
19624
8447
48131
15807
23991
15806
19671
19673
15804
24245
8459
48137
24003
19430
15802
19424
15817
24021
8446
54034
19634
15816
8442
19640
48140
8456
54030
19645
19411
19409
17816
15844
23794
19489
19474
8674
8690
19471
19455
26995
48379
8693
8704
19465
43944
8701
8700
20414
19487
19486
1704
19484
26994
20418
8709
19900
54861
48372
19686
53915
19476
19477
19479
8676
48369
8675
43923
8698
19491
19408
53941
43971
8490
8488
26992
23806
43973
41735
27004
19493
15794
23906
19401
23907
22080
19405
24007
19500
48384
19497
48387
19514
24254
48381
53911
41732
19520
15819
19522
20413
8694
8595
26998
15791
19510
48388
54915
8592
8572
54015
17898
54016
15922
8126
17902
8124
15900
54014
17961
22103
54886
7709
1639
17954
1586
7706
24028
43955
54020
15923
18750
24056
26885
24058
17916
21875
24044
15928
17922
41767
17926
8544
17911
1717
17909
7704
7714
23992
53802
17837
7726
48222
17842
48223
17844
23985
53790
54887
53798
17849
26944
1592
53796
7673
44791
7727
7729
48206
17967
17966
7700
26939
26941
17933
48215
44789
54888
7698
48212
24038
7725
43816
7730
48207
54005
48260
8534
19557
19665
19659
19610
24001
43952
19553
54918
19561
19585
19562
19563
19564
24025
15899
19552
8576
1686
19662
24000
15916
22076
8570
19683
22075
26902
54916
19668
15860
19651
19653
19654
8564
20339
54060
48156
41793
15905
26893
26883
8554
8517
19603
19606
48249
19590
26888
26889
8528
41763
43957
26891
8525
48245
41764
8556
43822
15902
8579
19539
26877
19540
41778
24051
43954
26880
24052
54003
48257
8581
48256
19593
41777
19595
16059
12479
9743
24204
14012
14013
6135
23051
14017
23053
50091
15499
6165
6154
1432
14004
48999
13987
48996
6167
14011
43831
14008
6138
23081
49057
27272
49054
13793
49053
13795
15490
49052
49051
50140
49050
44677
50094
13906
6166
29351
21979
14029
15545
6109
50097
6103
14026
14027
6131
6102
13994
6101
49020
25179
50114
15602
6112
14040
14057
14056
6171
42280
27268
6163
15494
50087
23059
22187
23061
48989
44680
23062
25233
24203
14050
25178
50080
43835
44650
49018
13870
13901
50133
54376
22863
13886
13885
44619
13871
13883
15530
5712
5711
13875
15509
21986
42287
50127
48941
43839
13896
13840
13842
1528
5766
50024
50022
5765
48926
42300
13889
50076
13891
13893
22852
25308
50117
13904
42269
5938
5730
50137
5728
49028
43836
13788
13790
6143
15479
13814
25285
13816
1484
13818
13819
1483
23072
5732
5734
13758
48930
48983
5723
13777
13778
13779
15483
15480
13785
21981
1537
49033
13754
13755
5736
50113
49017
13836
14835
14806
15617
23107
48815
48814
14833
48811
6185
14808
50534
6184
6183
14840
48788
6180
14823
14804
14776
6182
14782
44652
14786
48824
14784
6236
6235
23120
14772
44655
15619
14775
14777
42328
14779
6210
6179
14809
15620
6197
14718
14719
48759
6199
42336
14724
14709
43849
6178
14690
22392
6194
14693
14696
1423
48755
50546
14715
20360
48762
27300
14812
15614
14805
1418
14818
50531
50530
14822
6193
48765
1420
48763
50509
6205
22397
48809
25180
24151
49007
1439
50100
13915
48907
13918
13920
48905
48801
50313
44670
1440
23113
6226
23114
23115
13911
49009
50101
6122
49016
13929
15601
1437
13933
50107
49013
50106
15598
54587
23110
22393
49010
13927
54588
6225
6211
14799
6241
25192
13960
1411
48795
48794
50510
14376
50526
13974
44667
14793
1443
50529
15621
14797
48808
50513
6245
23117
1409
6219
24158
50521
6217
48798
50519
50517
13965
13963
50508
6230
13949
13950
13952
50515
20356
13835
24493
14139
14192
25261
27306
1501
49767
1495
50240
5867
5863
14087
50238
49783
21966
50253
14093
22833
21967
22834
44531
21969
43838
50251
49837
5930
15086
5928
5927
49836
22848
50250
41456
21963
50246
21970
5923
5864
44633
44423
15112
14140
14101
24187
14125
22817
5884
5883
1546
49778
49799
14123
15110
49797
49796
22822
25240
5888
14080
5889
14078
25267
50256
49775
15096
21964
50270
15097
24180
5892
5890
50268
24188
49770
14076
49769
5935
15087
50157
49713
5815
50278
10851
5812
5810
10855
44435
50277
10832
10625
5807
50276
10822
27330
49711
49710
10848
10847
49716
15139
22940
1487
49724
49723
44449
5786
49721
49720
54540
50280
49718
43889
10820
5802
10843
10831
49822
5919
15090
22843
14150
50298
25258
21991
50296
44414
50236
1493
5902
50245
14179
14181
14202
15089
14204
50299
5907
14144
14160
41449
12499
5909
14163
14164
50307
44417
50306
49814
5911
27328
25157
22841
5908
25257
15109
54571
13834
14282
14235
5757
14296
14257
14259
14280
50013
14283
14294
5755
5754
50009
15526
15527
50008
27279
48969
14233
44614
24183
21972
50062
5652
14254
1544
1543
14239
14221
25245
25236
50017
25273
14227
48973
48972
24198
22888
48981
22858
13853
13854
13855
50032
13857
22856
13859
15537
14278
48913
48912
13847
50028
48910
48909
13833
48918
50034
15540
14062
14277
22873
15544
14261
50003
22872
44616
5763
14270
50019
5777
25305
14274
14275
14268
22880
50066
5673
14300
48955
5693
27276
5690
50051
48962
50048
25242
14311
14302
41876
50046
14334
14306
25244
5686
14330
1551
14328
14327
49792
21957
14115
14117
24186
15106
50155
15105
5669
50049
50055
14321
50053
20354
54593
25246
14312
5661
50070
48951
14340
42291
14343
1558
1559
27280
21971
14307
50069
5644
49373
14295
22878
5646
22879
14338
14354
5633
42290
50057
14337
14358
50058
5641
42289
14363
14364
48956
14366
25248
5636
14369
48954
1554
50480
42339
48768
5051
49313
49312
22350
5056
12921
26078
5055
2277
44586
12911
12910
12909
12893
22581
12895
5046
5049
50316
2303
13748
49372
14605
22353
5270
14588
14574
50321
15338
49360
14581
24169
15335
5265
50318
22599
50348
15440
5239
42914
49316
12965
15443
49318
22365
42207
5064
42915
12900
50446
12936
49328
22592
49325
5010
12944
12963
15444
50335
2279
50344
12903
12904
50343
5041
22583
12901
49301
26084
5075
49300
26085
50337
50336
12959
24171
44575
5016
14656
49241
2287
23018
5292
52928
14654
26022
14657
26024
5293
26462
14662
22811
15334
50381
49350
49242
14684
22382
49246
42215
49253
44602
23008
26034
26018
5287
2300
14673
22384
14675
23020
23021
24175
14679
22600
5305
5242
14546
49342
14538
50353
14568
52905
26025
50390
5250
44590
50323
5249
44573
14592
14594
49338
5243
26461
2284
14533
14549
5304
14556
5302
26053
49336
14560
14561
14562
14563
50375
14565
52902
44588
14552
14550
5017
42921
14698
15407
25961
5141
49066
49065
5139
13122
22501
22523
12969
49097
13094
5115
5083
5082
13099
15404
22522
13114
5146
50397
15456
2330
26068
13052
42896
43855
13055
43854
49075
49074
50404
5151
2332
13057
26065
15403
25967
15457
25972
22531
49085
42205
5108
12976
15395
2325
49217
15400
5104
22461
12985
49197
5311
2309
13030
12971
12987
22499
12990
42905
42906
12993
52961
5114
42203
12997
22472
5113
42908
13001
22530
13003
15398
25971
5119
50452
22594
5002
22645
50432
49109
52892
49108
12826
12827
5019
5033
52931
12890
50450
12874
50451
2327
15451
22370
12819
22642
12816
12889
49220
12836
5013
42191
22588
12843
22375
2304
42192
12849
26091
50438
26075
15433
15466
12881
13082
22620
49131
5133
12814
22344
5132
49129
5131
5129
15464
5128
22471
42895
5123
50453
5120
22625
50456
5134
26061
49134
50464
5030
22650
22652
5029
15463
12871
12870
12854
50460
5026
15462
22636
12860
12861
14625
43860
23015
22990
14869
44560
14872
48890
6092
6071
1475
48829
1873
15574
22989
48845
15573
22404
14862
15572
5960
50586
14920
5962
22401
5974
14965
14966
14967
50598
25229
44557
14970
5967
23001
14975
48896
5964
5963
48841
24178
14981
14885
50618
14917
48846
14919
14904
14903
44550
22417
50589
14888
6017
6026
14883
48863
14895
48861
24147
42311
14913
25198
14853
14856
24149
44564
44565
6074
42310
48836
6076
1450
6090
25623
14908
44567
50621
15576
25227
49255
14740
14731
23103
23096
15555
14735
15553
6013
23047
14949
6012
14743
14689
48826
22387
6005
50501
50505
23102
48777
15584
15561
14726
15560
5990
15559
44662
14753
14756
48785
48784
15558
14761
15556
14763
14748
48877
14950
15577
22995
5952
14938
44553
25220
14923
48870
14962
5946
14951
15582
14987
15581
5942
15579
42325
5940
14936
42326
14934
48874
48883
50500
48881
44610
5978
44608
14941
1474
42341
1477
48867
14928
14929
50496
25218
15364
48858
44534
49259
5172
14438
2293
15390
43863
42266
50369
50367
5158
49257
5164
43861
5160
23027
49233
44596
26046
5166
5194
49284
44592
14379
14380
50572
42322
49288
14412
5221
49287
2291
26251
50569
23042
14392
49285
22406
5176
6028
14629
44591
14643
14644
26036
14646
50355
49237
14612
49230
5234
15350
14617
14618
14647
14619
42213
26037
5181
5182
14638
49228
5192
14427
50363
49256
14431
15325
5188
14531
49227
14632
23010
2298
15322
49223
52895
50573
49291
14464
6049
15358
6046
6045
14459
1456
6043
22986
42321
50561
15370
50560
25212
5626
50556
50584
6050
50557
24146
22983
27291
14687
22980
14475
14476
14477
14479
1453
15352
50587
6022
52927
22981
22982
14489
22414
14516
14518
5200
52909
14509
14502
23040
14453
42319
14397
14400
5215
5623
14403
5225
50575
50574
5232
52910
49260
14519
5203
25624
42317
14522
52912
23032
14513
14512
14510
14494
14497
44545
5206
14492
42318
27289
10786
10785
10784
10384
51117
9049
49660
10379
24632
49657
51172
49656
49651
9046
9025
51221
10373
10370
24634
49652
9050
10351
49663
15220
9042
10331
10315
41545
10317
44477
9058
25537
9055
15223
21891
9054
51119
24103
44480
8998
49667
10348
15170
49678
49677
41527
10580
25527
10582
9021
1376
24638
44488
15167
9018
10552
15165
1378
9014
10576
25528
49679
41526
10352
15219
10363
25544
51226
41542
10367
25529
51224
51223
15196
15195
10569
49683
1373
44476
54614
10558
10397
10427
21915
10410
10409
44900
49537
49536
51106
10453
10399
44893
10403
10404
8914
8908
10429
8917
10425
49540
10423
49592
12085
8944
12080
51110
1403
49541
8921
24418
44897
24421
1388
49543
10421
21936
24425
8926
10345
49556
10445
8984
10447
10440
1370
49557
9041
51127
15213
10337
10338
10340
51126
43867
10343
25535
8983
49560
21952
8929
15215
10458
25507
49567
51100
10465
10466
25531
51098
10449
8935
10434
10435
8933
49562
10556
51216
10030
44490
10104
49414
10106
24675
10109
54676
1277
49417
44465
10099
10097
51208
8904
1280
20378
54680
51174
25103
24674
24673
51181
51209
24076
8759
10513
10514
25100
41535
49424
1274
54674
49428
25102
10518
54675
49449
51204
8764
10134
24657
51095
51093
10130
50939
25099
10133
24663
25110
8891
49391
15310
50993
21894
49388
10027
24655
8901
10135
54682
8880
24685
8878
8876
8874
51199
10142
8872
49443
8871
24670
51197
1283
10153
24651
10528
51184
44489
44474
8805
49624
24614
8804
10604
51243
10589
1379
15176
8800
27206
43874
1382
8797
49616
8796
25516
49625
24613
10618
10561
9011
25511
49671
9009
10587
49648
54625
49627
10612
15162
15161
51231
8806
51232
10596
15177
21912
10479
10480
8813
10482
8812
27207
15183
49641
10546
10545
10530
1328
24627
8827
1326
10540
10542
49642
10477
1404
24623
1377
10494
8808
44471
10497
10498
15190
8809
15189
15188
10504
8822
10490
8820
10488
12081
12079
12075
9711
50754
25622
21922
25606
24501
11991
24104
41522
54532
12018
24505
41496
16032
50748
50746
24508
47946
1339
47940
1337
24497
11983
47836
54432
50757
47835
11989
11974
9722
9721
9720
50756
11958
11959
25620
50745
54633
11979
9840
25595
16053
25603
21948
11907
11908
11910
50743
12011
24403
25547
9838
47955
11880
11881
47954
47960
9823
47966
12029
9820
16028
54634
16025
11998
25589
12000
50763
9813
12003
9812
9810
9809
25590
25593
47838
47840
15209
12379
9747
44865
24522
12375
9763
12377
12378
50643
47850
47826
24524
50644
9759
12348
12349
9757
9746
12368
44880
12366
1360
24514
24516
12469
47875
9738
12472
50662
24113
12477
12478
50631
50630
9731
47890
1364
22031
25617
12395
12387
25612
9696
24511
12391
12383
12394
21931
12356
50650
25613
50647
25614
25616
47842
47841
12385
27203
9702
16087
12357
41505
50657
12361
24526
9753
9752
12384
12405
12408
9726
9765
1347
43881
9703
44910
54635
24406
8964
16041
12110
51142
51133
12055
1394
49573
8953
8948
8952
8951
12065
51138
8950
16038
12051
44901
12163
12158
49584
12180
44904
48748
12183
51149
48750
24392
12169
24385
12167
49587
12154
12155
12156
16042
8949
24138
11886
25478
51164
12098
1397
54644
12101
12102
12103
12105
25475
51161
12107
24135
8966
44894
49595
41546
12096
12095
24435
12071
12035
44890
12037
49607
51152
16249
24448
21939
21938
51167
12047
25506
49602
24449
12070
12177
9374
12174
54636
11946
9776
11948
9782
11934
11933
24377
24121
41501
9780
47898
16052
9778
11923
50738
11926
9767
25503
1390
21947
25492
47931
47929
11890
1368
24407
50712
1389
44911
25498
25500
24408
16019
25502
16018
9773
9772
11930
24384
47925
47924
25487
47923
25471
16047
9792
12123
24388
47920
12126
54637
44917
12150
50938
9797
50732
24380
16048
24381
12031
9770
12132
9784
24382
12136
12137
50736
50735
21945
12141
25488
9785
9786
8829
10031
25055
11138
11168
50624
11154
15037
50211
9098
9097
11139
10938
11141
11133
22902
11146
11147
11148
54565
22899
11166
11165
49979
11102
11131
15015
9070
25018
1291
11104
44379
21994
9066
11157
1292
11159
9083
11162
22903
27325
11100
9191
10740
10714
1297
1289
9194
41473
10720
10704
25037
41466
10764
9188
10767
15027
9186
9185
15035
9217
10707
15036
49991
25009
24085
10728
41469
10731
49988
15019
10735
15020
50198
50215
50623
10721
10705
9072
11099
10773
11239
25076
49876
11233
11234
51022
15067
15066
11240
11229
24094
49873
1323
9122
25027
1324
11231
49878
11189
49879
9108
11208
11193
11192
11191
54554
9115
21999
25127
22914
11178
11180
15070
11181
9110
11185
11230
11214
1308
11127
49971
49978
11121
22927
49975
9080
9079
9078
11215
41423
21995
25034
25036
9076
54561
1310
11118
49844
49922
22925
44396
9134
43897
25029
11211
9131
25030
15040
49870
49869
11227
9129
22921
41421
9126
49923
10774
15308
27333
50191
10867
10897
49745
10872
50188
10874
5822
10925
10877
49746
49747
49748
49763
50185
10923
15135
5832
49732
49733
50159
25058
10782
10882
10884
49741
25057
54534
49738
10890
49727
44438
22950
10896
50177
22948
49759
10680
49695
49701
10858
5821
10805
50235
15145
22016
5797
10927
49694
25054
5795
49693
22945
5793
49690
10860
44446
10915
15146
49758
10930
10932
5857
49754
41465
49752
10901
5854
5853
50181
22021
1521
5846
49704
10674
1509
43892
15078
10752
15076
10703
10701
9203
10648
44389
10652
10661
24197
10654
10655
10656
22955
10658
49930
25065
10757
10756
9204
10776
15025
9182
49939
22892
25063
22929
10744
9215
10746
25064
9213
15023
50223
10753
10660
10646
44452
54551
22959
9162
10695
50167
10698
24195
50165
25072
9155
10682
22024
49948
50164
22961
27337
1508
49957
10686
50172
10663
50196
49929
1303
15134
9152
27340
15132
10632
49927
9147
24196
10637
49940
50166
54552
41417
51028
11204
24568
10280
10281
24537
54654
15243
9257
50947
10290
49515
1256
50946
50945
10234
9234
24543
49517
9281
41438
49528
50950
43885
25141
10298
50948
10304
9286
10306
10307
21906
49511
49512
49513
10294
50953
15246
1257
49514
50978
10194
10167
24548
27342
21902
10172
10173
10166
10195
10184
49465
27322
50970
9238
10220
9239
41441
10193
25147
9223
9224
50941
9231
10187
10188
24545
1258
50956
9228
9227
15238
10175
49463
25146
1259
10161
15249
15251
9117
8858
8848
1271
49396
8864
10066
49410
8859
10072
44454
49408
24561
10058
24563
10041
49404
10043
25082
8846
49395
8832
50990
49412
10020
24609
25097
8841
50986
15306
24553
24069
49379
50985
10013
24557
50984
10044
10046
10250
9261
9266
15296
44514
49509
51005
9262
10253
15275
25115
10239
43869
25094
41435
27264
49501
44517
9258
25091
24566
49399
10039
10048
8854
41432
51013
10053
25087
51011
9063
10049
9268
10157
49401
10258
49400
10223
15256
10224
44451
9304
10943
10944
10945
44509
24582
51084
9315
11002
10955
44398
15057
51082
10978
49908
49907
9305
25130
9306
49919
41410
24576
49890
25117
15050
24099
15039
44503
9298
9307
10965
24577
10967
9313
44507
11001
11003
49461
44407
49853
49881
24095
9319
44406
51026
49850
51031
24585
11196
15075
25134
1319
9118
51029
11202
49856
9322
51017
9324
44400
9332
51078
44401
51077
49860
9329
22005
10995
24580
51056
10981
9326
10983
51054
1313
1311
24574
49489
10626
15263
11040
24597
9346
11043
11044
11046
24573
11047
11048
11052
11037
24599
50962
11018
41426
50965
10205
9243
15271
9251
25151
24593
9249
1263
10197
10198
10199
10200
49456
50967
24595
10207
10209
24605
25138
11024
49687
25123
11090
51063
15155
11075
21900
49900
27305
54666
49898
15054
11063
9368
9367
51058
25122
20384
11053
51067
25137
24606
44496
11029
11030
11032
27318
1290
9341
11077
11078
25119
51069
11082
24588
58165
67543
42161
56284
56283
75365
35268
74201
75369
55880
55881
38352
53232
40904
75573
55894
35271
21024
38347
75581
4447
55864
55890
55869
21670
38335
28003
28004
1227
55898
38329
75389
27990
4434
38325
1228
75356
1221
55866
75359
35254
74211
74196
55681
53223
38294
27976
55675
55682
53221
26621
38285
74204
75605
75589
75590
1119
75592
38283
41053
38296
75586
74210
74207
74209
75566
75550
55889
75552
56286
55887
38321
75549
53238
55885
75559
55884
75562
41021
75558
26602
74197
53650
4429
1216
35042
41049
53436
75461
74070
1218
27991
40899
31655
75467
35044
41050
31652
55936
74067
74075
4532
20131
55904
75412
31716
31715
21645
35075
28096
35059
41046
1213
40908
31709
31708
4634
31707
31706
74076
75435
74083
35259
31665
20132
31672
55862
74089
35156
74087
21673
21028
75350
53229
75326
75327
21672
41035
30000
75331
31675
75349
4426
31659
35050
4423
55928
55927
1222
74096
75392
27998
75348
75337
31677
75341
75342
53227
75345
55899
27977
55679
38300
55642
28334
1112
28032
38379
38380
4410
38395
75139
56266
70856
28039
75136
28333
38391
28040
38390
28031
75141
28043
75116
56263
4393
75083
75084
75085
75086
75087
38371
55687
35295
75094
41033
38367
38366
26622
75119
55638
35277
38301
75009
55628
56291
35281
4400
28332
55644
35282
38199
38173
75012
35285
75014
38198
55647
55662
41077
75021
26623
75130
75079
75131
38384
55663
75134
75135
41017
55634
4406
70847
38281
75024
21052
70849
38174
4404
55632
75097
75098
75099
38416
74160
38303
75473
38359
75475
38360
75477
35245
75490
74163
38415
74178
55670
27985
75487
53208
75489
55672
38373
75493
74154
55677
55676
75604
21018
75470
74153
75494
38308
74179
75497
21664
74148
75500
74145
75504
75508
75510
74174
38361
75523
75524
38426
70837
20078
21036
35307
55696
35296
75105
56262
75107
55693
55691
55690
75115
75522
75521
1129
4382
75535
74169
74168
74166
75544
38418
55701
75528
1126
75511
35303
4412
38430
1128
75517
75413
74128
38195
35026
77027
74347
55832
31871
31870
40916
35024
1233
28084
55827
77000
74348
55825
40204
40915
77006
77026
28054
31861
55831
35078
31841
28051
74244
76970
57500
35076
76992
77023
28052
31838
28053
77018
31854
74298
40203
77007
77010
53663
28064
74358
56393
4678
35036
76884
76913
76885
76888
56392
76889
76890
74370
76892
76893
55853
76953
31803
31804
55823
35030
77030
4682
31798
76900
76902
55841
76904
56390
31805
74341
40208
74339
56391
76912
31806
31834
31842
76991
35071
4662
77359
20126
56366
77383
1186
77406
74236
4661
28079
77411
74233
28082
1188
31753
74229
77420
77358
77356
53666
31733
77374
77375
4608
59153
77379
35121
56336
4609
74260
77363
31731
77348
31730
74281
59150
40197
59178
77403
28050
76990
74253
35132
76985
76986
31850
35134
59171
28065
35131
31847
76973
76972
31845
74247
35127
28049
74254
74239
4657
56343
40201
56341
77389
77390
77391
31746
21651
77395
74222
31744
77398
59177
35130
77401
77394
74223
76914
21082
31816
77039
31591
77050
77034
56371
4616
55811
31590
55810
35077
77069
4615
31587
77045
55809
28094
4614
74119
74113
4613
77055
77165
74324
31568
31567
55818
77109
53652
4618
77067
35015
35016
4617
31597
77063
77064
56370
35040
1246
21081
31687
77080
31693
35063
20130
31680
26618
76249
28103
77077
31685
55906
35070
74130
75421
75422
31682
4646
35062
55805
55861
35061
1232
74110
26612
77092
74107
74105
55910
77075
77106
31690
4630
31697
28099
77073
77074
77164
31570
1243
77133
35002
31564
76930
4650
28113
31615
31613
77134
74299
74314
77136
35004
31608
31607
31606
28114
55845
31819
55802
76951
31818
31833
21056
74364
4674
31830
74362
4673
56399
56397
76933
76917
31826
31823
21655
1238
31621
28116
77145
31579
77172
74304
74303
31624
41038
35011
77181
74333
28117
55785
74331
56388
77153
55800
31572
40912
77112
4627
35009
26720
77147
35005
31638
77130
77129
31637
55794
77119
77148
77120
55793
77123
77124
74306
77126
55660
35287
37718
4846
38478
38448
75771
56247
38453
38451
70717
70716
38504
712
20623
38475
36078
75748
75749
75751
75765
4850
75756
38498
4881
36032
20215
56217
56216
75711
56215
56214
38507
38511
70705
27524
36054
75719
28342
70720
38440
38456
38485
36090
4872
75628
70737
53155
75631
38565
704
70734
713
70732
75639
75640
56556
56183
4869
56190
56234
70740
75758
75651
38458
718
38459
36080
27531
38469
38468
38467
56236
36083
75654
75655
75657
56551
75659
56553
56212
38486
76223
70754
76113
737
76099
70759
70758
38685
56129
70752
38689
56128
27624
70750
70749
38679
56123
20213
38688
76129
40956
76118
70651
38743
4919
26578
76222
76171
56499
40972
40974
38736
76122
36018
36019
56131
26576
38712
70747
56121
75738
70770
76150
27633
36028
707
38694
38595
27627
38439
70773
4855
38494
38493
75734
75735
53147
38488
4858
76147
76162
70777
70745
721
76165
70763
36053
76154
56118
76136
56222
38703
706
4860
38700
4859
38698
27631
56189
75664
4868
4989
55988
55995
38541
38539
40868
55993
55992
75789
71103
4988
37709
75791
75794
37706
20035
55989
75817
20222
75821
38552
4981
35963
71172
38518
71110
28284
75917
27518
20033
4997
75859
27502
75806
56196
75809
38547
75792
75822
56188
35974
71125
55982
71124
71123
751
75836
75837
75831
75824
20196
37726
37724
53132
37723
35959
79167
26583
37725
75843
750
4985
37714
749
4983
75848
75849
4962
37699
75839
55978
75854
53128
71130
4932
71129
41009
38521
75905
40978
75781
71148
75677
38586
36062
40951
75681
75682
56559
75673
767
28293
71141
38585
36066
38584
40952
71149
75672
71156
71144
38560
741
75692
28294
56187
75699
75700
56185
56182
56184
40949
38590
36060
36061
75669
75670
71136
56192
75895
71162
56527
75923
38527
75925
56528
56206
20031
56205
20228
75932
75933
56529
53144
75921
75920
71158
38529
75862
53146
26581
4973
75882
75881
75879
38581
75864
4972
75866
40955
75868
38577
75872
75874
38533
36016
38744
76221
55659
1156
56295
75193
75178
70921
38245
4515
38262
75168
1155
75169
75170
27613
75174
38278
35166
38277
55765
56294
35195
75288
53266
55771
75281
20023
38201
70912
75286
38279
21038
70907
35163
55769
53269
28324
75184
38253
27614
28322
56308
70880
75625
41068
55738
56406
35216
53276
55737
4461
35223
55735
28355
38237
35226
70897
28354
76035
38209
28356
38272
75226
56299
75223
28340
75229
75230
41062
75233
28125
27580
38264
75199
40926
70876
56304
70874
70873
41088
75293
38745
75057
75049
70793
4508
75053
55760
38134
28017
53217
55702
28019
75157
55756
4506
28329
21051
35235
55704
28008
4492
75072
75064
28011
75067
1100
38187
40934
38165
38163
4509
75075
28014
28015
38202
75058
75043
75044
41083
26633
56309
70805
1109
70810
75276
55777
38154
53264
70807
75304
38156
70859
56311
75307
75308
1104
4527
38149
27811
53241
38128
28327
4499
70787
75270
35234
1105
75256
35233
40933
55764
35182
4496
55745
38160
38159
40932
56322
55732
76022
27584
35624
75990
20201
53251
38615
36249
53253
38629
53254
75987
38626
76198
36038
38623
53255
38621
76204
75989
4897
70664
38598
56162
76008
35210
70699
76011
38599
76013
26603
38596
70697
56158
56157
75980
75981
1148
56506
38619
38616
53277
70656
38719
76240
4902
27637
56098
70659
38713
38731
70645
56113
70654
36052
40870
76218
38747
38746
56523
28348
27645
4886
38670
70636
76191
936
76178
27646
56110
70638
76235
4885
36047
70633
27638
70631
70630
56490
76006
70685
4893
70887
76086
76087
38648
76089
56148
76091
56509
41071
56149
56146
53262
76060
76061
53261
76056
76067
76085
76083
76002
76032
76025
27585
76026
27586
38226
76030
35231
4457
76082
55726
53278
76018
27590
56151
41070
56150
70783
76069
70781
35206
56167
38632
75976
75948
40922
38671
70670
1142
38653
38608
38607
1144
56519
75979
53248
38603
40924
38655
53245
70665
38669
56134
27593
1137
4484
27595
75963
20214
35199
56514
75969
75970
75971
4481
75975
21681
77370
35136
35320
63257
32344
63259
32471
63253
63280
32476
40249
63255
3070
63151
2970
74740
32473
63155
63158
40819
35318
2814
32370
40821
74950
32372
32371
63275
63277
58870
27924
1089
20945
58887
63246
63248
74844
74690
32366
53747
58900
63267
58891
2865
32482
40273
63190
63191
58894
35353
63201
27911
21632
32493
63184
1059
58867
74760
27894
63166
63142
63162
56816
63147
63146
2862
63144
74735
63129
63130
20942
63141
32467
63134
20940
58898
32466
63139
32464
74951
32374
35340
21604
32404
29580
21607
28748
74938
20947
74936
58775
63662
27914
3051
74932
32406
63641
35344
58905
63663
63660
32384
63609
29585
74985
63632
29586
32383
1081
63608
63610
32387
74963
63605
74961
3055
63635
58784
63657
63643
63647
32375
63213
3083
27919
63208
20148
63210
3081
1087
32379
32349
35334
32378
3078
20946
74953
27922
63242
35346
32350
63648
74927
1083
27916
74930
74929
32360
63437
40240
63228
74943
3066
32356
74941
32355
63235
56829
63238
27895
26835
63173
63344
56862
27952
960
59269
63292
63321
32257
63345
32259
962
56866
74820
63342
20971
74818
32252
32258
56861
2826
58856
35365
53721
32245
63314
56799
63316
63317
20972
58851
74716
32247
58853
63285
63287
74711
32260
32250
26814
63165
76676
40790
76669
40292
32192
76672
32190
56857
59278
21578
59279
21575
76660
32209
35568
968
76651
59263
32199
63358
63327
74813
35470
63339
74810
63324
59266
59265
27959
56871
56870
32203
32202
63338
964
965
70000
20973
74721
74722
32424
74727
56809
32428
63381
32426
20150
58835
58834
40299
58833
21630
32440
63370
32441
2873
74703
32429
63392
56814
74755
63174
20149
63177
2858
27897
56805
63182
2857
40296
35378
58838
32436
56807
63388
1061
1062
53714
32443
20152
63414
40303
63407
32244
63400
1016
74710
35364
53719
63371
63416
20974
74724
2874
63359
63304
58858
63404
35361
35352
63419
63362
32458
20959
63423
32452
1068
63428
1069
63430
35357
1065
32448
74694
58863
74693
35341
32396
31796
62709
35407
31891
62702
62704
62715
62705
31888
58992
62698
3099
62706
21619
74897
35392
20978
31882
62699
53710
29539
31941
62696
62718
62719
62721
62722
40048
59001
59000
29536
40050
62729
58998
31936
58997
53681
21001
53682
74887
56630
1053
63518
63555
35461
31905
63580
29545
59017
74914
59021
63586
74913
40260
56639
35464
63592
59012
20146
59022
63550
63520
58988
74886
35455
35456
35457
31879
59004
29568
74917
40155
56635
63524
21617
56637
31896
63529
21002
21003
63598
59043
62806
59028
74460
59027
1045
62811
32134
2972
2974
62793
62777
62778
62779
62780
40057
21006
62804
32139
26856
21008
32128
62743
62744
62773
62745
62748
32129
59025
53692
29557
62746
56604
62776
32144
29558
62799
2988
74472
62673
62663
62692
1051
2998
74482
29552
74480
2997
62664
59054
59026
62666
59024
40046
35400
62671
62672
62691
35398
62786
35395
59046
40042
62790
31927
59060
31925
31923
59057
21720
74490
62680
31921
3005
1048
40855
53677
1025
74908
74907
56612
63681
63710
31972
58817
74845
63686
63688
74977
74923
63674
63711
56614
56616
63736
63738
58813
40270
63678
58812
63706
40269
74874
31965
63700
1033
63703
31964
74871
31956
74870
63709
63694
35438
63692
74868
69918
63741
29572
53674
29581
74993
63617
31976
31975
58788
1080
29579
32400
63595
63628
63629
58769
53743
29584
63614
32397
20951
74995
63746
31981
31984
74968
74967
63731
63730
63715
63716
35447
56565
35440
29576
74981
63724
1056
58762
74997
63696
58821
63440
35433
74859
58799
32004
63471
29595
32001
63475
74856
63465
63458
29596
31992
63444
32000
31998
63476
53734
63463
63488
3121
32002
56624
63563
63564
32009
59010
58908
56623
58803
32006
56622
58805
63593
58804
74862
63461
74852
29601
3117
40266
63497
3113
63481
3112
20952
63484
32015
31993
63454
40267
31970
56611
63492
58823
53742
31968
32022
32023
74881
32024
26860
29603
56608
63516
1028
56609
63500
74864
63503
63504
63506
29606
58811
32026
35436
74828
32217
76656
76483
27888
1095
76477
40217
76480
76481
73782
31278
31281
35313
31277
73778
76452
21689
31328
4601
76472
59074
76458
31269
4588
76412
35523
59125
73755
76416
59104
4590
73787
40196
4600
73769
56791
4607
31285
76468
1198
76459
21696
1206
59099
73880
59098
77273
31371
1205
31369
35111
77286
31402
21684
77282
73876
77277
77268
77305
73882
73883
76460
77289
53603
76462
76463
59075
31382
40804
76877
77291
73884
1202
77296
56778
35107
31379
27855
4593
35519
73788
32214
59106
35509
76494
4587
73797
40172
35534
76500
76503
2500
53601
76487
31320
73792
56760
73809
40166
31309
40168
31314
76515
35484
27853
76408
2913
31298
76512
31289
31297
31308
31296
31295
31294
59103
59111
76506
31291
31316
991
4572
35516
76485
76484
73768
4576
76431
35514
76434
76436
76535
53602
76438
59134
73763
40195
27883
73762
76486
56787
31312
73817
31311
31327
73822
76544
76543
73821
21690
76531
76540
31264
4577
35527
35526
59124
31263
35510
73875
35113
31400
35146
21059
31767
59212
77457
31758
59211
77442
1177
53633
77427
74276
31762
26828
77432
21707
31777
4550
35141
27970
56356
56352
56354
35116
77239
20117
59201
56355
31562
59214
27862
77238
53611
40226
31773
77445
77447
59206
1179
31399
77474
31786
31784
74280
77470
31783
21073
59158
77475
4559
77476
31781
35152
21075
4555
21076
31757
77466
4560
35149
74267
77433
77424
59204
77463
21057
77485
77486
26826
77480
56348
56347
28072
77495
77496
59152
59159
56351
73865
53609
59142
77315
21699
31345
73897
59086
31342
73894
77212
31366
77213
77214
59218
31339
73893
77221
77222
31329
35098
77231
27852
27860
31396
73872
21698
73888
77339
73889
77342
77311
77327
56767
59089
77324
77308
56759
31368
77223
35083
59194
35115
31363
4542
59188
59186
59185
77257
77258
77260
31335
4540
31357
4539
21714
77248
77247
35089
31364
77227
77266
31348
31332
1191
77191
35084
77194
73845
73844
73842
56775
77201
21716
73837
77204
31347
27867
982
76307
76305
59250
31454
76818
76817
35617
31453
31452
56847
31449
35616
76806
2948
76807
73982
76810
35620
59248
31456
31459
21581
2937
76612
76614
40235
76617
73955
76619
73954
53621
73964
76820
76823
35615
73948
27945
20120
76829
31463
73977
31420
56747
20961
76844
76837
56746
2962
31445
76850
59348
73947
73922
59337
2961
20960
76796
76742
76743
31469
76839
76836
21599
73975
73967
76860
27891
2950
21584
76864
73971
76856
31478
59347
2951
59354
2966
31472
2965
35609
26834
27942
76698
40282
59284
74785
74786
40274
74787
76697
32340
53722
32339
59260
59258
35553
76591
59235
59232
74772
2845
32296
56840
27965
76652
76643
970
40279
76704
40280
76708
2847
2848
56842
74780
32319
32318
35565
74778
32335
35558
76599
73752
76625
74789
59224
59222
76633
40289
76635
32284
76600
53617
73956
76623
73962
2942
20967
32299
76604
53673
35562
59225
59229
74795
59257
32328
76569
2889
76572
32276
74793
76576
59227
32282
76579
2967
32281
76745
35590
73908
56728
27817
31550
35501
74003
59301
56727
59300
76273
76377
31523
56732
31495
76284
35487
21639
31497
2894
40815
74006
31542
31531
59313
31529
76393
59310
31526
74055
74052
59305
31543
76404
59309
1008
40816
31555
56726
74004
76253
59344
995
76320
21717
31511
76325
74015
31510
35477
76293
21064
74012
74011
76297
74009
40165
59120
76302
76319
35475
76254
76266
76255
59334
74007
27819
31487
74022
35473
31518
76314
76268
2924
59328
56735
76291
27825
31514
59315
74046
35545
56755
59358
35586
76784
76785
73936
76788
40802
2952
21594
76793
73932
53625
76779
59369
21592
35600
73941
76734
2903
76738
59342
73916
40800
76755
56749
21596
73914
27844
31411
76723
76725
76726
73911
73909
2956
76732
59368
76763
76764
76331
31540
76362
2907
74032
76365
1001
76347
76332
31435
76333
56740
76335
74029
76366
74027
74043
2908
74033
74025
56741
27846
1000
2901
73986
59365
35602
74041
31484
59364
76769
76564
74040
76353
31485
76356
79168
28301
56602
28489
78669
78670
39754
35801
3832
4176
78636
78638
78667
3830
57469
55317
78642
72075
78647
78649
72083
3833
78651
35817
26647
28485
78611
72087
28477
55326
78633
39762
55322
3835
39759
72085
39758
53284
78663
78664
55333
28494
78606
78220
39699
78241
55342
28439
4161
55339
78219
78221
55343
28593
28694
35789
78244
78266
78267
57478
78210
78208
20244
78233
72073
55350
3848
78228
55348
53288
72091
28249
35787
55345
28247
53289
39702
55344
78224
39700
78607
4175
35914
55387
78683
78674
39927
78734
70397
35804
70394
28509
57483
78747
28510
39958
28255
39955
78730
39954
78690
35803
78717
55356
3897
35916
35909
78692
55357
3896
78676
4168
40688
35860
39934
39933
78710
53313
78684
70401
3868
78718
57466
70415
39739
28254
70417
78629
35813
39735
40730
78614
53317
39731
35815
55391
71251
55330
78602
28484
4174
3843
70427
70424
78720
78712
4172
55381
55380
35808
78727
4173
39744
70422
28498
40728
3844
28497
70420
39737
55468
3858
78273
39771
39780
57363
39778
35828
72156
72154
4154
39770
39782
4261
78399
78422
55401
39769
4260
28675
78367
55408
78429
28276
39835
78282
72160
39832
78385
55453
40639
35824
55409
4266
78396
39828
55402
78381
4264
4153
53298
57350
57479
78308
78417
28678
78361
72178
39795
72177
78305
78309
39798
57382
4279
78313
4292
39791
78318
55411
39796
39799
78431
39802
39785
39786
78434
35832
28676
57351
78420
39801
35836
78402
78403
55399
78405
35835
4277
28677
78175
72109
4267
40721
40641
35792
28244
55442
39718
78150
72048
55438
72071
3850
28700
28701
4062
28702
28260
78144
78260
28699
55454
20241
72095
78276
78277
78278
78263
78262
78245
72093
4146
78248
55446
78250
39707
39708
78254
55445
78128
39764
55433
39823
78201
39813
28277
28692
35625
39809
39807
78170
39815
78171
4271
78173
20073
28691
72055
39841
4150
55461
57376
78193
35842
78134
55450
35847
4268
78141
28705
4275
28706
39820
4178
20253
28263
39816
78192
78708
78705
39790
77779
77811
77796
28146
39484
39483
53410
55602
20303
55604
3757
35894
845
846
26658
20302
77789
77810
55597
77791
77752
20305
77773
3764
3763
77749
53399
35781
77746
77804
70571
70570
55546
77800
77801
3759
55470
35878
20301
70577
77674
3784
39888
77669
41151
77671
838
55590
77667
77664
35864
77697
28154
39901
77720
70379
39903
70385
3785
70357
77688
77735
855
77679
77680
77681
53414
70373
55587
39890
55595
39896
70374
28461
57443
55593
77661
35674
55497
78702
57236
77509
70619
39510
39511
28558
28559
3815
3814
55476
39527
77578
57237
41160
55490
70611
39523
57235
77506
70610
57234
3821
796
3819
797
39507
20038
39504
77534
35695
77535
55481
39503
77522
55479
39492
55478
28562
77571
77739
28128
20040
57344
20306
70568
39461
70569
70584
57446
55501
77771
791
55498
39458
819
53407
77738
77758
77656
77572
39514
39519
3812
70564
39516
77558
70563
77543
3811
57245
77547
77548
28132
39454
77553
35668
77555
77724
57428
39918
78476
40691
78458
55584
2501
78444
78446
28449
28450
70443
70437
55578
78453
70436
57486
28252
35935
26678
57485
78479
4999
78569
35923
53304
35925
28440
70448
78461
28441
70445
78464
39973
78466
78467
26652
26650
55552
57488
55572
41137
4165
3901
78478
70459
39987
55368
70456
78495
78440
70462
28501
78695
57492
57496
55364
78700
78701
3902
70463
78501
78511
28259
39980
78505
78506
28476
39994
39991
53311
35905
35904
78514
78499
78498
57490
78496
55370
55585
78567
70337
39860
70323
55618
70351
26653
78127
39921
78540
78543
3774
39858
78545
78546
57432
39856
35871
35872
825
70326
28457
39911
55607
55623
39916
35868
77733
70352
57429
77698
39907
70324
39910
55621
26654
77704
70328
70327
78551
28467
28468
78588
55564
78581
70346
70345
78584
78586
78587
70343
28469
78591
57440
55559
39870
39867
78562
78563
35870
78578
35877
835
39853
78535
55611
3828
39849
39847
78524
70332
28471
28201
57438
78533
78534
39880
78518
55412
78286
71119
4328
57134
71498
72348
4099
72363
72365
72366
56967
71493
71524
28634
53329
39120
38860
38859
71555
71523
39133
71557
72360
38829
39126
4299
4091
4092
71512
4095
39128
20050
71519
57137
28236
71507
40644
38865
71489
71556
71558
72383
4100
72367
71486
39111
72472
4218
71435
39276
56955
72368
71440
72473
39279
40779
71428
39292
71426
71542
71540
38858
72371
56926
38855
39104
4083
4081
39107
38850
4323
71539
28659
4065
39275
39108
4066
39271
56969
71407
28610
4195
71272
71278
38875
72403
57148
71285
72405
28221
4310
38867
71270
71269
28222
40753
71256
4087
56975
4313
57123
38885
71379
71386
71370
28206
40749
71374
38884
71377
71380
4314
57125
72389
40742
38880
57124
71327
71273
4306
71260
4300
53327
71324
71311
71310
57130
71308
72411
57131
57132
4305
28608
72408
20055
38889
56957
71304
57143
26666
4334
71262
71328
71263
38886
71265
71266
71267
38887
56974
71289
71318
38902
71312
71313
28605
71315
38901
71317
39119
39220
71414
72343
56906
39301
72319
53337
39302
72322
72323
28644
72314
72211
72213
4080
72447
28646
39304
72219
39348
56999
57002
72339
72332
4106
72427
39242
72426
39219
4105
56912
39300
39299
57011
72327
4077
39353
72309
40651
4101
39354
71415
39360
39362
72235
72251
57030
72253
72233
72256
28438
39364
57008
40657
72262
72263
72264
72249
39335
72236
72199
72224
39370
39308
4136
72190
39371
4135
72243
39310
72196
20057
39312
4124
72201
28648
57006
40661
4131
72331
56897
39246
71451
56939
39234
56938
39233
71466
39232
39329
39230
40701
71453
71454
71465
57023
28654
71458
56892
71481
71477
72429
71446
28228
72480
56950
39321
56949
39288
28665
71447
39257
4072
4117
71470
71471
71472
39326
28666
72485
57024
72463
4108
72270
56882
39254
28637
4109
72276
56879
72280
57026
57029
56878
4107
72277
28640
72305
56896
4110
39237
72286
28636
71252
4074
72289
39331
4113
72292
72438
39224
56913
72298
72299
39333
28635
72436
39221
72398
72400
4158
71890
39209
20265
57094
39210
40633
71597
39213
38937
28243
38935
71582
38933
71567
71568
71888
38932
71587
71640
71885
28746
71934
40743
53348
28743
4221
71951
39181
39203
71939
26675
38909
57412
71944
71942
71941
28264
38931
38929
71715
71611
39030
39029
4246
57404
71608
39027
28217
39185
4247
4245
71615
71906
71617
40770
39045
71620
39199
71638
71576
71626
28204
71578
38984
28717
39216
53349
40632
4216
39032
57044
53352
71894
71632
28720
71635
40769
71701
38918
4193
78323
78350
38961
78353
38960
78355
57359
78341
56249
78349
38957
39174
78327
4142
56251
78332
39177
78342
72116
70001
39376
72127
4290
40637
39168
40740
78294
78295
72123
78347
72120
78321
78322
38955
40712
39169
72118
72144
39162
71713
57075
4256
39156
71657
4227
4207
57076
71915
71922
4205
28266
57073
38922
71707
57409
38919
71712
4230
71929
39159
38978
53345
71669
39373
39145
72133
38980
28270
4235
4232
71662
4204
71660
4233
71646
71647
57385
71905
71565
57034
71770
39095
71762
57168
28623
28625
28626
71759
28627
38818
4188
71775
57184
71563
38763
71352
71975
57401
71795
28614
71760
39090
28620
71994
71736
39091
57157
38825
71781
71792
71971
71969
57155
71787
71965
28621
4354
28630
71990
71903
38779
57149
71344
71345
4364
38782
56978
39066
40747
4189
71393
71976
4361
39067
56981
72394
28208
38785
38771
57179
71987
71358
56976
57177
57176
20156
38754
57174
71349
38770
39082
71985
38753
53323
71982
38769
57151
71732
71731
72016
71859
4350
71814
38999
28214
4349
71836
4348
71860
57067
72002
39004
39006
39190
28672
39020
4336
72008
72009
4338
28215
39187
57387
71824
26674
39055
4200
40773
71832
71835
39052
53355
39048
71816
39023
38995
57391
72011
57057
72012
38789
38804
71747
71748
39086
38803
71752
38801
57164
71839
4339
38796
38792
38791
71726
71727
38807
38805
71744
28618
72025
57056
39141
71842
4344
28212
71845
71837
20059
4342
57055
39010
40762
71852
38907
57109
57230
77523
35690
27775
78929
27745
78931
78932
78933
37580
41174
78937
56449
71028
55197
55196
56451
697
71054
55167
78985
79035
27798
79027
55228
37615
55227
79046
37586
79044
79043
79029
79041
4817
71055
71027
55223
36237
53185
79040
41175
27799
36234
4823
78967
71037
78977
55194
71053
71052
78982
78976
78972
36245
71049
38021
55164
78950
71048
78952
27806
78971
56453
27802
78911
71022
699
78915
78944
78918
78919
78921
37600
36242
53184
27803
78945
4808
37602
36244
37589
79055
56250
37624
53199
78809
71070
78792
78794
37626
78797
37623
55208
71067
78803
56474
78806
28418
37637
56477
36178
53197
79010
37576
78763
37529
70964
78766
78767
55206
56471
53195
71072
78815
37654
27754
71017
36176
4717
71073
56478
71060
79054
4822
36187
20176
78999
79000
56482
4815
37595
4821
79023
71085
694
71082
37594
37593
37592
28434
78995
71091
37650
71058
71059
79014
37649
55200
27743
27744
4764
36209
71092
79022
79005
56480
78988
36184
55624
78991
55163
78954
78965
79756
37995
4783
79750
37992
4781
37969
20188
79758
70220
38100
79761
36228
70167
38097
79748
38095
37997
79704
79730
38005
27788
55290
37972
41180
79724
4806
40892
38004
55286
55288
79696
70224
79726
70223
70222
38000
38086
41186
56465
41187
70164
38112
79954
4771
36116
884
55306
79943
28375
4768
38048
20186
26691
28374
38064
55303
79950
70194
27791
4774
674
28376
36172
38090
780
38105
53164
38122
882
70170
27733
70168
55296
79844
38118
27680
70230
675
79715
36229
38028
27795
79787
79786
71250
70206
56463
36214
55176
79804
79776
38041
79780
79781
4841
4840
79802
38012
57294
36231
71044
78960
38008
38016
79375
79377
79789
4826
79799
71039
79793
79794
28425
56462
38013
79798
79777
36217
79807
37982
79812
37985
37984
79806
70214
79817
79819
79821
79828
37980
37978
70233
79765
79711
79712
4831
79811
70198
55179
79808
79829
36218
79831
4836
36219
669
27774
70201
38009
4834
79842
38046
79826
79825
671
78762
78788
795
71185
53138
40880
79108
37804
79103
4738
79114
79116
79123
79117
79118
27573
4736
79320
79321
79322
55941
79124
71180
79129
654
4843
79102
79104
28311
79127
40985
655
36000
79131
37810
40879
55944
53137
79137
79138
27574
79325
71213
628
37740
37739
20167
37738
40993
71205
20165
55961
79312
37737
79366
71200
37754
56015
35981
79355
71208
36013
79326
646
79328
661
40990
37736
28305
71175
55973
37751
55971
79316
71191
37749
55972
37748
4732
56426
27564
79078
36191
757
79156
79157
79158
79159
35943
56011
56010
20021
53133
752
79209
71217
71216
37676
79215
27517
40996
40997
35949
4929
35958
4959
37696
71171
55998
4930
37671
55999
79179
37665
28317
754
4927
71228
79148
56484
37689
79183
55951
79083
55955
79095
79096
79097
37789
37788
79084
37787
37734
37785
79068
79069
37774
79101
37781
55953
71240
650
71232
79194
37687
56431
56002
79181
20020
27538
27540
703
27562
4953
71244
79191
79218
79142
20166
37681
79339
79340
37767
37510
56026
27767
78830
56023
70948
78891
37577
56021
78841
56035
78897
70976
37515
26588
41201
53192
4700
41199
78887
78865
4765
78857
4698
78859
56057
78861
56027
37572
37565
78848
41196
78831
41197
56031
638
37568
37511
78886
79342
56041
70973
78779
56045
78781
78782
78783
70971
78771
4724
78770
28405
70967
4722
78756
55627
78758
70974
56046
4692
70941
56037
78873
70943
56038
37504
4690
665
4707
4709
28412
37520
37521
78878
56446
78829
28406
78855
56079
53186
56414
79253
4759
70985
37758
27548
79240
79239
79222
37760
27551
632
4756
37656
56074
27555
4754
79252
56412
27758
79353
56066
35982
53140
56072
70995
56070
79351
79354
79247
56068
35984
4761
79243
631
70990
37762
79234
70998
79230
56418
71006
79265
36197
36198
37543
37542
79270
79272
27556
71002
79274
71001
71000
26592
79062
78851
56416
56085
79278
79279
79258
56077
56091
27549
70999
28360
79286
56088
36095
37551
79290
53135
79293
71010
36195
27684
70175
79932
4002
35762
77817
53376
55147
53377
55146
77827
55145
70092
70083
41115
70082
20292
39649
77876
70098
39666
41128
57210
77840
57221
70142
77947
77941
20276
4051
39555
70096
39609
77842
77843
41127
77845
4049
26711
4047
3999
3998
35774
78078
41100
57194
78072
78074
3987
78076
39611
55090
28550
57195
70313
70314
70519
39624
78050
35757
55091
39676
55140
39683
77884
41112
70111
55080
39651
53422
35749
77860
77870
77861
41099
39681
57207
28199
35753
55093
4054
55139
41189
39603
79582
4030
70135
39605
77501
78751
57212
39601
4032
912
77920
41123
57214
53371
914
77926
20280
39588
39594
55023
904
26716
79599
20274
79602
79603
79604
55077
79578
79601
79376
39574
39572
79575
79576
27711
55131
28749
4055
28126
55120
41125
39533
39549
39550
35768
35769
909
35765
77952
77951
39567
57218
35770
39563
77937
55121
39537
77912
35743
55129
77894
35704
77896
55127
55118
28170
915
55123
70123
77906
39568
55125
77909
39539
4058
78052
35752
40683
28582
55527
55529
39389
70504
39386
39412
77613
3789
77603
77599
70502
55543
70501
77584
70499
70497
77604
57260
41171
57255
789
35632
3805
78011
39441
39440
28529
55517
57259
28578
70476
40685
39415
70472
53434
77813
39379
3795
78085
77627
70602
53417
77621
55547
77624
70599
40697
39400
3810
77630
77631
35687
35688
70595
28136
70593
35665
3809
77590
28589
77591
77592
39393
39394
35642
3793
39411
3792
77654
77645
77646
39407
77648
41155
55531
77653
78045
78042
55524
28190
78122
78108
70527
53428
78089
78090
4018
39639
39646
4016
35649
28521
78100
55107
70543
70542
78121
39631
28525
78088
78057
55083
39615
70521
28193
70518
78049
70515
55113
70514
55115
78112
78113
78114
28518
78117
39635
78097
77970
3907
39419
57199
4007
55312
39416
28188
57227
39435
78046
78047
78010
55314
28553
78035
28165
78037
77978
39422
28524
39414
4015
4014
77994
77995
77997
817
39424
55105
40684
78002
4011
35652
55103
70536
35654
79596
4038
70028
20235
36159
36160
3965
79486
55258
37876
37875
79474
70297
36163
79472
79458
57305
37823
55057
70247
55261
79479
79466
37873
79887
862
27663
70306
20233
79884
55268
57280
40674
79897
70303
20234
79894
864
865
79477
3981
27694
79402
861
79499
28388
57332
79493
57334
79504
870
36136
37843
79509
36137
27716
79530
37838
3967
37836
79497
36154
79470
70241
53386
79455
55051
79494
897
70243
36165
55048
36169
70254
37834
55045
55042
40680
3973
3972
70308
28396
3964
79970
20005
79981
53180
70184
70183
70181
55253
70180
28366
53174
55251
4791
79975
27691
79977
55249
20003
79995
27662
79961
36120
57300
4802
38059
79940
28372
38058
70191
20184
79986
888
27688
70188
79991
4799
38052
79923
41234
40888
79910
27660
57273
55239
79906
55238
20178
37860
79911
38073
79912
55254
79914
70296
79919
79920
36110
26688
37868
79858
37862
79870
79871
70291
895
38070
79878
70288
79880
79881
79865
79864
70284
27676
79849
3962
3945
37889
35711
79652
37926
934
20289
79685
35726
37924
35727
55036
79677
79655
55035
35729
35730
3933
79659
70010
70041
932
79664
57324
37899
53379
79619
70069
79620
79623
55007
27698
79675
70065
70064
79649
70062
37911
37912
55020
3932
20015
70261
28176
35705
4040
79539
27709
79569
903
79543
79545
28177
79546
79547
55027
39583
79570
79571
70031
79534
79553
55034
79559
35734
41221
79609
918
37915
79557
79558
20016
20285
20017
79562
37913
79564
28178
57315
79567
929
53380
70072
70049
37948
79391
79393
79386
70053
70051
3917
79441
27727
3915
41211
28382
924
79446
70048
37962
70056
57338
37903
3916
40679
79406
55072
70260
37947
37946
37945
79396
79385
37939
70258
3923
26682
55069
41217
79413
79449
55078
925
55038
79633
70061
37929
79636
36148
57327
79639
79641
79436
41222
79643
55009
79646
79647
3925
79631
79532
36147
79431
79430
27725
3912
55017
55015
37959
70045
79420
70044
27715
3911
79415
41220
37954
79428
79429
62741
31957
62738
57511
34787
57539
73350
73342
36557
61437
3198
28977
34768
34795
57517
61428
28978
34793
61425
21290
73352
21311
43625
61530
57571
43627
57569
3166
61527
61528
3182
57568
615
57567
57566
40328
57563
73357
61542
34770
73346
57515
34790
3190
61475
33956
61480
61482
57506
61476
36543
36542
57514
57504
33952
57503
61452
52785
52786
28982
3193
61474
61473
36544
34374
61444
57512
40323
61420
36559
61422
61424
61417
61445
36545
73321
33961
73292
40390
73341
34776
61459
34814
3382
61311
34819
57557
52792
3280
61294
28920
28915
3181
61299
61302
3179
46664
57549
28922
61325
564
34767
46670
61264
34711
57763
61268
46673
43721
28943
61313
46667
34766
61315
57760
61317
57759
46669
57758
40321
3177
43672
61526
73340
34836
612
34833
34831
44091
61524
61548
61508
61549
34827
34804
3167
61554
61555
61557
57560
57559
61493
21150
61510
34808
61513
608
73338
57546
61518
43670
36552
61507
61506
73335
61488
61489
28946
61458
73291
33988
36440
73427
73426
57654
34028
3155
29790
62232
29791
62260
57648
73401
57646
3151
34045
29792
62244
73428
3157
21135
62204
52678
57625
43607
73435
40382
62202
21265
73433
29788
28962
28955
62266
29376
34037
40383
62253
52682
36425
43671
62424
21255
21168
62434
62436
57587
73382
34002
34001
62445
62463
73395
33998
62488
62489
52684
73393
62431
62430
26339
547
21153
34057
62448
34056
40372
43655
34052
3203
34050
21257
62443
62442
21256
57593
73365
3145
28961
61461
73312
40375
36540
52790
43600
33967
62304
57530
33916
33966
33923
73308
62307
33919
62333
33918
3136
57532
33974
33928
62294
3186
40351
43596
21327
62290
33982
62293
40353
43599
36535
73301
62301
62302
28948
21260
62287
73304
592
73360
62217
40380
73406
52734
62213
26342
43605
36435
62218
33943
62219
33934
62222
62224
3143
33929
57618
62323
33942
3133
21136
43603
57525
57524
73417
62324
33910
36429
62311
73414
62313
57628
73413
57635
73412
36430
34715
57766
52793
46619
36258
21300
61628
34877
29060
3415
61632
46618
61604
57662
61638
34871
61624
52773
3413
61621
21301
34879
46829
61570
46827
61585
34881
36255
366
46823
46822
3303
40446
34848
61601
61573
40444
57668
61579
36257
61608
57660
34922
46633
34994
44068
61803
3401
61805
61806
46634
20733
43687
574
46631
21295
46628
21294
34987
61838
57691
36313
3405
61829
36260
34976
46602
61617
61618
29044
3399
61565
34969
34968
46608
46607
61824
61826
46605
21306
43679
61255
29047
29025
3316
34896
46807
61651
29046
34894
57733
61645
46814
61658
34883
34889
46811
34901
29049
34898
61644
61596
61670
26372
46866
64999
34475
36277
34687
61668
61672
3317
57701
46861
57699
61677
46860
352
46837
61705
46808
36285
61587
61696
20737
46818
34905
43678
34884
3308
57695
61710
3307
3306
57674
36253
34861
34860
34859
46816
61693
29055
34910
26402
46805
61714
57727
29052
34915
21407
61700
36271
3311
21406
46800
34911
61687
61689
29031
61862
61863
34755
34758
28926
46711
36519
61340
36520
61342
555
43717
57748
61330
46705
36505
34749
61394
26394
34759
44083
61866
34727
28939
61563
28940
34744
552
36513
46685
34733
28927
61361
36515
3368
43716
34747
46715
46714
36488
52795
61399
61281
61405
61329
57757
34707
44099
61278
46646
21315
584
561
46659
57769
61272
3388
61270
61269
3395
34692
43726
21316
61401
36490
34704
61404
61389
34701
34700
3362
34697
3379
61376
61377
3380
61381
3396
52809
46688
28936
46571
57791
36292
61852
26397
43735
46600
40340
46569
36295
61743
61745
61746
61748
29034
61751
28928
46575
57785
34935
34937
61867
46601
3435
61870
3434
43733
36325
36309
3431
34932
44065
61841
61842
52802
61845
61753
34924
57804
61777
40345
566
57810
34946
34944
61779
34845
61763
57782
21324
57807
46694
61767
46691
20732
43730
34949
61786
44082
3377
40342
46582
61725
34941
34943
582
36289
46595
61734
46591
61737
21310
34953
46588
26395
33991
62497
36276
73613
37316
52726
40613
60382
3615
60385
60386
60389
34364
60374
60373
3630
40614
37317
73631
60357
34363
73600
60334
29702
60318
57865
57864
60321
37309
26357
60323
34371
40611
60327
3599
73632
3598
21379
37305
60391
37318
60360
34307
60566
60580
44198
26356
60584
57883
34304
73620
60551
57872
60552
29752
40620
60555
60556
57880
34299
60579
57885
57886
73623
60362
60365
60367
29728
60370
44183
52730
60469
34309
43243
21123
44182
60573
57888
43264
40609
34338
73618
60404
60394
34256
34226
58066
37306
58069
73636
34224
37276
21383
58082
3660
21114
73655
29707
60453
73641
60428
60349
34229
536
52695
52717
73439
34282
34281
73651
3665
34230
58085
21272
21328
21113
60423
73645
58054
3658
34239
3657
32117
37340
34349
60468
37325
3606
34336
34344
60338
34255
37324
73672
60342
3605
73605
73612
21380
29697
34351
512
52720
37333
34252
3655
20520
34249
37334
29692
526
60451
60450
37335
34242
44185
73663
60439
60559
60561
73389
60098
57845
73691
3713
60112
34074
34100
57843
52708
60107
34067
34081
60085
34084
57841
3747
34097
57846
73675
34129
60523
57849
34127
73681
3715
60520
73679
60522
34101
60104
60525
60526
34140
34073
60313
34080
57847
34095
73708
34093
52710
60136
37200
60121
73695
43253
34188
73594
21386
57840
52711
3741
3740
37202
60133
73494
60135
60137
73697
37199
73699
57838
60089
3746
73705
43250
73702
52709
34085
34139
60147
60148
29729
60151
60152
37197
60515
60512
52715
43271
29754
3618
34321
57831
60593
60594
57830
60596
60606
73732
60603
60604
43272
60470
60548
37215
73717
57852
73710
73727
34318
73671
519
29753
73673
37342
21375
34327
60608
60613
73724
37264
520
60619
60620
37213
73746
3616
37216
60541
26768
34136
73684
3718
34134
34132
37190
60542
34118
34130
60544
60545
60530
60529
525
60527
57833
34120
73689
21120
60498
60499
43276
37218
73739
26352
522
34113
34102
60474
57817
73734
40607
43246
43247
62084
34288
37281
33787
40367
33764
58014
33762
73140
489
61970
44085
29783
52658
62017
36451
62019
62020
62022
29806
43644
505
3272
61982
36479
36480
61976
58018
43633
58009
73187
58017
33760
61985
33813
61989
3269
33788
73136
58016
29827
40369
36453
3211
73160
21283
61900
61901
33780
61904
58034
61908
62028
29835
21282
36461
73151
33772
73204
33904
61954
26331
472
29832
73131
73130
43646
3217
73144
3216
29830
61999
33771
61993
40314
62005
62006
52661
43648
58021
33820
62080
62381
29770
62372
62373
21167
57610
21164
62380
62366
57613
57609
57608
36469
29774
62351
3245
36472
52687
62367
3273
62462
29786
43668
62464
57583
36421
36423
43654
57581
36445
34021
73175
62477
34018
3251
21252
62423
62354
73168
33906
62390
62404
62403
21161
33807
33809
62388
40352
40361
62360
73196
73194
3274
29781
62397
73192
62399
3278
62420
58019
57814
33799
62355
62422
57602
73185
33802
62407
57812
33800
62412
44088
3263
73201
43638
43640
26349
61913
21155
73222
73209
29842
33859
29766
62057
73207
3644
33856
62111
73224
62066
33854
29711
33851
33850
73225
21099
58105
61887
58092
62169
73216
37272
62153
21101
43239
62156
73241
40550
62150
58091
62161
73212
43224
62164
44191
29712
73239
546
58064
58049
62104
62105
52694
3654
43207
62091
37278
58116
62074
37279
34279
62077
34294
62079
34291
73229
62100
62092
21097
3641
73236
507
44189
58114
43221
3637
58110
73231
58109
62093
62094
34263
58088
21273
73217
62171
33834
73248
3236
61934
37289
40573
20508
33888
61921
33903
43231
3231
33901
33899
37294
61932
33895
73264
61936
29826
61949
57973
57987
73258
61891
57985
57983
21278
57981
57979
3239
73252
57978
61943
61944
73243
61946
33889
3228
33835
58104
29811
43235
62127
52668
57970
33840
62149
3436
62138
29805
37302
21107
62177
62178
29817
484
73266
62122
62120
62148
58001
62144
62145
62146
33829
62132
57999
73271
73270
62114
62115
73268
43234
33844
29809
34481
68336
107
68058
58646
16833
46465
68060
28851
409
393
68049
33003
68086
68088
28852
28853
68112
43591
52506
58647
68052
68071
68080
68073
68074
42097
46456
68077
16816
68079
32972
33004
21539
16817
68084
46452
43584
36834
42098
33045
68117
32969
58670
46445
33088
67992
406
33106
28859
33107
68001
21537
58669
33121
36862
33119
67991
36863
58668
67970
46446
68104
68102
46479
46477
33100
68107
68106
46476
52507
33098
52508
52537
46473
402
58636
405
46469
412
68070
33116
67833
47274
36720
67842
67845
33042
67850
58225
67832
47303
43577
67817
29271
67819
67821
67822
16806
33028
16812
67971
67937
43529
58210
42047
67949
58209
67934
33017
36564
67968
67940
16814
67944
47278
29267
33012
43531
67823
33040
67827
46462
43580
67857
67858
43581
46251
67853
46455
58226
67828
16801
32978
67868
36801
67870
58438
42096
67872
36832
67889
427
33037
33036
58236
67891
67852
33035
36830
47296
33032
67881
67882
43579
44104
67886
58231
33117
16564
32830
67632
32867
32865
43570
42072
32864
16638
36842
67633
36840
28838
67635
16637
67655
67579
32852
67524
67623
46533
36838
46537
16605
67644
36839
16604
67647
28837
28840
46536
455
32968
16620
20744
67639
32869
67637
28841
67526
67527
36845
16628
16629
32881
67578
32880
28893
32877
67566
32875
32858
58595
58722
43565
32874
58729
32890
42077
67517
58617
32882
58618
32856
16635
67534
43571
67537
32871
16633
67520
28890
67503
32887
36849
67508
26268
36851
58602
28865
16612
68012
68041
33064
68045
68030
68029
46424
33062
68013
42105
46425
33061
33060
42106
20483
46426
36866
68040
21531
67617
67984
67977
33113
28849
28848
58662
407
36864
67986
68037
67987
33110
58660
46443
58659
28830
46412
33056
36867
52514
67588
67581
36857
67583
52515
36856
46430
46429
67591
68025
33076
21528
67594
67595
33074
46485
46541
58606
67599
67600
21530
33053
36868
58672
28833
67812
43563
36870
33050
67606
41875
33067
58612
46437
16607
28836
33021
67966
33023
32540
20651
16740
69382
69383
58163
52576
69385
69390
32568
42705
69392
69393
29221
69453
16753
69438
21441
16737
69506
36599
47238
36598
58166
42110
58136
47234
58143
16728
2084
42109
2081
47229
52633
42108
36565
2083
42056
58133
32512
69633
69426
52524
69428
29227
32531
58128
43539
69634
69442
32526
69636
69638
414
69641
69642
44117
69424
42060
32521
47252
42058
69445
32537
69448
32507
32506
32505
21439
32504
47257
21438
69417
47255
47253
69420
20653
2089
29266
2073
32741
36697
69688
21412
47429
42164
32754
32756
69899
47440
21410
69488
69490
32764
42698
42699
58167
21414
69504
69888
44322
21443
36689
36691
32746
47439
32744
47438
20654
69890
52626
16784
32743
69893
36695
47435
47456
69457
69458
69511
69524
69525
47343
32555
36592
69514
69512
69495
69459
32551
32548
42704
20490
32547
69493
2077
32549
52630
47445
58193
69460
69461
32761
21424
47454
2074
2075
32758
47450
47449
69464
32757
47448
69515
69516
58146
32523
69647
21429
69575
29293
44102
29294
69590
29278
42068
69587
69591
36621
68751
43522
16867
67915
67916
32599
32593
58264
69631
47316
69570
69571
32641
36633
69595
69596
36636
58262
69601
16857
69603
69604
69605
58263
47305
69608
32612
16866
58266
419
32600
43525
52521
67909
47327
58217
47306
16859
42042
67954
43528
67958
29264
58212
67961
33024
20754
67901
58220
36609
32609
67924
32608
36605
47337
67913
58244
32606
47336
67894
67895
16864
58205
47334
67899
47321
58245
58246
69682
69675
69676
58155
16851
36573
26263
32628
36640
58149
69684
44115
16848
32623
20758
21435
32621
69673
58156
52528
69612
58161
47202
47200
42066
69616
69617
32654
69619
47197
32633
69623
58159
69625
69626
16846
29229
43545
52533
69536
69566
43537
47264
52532
69550
16840
16839
43535
16845
32646
69539
32645
58247
69541
69543
69544
47215
69563
43550
47217
69658
32619
32636
69663
69665
69666
42050
47222
69554
58259
58258
29284
47220
69559
21432
58726
28896
43707
21494
36337
34422
52762
68269
68270
36340
36342
20721
46773
34420
68278
34419
34418
68263
34417
36344
46770
68205
68238
34429
68240
58561
16664
68222
68207
52761
68209
20706
36335
46562
68241
68215
68216
68217
34425
36334
34435
34449
68250
68131
29012
46791
68145
46789
68128
34389
3324
68134
3335
46786
34387
68137
58582
68140
46782
52766
34452
68159
68158
21493
34446
68256
68257
68259
323
34439
68202
46778
3329
390
68152
34436
3327
58586
36329
68239
34530
58578
68609
68598
28796
68600
36771
46344
34622
34621
36774
34627
68611
68612
68605
44124
58515
21500
46337
68613
46368
68236
68622
58470
28791
28792
34672
28793
68619
68620
68623
28795
16662
68625
34650
16677
46389
68629
34611
43509
68658
68661
68226
46357
68649
40452
68644
68439
36331
34633
46353
58572
68228
68229
68230
34532
40453
68234
68235
68647
68646
34639
68642
52757
40401
43510
40392
36355
36357
46330
34631
43511
40429
36359
36360
36361
46360
34641
58579
43489
46549
20739
68307
68308
3295
68310
68311
68313
44077
68316
57706
68317
68302
3292
68284
46851
46850
46848
46795
34493
386
28997
36380
34528
68403
34527
387
68406
68407
68411
36382
58540
68414
34517
28998
34515
68361
68360
36377
52739
36404
68323
68354
68356
46855
34473
68351
3285
68341
43705
3318
68326
34487
68329
43706
68330
36274
68334
34471
34456
68350
34457
52740
68295
46843
40436
34462
46842
68321
68322
68343
68344
26374
34460
34458
46838
68349
36378
46747
34380
52768
379
68177
68178
43494
58531
68181
34402
68281
68165
68282
34400
58529
58526
68385
34399
3351
46732
29014
58545
34394
3338
3340
46729
68193
3350
58557
68197
58555
377
52767
68185
68184
68183
3356
58518
68170
58524
34453
34529
3344
68378
36369
36371
36372
43694
58549
46751
34498
36399
40448
43695
3342
34494
34510
3321
68434
40450
34504
29003
46737
68395
21503
36401
58521
68381
58520
40465
68363
68364
36402
68366
44073
58537
34506
46721
58471
40405
46391
36755
67672
28881
52574
67667
67695
67697
32892
67720
28879
67721
58710
58681
21554
46289
21553
36737
67671
67668
52569
28874
36749
435
43472
28872
32956
16595
67691
67678
52573
46406
67676
58683
36752
26282
46306
67665
67729
67730
46295
68548
68541
46315
40416
46314
68545
16717
68547
16690
58678
68550
68551
68552
46313
68538
68536
68535
68127
20486
46321
67712
58677
46293
44132
46292
43443
67698
28882
67701
67702
20768
67705
67707
36724
67710
32897
46512
67679
68724
36795
67768
460
20763
67771
67757
21545
32844
28901
32831
67741
67742
58718
32843
67773
32842
58717
32833
67762
36748
46523
32828
16624
32822
20485
16640
46546
67554
16573
46501
67557
52540
32819
67657
46495
32818
32816
67748
32840
58714
46516
28869
32937
46519
58742
21557
16565
58740
44135
67752
52566
67790
46514
16583
52567
32965
20776
36745
67777
466
16568
58730
58731
67737
52561
58733
67798
67799
46490
32835
52562
16570
28887
42084
43466
46504
20546
16695
58705
36779
20710
68596
20534
34554
46382
46381
20709
68702
46384
21525
34665
68708
46374
46373
68692
43500
68440
34561
68524
68482
26272
34534
43476
68498
52555
40397
343
58504
68493
16656
36791
36793
34565
58502
34564
34563
43501
43502
16650
46398
52549
68745
68746
43504
68748
34684
16644
43505
68680
68715
46395
68719
16659
34679
34678
46394
34685
68742
34670
28825
68681
34660
16648
36760
68688
58446
16647
46402
34652
34651
28823
346
68736
68737
34668
68509
68507
68506
20509
34582
58495
68575
58493
68558
58492
46261
20713
36729
20530
58490
68556
34574
34573
20718
68569
68589
34585
28774
440
28772
447
52558
68529
32919
58699
68533
16691
21546
58698
46260
32913
68578
33748
46265
16698
36796
36787
52550
46270
58499
43455
20715
46285
52548
34547
46282
34588
68449
43448
46279
34540
34539
52551
44126
58498
34599
68441
336
68566
68593
391
40427
58478
68462
46256
58485
68468
68469
52547
34604
16713
68475
16711
106
8288
60077
43343
73052
64830
73051
64833
64834
26739
29501
73067
64808
64839
30037
64841
29503
36900
64826
64825
40837
21752
73055
30017
30065
59853
43298
40830
37003
43291
30062
43319
37007
64776
37009
64780
29499
2767
29500
59881
2762
64703
64691
30020
64721
30021
30036
30034
64709
64707
36905
59879
30032
2655
64696
59872
59871
64700
30027
2657
2757
64713
64712
64812
64813
64814
30005
40835
64818
64820
59877
64822
43346
43347
2759
64767
307
64711
64787
30066
73065
63923
2743
29521
59905
63918
59920
2741
59918
37027
64801
63917
29522
63946
21202
2738
30257
30157
63912
63911
2772
40148
30238
30237
2752
20092
63935
59884
59892
63939
26737
73102
59890
2748
30269
40145
59887
30155
43286
63967
63961
36997
73117
73115
299
30068
43293
43294
59860
301
64794
64795
73109
64798
43297
37001
73119
43292
30054
30041
29524
296
43287
43288
73089
21740
21201
63964
59913
36996
29511
21755
73121
63955
63957
29507
64704
29904
36939
72850
64874
30102
50000
64878
59963
64880
2567
64854
30100
72843
59933
36941
30311
64851
64853
72833
278
2570
64921
30096
43336
72823
29395
64967
64969
59992
64971
59991
64975
30111
72820
30108
29393
21849
72839
59938
64705
36933
64920
72945
64903
40128
59943
64887
2540
72942
29381
36932
64884
72939
56670
72936
64898
59959
72947
64916
59927
2563
30518
64859
64860
64861
29382
40126
64922
56666
53500
64906
64907
36949
21844
64911
281
64998
64996
64995
30124
64733
30128
43125
29399
21197
43340
64741
64743
59995
29401
2546
2545
30119
30136
2544
36879
59975
36893
21745
40120
64706
30025
64766
30024
2555
64754
295
30076
72867
30134
43354
21199
29451
72862
64749
64946
2543
36880
40124
2560
30088
2575
30092
72877
64961
72854
59983
72891
30086
36889
59998
36890
29396
2573
2558
29407
72874
72883
64950
64951
21795
26754
64954
64955
64956
30153
30152
30150
64941
30146
30145
64927
64928
59897
21738
2745
30211
64290
72590
31249
53472
36976
30205
30212
72616
30202
64262
72586
64264
2735
59495
2784
72582
40085
2679
64287
64286
64226
64227
37393
59507
31047
64232
64233
29893
64230
266
43402
64281
29688
267
59493
30203
64274
64035
72605
30229
30226
43399
72608
63838
21734
63842
63844
30201
59518
63846
2774
63830
63867
30222
30219
29484
59523
2785
63849
59511
72598
30200
29479
59514
59529
63854
36979
59528
43407
255
72614
63861
53459
29482
31049
31050
64222
64363
31089
64315
258
21759
72638
64361
37394
31083
29898
29886
64367
37395
72652
59409
59408
72651
59395
64312
31091
64307
31016
64329
43435
40112
43420
31072
31068
2693
2664
72622
44171
64304
44168
40097
31076
64373
59407
64357
2691
72641
64244
72640
72619
2689
59454
29894
31021
263
64253
31019
2685
72617
31052
37399
21178
72643
64356
31027
31080
72650
37396
64342
53467
2676
64345
37397
31026
37398
2677
59403
31029
72645
26727
63892
36982
30196
63991
30307
43309
43310
30303
64005
2803
72988
29468
246
63993
63994
37015
43311
63997
43312
63999
64019
43308
30309
36954
30278
72984
63805
247
72982
30277
63906
30276
72981
30292
72979
36963
43307
64014
30295
59687
64002
43314
29454
40141
250
53443
64031
72996
30247
64025
21724
59898
64037
251
64039
40142
245
72993
30251
64044
64024
64045
64026
64047
64048
37017
64051
64052
64053
64054
29470
21205
43316
64058
21204
64061
72999
59484
72980
30194
63829
63879
30176
73022
63883
36988
30190
73018
2777
59486
30186
43416
36973
63780
30181
2792
29459
63877
36987
59466
21733
30172
72602
59492
30169
30163
36983
26723
43412
36985
30160
239
53456
29455
73026
63874
59459
40092
73011
63815
63817
63818
29461
73034
63823
30288
30287
244
30285
59489
63792
43303
73008
63795
59487
63816
43359
63772
63813
63771
63770
63769
73027
73029
73045
63758
36958
63762
63764
21208
63766
63767
63828
63812
64900
30514
64689
30418
63091
63092
63093
63094
63095
29673
21799
74449
2601
63101
59377
58752
2603
30413
31248
40014
53493
20979
30424
63123
30394
74423
63086
74421
63109
26852
30409
2608
21800
63117
63118
63119
30412
63121
63122
58956
2600
59832
32100
62987
62980
37098
58950
37091
63033
58964
63038
74442
40038
63043
58983
232
74385
32101
58981
3025
37097
74453
58953
62998
62999
227
63001
58961
58960
62991
58959
62989
62988
62973
58957
62975
29676
62979
30395
63063
30397
62885
30450
59784
62879
29647
62882
74630
74631
62886
53489
40007
62889
40826
74646
30463
74645
74644
62875
59777
74614
74615
62817
30442
37055
74619
30441
62822
62851
37056
30437
62826
59830
59829
59828
56694
56695
30461
219
29624
30403
63079
74633
30428
63082
63083
37050
56640
59800
63050
2612
63052
63054
63055
74428
74426
2614
63075
74640
37052
59774
2596
59771
59770
30453
30452
220
59785
56642
59787
62971
53488
40037
63072
30407
26847
58980
58979
58942
36248
62508
32149
32157
62512
74514
62515
62518
29656
32154
62578
74529
58940
32153
32152
207
62505
26843
36250
37498
32056
62628
62579
29649
62524
62527
56572
62530
40068
40069
3037
32109
74499
32165
74498
62566
74526
74525
40074
21824
1249
21822
62657
32148
62758
74515
32127
32125
26841
74492
32122
62768
1044
56574
62556
29659
32170
2986
58936
62573
58935
208
3009
58932
62559
62558
40073
32180
26842
29665
29666
62547
2979
62634
53702
63014
62597
53698
32042
62613
21012
32068
62600
58947
3010
21010
56566
62584
29684
32033
74408
37100
56567
56584
32045
40838
32046
32098
40040
63009
63018
74382
58977
32095
32094
58967
32092
32071
74378
32069
32047
62605
62590
21830
32051
32059
62639
74503
62637
29652
74510
32058
198
37089
62624
62625
199
62618
62627
62629
62630
62654
62652
74404
62650
56569
37074
20141
62580
29670
37076
3027
62641
74452
62643
29669
62645
53700
62648
62649
218
62833
2577
30588
37129
29420
64449
180
37113
64434
64433
64418
20095
59751
64420
56646
64415
30605
59766
59699
72925
64444
64443
30593
2530
233
72910
72911
64390
30597
59761
64393
21857
64453
37131
30586
64438
59759
37130
2524
56648
62834
64649
64624
40031
64626
74376
64628
30563
21864
74608
74581
64674
30560
74605
64679
64682
64683
37171
37111
29531
64619
56654
74588
21870
64635
59702
40839
21867
74583
64642
64643
2654
64646
30613
30609
30608
21866
64382
59764
64378
64494
59743
64465
2509
2508
64471
30532
64455
72954
59749
64516
30509
30546
26747
2505
59741
40134
56673
26749
64459
59738
36920
29385
21842
72951
36927
2517
40131
2515
64487
64488
72965
30540
40132
56672
64456
30480
59740
2503
64530
30497
64399
30496
37137
64403
21838
30495
59747
59748
2535
30492
30491
30545
30547
291
30498
64503
2502
29435
64528
21093
64513
30471
2519
72902
30490
30504
30503
2520
40154
59733
72907
59731
30499
64685
64686
64671
74668
56702
193
21813
40020
62905
62906
30350
53481
40036
62902
30320
30319
59811
62953
29646
74671
37161
62898
59813
30327
30381
59819
37155
62916
30379
59818
62919
62921
30376
62923
56717
59815
37158
37160
62895
56700
74685
20977
62944
74651
62968
56687
62837
30467
56688
40005
62843
59838
30445
29628
62847
196
56692
74622
74672
62943
2588
74674
37163
20985
30332
2594
30349
56685
171
62949
59824
62934
30345
20079
53484
37166
74675
74665
64581
74592
74540
2625
37180
37181
30578
37182
30577
64562
2624
64587
30575
30574
64551
40033
30571
64535
64536
59719
64609
30582
2617
2630
2629
74597
74594
64657
74593
59725
59724
74572
30567
56652
21862
56680
2626
56703
74535
53513
64540
174
74563
37168
59823
30359
74561
64376
21835
2649
64574
56713
74609
21807
2647
56715
64585
59816
2652
59715
64599
74534
29641
56707
2635
64547
59711
30362
192
56708
30367
74552
64593
176
2653
74566
64327
20115
72630
29941
59673
8
60692
30804
57914
61024
53550
73587
60691
61026
61029
21236
21767
61036
72803
30723
73585
37478
40511
30909
61033
3517
30705
141
3554
61018
20107
60696
60678
29879
31145
21766
72776
60671
30816
31148
60669
61039
61040
9
79
31150
59672
3529
73576
72799
53546
29958
21214
60701
60700
61052
21213
30726
61038
20106
30912
30707
72806
40544
60659
43135
72795
30714
44158
59680
44148
60653
30716
60651
60650
29930
59683
73582
40474
72777
61061
26787
37472
30901
30713
60756
30741
43383
59580
59578
59587
26776
60660
59679
59676
3481
61079
43138
37477
30708
61083
72808
30710
6
61084
3577
29924
61086
73578
60631
72809
60629
61089
61090
21238
37476
60646
60647
72796
72751
59627
57897
73572
73566
72760
91
60195
31098
60196
21790
60918
60919
60920
72763
60218
43369
60173
72765
59631
60221
31131
60932
60930
31105
30793
37364
60926
21344
30790
40523
60172
30802
26782
60162
3545
60815
37351
60812
31120
60164
3698
20101
3546
73517
29847
31125
57910
31126
72550
31128
72656
59644
72657
60168
60913
60170
31115
29862
72759
43368
60924
60217
60887
40519
3521
60895
37373
21340
60892
59619
21217
60890
29865
3494
40517
21365
3536
57921
59622
59623
31135
60213
60883
60782
12
59624
31138
57920
60681
31168
72744
30783
31167
31110
60228
21794
92
31134
43364
57927
37235
3694
59614
31157
60233
60226
57926
60870
37377
72740
31160
26783
30787
37376
60200
30785
37236
31165
30743
72783
30766
76
125
37458
61132
43191
43164
43172
30862
61101
53529
73127
59566
29990
61196
60978
61197
61114
72697
72718
61131
30693
73750
30893
72719
61128
30892
61126
26790
72673
30767
3460
60999
72666
72668
61162
3454
61161
40482
40533
61159
59560
3516
40532
73545
60986
3452
61172
30867
72670
29988
30635
30702
60984
72672
30665
61106
20109
59568
61123
127
61210
72709
61230
37430
72733
53532
61248
61178
61180
59537
30676
61242
72698
40479
61121
61239
43198
3441
30680
61184
30681
37440
40486
61174
61187
59541
29997
61214
43166
37431
44152
61203
30698
61119
61117
30700
21354
3467
53526
61204
40509
37442
61226
72711
61208
59546
30682
61194
3470
3471
59551
40484
3473
30889
30888
61218
30632
24
61167
72679
60967
3574
3573
60719
73523
37466
72792
60716
72785
43280
37463
73521
73520
26794
37480
30757
36
29935
30928
37453
153
59591
59650
31
59376
59659
3576
29872
60966
60744
61070
29874
21229
59686
30772
40542
60762
60763
3587
30776
53585
61072
61073
60777
60776
59668
53584
59577
21346
43165
60771
30761
60767
30760
29933
60941
73537
61014
72662
37495
37494
28
61149
3566
61147
53577
72675
61134
3568
37492
21351
29962
43187
40481
29971
53554
29986
61153
37490
61009
73547
37489
30872
3571
3455
3476
61004
29932
30652
3501
60976
72684
59662
60948
59608
30900
72686
60952
59606
73551
135
60735
59663
29938
53581
60977
60732
64322
73550
37497
60729
60728
60727
73548
30844
57925
72703
31006
44173
73481
44175
72566
59420
2701
57940
64178
60273
60245
64177
43252
2702
64175
29908
110
31003
73450
64071
43400
73480
2720
26729
31207
59417
29843
29859
64148
60269
26767
40545
60256
43429
73456
29739
60018
53564
31208
82
57931
73451
34167
29857
29856
31188
60831
72572
30999
73486
53541
64078
31179
59416
30976
34207
53563
29946
60835
2704
59431
31184
59453
60299
34210
57953
3692
31178
64101
21402
34205
60248
29853
60249
29881
40107
21226
31190
60251
64166
60008
37403
60252
43398
72571
31176
60007
72531
31177
72539
57965
60263
34152
53125
34150
57952
21398
2732
30995
64199
99
73508
34145
64089
64200
30994
21783
64091
43425
40102
60049
57933
60058
46
20313
30977
73513
34153
53567
3686
39
64191
21399
59447
29743
64195
59448
64193
64192
64142
37413
20524
29854
21188
60072
3688
60051
29742
40601
37252
64203
59441
29740
64084
34151
37408
43279
31201
2697
58
34142
72517
3682
59435
43424
80
57938
72578
34161
73503
59450
59449
2715
59443
31196
64211
31013
73506
72513
64209
31010
60156
64206
72515
44214
73504
29906
40598
34159
34158
40312
73476
31247
26734
30973
31236
64109
57945
53559
72561
31241
53542
72559
57907
60187
2670
37357
37356
64110
30958
26733
34201
30839
73442
3734
30848
30944
3542
30942
34200
59638
60853
64122
29949
60190
30825
73465
30972
30971
67
59636
60031
87
60797
3702
57929
31211
64
72634
21094
60234
73469
31217
60183
21329
64118
59635
72579
29952
30822
21387
73459
30969
30850
30857
59634
115
43432
37245
60186
57900
72633
60032
60855
60029
59639
60175
26781
37233
30833
34212
30963
57930
59392
59532
31173
40313
2696
30835
60824
60021
72575
70
157
72549
72530
29912
73443
73493
57932
59640
30837
53565
31116
64321
53572
73444
71
64127
37381
21781
60177
64133
30831
30845
60856
60037
60784
37232
31233
64135
72632
21184
64132
64129
30846
2162
26311
2267
26798
26741
26317
2276
20503
1416
27230
647
26572
738
177
26792
27205
26570
100
26840
651
4155
1036
204
1724
26742
26640
26838
1392
4156
1067
26533
2079
24150
1658
1071
26540
26637
392
739
27275
120
1560
24238
26773
27295
20436
1555
20909
26535
21096
20437
1444
724
126
26771
1654
20041
1652
21098
2152
24168
1733
1350
1355
20267
123
188
26636
187
26560
2090
20198
2106
1470
736
24154
1468
454
27294
20702
20256
2378
1351
27199
108
4151
20074
1446
2107
1730
20271
128
21221
20806
20169
8342
26312
1354
189
205
20143
1657
8346
27278
26837
2167
27277
20266
24199
2275
2386
2280
2170
24167
429
653
1678
4209
20467
20686
20088
705
24118
1545
129
2105
111
2160
26579
1471
532
24184
1480
4206
1058
20859
1057
206
2375
20745
20018
190
26791
1561
4213
8339
158
24145
764
2043
20521
1169
20230
27256
2064
24144
1017
85
8322
4098
27200
231
1348
1460
20104
1433
26262
24326
20052
20753
24325
20813
1462
26863
20026
21220
4180
516
27302
26325
1079
20955
20750
2381
523
2461
24209
1413
21216
26264
1168
4184
20949
4186
1027
27257
425
2063
20742
8125
1457
4187
20631
1791
20045
20157
20105
26567
422
420
184
228
20506
2292
1140
24224
1438
20545
24107
24179
26626
8337
8328
4085
20757
1139
20583
1761
24227
1136
8334
26874
24143
20443
418
2358
27461
26765
226
1333
771
8330
4089
26353
1332
20982
20579
20206
20442
4191
20478
778
20118
86
1442
2382
417
2051
27284
774
24160
776
2049
89
20996
24202
26669
20049
768
20547
20116
24181
27287
27271
26350
1448
2060
26845
1529
20144
24120
20225
20647
1643
21039
397
24174
26267
1452
26568
20600
24155
147
26257
1088
20747
26775
8353
770
1023
20601
937
26526
20195
20748
20637
1019
2080
759
4215
26288
138
8349
2093
20262
709
2092
538
20330
740
20638
26872
26292
160
24332
20944
27248
20043
20746
26797
1644
20915
26569
715
2481
26429
151
779
2285
26527
21228
20633
27259
20029
21015
1539
1534
20208
4182
26853
1163
2302
1366
20218
2301
1329
26870
1787
8350
26310
1788
742
26360
20207
20912
20983
623
514
20759
1670
21128
1162
27261
27273
20044
26628
20232
21115
27274
1250
26673
20231
1524
24215
20487
2350
1677
24064
4070
1676
720
20596
510
197
2469
20523
26846
26664
166
142
21119
24330
26779
26789
20760
20347
2010
26704
26497
1276
26469
68
2226
801
355
26833
27431
26517
27308
1278
1321
1995
20539
24074
883
621
20125
1220
21060
26412
20607
818
2205
1627
26780
1628
1325
605
20187
26702
1204
66
2011
607
248
1946
786
26703
20882
26338
24355
20315
21193
24307
20185
361
21189
26521
26706
26506
1282
26403
21146
26722
1941
809
20868
891
26689
1609
27220
27221
27312
272
1193
24356
24314
75
816
26370
27222
618
2249
26387
24372
24100
26831
26413
27430
1318
20548
2377
1192
26471
1201
21033
26721
378
668
16
1215
1918
26651
1294
273
24079
20857
593
1574
24342
20364
987
26343
24078
21203
20096
1571
586
994
1922
26381
2199
20097
298
20386
1581
1914
21063
26473
275
2201
353
990
24139
993
20192
667
24344
1854
77
1200
26501
38
1196
2203
21062
27423
26619
20564
1934
388
26693
27436
1231
249
61
2027
63
680
1950
21032
26375
20873
20781
1272
1229
20875
26642
1576
20874
24088
1307
20790
24077
21138
26500
676
2202
27208
20513
1579
26694
26679
20738
807
1190
27343
579
20468
1877
1830
20511
580
1831
20544
1833
1187
21177
871
264
20612
20014
872
920
26821
20012
577
26496
1183
2229
867
27320
26796
27216
1881
24082
265
1264
21090
26685
902
20283
21176
24366
1813
1828
1878
576
583
27450
24368
24360
927
20380
155
27444
1234
21209
560
26416
1210
2244
900
21183
21083
2243
26731
559
20587
27266
2241
20728
1236
20725
1904
1908
20284
1173
1815
2345
27448
26820
565
26683
553
1810
930
21088
20937
20527
24361
928
27345
1953
1266
1316
20795
2006
1619
26712
1952
1241
367
1240
26420
368
20614
21058
2259
20037
26827
41
21191
27317
1892
43
24070
21148
896
617
24337
26564
1315
27426
1861
26446
27219
20622
1938
365
892
2257
1859
1314
1915
24098
238
20085
1891
1718
575
362
2445
26389
27243
2247
863
1327
270
610
20281
24083
27189
2002
1181
905
20512
20585
51
26725
2245
20797
20279
27218
44
20844
21175
26368
20570
26713
26487
1209
1822
26422
24066
20314
470
1889
1288
572
1912
20278
573
1298
1841
645
20772
957
20247
1716
2115
27479
20968
26589
941
24129
641
1700
1986
20801
21246
943
702
20370
282
26551
24131
1713
597
24132
20136
476
288
971
974
287
1754
20243
2119
4177
25
441
21157
959
285
20693
20272
473
1115
445
24300
27480
26332
26278
490
20375
24244
20764
24243
21159
2423
1492
20159
26752
950
26648
21244
20251
20924
1490
20717
502
33
1369
20925
20694
20161
20966
1385
20248
27481
20559
24301
1125
2311
1749
20594
26333
26301
20110
27495
26334
24189
27494
2123
26554
2186
26456
20991
2328
20335
1737
8290
20519
26660
26271
24136
1679
26595
133
27267
2177
21108
961
20691
2329
26458
1721
26638
26746
21131
20934
20761
24316
1092
27464
2182
24315
131
27283
24166
2181
457
26269
21103
24123
1552
1099
182
20762
21232
506
20993
21134
27225
26810
20939
480
20576
27195
27231
20970
2334
4143
4159
22
20516
1114
1709
2335
478
434
2125
20778
24133
78
26363
20987
2393
26594
1096
26643
26300
24255
463
662
1707
464
20552
2120
20692
465
966
2126
21243
277
2316
21212
20298
1406
1954
27191
26655
318
20870
21027
1375
1594
20300
20093
26477
2207
20707
20122
21069
21068
26441
37
26480
26337
308
1967
21235
1002
26404
26610
20588
1590
1003
21092
20861
20604
27192
2219
26523
20673
827
492
26803
1305
1847
1852
685
26817
20177
20788
20304
683
20722
2016
983
328
26614
329
2427
27190
599
24334
20536
26474
26466
14
602
1300
2014
26502
26800
21210
26717
20822
2190
304
20376
26738
21066
26509
854
1926
26816
20535
998
303
20134
21152
334
26605
20158
1518
20922
2
20592
21014
27489
3
692
21021
21196
499
20700
1695
21163
27331
1506
4
20245
498
20832
26753
2435
2139
338
1688
2318
1746
689
1680
21034
20714
26549
690
20834
26306
24295
1693
26649
20340
4164
1503
340
1015
20921
2215
2342
1170
20826
21200
310
26482
20898
1094
21016
20708
1587
493
834
20668
27335
1372
833
832
24348
1588
1514
836
20297
293
497
999
26546
26447
276
26463
26525
1964
496
20296
26641
830
294
24349
2459
347
1641
20064
20217
39307
24257
29476
29481
29480
30623
30197
30206
36977
30209
36975
36980
31039
31040
31041
31044
31045
31046
31036
30231
29483
30979
30179
36969
21730
36962
30284
30235
30234
36955
30182
30227
30187
29472
36986
30162
30193
29473
29489
31018
29895
31020
30952
29919
37387
37401
37402
30949
30950
30951
30955
31022
29911
37404
21782
31004
29907
37417
31012
30964
37388
31065
31067
31025
29890
31028
31032
31054
31056
29888
31086
31088
31090
31074
29901
31057
31060
31055
21727
29464
30304
30035
30133
36896
30023
36910
36909
36908
30031
30019
30014
30002
21746
21747
30004
30006
30008
21751
30130
29397
36877
30126
30080
30082
36887
29408
36886
30139
36884
30141
21797
36883
29406
30137
30122
21741
30117
30013
36953
30302
30240
29515
29491
37024
21739
30254
21737
37020
30241
30077
30249
37019
30250
29463
30273
30275
30296
30270
37025
30268
30267
37002
30064
36992
37000
36998
30060
30039
29525
37010
30258
30259
37028
30261
30264
29518
29921
30982
36915
29972
30627
29978
29976
37488
30631
30637
29973
21352
37493
30641
30642
30689
30690
30696
29967
37436
30661
30659
30983
37468
30777
21775
30778
30762
30746
30747
37469
21562
30657
21561
30759
30779
30701
29870
30649
37496
30684
30683
37435
30876
30868
29987
30897
21349
30871
29985
29923
30870
37434
29937
21348
30922
37455
30924
30925
30926
30866
37457
29989
30863
21355
30669
30670
30672
21357
29963
30674
29982
30883
30886
29995
21362
30881
30880
30878
29873
30774
30704
31245
31189
31182
31210
37359
31212
31234
31239
31232
31121
31215
21787
31220
31224
31225
31221
31172
29848
29849
31183
31181
37414
37411
30991
30993
30987
31093
31194
31195
31202
31203
21785
31192
37384
31191
31174
21788
37348
29875
30706
30727
21758
30738
29878
30739
30722
30721
30711
37347
30740
29877
30715
21770
29876
30717
30719
30938
37422
37366
21763
31124
31130
31112
31097
21791
31107
31171
37378
29864
31166
31169
31154
31151
21776
21761
30099
30106
8284
29535
21618
31884
31887
31889
35401
31885
31915
31937
35452
31938
31939
31943
35406
35404
35402
31948
35429
35453
32108
31951
31996
21615
29594
35449
32008
32029
29547
29546
31878
21616
31904
31906
31907
31908
29542
31895
29551
31932
35428
32179
32126
29609
32173
32174
29610
32176
32177
21826
35399
29664
21827
32167
29663
29662
32160
29661
29608
32121
32119
21821
31917
35397
35396
31919
31920
35393
21819
35410
35411
32031
32032
35412
32137
29559
32130
21614
32010
29607
32469
32495
32497
35327
35326
32479
27927
32468
35325
35317
35324
32474
35350
21635
21636
27926
32422
35323
32492
32486
35374
32451
27902
32453
35371
35372
35386
35385
32425
32430
27899
32431
27898
32433
35376
32462
32368
27923
32019
31971
35339
35338
32186
35336
21609
35467
29574
29590
27921
31967
35437
31963
31954
32014
29375
32017
32398
32391
35342
32385
32377
21623
32363
32362
32346
32347
32381
32353
21621
32358
32382
35345
32408
32415
32403
32163
32053
36936
30616
37172
30559
30561
21865
30557
30611
29427
30618
30554
30620
37147
30622
21872
37128
30594
37146
30556
21861
37086
30368
21798
30361
30363
37170
37185
21837
30366
30314
30583
30468
30470
30570
30572
37184
30576
29637
21856
30601
30602
30511
36924
30539
29436
30544
30528
36921
36919
36934
37143
30508
30520
29412
29383
36946
36944
36940
30538
30536
30535
21839
30596
37141
30494
29450
30502
29449
30488
30475
37133
29443
30482
30484
30479
29442
30534
30370
30373
37152
29675
32106
32107
31875
32090
32072
32076
32078
37071
30425
37070
37069
32080
37046
21815
30419
30422
29680
37101
21817
21833
32054
37079
32057
29653
37078
32061
37077
32065
32067
37106
32038
29683
32043
37104
29682
30423
37044
30386
30317
30342
30344
21808
21809
30333
21810
30315
37162
37043
30321
30322
30325
29644
30323
21814
37154
30338
30337
30440
21805
37038
37036
21801
29648
30402
30408
29611
21802
29627
37061
29619
30464
30436
21804
30444
29934
37452
30932
21303
36259
34880
21302
34864
29058
34847
34849
34852
36261
29057
34921
34882
36269
34909
34913
34917
34869
34868
36398
34993
29033
21292
34986
36320
34990
29029
36318
21296
29045
21289
34979
34965
34967
29043
34973
34978
34904
36286
36284
28990
34522
34524
34526
21506
34511
36373
34496
34499
34897
36388
29004
21505
29005
29006
21487
34398
21521
34491
34463
34470
36280
21511
34688
34478
29023
34489
36272
34474
21514
34461
34464
21515
29001
34466
36384
34962
34923
36308
28917
34813
34805
28921
34816
28919
34818
28918
34821
36499
34712
36486
36501
34718
34719
34720
34721
34812
34811
34809
36551
34786
34769
28972
34803
36555
34777
34778
21313
21314
34829
34830
34834
34841
34826
34823
28912
34708
36291
36296
36305
28932
34950
36302
28930
34958
34942
34926
34706
34928
29040
21308
21307
29038
34959
34938
34948
36508
34689
28938
34690
36498
21317
21318
36493
34699
36492
21320
34698
34726
28925
34763
34730
21322
34743
29017
34407
30934
32902
32926
32927
32911
32909
32893
36727
21549
32904
21547
36754
32929
21555
32952
32953
32954
32955
28904
32923
34408
34576
28782
36757
34600
34590
28778
34572
36735
28777
32922
34578
28776
34584
34586
34587
36734
32918
28873
32958
36750
21542
32832
32820
36719
32821
32850
32825
32827
32823
32961
28895
32876
36852
32883
28892
32884
32873
32847
32846
32838
28903
32964
32951
32949
32932
21556
32934
32938
32930
32941
32947
36743
36742
32889
28888
32836
28784
36759
34601
34430
34447
34448
34434
36343
28907
34426
34428
28803
34613
36332
36330
36349
34646
36356
34629
34628
34445
34444
29008
34440
34409
34411
34377
36395
34378
34379
21489
36392
34388
21491
34385
36338
34437
21522
34438
36352
21502
36780
28761
28766
34552
34550
34549
36790
34535
34536
36785
36769
34538
34546
34548
28787
36784
34597
36781
28767
34558
34557
28811
34620
34648
28794
34671
34674
34680
28809
34682
28810
34667
36761
28821
28819
28817
34662
28974
34792
36558
34064
21371
29761
29760
29758
34114
34115
34117
34319
34104
37214
21373
34332
34316
34301
34334
37322
34105
37223
33751
34077
34087
37195
34098
34082
37194
34068
34069
37193
34123
37191
34128
29746
34135
29747
34137
34138
34306
34308
34310
34251
21381
37337
34241
29693
34243
34246
34250
34254
34311
37332
29706
34237
34221
34228
34234
29724
34350
37326
34347
34342
34337
21378
29698
34360
34361
37314
29704
34366
37313
37312
34357
34356
34355
34354
34341
34197
34187
34186
21342
21336
30815
30817
30801
37238
30799
30784
37227
29954
30818
30797
37234
21338
30843
30841
30851
30810
30809
30808
30807
37450
29959
30917
37447
37445
29926
30905
21330
30911
37244
37243
30858
21335
29943
30806
30853
30855
34185
34209
34154
37254
34156
37253
34179
34203
34204
34211
37229
29736
29733
21388
34198
34182
34183
29731
29744
37256
21397
34144
30823
29950
30832
32501
34163
34166
34168
29945
29845
21394
34172
34175
34177
29737
34143
37283
37282
34283
21259
33997
34025
34046
29801
34049
29796
34054
36426
21264
34060
21262
36427
36442
29789
34026
34027
34022
36414
36444
34019
36477
29777
33797
33789
33798
36466
33905
36470
29771
34009
36467
34011
34012
21268
29768
34032
34024
29778
33963
36541
33973
33978
28965
33979
36533
36530
33948
34035
33950
33951
33953
28980
33964
33957
33959
36483
33920
36428
28949
34036
34038
34034
33985
33984
33930
33931
33936
36434
28956
36432
33938
28964
36431
28950
33825
33822
34284
21275
33846
29821
37285
37286
29816
33837
33839
37300
37290
21276
37297
33892
33898
37293
37291
33887
33863
33860
29815
33857
34285
34287
29719
34277
34276
34261
34265
37277
34267
29718
34272
34274
37275
34268
34063
33886
33869
33821
36873
29828
36452
33752
36450
33755
33757
33758
33763
33870
33765
33766
33767
33790
33811
36482
33819
36464
29829
33785
33784
29840
36876
33867
36874
33880
36251
21280
36455
21281
36459
33776
36458
36457
29834
33782
27904
35359
32446
35708
28172
27710
39578
39589
28164
39579
35709
37500
39375
27708
38748
35739
37914
37916
35737
37919
39590
39600
37842
39540
39557
35776
28168
35773
39552
35767
39538
39542
35717
39545
39596
27705
39598
39599
27712
35718
35733
37920
35731
36139
37964
37965
27729
37949
36133
36141
37935
27726
28179
37941
37940
37835
28384
27724
36135
28386
37963
36145
36146
37957
27704
37925
27714
35936
27702
37927
36143
37898
37900
37902
37904
28174
37908
37952
37955
39556
39554
28540
39439
39382
35637
39383
39413
35634
28135
28532
39443
39426
28527
35627
39449
39450
39434
39418
35660
35639
39377
35640
28588
39505
28162
35694
28134
35692
39451
28574
35686
39403
35663
28576
39406
28137
39409
39410
35658
39429
35777
28185
39668
39667
39652
39654
28547
28546
39656
39661
39430
39662
39664
35760
35761
39610
35763
39608
28548
35742
39682
39677
28523
39532
39632
28520
39640
39641
35648
35703
39616
39618
28536
39625
39627
39648
39672
36152
37844
37554
27751
37598
27773
37582
37584
37590
28420
36173
36189
28429
28419
37579
37639
37645
37652
37621
37622
37614
37608
28389
27777
37979
38007
27782
38034
38035
38038
36216
38040
37604
28426
38017
38020
38018
36243
27805
37603
37625
37629
37631
27761
27768
27765
37561
27763
37564
36201
27762
37570
37634
37574
27759
37575
37558
27757
27656
37547
28413
37513
37512
37509
36177
37578
36174
37523
37525
37531
36192
37534
27771
37518
36205
27770
37503
36204
37537
28421
27787
37975
37869
37871
28381
27661
37858
36108
27658
37867
36131
28365
37814
38069
36097
36096
36114
38075
27692
28395
28394
37887
37886
37847
36168
27718
27696
37820
37821
37822
37828
37830
36162
27671
37877
27667
37882
36155
36115
38080
37973
38045
38107
38106
38089
27784
28377
38098
38102
37993
36129
36227
37999
37990
37988
37971
36224
27789
38117
38114
27682
27683
38067
38066
38050
27690
38051
38053
38054
28397
38060
27686
38062
36118
38057
38087
38108
39497
35696
28560
39000
39013
28670
38988
38992
39195
39194
39193
39001
39011
39025
39046
39191
39053
28727
39054
39057
39012
39008
39524
38765
28597
38784
39065
38786
38768
39081
28596
28628
28616
39096
38812
38817
39092
38819
39089
38797
39058
39044
28726
38974
38945
38946
28739
39155
39153
38968
39150
38976
28724
39178
38965
38963
38948
38951
38952
38953
28268
38921
28741
38915
39031
39033
39038
28220
28711
39201
28719
38930
38934
39212
39211
38940
38910
38912
38913
38778
38777
38773
39296
28638
39239
39222
39226
39332
39330
39256
39280
39272
39324
39322
39117
28231
28662
28661
39114
39250
39249
28226
39315
39337
39366
39367
28437
39368
39311
39309
39357
39339
39340
39343
39303
39345
39351
28633
39263
39268
39068
28602
38897
38898
39080
38870
38871
38872
28603
28600
39063
39074
28205
39072
38882
38883
39070
38826
38894
38893
38890
38868
28657
38852
38862
38863
39138
39136
38834
39131
38835
38837
28671
38840
28604
28611
38844
38964
38956
39173
39877
28442
39975
39971
35922
35898
39875
28458
35876
35897
35875
28148
28470
39852
39882
39884
39905
39972
28279
39969
28447
39935
39936
28503
35908
39984
39986
35907
35906
28499
35903
39982
35920
35934
35932
39966
28151
39909
35858
28567
35890
35889
39488
28572
28571
39472
35780
28143
39912
35681
39459
28130
35664
39470
35666
39517
28565
35895
39480
39479
35867
39917
28155
39886
39887
35862
28158
39889
39883
39688
28514
39686
39476
28159
28160
35859
39928
28689
28707
35825
39831
39838
35840
39825
39824
39805
35852
39723
35841
28262
35845
39711
39713
39715
35794
28690
39804
39767
35829
39172
38962
28685
28684
39167
28681
39792
39163
39793
37499
39797
39800
39784
39768
35831
39720
39709
39926
39743
39747
35816
28253
39734
28495
35812
39742
39843
39691
35811
28512
39946
39948
39953
35806
39925
28486
39757
39755
28488
39692
39693
35790
28696
39696
39703
28246
39704
39765
39726
39728
39749
39750
28491
35784
35939
35993
32189
31726
28081
35117
31738
31721
31722
35125
31724
31728
31750
31732
35135
28075
35138
28073
31759
35153
28083
31749
31381
28059
35034
35031
35029
35028
31860
31864
28061
35023
31748
21656
21657
31843
31851
31719
31795
35128
31782
31787
31788
31388
31362
31331
35082
31343
21700
31395
31401
31385
35151
31370
35110
27856
35109
21687
27854
27870
21715
31358
35087
35093
35150
21706
31779
31761
21708
21711
31766
35142
31770
27968
21713
35140
27814
31774
35118
35035
35021
31817
28045
21677
27995
31648
35046
31654
31658
31642
35043
31713
31679
31681
31702
31703
31704
35057
31710
31644
31662
28001
31673
27971
27989
35267
35266
38340
38322
38323
38324
35263
38332
38330
35258
35257
35157
31667
31711
35073
28057
31629
31571
35014
28104
31601
28106
31627
31628
31631
31700
21653
31602
28111
31821
31824
31828
31831
31565
31581
31598
28091
21647
31688
31689
35065
35064
31694
31695
31696
21648
21649
31641
28095
28086
35038
31588
35105
31383
35990
32280
32301
35585
35548
32285
32273
32277
32278
21566
32294
32304
32306
35560
32333
32334
27930
32338
32297
32292
35103
31476
31422
31423
35589
31468
35604
21598
27837
31481
27944
31465
27946
35618
31460
31461
35613
32289
27936
35552
32312
27892
35314
21580
35369
27955
21640
35367
27953
32229
32313
32230
32234
27907
32227
32236
35363
32237
32205
32204
35573
32201
21571
32314
27933
35549
32315
35566
27966
32211
32213
32221
32222
35579
32194
35577
27963
31421
31418
31415
35531
35541
35539
31315
27876
31319
31321
35533
31325
31407
35507
27874
31300
31301
35483
35480
31405
31290
35543
35528
35513
31404
35101
31274
31275
27873
21693
31286
35524
21695
31271
31268
31253
31255
27879
27878
31406
31509
35593
31534
35492
31532
21591
31533
27849
31537
31538
31433
21641
35601
31439
35598
31440
35597
31427
31426
35493
31527
31544
35495
31512
27827
27826
31517
31520
27850
27821
31491
31499
35489
31486
35502
31551
27816
35498
27972
38341
35256
27521
36065
38579
28292
38583
36069
27519
36055
38587
36092
38576
38573
36058
36057
38559
36076
28295
38556
38531
38344
38551
28299
38124
28283
38546
35968
35967
38550
35965
38530
38520
38522
28287
35962
28288
38553
35961
38572
38592
36089
27630
27576
36030
36029
38695
27632
36027
38701
38706
28296
38708
27629
38690
38674
38675
27617
36023
36031
36017
38479
38506
36087
27532
36081
27530
38442
36079
38444
38445
28320
38450
28321
27529
38455
27525
38500
37711
37710
27505
27571
36009
37797
36003
37803
37806
37807
37808
27570
37790
35999
27568
37794
37776
27567
37782
35976
37775
37752
37750
37747
35989
27554
27553
28359
37763
27547
28358
35983
35995
28303
27542
27541
27557
28304
37742
28312
37680
28300
35973
37717
37716
37727
37729
37730
27537
27508
38123
35948
37713
35972
27507
37701
37702
37703
37704
37666
37670
35957
37693
28313
28314
37684
27561
37685
37675
37674
28315
35946
27515
35941
27513
37662
37663
35940
38684
38687
36020
38142
38129
38130
35284
38131
35289
28331
38138
38135
38164
28013
38190
28012
38194
38196
38184
38182
28020
28021
28024
38127
38258
27602
38147
35161
27600
38150
35158
38152
28325
38155
38157
35190
38158
35183
38143
38172
38175
27604
38284
38420
38405
38408
29998
27980
38316
35272
38286
38180
38289
38290
27973
38297
38298
38291
38320
38431
38429
38428
38427
35278
38282
38382
38387
28036
38381
38362
38365
35293
28030
38372
38374
38375
38421
38422
38257
38254
38682
28349
38630
38614
28341
27644
38612
38597
35211
38631
38658
38605
35207
38609
35203
27640
27639
27618
38627
36039
38618
36042
38710
38734
38737
38739
38740
27621
38742
36035
27620
28345
38716
36046
36045
36044
38594
38657
27616
38251
27598
38207
38240
38213
27596
38268
38269
35219
28338
28352
27610
27607
38260
35169
35168
35193
38242
38205
38224
38239
35229
35197
27594
38666
38654
28353
35213
38640
27591
38644
35215
35232
27587
38438
27615
38228
28868
36847
32857
25523
25311
21884
24611
8767
25313
8811
25524
8817
8758
8818
8810
24621
24619
8807
8793
21886
8762
8755
8939
21881
8869
8870
25112
24681
24679
8884
25108
8877
8753
25107
24678
25105
24677
24676
24672
8770
8795
25521
25520
9045
24641
24639
8994
9051
9053
24431
25538
24430
21887
9030
9031
9024
9036
25534
24426
25532
8991
8990
24642
24643
8801
8802
25513
8905
24612
9010
9015
9016
25526
9019
9020
21888
9006
21889
8987
8886
8903
21879
9219
9338
24600
24607
25135
24601
9348
9349
9297
9240
9295
9241
9244
9245
24596
9248
24592
9355
24572
9357
25124
9300
22008
9303
9334
9309
22009
25128
25126
9337
21953
9362
24575
9363
21899
9372
25150
24569
8898
8831
24551
9265
8852
8855
25086
8849
24558
8833
9221
8835
8865
8839
8845
8838
8868
8889
21911
21910
9276
9278
9226
24547
24546
24544
21904
9296
9259
24539
24536
25143
9288
9289
25139
9290
21909
8936
8941
24910
24473
25581
9962
25580
9986
9990
9991
9993
9980
9937
9964
25574
24489
9970
9972
9973
9974
9923
9933
8927
9954
25556
9742
25584
9946
9947
9951
25566
9957
22134
25567
22133
9942
24462
9928
9930
24461
9977
9978
24479
25387
25360
24888
25359
9894
9897
25372
25388
24916
9971
9893
24914
24911
9475
9476
22147
25381
9909
9906
24892
24894
9866
22144
25368
9871
22131
9875
24686
9878
24688
24900
9847
9850
24899
24896
25352
22032
9756
24525
25473
8947
25474
24446
8956
21941
8958
8962
24390
24378
9791
9794
9802
9787
9771
9774
25505
24447
8975
8979
8978
8910
8913
8943
8915
24414
24422
8916
21937
25483
8969
8970
8972
25482
24434
8974
24379
9783
9751
21924
9714
21923
9718
9719
9724
9709
21928
9697
24395
9699
9700
24527
25609
9705
9698
25608
9713
24503
24504
24506
9804
9827
25496
9832
9836
24401
9826
25598
24453
9818
25604
9821
25605
21917
21918
9317
9325
22500
23054
22188
6132
6134
23048
23056
6162
23084
6169
6107
6153
6152
6136
23065
25284
23082
25290
6110
6099
9320
6170
6232
6215
6218
6222
23112
25187
6221
6116
6098
6123
25184
6126
23109
25182
6115
6096
25289
6141
21977
5769
5710
22867
5717
22861
25309
5741
5767
5770
6149
22859
5772
21988
5778
25304
5760
5748
25293
25277
5706
22868
23080
6150
25286
23079
23078
5936
23075
23074
25281
5738
22968
22814
22869
21985
5722
6244
6243
6240
25230
6059
22972
6062
6063
6055
22988
6067
23005
5955
25228
5958
25226
22385
25223
5943
5944
6057
6073
6075
22975
6038
6039
6042
22984
6044
6047
6036
6020
6053
6027
22978
23006
6078
6084
22418
22993
6015
25177
23088
25193
6196
6198
6203
22394
6207
23089
6176
5976
6177
6181
23122
6212
6233
6237
23118
25165
23091
5939
25169
22386
22991
6006
6009
25196
5997
5996
5995
23099
23098
23095
5986
5991
25170
5993
25300
5742
5753
9180
25066
9205
22931
9211
25038
9184
22901
9193
9087
9195
9196
22906
25010
25017
9190
9141
9142
25067
9154
9153
5833
22951
5830
22966
9163
9168
22963
9171
9173
22960
9145
22025
25069
9148
22956
9086
9088
5839
9106
9130
9133
9136
9138
9121
25026
25025
9109
25013
9102
9111
9114
22913
22003
23750
22004
21997
22912
25021
9075
9092
22904
22012
9094
9095
25008
22928
25006
9081
9067
25003
22896
22895
9100
9074
5831
5827
22885
21956
5691
5698
5699
5685
5684
25241
22826
5672
25268
5675
5677
5680
5780
22819
25271
5887
5687
5702
22829
22823
5758
25275
22883
21974
5651
5654
5657
25250
5628
22876
5629
5630
5631
25249
22851
22816
5893
5823
5791
5811
5817
25056
22889
5783
22891
5794
5843
5895
5845
22942
22937
5841
22935
5856
22932
5805
25049
25155
5860
5871
5872
25263
5877
5921
5926
5929
21954
22845
5917
25259
5905
5906
22839
5915
9480
25380
6249
8472
22089
8461
8463
8464
8465
8466
23988
8473
8516
24004
26897
8443
26951
26953
8455
24018
26901
22077
8619
8573
8587
24048
8589
8590
8591
8575
26895
26911
23997
8559
8560
26908
26906
22074
8555
26903
8502
24014
8507
23811
8692
20416
8680
23822
8688
23819
8734
8745
22087
8731
8730
23760
8720
8722
23757
8670
8708
26996
26997
8696
8508
8511
27008
27007
24009
8498
8496
8482
23905
23799
27003
22498
8486
23804
8695
8585
26879
22072
7804
27139
23917
22093
7745
27137
7796
23912
23911
23929
22095
7792
7778
7780
26926
22099
26921
7742
27141
7753
7754
22092
27114
7558
23968
27113
7544
7545
27130
7655
7656
7657
27146
7758
7759
7764
23931
26934
8580
24042
8538
24026
8541
8543
8546
8550
8551
8522
26948
8553
8527
8529
8530
26884
8526
24053
8749
7705
22106
24032
7660
7668
7670
7672
7717
7723
24040
8123
24039
26942
7699
26940
7703
24024
7708
8616
27017
22119
23862
8194
23834
8199
8185
20457
8183
8166
23861
8192
23857
8179
27361
23853
8181
24061
8174
8193
8191
8621
23840
8160
8143
23843
8129
27404
8133
23841
8137
8190
8138
8139
20455
8141
8135
8186
8189
20462
27359
27357
20433
24290
8303
27375
27371
8306
24283
8308
8309
27356
24281
24280
20434
27366
24259
27471
8283
8410
24278
8403
8402
8394
24271
24270
24269
8379
8364
24262
24261
8361
8398
8400
8421
8427
27349
8418
23845
8158
23838
8645
26956
23779
8639
26983
8641
26982
23773
8647
8238
26980
8643
8438
8228
26979
26978
26977
20393
8665
8664
26957
8623
23752
26954
23768
26968
23769
8600
8601
8605
26966
26965
26964
23771
23785
8671
20405
8224
8155
27383
23903
8262
20392
23901
27392
20429
23900
23899
8221
8250
27390
23892
23891
8203
8149
27386
8273
8272
8271
8270
23882
27186
8211
27393
23875
23874
8217
23873
8213
23869
8243
8264
8265
8267
8268
27118
27147
7570
9538
25431
9562
25401
9565
22153
9551
9533
9568
9558
25406
9544
9545
9548
9569
9570
24941
9559
25453
7568
9653
22184
9675
9679
9683
25433
9669
9668
9656
22152
25462
9658
22168
9660
24960
25459
24932
9592
24957
24956
7960
24740
24739
25425
7904
25423
7892
7957
7950
9602
7948
24748
24763
24762
26250
7945
24759
7896
25426
24737
7909
9573
9575
9581
25399
24948
25397
7500
8750
7915
7916
24945
7920
22149
25410
7910
9650
25437
24980
9403
24854
9496
9498
9506
24859
24857
9529
24853
9388
25318
9393
9377
25315
9378
24850
9381
9510
9512
9526
24882
9482
9483
9484
25378
9472
9461
25374
9469
9454
9491
9518
24884
9521
25323
25328
9382
24847
24964
9640
9427
9428
25344
25343
9637
9638
9639
24978
22171
9644
24976
9630
25467
24970
9613
9618
9423
9421
24869
9419
22172
24865
9413
9436
9437
9442
9444
9447
9448
9450
22176
9435
9433
24870
25346
24758
24757
7967
7591
27161
24793
24792
7615
24789
24788
27152
7592
23952
7594
7595
27167
22035
7588
22068
7644
7598
7614
7611
7608
8031
8033
8037
24803
8043
27065
27064
8012
22050
27110
24784
24786
27165
24801
7606
23956
27182
22066
7514
23978
23977
23976
7503
27122
7511
23966
7515
23951
7577
27121
7563
27119
7565
7566
7567
7536
7532
23980
27120
7636
27181
27180
7622
27178
27177
23963
27175
7631
7634
23965
27171
7523
7524
7529
24776
7983
27080
7868
27074
7887
27072
7872
24723
27090
26875
24712
8060
8071
24766
8081
8068
8050
24820
8053
7882
24693
7830
7827
24756
7836
24753
7838
7841
24751
7842
24705
24703
7832
7831
24701
7816
24725
24696
22061
27099
8006
8000
8102
8103
24841
24840
27039
7995
24835
8001
27095
8005
7990
7989
7987
7972
7974
7975
24826
24825
8093
24808
8110
8115
27041
8119
24810
8107
27046
27045
27044
27043
8105
24809
8088
8090
8092
26249
5205
28829
33423
23190
33368
33397
33377
23163
33421
23139
29154
22272
33425
22281
33429
23134
33430
33431
22282
29208
33378
23259
33382
33164
33176
33179
33180
23199
22287
33282
22285
33380
23196
29213
23195
33387
33391
33392
33396
23162
33434
23133
33344
33299
33286
33288
23154
33293
33298
33291
23150
33418
33345
33347
25835
33352
33353
25834
33125
33302
33315
33313
23156
23130
23127
33407
33408
23144
33410
23145
29177
23161
33415
33359
33358
23159
29168
33312
23172
33168
33166
33223
33226
33231
33233
33235
23425
29097
33236
33222
23364
23369
33208
33240
22291
23365
29091
22292
29084
29083
23427
23429
33631
21456
23410
33609
23406
29067
33659
21462
33660
23402
33665
23419
33651
33636
23432
33220
33213
33185
29180
23174
33161
33144
23180
33133
22301
33138
29188
33276
33140
29187
33142
33188
33194
29185
29184
29194
33159
23281
23282
29089
33261
33244
33246
33247
33249
29086
33254
23386
33258
33147
23383
33150
29197
23382
33322
33324
23603
6852
6855
23633
25808
6841
6842
25807
6849
6743
6872
6748
23654
6749
6750
6751
6752
23664
23642
6871
33327
25816
6823
6825
23227
6833
25801
22309
23437
22311
6869
25815
6814
6807
6798
25813
6861
23644
6753
6754
6755
23610
6793
6777
6776
25905
23611
6765
6771
6772
23662
22318
6768
6561
6352
25903
6353
25917
25899
23671
6788
23632
6724
6725
6727
6756
6730
6732
25916
22305
25912
6735
6729
6780
6783
6786
22316
6718
6612
6619
6710
25823
6681
6704
25822
25838
6707
23262
23263
6691
6712
6715
23275
6683
25625
22336
6688
6655
6653
25825
6650
33339
23258
33335
23257
6663
6665
23254
23242
23246
6660
6643
6644
6645
22331
6649
6680
23270
6618
22325
25843
25842
22340
25819
23206
22326
23224
6633
6717
25795
6622
23238
25793
22323
6610
25787
25844
23210
23240
23212
6639
6587
6590
6591
6598
6599
22337
6583
23218
6565
6566
22338
6569
6600
23214
33602
23412
29100
29256
29231
32632
32634
36579
36577
36576
32524
32532
29234
36571
36570
32520
29223
32509
32511
32515
32631
32629
23360
36630
32594
36637
32618
36635
36632
32643
29290
32648
32625
32652
36626
36625
32635
29282
32622
32624
32516
32517
36568
32739
32556
32655
21425
29246
32770
36641
36717
36696
32561
32772
29219
36687
32749
29350
32752
29349
32539
29249
29250
36597
32565
36567
32566
32569
29239
32571
32572
29255
32560
36581
32558
32557
32542
36584
29252
32591
21430
32585
36837
21524
33111
28864
28860
33122
33105
33090
28857
36809
36835
33094
36813
28855
33096
32991
32993
33085
33057
33063
28832
36841
28842
21526
32862
32814
32970
33071
33080
33083
36871
33066
33051
33054
33084
33059
32994
32996
36620
36615
33011
33013
33014
33008
33019
33022
36619
33018
36808
36611
36602
32601
36608
36604
21428
32597
21484
29269
33029
36822
32997
32990
32971
36804
32974
32976
36802
36800
36817
33007
33030
29275
36829
36827
36826
32775
32796
32797
33502
33448
23351
23349
23341
33478
29117
33500
23346
23290
33505
23344
21482
29102
33496
29107
33483
33454
33445
29112
23357
21478
23331
29328
33460
23339
33467
23338
33468
21480
33469
33470
33457
33440
33443
29218
29104
23288
29329
33727
29124
33713
33718
33719
33711
33720
33723
21452
33492
33594
29080
33670
23306
29076
21453
33628
23301
33746
33743
33735
33493
33494
33439
29138
29137
33701
29135
33676
21463
29131
33686
33689
29128
33710
33712
33571
29331
29347
32694
32676
32660
36709
36707
29367
32667
21423
32717
32727
32718
21416
36681
32722
29362
32716
32724
32686
29357
29355
36712
32803
29344
36683
29343
32794
32777
36699
36700
32789
32784
32734
32733
29339
32682
29338
36679
32728
33564
33588
29308
33529
21473
33578
33580
29302
36663
33589
32729
33576
20001
29299
29315
33557
33562
23335
29313
33550
33549
33547
36642
32732
32725
33123
32715
29358
21445
32701
32708
32710
32705
33749
36655
33541
36650
6361
6330
5212
26193
26174
5339
5340
5343
22753
26192
22755
22770
5445
5326
5328
5323
5384
22491
5387
5372
5440
22739
22566
26187
5404
5405
5408
5392
22749
5461
5464
22460
26177
5451
5450
22772
5436
22483
26179
26178
5365
5366
22492
22570
5611
22558
22575
22574
22572
5621
5622
5604
5369
22480
22569
25997
25998
26013
5592
26012
22541
25986
5562
5560
5314
5569
5579
5582
26195
5568
22482
5565
5549
5553
5554
22539
25994
22546
22545
22752
22423
5395
26120
22458
7150
26121
7173
7174
7175
7178
7181
26116
7182
7185
7170
7169
7168
7151
22790
22679
7125
7147
22684
22693
22664
22445
6920
26102
6928
22659
6924
7031
7136
7139
22446
22691
22448
7129
7156
26172
5393
7084
7107
7100
7073
7076
22810
7079
7081
7087
26221
22806
22431
5414
5424
5425
5427
22796
7104
22425
7093
7071
22787
26222
7053
22441
7067
26217
7033
7034
7035
7036
7068
7045
7046
26214
26232
5586
5598
6331
22608
5050
5156
22613
5266
5268
26033
5253
5244
22582
5246
5251
22604
5252
5245
5236
5296
26079
5060
5599
5012
5021
22646
5004
22641
26090
22618
5011
22595
5071
22377
5015
22380
5065
22615
22586
5068
5298
5309
22812
5224
26047
23043
5217
5218
5219
5222
5216
22409
22813
26042
5197
5198
26040
23038
22410
23007
23044
23029
5170
22407
5276
5278
26021
23025
5285
5288
5289
26035
5235
5184
23011
26051
5191
5177
26048
5034
22647
26073
5539
5484
22467
5479
5546
5509
5534
22507
5541
22520
5544
22468
22503
25944
5515
5516
25940
5473
5471
5488
5489
5603
22563
26006
5545
5492
5493
22463
5496
5497
26002
26001
5500
5501
5503
25999
25958
5525
22367
5137
5144
5149
26092
22578
22632
22631
26064
22629
5518
22626
22422
22420
5022
5025
26057
22366
25962
5118
5079
25963
22536
22534
5103
5106
22470
5109
5110
5112
25970
5099
5098
22473
22527
25965
5085
6916
26111
6947
6419
6409
23704
23703
23702
6414
6443
6415
6422
6425
25691
23695
23593
6445
23439
22225
23487
25696
25698
22444
6530
23677
25680
22193
25678
22194
6527
23674
6531
25699
25672
25671
25669
6432
25667
25682
6440
6472
23494
25688
7303
7284
7269
25659
7271
7272
7273
7274
22205
23493
7277
7279
7281
7282
7283
23448
25657
25661
25646
25645
7301
6476
25665
22197
23486
6450
25638
6457
6458
23483
6459
6460
6455
7290
7293
7296
6554
6547
6495
6275
25921
25898
25876
6379
22266
6326
23621
22264
6253
22210
22212
6279
6280
6282
25874
6269
6367
6371
6370
6369
6336
6341
23612
6338
25933
6368
6389
6391
6396
22342
6401
23628
6387
25924
6385
25872
23594
6501
6514
22223
23742
23740
6304
6306
23737
25891
25889
6258
23682
6489
22206
23686
23684
6498
22191
6296
6295
6294
25893
6287
25897
6262
23724
22216
6327
25862
6288
6311
25878
25879
6319
23715
6324
23732
7328
7331
25654
22704
7394
25722
22710
7188
25737
22707
6983
6987
25936
6988
6989
6974
6971
6957
6990
22701
25707
25708
7401
22234
25720
7362
22245
23548
23546
25719
23544
25716
7361
23541
7421
7382
7408
22232
7412
25730
6969
7376
6880
22721
26168
6911
26166
6893
6877
6879
6881
26149
26164
22696
6889
22695
26157
22673
22670
6908
6902
6900
6953
7016
7019
7020
7023
7027
22729
7010
26140
6996
6998
26135
7001
7003
22716
7002
22246
7370
23451
23572
23463
7200
7201
7205
7198
7265
7252
25749
7234
7257
7258
23555
23560
7247
7246
7230
23466
23467
25752
23469
7341
23450
7308
22228
7321
7264
7212
7220
7222
23458
22252
7224
23472
23471
23470
23558
7235
23519
23525
22262
23532
23531
23530
7480
23528
7465
7469
22254
7461
7470
7474
7475
7471
23520
7368
7492
23526
7423
7428
7241
23574
25744
7244
25760
7445
7447
7449
7451
7456
7457
23587
25762
23586
7425
6617
79999
79388
60055
40777
60258
60259
40776
60261
60265
40772
40767
60238
60239
60242
60244
40765
60246
40741
60276
60300
60303
40713
40714
60308
60310
60296
40778
40748
60277
60040
60024
60025
40627
40656
40654
60022
60020
60019
40649
40647
60004
40703
60009
60010
40759
60039
60041
60069
40757
60076
60059
60044
60048
60295
40739
60079
60215
60209
41105
41131
41114
61042
61043
61044
41120
61046
41119
61051
61037
61020
41116
61054
41170
41228
61034
41224
41223
41231
61082
61085
60208
41106
60282
60203
60286
60291
40733
40731
40729
60185
40936
60191
41147
41145
60161
60163
41140
41139
60166
41138
41154
60219
60220
60231
41104
41111
60201
60023
60128
41245
60611
40803
40858
60618
40909
40914
40911
60599
40910
60597
40906
60496
60502
40919
60505
60489
60488
60472
60473
60475
60477
60478
40927
60510
60612
40806
60534
60588
40793
40818
60353
60369
60363
60315
60471
40789
60572
40788
40786
60568
40785
60553
60554
60585
60557
40783
40814
60563
40812
60565
60558
60531
40876
40642
60086
60116
60088
40675
40673
60093
60094
60095
40664
60119
40682
40696
40695
60154
40687
60138
40686
60120
60122
60123
60124
60126
40702
60129
60087
60084
60538
40782
40872
60539
60540
60543
60514
40869
60509
40897
60518
40864
40878
60102
40894
60111
40889
60113
60114
40884
40883
60100
60099
60082
40882
41247
61091
60787
60757
60760
60652
60655
40202
60662
60633
60634
40198
60635
40623
60642
40232
60664
60688
40230
40229
40220
60693
40159
40158
40177
40192
40191
40209
60754
60685
40212
41087
60707
41085
41031
60741
41025
41024
60714
60705
41020
60766
60769
60770
60772
60778
60779
41018
41034
60746
41051
41048
41040
60749
60699
60683
60740
40247
40238
40254
60933
60934
40261
40259
60906
60907
40055
40054
40052
60910
40044
60860
60859
60804
60808
40066
40062
60817
60818
60802
40061
40242
40251
40189
60878
40185
60673
60665
40178
60679
40234
60675
40285
40276
60889
60893
60897
60880
60879
60864
60865
60867
40304
40300
40297
60873
60874
40236
60724
60738
41241
60983
60991
60995
40988
40977
61198
61200
40984
61202
61193
61192
41013
61176
41007
41003
41002
61183
41001
61213
61234
61235
41000
61237
40999
60987
60981
61247
60980
61058
41238
61063
41210
41173
41188
61069
41184
60962
60963
60975
60960
41177
41191
60951
60949
41203
61001
61003
61011
61012
41195
60998
40953
61233
41089
61112
41092
61160
61163
41065
61164
61165
41066
41063
61169
61170
41061
61138
61140
41060
41059
41073
61144
41074
41076
60938
60937
60726
41090
61157
40965
61219
61110
40946
61223
40944
61225
61227
61228
61095
40943
40942
61120
40971
61122
61125
61127
40970
61116
61115
61113
61097
61099
61102
61107
40968
60358
60371
60372
61453
43765
43761
61456
43755
61877
62289
62291
43754
62295
43752
43770
62285
62269
62271
43785
43783
43780
62278
62280
43877
62268
62305
62330
43766
43760
62334
43827
61430
43803
61432
61433
61435
43796
61440
43792
61441
61442
43791
61411
61413
43807
61415
61446
61468
43823
43821
61472
61478
61479
43811
43882
62338
43905
43852
44267
62248
62247
62240
62241
62245
62344
62447
62449
44262
44276
62455
62456
62425
62428
62429
62432
44292
44291
44290
62433
62461
44289
62263
62259
62341
62252
62327
62326
43875
62312
43873
43886
62321
43888
62316
43893
62214
62225
43829
43843
62191
62193
62194
62195
43865
62200
62201
43830
62251
61429
44007
60383
61336
43980
61343
43978
43977
61391
43974
61392
43969
61395
61396
61398
43967
43946
61388
61386
61372
61373
61379
43922
43919
61382
61385
61378
43981
61335
43915
44373
44799
61787
61791
44796
61794
44794
61780
44376
61771
61776
43962
61354
61356
43956
61358
43964
61360
43951
61364
61365
61349
43965
61333
61273
61275
44008
61514
44059
61491
44056
61497
44054
44052
43986
61503
61496
61487
44021
61551
61558
61559
44018
61546
44016
44012
61529
61532
61533
61525
44011
61520
44032
61276
44033
61280
61282
61284
61286
43910
43926
61260
43941
61262
61263
61265
43940
43938
61314
61322
43930
61326
43929
43928
61295
43983
61304
44036
62486
44285
44284
62041
62049
62042
62072
44217
62096
44195
62099
62108
44188
62078
44215
62090
62082
44213
44211
62086
62087
62088
60415
44205
44203
44181
60419
62043
44096
60424
44098
62123
62124
44137
62172
62173
62175
62179
44131
44130
62170
44127
62154
62155
44125
44140
62167
62055
62060
62063
44076
62067
62053
62052
60422
44151
44283
40829
40827
40825
40822
60337
60340
60343
60344
40840
40625
60335
60333
60325
60326
60329
60330
60324
40851
60352
40849
60375
40842
40797
40794
60392
60444
60426
60440
44154
60397
44149
60429
60407
44160
60402
60393
44161
60455
60456
60457
60460
44177
60462
60463
60464
44174
60467
44170
44165
44164
44163
62118
44105
62147
62411
44244
44241
44297
44350
62419
44349
44345
62387
62389
62391
62384
62393
44336
62394
61978
61981
61987
44342
61988
44355
61957
44367
61966
44245
62409
62141
62406
62493
44259
44257
62496
62483
62482
44296
44229
44231
44222
62472
62345
62369
44238
44239
44240
62365
62349
62357
62358
44251
44248
44247
61967
44359
44358
44307
61914
44315
44332
44331
61940
44329
61945
61918
44220
61923
44218
44113
61931
44110
44109
61925
44108
44107
62032
62033
62133
62134
62137
61889
61885
61883
44306
61964
62015
62016
44313
62026
61995
62000
44312
44310
62008
62003
61882
61898
44334
44302
61905
44300
44299
61911
61912
61894
61879
60786
60790
61735
62832
42292
41251
62823
41461
62827
41460
62824
41451
62852
41448
62876
41447
62878
62887
62871
62856
62857
41470
41468
62867
41416
41422
63071
62818
62850
41415
42295
62899
62929
62903
42283
62909
62893
62954
62965
62966
62967
62951
62936
62937
62939
42268
42285
62946
62947
62948
42299
62838
42297
62842
63073
63076
62894
62977
62983
62984
41560
62985
41559
63047
41558
41554
63010
63034
63045
63030
63029
41550
41547
63011
63013
63020
41525
63025
41523
41495
62814
62978
41528
63077
62997
63081
41443
63066
41425
63065
41427
63113
41430
41428
41483
63108
63107
63106
63105
41485
63098
63103
63104
62970
63048
62993
41532
41531
62896
42304
62812
42423
64416
64437
64441
64445
64448
64450
64417
42459
42428
42427
42426
42424
64431
64532
42455
42452
64632
42449
64631
64630
64614
64615
64617
42434
42462
64625
42483
64524
42365
64514
42380
42376
64511
42368
42366
64498
64500
42476
42475
42473
64508
42479
42480
42491
42490
64412
64397
64396
42488
64383
64623
42232
42306
42224
64600
64603
64605
64608
42218
64575
64580
42214
64584
64588
42264
63751
42342
42315
42305
42313
42312
62918
42324
42335
42332
42331
42330
42222
64594
64677
64571
42231
42246
64653
42248
42262
42259
64664
64611
64610
42254
64557
64561
64566
42204
42199
64534
42193
64539
64545
64546
64549
42190
42209
41499
41498
40009
41741
63585
63587
41844
63591
63577
63576
63575
41854
63561
63556
41856
63571
41868
63462
63442
41864
41860
63451
63456
63449
41810
41801
63502
41847
41743
63509
63534
62728
62731
62732
62716
41782
62703
62708
62711
41734
41733
41730
63541
63543
41728
63536
63522
41724
63525
63554
63528
63530
63531
41740
63505
41831
62725
41627
63740
63742
41577
41575
41574
63618
63622
63624
63631
41583
41584
41599
63607
41594
41593
63656
63659
41591
63664
63665
63667
41590
63668
63734
63690
63513
41628
63514
63499
63496
63480
41828
63483
63485
63478
63489
41616
63494
41609
41607
41623
63699
63704
63705
63707
63708
63675
63676
41632
63682
41787
62723
41497
41301
41297
62521
62520
41296
41295
41292
41309
41310
41320
62562
62563
62564
41290
41288
62570
62571
41261
41259
41258
62543
62545
62548
41283
62537
41405
41280
62533
62604
62606
62609
41491
62612
62615
62599
62586
62587
62592
41521
62589
62617
62640
41519
41515
62651
41511
62653
62621
41406
62529
62532
41282
62557
41794
41393
62796
41390
41345
62783
62787
62788
41339
41347
41355
41353
41562
41768
62683
62685
41771
41770
41765
62662
62665
41761
62668
62669
41776
41392
62803
62550
62802
62658
62759
41275
62763
62764
62765
41383
62767
62769
41381
62772
41367
62755
41375
41385
62749
62750
62737
41400
62797
62798
62800
41394
64523
42362
42346
40575
64344
40572
64346
40470
40468
40366
64352
64354
64347
40364
64247
40357
64251
40356
40370
40371
64240
64238
64224
64225
40379
64231
64235
64343
64339
64258
64355
64221
64320
40615
40610
40608
40585
40562
64319
40558
40584
64316
40554
40565
64300
64302
64303
64309
64310
64314
64299
64336
64338
40568
40378
40377
64114
63866
63869
40347
40346
40336
40335
40442
40441
63895
40458
63897
40456
40454
40406
63901
40402
63902
40428
40398
63886
63870
63872
63881
63884
63841
63837
64285
63836
40376
40330
64289
40329
64280
64279
64277
64261
64263
64267
64259
64268
40327
40325
40322
63851
63855
40316
63857
40331
63862
63865
40334
64065
64103
42348
40150
40144
40118
60840
60830
60834
60836
40079
65000
40094
62502
64165
40093
64170
64176
40089
40087
64154
40084
64152
64143
64180
40083
64207
40149
40135
64212
40122
60819
60791
60794
40006
60795
60798
60799
40003
40018
40021
60821
60822
60843
40032
60844
60847
40026
60848
40024
40076
40127
60852
40117
40082
64213
64111
40536
64070
64075
64077
40507
40485
40489
64074
64141
40505
64126
64130
64134
64136
40500
64138
40498
64124
40497
40493
40492
40547
64106
40597
40535
64066
64214
40539
40096
64216
40099
40111
64201
40109
64184
64185
64187
64189
40105
40104
40520
64218
40508
64140
64086
40515
40512
64092
40510
40526
40527
40394
40412
40426
64958
42004
64944
42000
64925
64926
42013
64929
42027
64931
42025
64934
42024
64935
42017
64937
41954
41967
41965
41964
41960
64986
41957
41971
64959
64844
64992
42007
64710
64692
41889
64697
64698
41882
64701
64699
64751
41881
41879
41896
64761
41902
41900
64731
64735
64737
64739
64740
64742
64738
64690
41973
41989
63773
42418
42408
42407
64478
42406
64482
42405
64483
64484
64485
64486
64490
64473
64461
42421
64466
64469
64464
64515
42356
64518
64519
42352
64520
42411
64897
41986
42402
41985
41984
64962
64974
64976
64978
42186
64868
64872
64875
64879
64864
64849
64882
64858
64855
42396
64912
64917
64919
64904
42390
64902
41892
41913
41915
64022
42102
63988
64003
42094
64049
42069
42046
64046
42040
64030
64033
42064
42061
64036
42059
64038
64040
63931
63932
42154
42153
63928
42168
64006
42100
64715
64021
63775
40424
63781
63782
63783
63753
63768
63791
40419
63821
40418
63825
63826
63811
63809
40414
40413
42079
64012
42074
42073
64018
64020
63910
63914
42185
42184
42133
64375
64377
42031
64788
64786
41931
64772
64773
41930
41927
64781
41925
64768
64807
64829
64832
64837
41918
64838
41950
64815
41946
42134
42136
42138
42126
63947
42175
63969
42174
63971
63972
63973
42148
63975
63977
42122
63960
42121
63976
42117
63948
63950
63951
63952
63954
42144
63959
61758
44801
41588
66238
66247
66248
66233
56808
66231
66214
66216
66217
66218
66219
66225
66222
66118
66124
56811
56810
56804
66097
66100
66101
56801
66103
66132
66241
66211
56819
66183
65989
65993
66094
56845
56843
66197
66198
66201
56856
56858
66191
66175
56872
66176
66178
56868
66181
66210
56867
66185
66186
66187
66188
56818
56833
65981
65764
65762
65747
56631
65748
65751
65757
56627
56625
65753
65648
56581
56580
65656
56578
65634
65643
65666
65690
65691
65695
56568
65700
65701
65763
65778
66160
65777
66162
66164
66168
66169
56831
56828
56827
66143
66146
66151
66144
65937
65726
65727
56821
56620
56607
65710
65741
65717
65719
56634
65775
65987
65980
65684
56342
56333
65168
65172
65218
56364
65223
65217
65225
65227
65231
56363
65233
56362
65198
65199
65208
65209
65212
65213
65625
65627
66042
66044
65161
65175
56776
65191
65246
56327
65299
56378
56385
65308
56382
65279
65280
56381
56380
56368
65275
56374
56387
56404
65236
65234
65181
65182
65185
65186
56402
66046
66037
56742
65966
65970
65971
65974
56725
56723
65958
65943
65944
56739
65951
65953
65956
56752
65977
65979
66000
56750
66004
56745
66006
66008
66009
56744
65968
65964
56773
66093
66023
66054
66029
56768
56766
66027
66018
66079
56761
66080
56777
66088
66091
66077
66076
66075
56795
56794
56792
66058
56789
56782
56737
65686
65683
43241
69360
69364
43386
69368
69372
69358
43384
69356
43382
43282
43281
43174
69342
69348
43176
43169
43167
43182
69347
69249
69253
69238
69222
69223
43387
43389
43190
43390
69081
43375
69127
69130
43397
69135
69138
43367
69121
69105
69108
43365
69109
43362
69103
69065
69326
69329
43379
69300
43393
69306
69335
69224
43189
43421
68836
68846
68830
43150
68891
68895
68899
68901
68904
68889
68888
68887
68886
68870
43257
68875
43255
43254
68882
68883
43244
68905
68829
43268
43151
43152
69260
68835
69282
69284
43202
69292
43142
69265
43141
69267
69268
69271
43139
69269
43131
68853
68854
43143
43144
43145
68859
43146
43159
68865
43153
43377
43422
65670
56706
65931
56643
56657
65918
56650
56647
56645
65915
65917
56660
65808
65813
65814
65802
65784
65785
65786
56671
65788
65790
56669
56667
56665
65926
56710
65792
56711
56585
65671
56598
65665
56593
65675
56592
56589
56718
65783
56696
56693
56681
56686
65892
56684
56683
65896
56699
65898
65870
56714
65862
56664
65821
69073
69203
43300
69206
43301
43302
69212
69214
69215
69217
69183
69142
43305
69140
43358
69086
43411
43408
43417
43433
43430
69098
69082
69071
43427
69204
69143
65849
69152
43333
43329
43327
65841
65823
65829
65840
65834
65835
43338
65002
67502
69165
69172
69173
43341
43345
69174
43342
69163
43320
43295
43289
65248
56274
56275
57356
67021
57352
57375
67026
66997
57474
67001
67005
57471
57468
67007
66898
57497
66906
57489
57484
66911
66912
66878
57434
66879
66882
66885
57353
57360
66892
67020
67398
67399
67400
57417
67394
66976
57416
57415
57411
66985
66990
66974
66958
57406
66991
57383
66963
66966
57361
66971
66964
67015
67016
66891
66953
67395
67172
57198
67178
67181
67184
57193
67186
67168
67153
67161
67162
67165
67160
67111
67109
67054
57192
57191
57225
67067
67068
67052
57220
67049
67174
57204
57425
57251
66939
57459
66948
57458
66936
66917
66922
66915
57448
57445
57346
67033
57241
67137
57233
57249
67132
57258
67115
57257
67148
57252
67124
57418
67393
56277
67266
67227
67250
67251
56914
67256
56888
67258
56883
56881
67249
67230
56895
67228
67239
67243
67245
67238
67344
67346
56905
67451
67453
56902
56946
56947
67442
67202
67335
67339
57120
57113
57147
67309
57142
57139
57136
57032
56932
67321
56927
67219
56924
56915
67224
67210
67209
67208
67191
67192
67200
67443
67426
67392
67423
56960
56989
56985
56984
67376
56983
56982
67366
67365
67363
67348
67349
67353
67359
57394
67361
57395
67410
57389
57386
57402
67402
67387
67371
56961
56899
67345
67430
56954
57003
67437
67433
57010
67461
57000
57013
57015
56992
56964
67494
67495
67483
67481
67480
67464
67466
67467
67469
67474
56991
67042
67070
57215
65544
56533
56530
65520
65524
56555
65525
56550
56548
65111
65112
65113
56497
56495
65081
65083
65085
65090
65092
65093
65089
56494
65117
56505
65527
65540
65141
65539
65593
56410
65587
65602
65603
65597
56427
65497
65498
65499
56435
65503
65505
56433
65478
65481
56430
65486
65531
56540
56537
56536
56534
56517
65142
67071
65063
56261
65066
56267
65071
56264
65074
56288
56256
65045
56255
56254
65053
65055
65158
65258
65259
65263
65265
65266
65267
65268
56280
65240
65064
65011
56515
56315
65145
56512
65150
56408
65153
65137
65123
65130
56303
65134
56290
56298
56293
65026
56321
65031
65022
65020
65019
65007
65009
65038
56316
56413
65591
65605
65404
65406
57268
65409
65402
65430
65432
57284
65457
65461
65463
57279
65466
57276
65449
65435
65439
65442
65443
65444
65445
57275
65447
65448
57307
65401
65617
65395
57267
57343
67094
57323
67100
67102
67107
67101
57314
67091
67089
67074
57342
67088
67081
57341
65415
65416
65417
65419
57335
65423
57333
65441
65337
57274
57272
56464
65574
56466
56476
65578
65579
65580
65581
65568
65566
65550
65551
56467
65554
56473
65557
56468
56447
56445
56422
65615
56421
65616
56448
65469
65367
65354
65342
57286
57287
65350
65335
57299
65323
65326
65329
65330
57293
56457
57292
57290
65382
56461
65355
56459
56458
65360
65362
65364
43267
68771
61729
44673
68455
44648
44627
68479
68501
44618
68508
68510
68511
68513
68496
44615
68483
44612
68486
68487
68490
44646
68488
44632
44430
68704
68705
68454
68451
44426
44679
68557
44566
68581
68582
68584
68585
68590
68591
44554
68561
44665
68565
68567
68573
68461
68464
68465
44654
44651
68474
68442
68444
68447
44427
68678
44533
68597
44411
44410
44409
68656
44405
68657
44403
68664
44453
68669
68653
68636
44505
68639
68641
68643
44499
44494
44510
44511
68227
68233
68237
44395
44377
68679
44380
44421
68684
44416
68689
44434
44447
68713
68735
44385
68741
68743
68733
68732
68731
68721
44384
68728
68673
68671
68618
68626
68627
44383
68555
44536
68208
42828
42818
67547
42847
67548
42846
42845
67549
42839
67550
42836
67758
42967
67760
67763
42947
67766
42930
42935
67769
67770
42949
67755
42950
67574
67572
67747
42890
67629
67630
42881
67523
67529
67530
67531
67532
67533
67535
42878
67522
42877
67521
67504
67505
42851
67513
67515
67511
67562
67563
67565
67745
42951
68534
67663
67718
44581
67722
44589
44578
67717
67727
44576
67711
67706
68542
44607
44603
44598
68549
44597
44594
68519
44569
44546
68528
44542
44539
44583
67662
67800
67661
67806
67807
67808
67809
42904
42902
42928
42893
42927
42926
67789
67791
42924
67785
42923
42920
42916
43750
67683
44585
67687
44584
67692
68206
68211
68770
61713
61699
61685
61686
44941
61690
44958
61718
61640
61586
44950
61590
44689
61595
44736
61599
61584
61567
44731
44746
44757
44755
61576
61578
61702
61711
61581
61706
68338
44967
44965
65001
44964
44979
44981
61669
61674
44982
61660
61649
61650
44996
44995
44994
61659
44993
44990
61643
44984
44939
61704
61580
61641
68335
61833
61812
61836
61861
61868
61869
44831
44827
61856
61839
61840
44767
61837
61846
61849
61853
44781
61749
44780
44773
61739
44772
44785
44786
61817
44812
61602
61832
61626
44753
61631
44765
61637
61639
44697
44725
44696
44690
44724
61603
61612
44717
61615
44716
61620
44715
61719
61821
61825
44842
61830
68337
68328
44516
44472
68155
68160
68147
44483
68130
68138
68141
68143
44475
44688
68191
68195
68196
68199
68201
68186
44883
68171
44888
68176
44918
68182
44915
68154
68151
68387
68149
68218
68219
44515
68267
44470
68277
68279
68264
68262
44468
68261
44467
68246
44466
68249
68252
68254
68255
44464
44460
44458
44457
68204
68386
68388
68327
44857
68415
68416
44881
44852
44851
68304
44850
68312
68314
68315
68303
44848
68289
68290
68297
44863
44877
68345
44874
68347
68342
44922
68126
44853
68412
44912
68409
68391
68392
44909
44907
44884
68398
68374
68375
44882
44921
44854
68424
44860
68427
68430
68431
68432
68421
44859
68402
68405
68408
68400
42884
67624
67621
69844
43470
43469
69957
69959
69944
43468
43569
43567
69931
69960
43555
69935
43561
43560
69939
43557
43574
69924
69963
69988
69992
43590
43583
69945
43459
69968
43456
43513
69724
69725
69709
69708
69692
69694
43507
69726
69706
43506
43499
69757
69761
43451
43449
43447
69733
43446
43444
43442
43440
69744
43517
43526
43480
69922
69906
69909
69916
69917
69902
42696
69892
69884
69898
69476
69477
69481
42658
42674
42691
69486
69487
69475
69474
69467
69468
69469
69455
69883
69859
43533
69857
69974
43553
69976
43523
43518
43546
69868
43541
69872
43126
69874
43124
43749
42714
69878
69879
69880
42703
69847
42697
69849
42725
42732
43497
43482
67654
43664
43658
68994
43634
68998
69001
69003
43611
43610
43608
69057
69061
69046
43602
69043
43598
43612
43615
69041
43628
68930
68932
43725
68936
43660
69007
43723
43635
43213
68759
68762
68816
68819
43211
68822
43209
68826
43205
68795
43233
68798
68801
68804
68800
43650
69009
69010
43647
43641
69014
69017
43724
43722
43484
69801
43675
69774
69776
43691
43692
43708
69768
43702
69832
69834
69840
69841
69842
69827
43697
69809
69812
43593
69817
69819
43487
43488
69765
43677
43680
43720
43709
43719
43713
68911
68914
68918
68924
68917
43732
68974
68980
43712
68983
68976
43689
68949
68951
43686
43685
68958
43684
68959
43681
69794
69518
42680
42735
43008
43014
43040
43037
43034
68069
68067
43031
68051
42979
68055
42982
42975
42987
42989
43002
43047
68116
68121
43093
68122
68108
43105
43118
68072
67969
43109
43021
42583
67941
42581
67890
67840
67843
67846
42608
67829
67830
67831
67877
67878
67880
67884
67885
67887
67888
67871
67855
67860
42602
67865
68092
43108
69520
68018
43074
43071
68026
67602
67605
43069
42970
42814
67608
67610
42862
42869
42868
67584
42867
42865
67589
67580
67643
42870
67646
67652
67653
68021
68009
68099
43079
68048
68046
43061
43058
43052
43050
68006
67990
67988
67972
43049
67974
67978
43065
43082
68047
68010
68033
68038
68044
68028
43080
68015
42585
67931
67938
69444
42762
69450
69451
42757
69434
69421
69422
69423
42556
42555
42546
69429
69432
69532
69533
69640
69643
69645
69614
42557
42559
69674
42572
42767
69443
42587
69441
69513
69496
69500
69452
42808
69402
42807
69403
42806
69405
69407
69410
69411
42796
42773
42745
42749
69413
69388
69389
69437
69439
42771
69681
69683
42570
69670
69581
42631
42629
42623
42621
67918
67919
42635
42644
67911
42641
67910
67904
67906
42588
67932
67956
67962
67964
67965
67967
67950
42589
42633
69586
69584
42507
69669
69652
69654
69650
69661
42563
69560
69553
69551
69535
69569
69583
42504
42536
69598
69592
69606
69376
69573
42532
42576
42654
63669
63655
57178
72425
72435
72437
72439
72440
47418
72488
72489
72492
72493
72494
72496
72497
47414
72464
72466
47411
47410
47407
47384
72462
72471
72474
72477
47419
47390
72423
72448
46958
46973
72208
72207
72226
72200
72205
72206
72227
72229
72254
72259
46979
72248
72247
72246
72231
46976
72241
46975
72245
72445
47399
72478
72421
72223
72188
71981
71984
71986
47432
47437
71989
71957
71958
71960
47434
47459
47443
47447
47189
47237
72024
47244
72013
71993
47233
47232
47231
71954
47423
47485
72369
47486
72370
47360
47349
47348
72379
47365
72381
47375
72347
72349
47368
47366
72357
72358
47463
47479
72406
47482
72415
47497
72416
72420
47490
72225
72220
71898
71501
71503
71487
71548
71551
71553
71554
47143
47142
47137
71546
47135
47134
47133
71529
71533
71525
46931
46929
46928
71537
46927
46926
71485
71502
71500
46922
71499
71319
47155
47182
47175
71326
47174
47173
47172
71299
71306
47148
71408
47120
47127
71509
47126
71513
47124
71522
47121
71504
71488
71497
46925
71429
46965
71459
72295
72297
47006
72269
72271
47005
72273
47003
72328
72329
47012
47013
47023
47016
72338
72308
46963
72313
72306
72315
72320
72212
72217
72293
71455
46920
71452
71434
71436
71438
46932
46941
71443
46937
46887
46911
71421
46909
71422
46906
71417
46904
71469
71467
71475
71478
71483
71874
71464
71449
47230
47246
46392
70390
70341
46556
70348
70349
70350
46525
70318
46486
46494
46493
70330
70354
46491
46489
46488
46506
70382
70383
70358
46513
70360
46509
70353
70338
46560
46405
70468
70406
46438
46436
70393
70453
70454
70457
70460
46432
46431
70466
70467
46538
46524
70449
70433
46530
70439
70431
46528
46542
46543
46544
46407
46301
70403
46277
70596
70600
70603
70492
70493
46272
70494
70500
70503
70488
46377
46372
46385
70479
46386
70483
46403
70508
70510
70531
46400
70532
46399
70587
46286
70366
70606
46300
70370
70363
46298
46296
46291
70471
46309
70574
70580
70566
70550
46318
46317
70555
46266
46259
70549
70586
46257
70614
46268
70621
46427
46417
47262
72032
47311
47323
72135
47338
72140
72142
47333
47331
47328
72131
47304
72115
72119
72125
72126
72112
72149
47283
47280
72173
72175
47277
47272
72033
47314
72182
71928
47250
47249
47265
47204
47199
71896
71880
47190
47209
71953
71916
71943
47216
71945
71948
47266
47315
47319
71933
71924
71926
71927
47318
47271
47269
70400
46449
72047
72070
72097
46480
46478
72102
46466
72101
46471
46423
72084
72086
72081
71249
70414
70421
46421
70423
70425
70428
70413
70411
70395
46475
46450
72169
46451
47302
47301
72158
72159
72161
72164
72166
72054
47298
47295
72062
47292
47291
72068
46874
72052
72050
46460
72035
72037
46459
46458
72039
47156
71316
71291
78656
45143
78658
78661
78665
78666
45116
78654
45094
78439
78226
78227
45090
78234
45089
78237
78239
78225
78223
78211
78216
78217
45087
78269
78657
78610
78246
78598
45031
45027
45025
78716
45024
78723
45078
78722
45127
78619
78620
78621
78622
45131
78625
78626
78627
78630
45135
78616
45136
45137
45151
78264
78251
45032
45526
45544
78165
45543
45539
78180
45531
78283
78383
45484
45476
78392
78397
78382
78380
78379
45474
45471
45488
78398
45505
78372
78373
45503
78168
78167
78243
78183
78256
45082
78257
78259
45080
78148
45110
78156
45108
45107
45104
45103
45100
78129
45525
78130
78166
78189
45510
78191
78194
78186
78185
78715
45021
47157
45165
45163
45159
45158
77731
45174
77716
77714
77700
45175
45177
77708
77709
77711
45192
78539
78541
45183
78544
45290
78548
78550
45286
45292
45193
77719
45294
45194
77751
45204
45201
77794
45200
77778
45199
45197
77784
77786
45231
77684
77686
77689
77690
45227
45222
77675
77660
45221
45196
45195
77670
78521
78554
78732
45261
78503
45258
45157
45155
78509
45049
78510
78497
78483
78594
45041
45057
45058
78699
78691
78678
78680
45070
45062
78711
78737
78742
78733
78516
45263
45306
45264
78529
78531
45305
45300
45275
78577
78576
45248
78575
45247
78560
45254
78565
45255
78572
78566
78462
78463
45270
45269
78470
78472
78460
78376
78377
45502
45395
71854
71847
71796
45411
71746
71751
45419
71756
71740
71739
45416
45415
71722
71723
47080
71728
71757
71729
71733
71782
71783
71785
71786
45394
71848
71791
71846
71803
71805
71807
71810
71815
45442
71808
45441
45439
71861
71862
45438
45437
71863
45462
45458
45452
71872
45429
71858
71855
71840
45399
47085
71779
78371
71338
71346
47052
71390
47066
47065
71395
71396
47064
71398
71401
71403
47062
47060
47110
47166
71382
71378
71405
71276
71281
71255
47161
71288
71341
47040
71777
71337
47081
71761
47075
71766
47073
47100
47106
71768
47099
71776
71769
71351
71355
47041
47048
71359
71362
47047
47046
71331
47044
71333
47043
71802
71817
45440
78328
78340
78333
78335
78338
75001
45614
71667
71668
71670
71671
45611
45610
71678
71663
71661
45548
71648
45559
71650
71643
71680
71704
71706
78329
78325
71818
45618
45499
78425
45497
45491
45545
78435
78419
45547
78413
45601
78415
45595
45594
78307
78317
78300
78289
78297
78299
45606
45621
78352
78354
71709
71711
45549
71717
45381
71630
45378
71633
71636
45390
45330
71624
71622
45327
45326
45322
71610
45350
45319
45318
71719
71721
71825
71826
71827
45348
71833
71641
71581
45371
71590
71684
45579
45578
71681
71694
71697
71691
45574
45572
45571
71591
71577
45468
45366
71600
45361
71585
71584
45358
45356
45355
45370
46396
70534
77740
72661
73983
74374
73966
72677
72692
73953
72691
72681
73959
72680
73961
72734
72735
74377
74791
74794
74797
72788
74799
74801
74770
74774
72784
72659
73980
74779
73978
74051
72695
74060
74061
74045
74044
74037
74038
73985
73929
73931
73937
73938
73928
73927
73926
73918
73924
73945
73968
73970
72664
73972
72780
74768
74048
74696
72745
72773
72741
74701
74702
74704
74705
72756
74706
74699
74729
74751
74752
74754
72771
72768
72762
74749
72761
72557
72556
72555
72553
74726
72752
74805
74695
72779
74830
74831
74832
74834
74840
74841
72810
72807
74826
74824
74809
72802
72798
74806
74817
74822
74816
72797
74719
74708
72753
74691
72722
73996
72552
74266
74275
74064
73484
74062
73497
73855
73859
73499
73861
73863
73500
73453
73832
73843
73846
73869
73458
73895
73471
73464
73903
73871
73874
74271
74263
73879
74294
74351
73682
74352
74353
73680
74243
74245
74246
74251
73678
73704
74227
74228
73700
73698
73696
74297
74284
73490
74286
74287
74291
74293
73868
73881
74000
73826
73810
73519
73795
73796
73535
73536
73790
73801
73804
73805
73807
73800
73906
72708
72704
72699
72732
74021
72730
74005
73990
73992
73995
73524
73825
73885
73819
73878
73773
73515
73775
73565
73563
73560
73574
73575
73781
73783
73786
73756
73757
73760
73764
73765
73766
73767
73813
73814
73818
73532
74731
74728
46366
73110
74625
74621
74649
74676
74677
74679
73062
74669
74655
74656
74657
74661
73059
74666
74611
74558
74560
73057
73085
74539
74543
73068
73081
73049
73111
74549
73114
72990
73001
72998
72997
74434
74433
74417
72994
73046
74424
74427
73103
74531
74532
73096
74634
73095
73092
74638
74641
74629
73118
74616
73080
74596
74440
72852
72830
72893
72930
72953
72826
72825
72958
72960
72819
72818
72963
72967
72846
72845
72950
72949
72934
72935
72938
72838
72837
72944
72946
72901
72900
73078
72879
73077
74600
74604
74601
72815
72869
72868
72864
73751
73749
72914
72916
72859
72917
72918
72919
72922
72889
72888
72912
72887
72894
72896
74441
73007
74741
74964
74969
72521
74979
74972
72522
74869
74877
74851
72534
74857
72533
72523
74855
72628
74909
72631
74912
72629
74920
72623
74903
74902
74889
74966
74980
72647
72506
72540
74744
72548
74745
74945
72545
72558
74949
74954
74955
72567
74931
74960
74940
74933
72563
74987
74991
74992
72511
72516
72510
72538
72639
74901
74386
73016
74497
74501
74502
74504
73044
73042
74507
74508
74398
73039
74401
74402
74406
74407
74409
74410
73033
73047
74381
74413
74390
74391
74392
73013
74528
72596
73024
72593
74476
72591
72588
72585
74486
72581
74489
74475
72600
74474
74473
74457
74458
72603
74466
74469
74471
74455
72812
72813
74522
73019
74346
74344
74343
71033
46604
71080
71084
46623
46638
71089
46635
46632
71076
71075
71074
71068
46603
71093
71015
70962
70965
46580
46579
70960
46578
70942
70946
71018
46610
46574
71023
46834
70161
70163
70166
70172
70173
46817
70219
70229
70231
46826
70202
46564
70204
70215
70207
46612
70210
70213
46613
71050
71035
71019
70952
70979
70192
71187
46709
71235
71239
71245
46703
71246
71247
46681
71231
71215
71223
71224
46650
46678
71095
71118
71122
71128
71131
71115
71132
46677
71107
71183
46713
71004
46699
71005
71009
71011
46566
71014
46596
70980
46593
46587
70982
70993
71096
71197
71199
71201
46697
71193
46695
71178
46692
71184
46686
46698
46812
46835
74340
70149
70152
46361
70139
70138
46359
70136
70124
46358
70118
70130
70132
46352
70079
70023
70027
70034
70036
70037
46758
46763
46762
70004
70007
46363
70148
46785
70146
46329
70541
70544
46345
70511
70512
70516
46341
46340
46365
70104
70105
46336
46334
70109
70110
70097
46347
70093
46364
70095
70117
70141
46790
46784
46862
70249
46746
70237
70274
70298
46744
70307
70311
46847
70294
46845
46841
70279
70280
46872
70282
70275
70286
70290
70285
70235
70179
70182
70185
70253
70242
70038
46754
70012
70014
70015
70016
70017
70018
46781
70011
70066
70068
46757
70046
70040
46726
70050
46724
70158
70264
70267
70268
46740
70257
46755
71109
46675
46668
73215
74164
73223
73238
73237
73232
73437
74144
74147
74150
73649
74155
74156
74152
74180
74203
73652
74212
74214
73653
74216
74217
73670
74200
72502
75000
73665
70825
70818
70803
73250
70801
73247
73246
70789
73262
70819
70796
70798
70799
73278
73276
70820
70822
70845
73269
70852
73214
70841
70824
73221
74185
74190
46666
73723
74116
74120
74065
73719
74221
74320
74327
74328
74316
74301
74305
73718
74310
73745
73742
73741
74308
73740
74367
74368
74369
73674
74356
73720
73726
74195
74137
73660
73659
74140
74088
74090
74091
73657
73656
74097
73635
74085
73609
73607
74066
74071
74101
74073
73604
74081
74074
73603
73617
74134
73254
73280
73153
73415
70711
70741
70714
73407
70766
70767
73405
70769
70772
70774
73403
73418
70748
70751
70755
70780
70704
70650
73424
70653
73422
73378
70644
70710
73305
73155
73310
71165
46663
71168
60000
71155
60001
71153
73345
73299
71147
73296
73293
73290
73289
73288
73284
70727
73300
70735
73318
73314
73313
70706
73374
70635
70639
73363
70899
73203
73139
70927
70928
70929
70931
70933
70934
70935
70918
73137
70906
70909
70914
70916
73163
70861
70804
70806
73128
73156
70813
70871
70877
70869
73172
70641
73391
73388
70693
73384
70700
70667
70671
70676
73174
73171
70881
70675
73199
70886
70888
73197
70892
70893
73191
70895
73190
77747
77754
41694
47623
47637
77182
77171
77169
47648
77154
77157
77159
47644
77162
47640
77160
47579
77054
47588
77059
47594
77061
77062
47593
77066
47590
77052
77177
77175
77040
47631
47510
47515
47511
47509
76925
47508
77031
47504
77033
77135
47503
77138
77139
47535
77142
77131
47528
47527
77115
77122
47524
47633
47632
47589
47586
47538
75409
48042
48032
75463
47979
47983
47982
75451
75449
47974
75431
75440
47971
75447
48005
47995
47994
47992
47991
75338
75339
48045
75333
75316
75430
75406
47585
48011
77070
77072
77094
77095
47596
77078
77090
77082
77085
47811
77088
48024
75414
75415
75419
75423
75426
48020
75411
75410
75397
75429
75401
76929
47565
75318
77371
77378
77365
47664
47663
47662
47677
77385
77413
47680
77417
77419
47786
77402
47783
77384
77396
47779
47778
77397
47793
77189
47794
76976
77377
77369
76984
77368
77455
47728
47727
47726
77431
77434
47722
77436
77437
77439
77487
47718
77492
77482
47696
47666
77467
77468
77462
77477
77478
77472
47668
47806
47804
47566
76903
76906
76908
76909
76910
47770
76896
47769
47757
47657
47555
47539
76916
47546
76943
47541
76948
76949
76935
76919
76920
47570
76923
47569
76905
47771
76988
76898
76974
76956
76961
76962
76963
47773
77016
77019
77022
77028
47750
77012
77011
76995
76993
47744
77005
47772
47739
77009
77003
47753
47755
75317
48099
49382
75054
75056
75258
75260
49554
75264
49553
49666
49658
75241
49653
75245
75252
75237
49668
75309
49685
49684
75295
75282
49682
75287
75291
49674
75055
49558
75180
49551
75030
75031
75034
75035
75036
75037
75019
49574
75004
49606
75008
75038
49601
75039
49593
75068
49547
75069
75070
75071
49546
75040
75051
75179
75182
75028
49422
75203
75204
49419
75207
49434
75212
49447
75627
76041
76043
76049
76051
76052
76019
49438
76024
76029
76034
49392
49387
76092
49384
76077
49421
49423
49650
49426
75186
49611
49620
75189
49622
75191
75175
49617
49614
75162
75167
75196
75220
49628
49629
75221
49630
49639
49633
49429
75198
75200
49427
75029
49579
75351
48055
48066
75583
75584
75569
75567
48068
75563
48076
75588
75612
48071
75616
48070
47868
47870
75622
75593
75598
47873
75597
47879
47878
75548
48051
75574
75546
75572
48094
75323
75325
48092
75354
75376
75377
75379
75382
75384
75385
48118
48110
75372
75355
75357
48108
75353
75362
75367
48059
48084
75570
47877
75501
49586
47938
75314
75312
47949
75106
75110
75100
75088
47892
75092
75089
47907
47905
75150
47896
47894
75153
75123
75125
47922
75126
47921
47915
75128
47935
75518
75505
75509
75506
75472
47827
47825
47818
75481
75482
75483
75486
47832
75480
75547
75531
75534
47846
75539
47967
75529
75527
47943
47939
75515
75516
77454
77453
47731
76658
76703
76706
48166
76710
48199
76714
76716
76702
76700
76684
76686
48192
76688
48188
48186
76695
48139
48138
48134
48132
76586
76587
76588
76659
76657
76585
48171
48423
48422
63348
63351
48376
63333
48366
60002
76664
48362
48394
76666
76667
76673
76674
48390
76678
48382
76648
48177
48175
76655
48172
76597
76584
63293
76721
48268
48267
76827
76828
76830
76832
76834
76816
76800
48241
76805
48210
48209
76815
76808
76838
76865
48224
76869
76871
48231
48228
76858
76822
76719
76582
76565
48130
48144
48160
76601
48159
48158
48155
76578
76581
76626
48149
76634
48279
76636
76637
48253
48250
48262
76605
76606
76608
76603
48274
48424
63290
47725
63271
41651
41656
63245
41654
41652
63260
41659
63204
63148
63154
63145
41670
63133
63137
63138
63140
63143
63136
41667
63189
63192
44998
63183
41679
63265
48337
63221
63636
41692
63639
63640
63645
41682
63439
41714
63226
63229
63231
63233
41709
63237
63240
41708
63223
63206
63209
63212
63216
63217
63219
48330
48333
63289
63422
63432
48416
48415
48414
48411
63420
63418
63402
48408
63408
48404
48403
63413
48433
63360
48429
63306
63310
63313
63303
63300
63284
63286
63425
63401
63170
48312
48328
48356
48354
48348
63281
48347
48346
48345
48344
63386
63387
63389
63391
48342
48319
63382
63380
63365
63398
48317
63376
48314
63399
76855
48225
76845
48458
76417
48473
48471
76469
48470
76473
76474
76476
48466
76449
76450
48460
48570
76461
48568
76875
48566
77300
48564
77301
77285
48560
48559
76420
76419
48588
48457
48500
48454
76548
76554
48449
48447
76558
76560
76561
76546
48446
76528
76529
48444
76538
76539
76541
76542
76435
48456
76427
76426
76410
77275
77276
48437
48521
48543
77195
77203
77205
48542
77229
77250
77251
48541
77261
48538
77263
77249
48126
77232
77235
77242
77243
47712
47710
47714
77190
47715
48534
77220
48579
77218
77278
48554
77280
77283
77329
48517
77331
77332
77333
77336
48533
77337
48529
48527
48525
77314
48553
77319
77316
77343
77267
77265
77216
76499
76497
76491
76360
76363
76350
76349
48596
76340
76344
48613
76330
48625
76392
76394
48619
48618
76400
48670
76388
48721
48728
48722
76386
48720
76371
48711
48631
76354
48511
76774
76847
76798
76746
48638
48637
76753
76741
48652
76728
76730
76758
76760
76781
48666
76791
48663
48634
76765
76766
76759
76768
48632
48611
76373
76375
76381
48715
48699
48697
48696
76315
76324
76310
48694
76292
76290
76299
48439
48492
48490
76300
76508
76516
76517
76519
48496
76505
48497
48513
48512
76261
48701
76264
76270
48714
76327
76275
76277
48732
48747
76282
76283
76272
76271
48684
48702
48683
48709
76257
76258
48680
48677
48675
76262
48692
48708
76074
76062
77756
45913
45911
79518
79519
45908
45905
79523
45902
45901
79526
79527
45918
79513
45935
79512
45933
45923
45876
79454
45873
79401
79403
79404
45897
79515
45859
45865
45803
79902
79886
79888
45796
79900
79901
79688
45790
45818
79476
79478
45800
79485
45810
79473
79456
45809
79459
79461
79462
79491
79467
45806
79409
45862
45819
45632
45660
79613
45659
45654
45651
79616
79618
79624
45650
45779
79672
79673
45745
79668
79653
79662
79665
79611
79554
45763
45776
79568
79552
79632
79642
45878
79640
45879
79378
79381
45893
79382
45883
79414
45681
79442
79443
45677
79448
79451
45672
45671
45669
45683
79426
45663
45702
45634
45633
79637
79903
79909
79537
79823
79714
49067
79717
79721
79710
79709
79708
79707
79692
79695
79697
79701
79706
49091
49139
79751
49190
79752
49191
79754
79757
79762
79749
79713
79822
79731
49071
49133
49128
79803
79785
49127
49126
79779
49140
49073
79832
79833
49078
79837
49077
49076
79840
79841
79824
79809
79813
79814
49100
79820
79747
49182
79883
79988
79993
49163
79982
47501
79964
79965
79969
79973
79974
79845
45825
45824
45823
79875
45838
45854
45851
79854
45841
79860
79861
79862
45844
79992
49168
79732
49161
79728
79737
49201
79740
49216
79745
79738
49179
79949
49152
79952
79953
79955
79958
49178
79944
49149
49148
49146
79928
49145
79936
79939
79535
79544
49381
78031
45976
45949
78029
45945
45957
78012
78014
78009
78023
77814
77601
77608
77609
45962
77610
77614
77597
77581
77587
46069
46067
77595
46064
78033
46003
77643
46010
78104
78048
46200
46197
46194
46095
45987
77999
78000
78001
45994
45991
45981
77988
77973
77975
45979
78007
45995
45998
46011
77984
77985
46055
77644
78098
77514
77539
77541
77564
77567
46019
77569
46034
46035
77561
77559
77542
77546
77549
46046
46044
77550
77761
45626
77764
77765
45624
77769
46249
77511
46023
77647
77512
77651
77639
77636
77620
46061
77626
46060
77632
46058
77655
77577
46089
77529
77530
46088
46086
77537
46085
77519
46083
77507
46026
46027
78103
78087
79549
77927
45739
77910
77895
77898
45736
77929
45727
45726
45937
77905
77907
77893
46150
46148
46147
46146
77961
77962
77963
46154
77939
46163
77942
77928
77925
46108
77921
45765
45713
45716
79595
45712
45740
79605
45711
45710
79573
45709
79574
79579
79590
79580
79584
79586
79588
77914
45707
77917
77919
45705
77837
77846
46202
46246
46234
78073
78075
78077
46212
78084
78067
78051
78053
78060
46179
46177
78086
78109
46190
78111
78118
78119
78120
46208
46203
78091
78093
46243
77815
46105
77863
77850
77834
77832
77823
77825
77826
77828
46102
77854
77875
77878
46114
77886
77889
46125
77872
46120
46119
77858
46228
77865
46213
77869
79801
49135
49137
49742
75746
49734
75743
49760
75755
75757
49755
49751
49749
49726
49765
75652
75656
49698
75660
49699
75647
49697
49706
49707
75630
75633
75634
75745
49845
49717
49944
49992
49990
49984
75712
75741
75713
49960
75715
49938
75716
75714
75742
49931
49959
75766
49955
75767
75768
49947
75770
75772
75774
49946
49709
49819
75722
75875
49787
75871
49795
49790
75919
75903
75904
75907
75908
75909
75911
48960
75910
75860
75807
75808
75810
75813
75816
75818
48953
75801
75784
49785
49784
75641
75873
75636
49810
75689
75690
75691
75694
75696
75698
75686
49808
75684
49824
75671
49830
75886
75889
75896
75880
49779
75865
75867
49771
75870
49995
49980
78956
76005
76012
49493
49491
75984
75985
49468
49467
75994
49460
76195
76196
49458
76199
49471
49472
76203
49474
76205
49486
76193
49485
76177
76186
76010
49516
49686
49518
76064
49394
49407
76072
76066
49405
49398
76015
75962
75964
75966
75968
75972
49502
49508
49507
49496
75951
75953
49524
75956
75949
49523
76213
49688
75739
49877
76133
49874
49871
76157
76158
76160
49868
76170
76155
76137
76140
76141
76142
76143
76149
49974
75937
75730
75731
49969
49968
49967
75737
76172
76109
76239
76107
49894
76242
76246
76247
76219
76224
76227
76228
76229
49914
76173
49911
76123
49884
49861
76127
76128
49852
49847
76114
49846
49880
76104
48975
75786
48978
49258
78872
78876
49263
78882
78883
78885
78905
78776
78780
78755
78764
49282
49232
49226
78791
78813
78816
78820
49254
78824
78825
78826
78810
78871
78889
78796
78903
79289
48843
79292
48837
79263
79259
79268
78858
78862
48851
78849
78847
78835
49061
78837
49268
78842
49274
78846
49272
78893
78895
78901
78808
49252
48966
79059
49302
49299
49315
49317
78936
78942
78927
78925
49324
49319
78913
49119
49118
78922
78968
49114
78979
78966
49106
49105
78964
49104
78961
49308
49310
49251
79057
78801
78804
49249
78805
78907
49247
49295
49219
79012
79015
49352
79018
49351
49348
49343
79021
79007
49356
49364
49361
49337
49335
49311
79284
79297
79235
79178
49035
79161
49032
79153
79152
79143
49027
79208
79214
79201
49045
49049
79200
49046
79187
48986
79198
79086
79090
79091
79092
79093
79098
49037
49034
79231
79176
48967
75844
75846
75847
48944
48923
75852
75857
75851
75626
75841
75823
48919
75833
75835
75002
48914
48942
79165
48938
79169
48936
79174
79099
79085
79082
48998
48756
48783
79307
79315
48779
48778
79367
79370
48776
79371
48775
79358
79356
79341
48904
48872
48869
79246
79250
48903
48899
48894
48892
79305
79302
79301
49012
48994
48992
79075
48990
49005
49014
79130
79132
79135
79121
48906
79317
48806
48803
48802
79112
48796
48825
48820
79330
48816
48767
57175
69759
57181
16386
58396
16372
16371
16385
58393
11728
11731
11732
58392
11740
11796
11759
16402
11781
58387
11785
58386
58383
11737
53971
58182
58378
11809
58399
11858
11859
58371
11862
11864
11865
58376
16367
11843
11844
58372
53969
53970
11742
16381
11753
58281
16394
58351
11366
53952
53955
11332
11333
16365
16336
11340
11342
11390
58185
58195
16332
11396
16331
58188
58164
53961
16348
58186
58183
11776
16390
11764
16393
58176
58174
11771
58173
53978
58171
58169
16343
11350
11351
11352
11353
16329
16338
53951
11360
11803
11801
11815
16319
11714
11715
11701
58298
11691
58297
53934
53935
11695
58292
16318
11639
11585
16315
11590
58294
58289
16313
58299
11657
16279
58352
14998
58354
11669
11672
11675
16293
11677
54037
58349
58343
58348
11646
11647
11678
58347
54038
16307
54040
16312
58287
16311
53909
58412
58411
58408
58404
58431
11615
11617
16258
16254
16288
11822
11826
58424
11828
11829
16270
53913
16281
11608
11607
11620
16287
11582
53939
16260
58306
11574
16263
16262
11576
53943
11573
11624
11628
11634
11637
58414
53927
58413
53962
16363
58142
16809
16870
11544
11527
16860
11540
16813
54832
54835
11429
54783
58650
16803
58648
54837
16815
58642
54842
11426
16842
11560
16739
11496
16754
16752
58213
11491
16750
11494
54804
54778
11498
11559
58207
54782
11525
11546
11548
16743
11556
16797
11425
58639
54827
16611
58661
11466
58658
11481
58633
11873
16615
11447
11451
16830
58609
11453
16610
58603
11456
54696
11457
11458
11471
11470
54719
54716
54826
16828
11410
11413
54810
58653
58655
11443
54813
54806
16823
11415
54815
11418
16821
58665
54713
16755
58242
53956
11262
58145
11256
58162
54793
11258
54796
11287
11259
11264
54377
11265
58157
11267
11260
54798
54788
16763
58152
58130
16775
16722
11275
11386
11369
58141
58139
11381
11377
58138
11326
11279
11253
53752
58137
16563
54375
11285
58132
58131
11268
58150
16793
54787
11521
58250
11514
11517
16730
16727
11518
11519
11520
16726
11314
11506
58279
58278
58277
58276
11488
58271
16723
16733
11510
11509
54775
16782
11318
16781
11322
11323
16780
11325
16757
11292
11294
58260
11300
11302
11304
11306
11405
11406
18330
54028
54726
17283
17328
51747
17327
18725
51745
53769
51795
17304
51719
18711
18670
18617
51850
18623
51836
18624
18627
53753
17330
17339
51840
18745
18733
18735
53780
51737
18738
18740
51738
18744
17314
18717
53782
17308
53783
18747
17326
51750
18716
53785
53759
17282
18339
53791
18666
18667
53766
18654
18651
18635
18639
51863
18644
51866
51860
51858
53815
51798
18225
18226
18229
53818
18664
51869
18630
51856
17281
51839
17279
18615
51838
18613
17278
17270
18596
18661
18597
53762
51857
53764
18631
18634
51870
18656
18687
18686
17320
18465
18555
18564
18566
53887
51345
18461
17202
18464
17201
51329
51336
51334
17225
17196
17193
18457
18456
18444
17198
18562
18677
18585
18577
18580
53904
51370
51400
17253
53889
18584
51398
18561
51397
51396
53888
18591
18575
18558
51393
51391
51346
51348
51349
18705
53775
17222
17216
18439
18593
18696
17215
53778
51790
17192
51785
51733
51756
51726
17212
18675
53779
17266
51760
53774
18480
18495
18449
51359
51358
18451
51352
18448
18515
18503
53905
51773
51771
18512
18498
51769
18497
53773
51767
53822
18230
17298
18431
16496
51715
51713
16494
51708
16522
18427
18430
18432
16498
51704
18405
16493
18406
18407
51679
16488
18399
54023
18421
16552
51641
16551
18181
16548
51586
16547
51639
18385
53991
18388
18400
18389
51693
18379
18378
53993
18371
18375
53994
18408
53999
53996
16304
18285
18288
18289
51668
18295
18296
18297
51664
18298
51642
18319
18352
18353
18125
58326
58325
18325
54027
18299
54055
18317
51675
51658
54024
54047
51654
18360
54048
54049
18359
51649
16511
51648
51647
16510
16508
51661
18312
18313
18178
51581
51814
18260
18268
18272
16450
53801
51832
18274
51831
51827
18256
53797
18203
51718
51612
16473
51618
51613
53907
53908
18267
51817
16556
16459
17296
51811
18239
53823
17291
53824
53825
53826
16457
18213
16456
18222
18240
18214
51801
18216
51799
51816
51611
54008
16421
18170
18198
54019
16442
16435
16433
16431
16429
51626
54006
18154
18172
16537
51603
53988
16529
16526
16543
18176
18197
18192
18191
18187
16420
18156
18158
18144
51605
18127
18128
54018
51620
18130
18132
51621
16417
16415
16413
16412
18186
16631
16601
3500
57585
54389
57619
57580
10478
10481
57592
57590
57616
10536
10471
57584
3237
57600
54392
54453
54416
54439
3645
3221
10489
3633
3210
3215
10594
10597
57621
10603
10469
10547
10492
10495
57641
57636
54385
10503
57650
54388
57649
3205
10505
10511
3640
57746
10087
58039
58038
58036
58033
10096
10081
10082
10085
57980
54450
54434
10095
10088
57974
10118
10139
54418
10143
58041
10108
10516
10313
57605
10517
10519
3636
3635
54444
10521
10525
3651
54449
3653
10102
58020
58015
54446
58012
58011
3668
57629
10605
10622
3149
57576
57570
54500
3154
10327
3152
57564
57541
54502
57543
3147
57518
3252
10378
10386
10387
10372
54504
54511
57554
10616
57770
57749
10467
57773
3187
10336
3163
57756
54522
54523
57555
3141
57761
10346
3129
57550
3128
10334
57556
3255
10371
10354
10560
54401
10565
10551
57527
10553
10555
10584
10559
10562
54505
10557
3270
10585
57526
57655
57634
10611
57633
57528
10568
57533
10579
3253
10355
57509
3249
54507
57505
10356
3244
10360
10361
3261
10468
10470
10572
3262
10573
57535
58006
10147
10150
3695
3703
54668
10289
10233
3696
10178
10181
10186
10192
57881
57826
10177
54652
10162
10163
57822
57819
10196
57878
10283
54683
10236
10272
10246
3709
54684
54685
57861
57859
57857
57856
10274
10303
3691
54671
10305
57873
3706
57874
10277
10219
54655
10221
11056
11050
57944
11051
11036
57942
54611
11019
11023
57949
10227
3506
57950
11087
3505
11076
11074
11059
54555
11049
11045
11042
11039
3490
57832
3477
10229
10225
3482
10213
57968
3480
10204
3479
54662
57948
10208
10210
3497
10212
3683
54681
57998
3620
3601
54641
54645
10021
58123
10003
10004
3621
10007
10029
3619
58115
3721
3728
10010
10038
10040
10061
58108
10025
10243
10124
54421
10152
3656
57997
54423
10119
58046
10123
54428
10022
54429
54430
3604
58102
58101
3609
10127
58087
58065
10063
10065
10264
3745
54627
3739
10261
58071
54651
54673
3710
10267
10067
10268
10269
10271
58070
10254
3673
54678
10241
10259
10155
58076
10052
58063
10068
10069
54629
10070
3716
58060
10075
10060
58056
3729
54618
54619
3730
54620
54626
58078
10446
10442
54701
54985
16666
12467
10001
12470
58500
9999
58479
12475
3330
16669
12476
3336
12369
12370
54992
12371
12372
12376
12465
58505
3331
54943
12436
16642
54950
54954
54956
12462
16649
54944
54926
12497
16660
12485
16676
58511
54932
58510
12493
12494
54995
12380
10430
58464
58473
58469
12404
58468
54979
12389
12392
3346
3320
12416
12187
11975
54845
3297
11980
11981
58593
11982
54973
3352
3339
12421
58453
58451
58448
3326
12350
58476
58447
3322
58445
12413
12407
54997
58443
54965
58459
12411
3353
12412
12435
54948
54846
12305
16567
54757
12334
54759
12335
58728
54761
12309
12322
58624
58712
12264
16597
12210
16594
12217
12220
12223
58620
12282
16706
12299
58597
11251
11874
54751
12288
58630
12294
12295
12300
12280
58628
12287
58627
12272
16572
12273
58625
12278
12224
16592
16590
12450
58707
58706
12229
58700
58594
58488
12444
58491
16693
58743
58487
54739
12453
54743
16710
16708
12440
58482
54730
12248
12262
12257
12206
58738
58737
58735
58713
16588
12196
58674
54746
12199
12200
58687
16586
16639
12249
58684
12254
58568
11973
11972
54484
3397
12038
3366
12042
3363
57684
57682
3378
12091
12049
12099
12106
54490
3394
3390
57792
54475
57790
12033
3369
3398
12157
12172
3370
12176
12178
3374
12182
12185
54482
57677
12050
12057
12060
12061
12062
3372
12064
3371
12067
57788
12078
12089
3200
10454
10455
54491
10457
57803
10462
54468
3168
10448
57786
3199
10432
3192
10436
57800
57797
3188
54516
57806
10431
57809
57796
12083
3384
3383
12086
12087
57784
54473
10419
10420
10424
3176
57775
10393
10402
10407
57793
10408
12120
12122
11971
54908
12012
58589
11996
11997
11992
58587
3310
3305
12004
12027
58533
3360
12006
54909
58530
58528
11905
11909
54860
58576
3423
58574
11956
3289
11962
58567
11968
58560
58558
11993
3286
12024
3283
3299
54880
54881
3301
54858
3315
12022
54911
58522
11895
57702
58541
11928
11929
11931
58750
54905
3433
54896
12144
54913
54898
57714
58124
12130
57717
12117
57721
57719
3404
11914
11922
58543
11878
58535
58538
11884
58553
54914
11889
11891
11892
58551
11937
11938
3406
11941
11949
11950
11916
17260
17263
18517
19289
19296
19282
19284
50590
19286
19287
50588
19288
50605
19231
19293
19279
50606
15498
50607
19263
19265
19269
19233
50680
50885
19239
15546
19295
15481
19248
50698
50492
50672
19240
50602
19223
15477
50601
19221
15476
50600
15474
19222
50597
19270
50888
19195
50581
15604
50868
50553
18841
50552
15606
50582
50874
15607
18839
18888
18887
50570
15622
50861
18879
15615
50366
50554
18837
19273
50614
19268
19061
50620
50617
15600
18854
50889
15594
50893
50558
18861
15590
50608
50896
15589
18847
15588
50559
50499
50702
50504
19133
15092
19126
15080
50111
19129
50634
15099
50311
19135
19140
19137
50312
15113
15111
19138
15108
50520
50516
15093
15094
50489
50146
19197
50656
50628
50153
50152
50151
50149
15088
19083
19079
19082
15095
19069
19071
19074
19075
50632
19076
19105
50528
15103
50476
50479
19315
15519
50639
15515
50483
19309
19372
19340
50636
15513
19343
19336
19347
15538
50471
15536
15535
19332
15520
50536
50538
19106
15101
19102
19111
50544
19117
15100
50541
15313
15525
15524
19320
19321
50539
15522
50637
19327
15613
18777
18778
50811
50426
18966
18977
18978
15323
50425
19373
50810
50423
50806
50421
50418
50417
50416
50415
15327
50815
50802
18970
15353
15373
50428
18935
50401
18926
15384
18909
50405
18911
50400
50399
18967
15380
50398
15378
18922
15376
15375
18916
50410
15318
15316
15315
52093
19833
52105
52102
19836
19837
19839
52091
52094
19809
52086
15391
19813
50821
15445
52069
19710
19712
50847
52106
19832
15339
19767
15332
52079
15348
52089
52077
19784
15347
19770
50801
52073
19773
50784
52090
51875
15341
19782
19776
50909
50392
50364
50382
15554
18814
18815
18817
18818
18820
18821
50923
15551
15562
50926
15550
50351
15549
18807
15565
18792
50325
18811
15563
50455
18753
18785
15612
50361
15611
50357
15610
18769
18768
18754
18765
50356
50921
18757
50370
18761
18762
18763
50372
50320
18798
50931
19060
50440
15365
50441
19051
15360
15357
50430
50437
50465
50319
15356
15354
19036
15372
50912
50459
50458
50457
15367
18986
50389
18999
18801
18806
15583
15580
50934
50315
15578
19013
50919
15571
50334
19016
15569
18988
18996
18997
50340
50122
15141
17248
16134
16098
16099
50961
16105
51092
16111
15623
16104
51065
15201
15225
15230
15217
15194
16162
51099
16168
51061
16096
50969
51073
16116
15212
16217
15208
16222
16223
16225
16094
51015
15207
15202
16120
16122
50944
50957
50959
16126
50974
15203
15169
16151
50123
15773
15192
51018
15704
15766
15187
15772
51034
15182
51035
51019
51051
15181
15760
15744
15179
15750
15754
51040
15718
15717
51101
15731
51076
16142
51091
16150
51089
51131
15936
15730
15160
15716
15159
15732
15158
15734
15175
15736
51021
15714
15205
16230
51000
51203
16091
15946
15975
51192
15976
51241
51242
51206
51202
51176
16003
51245
16084
16082
51198
51247
50987
15981
51190
15956
16232
15964
16063
16055
16064
16067
16071
16014
51182
51189
15967
51178
16058
15972
15973
51180
16073
51240
15957
16075
15982
16079
50989
16210
16179
16020
51009
16209
51008
16183
16034
16051
16233
50988
51002
16237
16049
16240
51122
16243
16040
15626
51121
16175
16190
16193
51229
50983
15991
51215
51211
15939
50982
16095
16033
16199
51170
16200
16030
16203
16204
51118
16208
15284
15757
15703
15841
50045
50773
15845
50044
15030
50042
50060
15024
50071
15793
15856
50776
15625
50778
50064
50061
15823
15839
50258
15004
15931
50767
50300
50297
50764
50249
15906
15907
15910
50242
15914
15005
15909
50255
15811
50269
50267
50266
15784
50262
15830
17501
15133
19182
50649
19203
19209
50651
15149
50130
50129
19199
19184
50014
15147
15144
19186
50654
19180
50126
50655
19193
19179
50703
15152
15138
15130
50037
19171
50744
15117
15125
50750
19173
50007
50006
50005
19144
50755
50758
50759
19150
50752
50704
50310
15648
15702
15627
15236
15633
15639
15250
15641
15244
15635
50230
51151
15665
15241
15689
15240
50728
15690
15691
50227
15644
50200
15925
50210
15287
15286
15649
15283
15656
50205
15282
15658
15660
50201
51163
15646
15292
15645
15293
15295
50203
51166
15696
15700
50221
15071
50706
50707
15053
50184
50709
15045
50740
15073
15869
15683
15065
15872
50291
15877
50287
15064
50279
15063
15881
15893
15888
50192
50219
15669
50218
15253
15269
15673
50171
15266
15264
15262
50163
15780
15781
50162
50160
50158
15884
19713
19720
52042
52303
18005
16973
52304
17990
52283
17989
52282
52277
17972
52306
17973
17974
52274
17977
16977
54257
18006
16975
18004
52329
54235
18098
18122
54253
52325
52326
16956
18091
18095
52338
52337
17991
52334
18102
18103
16955
54254
16972
18047
18045
52270
17986
52039
54281
17403
51458
18021
18022
17419
18024
18025
51457
17409
17386
17605
54282
17613
51447
17384
51475
17582
17583
54260
18015
52285
52295
18007
17393
17397
18032
18034
54237
52301
18036
17394
51459
51251
51461
18040
17390
17389
17387
18026
18010
18119
16959
52324
17858
52450
17879
17887
17888
52449
17872
54355
52447
17859
17853
17860
16953
52234
52230
17866
54342
52254
52253
52452
16898
16966
52459
52492
52490
52484
17846
52462
52437
52433
16903
17831
54357
17818
52428
17820
17850
16902
17829
52443
17830
17004
17001
16998
52215
54351
54352
17019
18049
18050
52221
52218
18048
18113
52251
16993
16991
16968
18114
54246
18115
54247
52308
52192
52199
54350
17027
18071
54343
18073
52226
54345
54337
16997
16994
18076
52265
52205
18077
54348
18078
52200
17010
18068
54284
17586
17591
17668
17677
17424
51303
51300
17663
17664
17693
53841
51292
17428
51307
17695
53842
51309
17719
51324
17722
17724
17425
51299
53850
17804
51518
17749
53835
17437
17436
17431
17800
17801
51514
17686
17792
17783
17786
17787
51512
51510
17680
17684
17456
17451
17450
18519
51281
17242
51275
17239
18548
18549
18537
51326
17238
17728
17234
51383
51382
17246
51379
51367
18530
18526
51285
51286
18126
17237
51318
17731
17447
17713
17697
17699
51314
51290
17702
53893
51263
53894
51261
51257
51255
51253
53897
17743
53865
17595
54291
17365
17379
17622
17623
51427
17376
17617
51432
17631
17364
54293
17373
17633
17634
17370
17473
17472
17461
17621
17619
51504
51470
17361
51472
17360
51471
17616
54285
17618
54288
17355
51412
51469
17381
17644
17650
17651
51416
51419
17363
54259
54268
51539
53861
51549
17545
17486
51488
17552
53860
17656
17759
17761
17531
17763
17483
17764
17766
17462
17770
17756
17432
53855
17558
17489
17559
17532
17536
17479
51527
17504
54273
17506
54063
54062
17508
17537
17513
17491
17517
17571
51552
51551
16906
52494
16911
19687
19902
51888
19885
19886
19891
19892
51912
17100
17107
17075
19482
51878
51877
54205
54206
19459
17099
51906
54159
51892
15415
54153
15413
51914
51918
51917
51916
19846
17087
19848
51948
51936
51944
19853
19855
19857
19921
54154
54157
51941
17091
17096
17095
54187
19404
19407
19410
54185
52023
52021
17036
19393
19380
19490
19383
17063
51991
19392
19440
19441
51963
54192
52024
52025
54183
19508
19467
17048
17046
19469
19463
19521
51953
54210
52005
52003
19527
19512
19499
19492
51997
51996
54199
52136
19871
51968
15452
19738
15465
52055
15461
50839
19741
50829
19743
52159
52057
52163
15431
19689
15392
15406
15405
52158
15402
19727
52063
19920
19728
52037
52036
15438
15437
19701
50840
19703
19704
52033
19747
19750
50838
52050
15450
52051
19759
52066
52065
52151
52169
52501
54148
15424
19982
52128
52131
19965
54175
54163
15420
19970
54164
52145
19973
19974
52143
15418
19971
15417
52141
19997
52118
54171
19932
15396
19953
19942
52127
19940
54166
19929
54167
52122
54168
52147
19933
19934
19935
19936
54170
19939
19443
51967
54370
17925
17915
17921
17130
52361
17146
17144
17143
17924
54110
17500
54114
52381
52349
17140
52362
17893
17897
17136
17913
54108
19600
52412
54126
52417
54127
52414
19576
19579
19583
19584
19586
19580
52411
52409
54132
54121
54105
52408
19587
54107
17135
54221
17903
16912
17942
54318
52468
54317
54304
54314
16887
17944
54299
16930
17947
17889
54360
17835
54363
17838
52479
52481
52475
17937
52478
16945
17906
17907
16929
54326
16922
17901
17952
52370
54334
17955
16933
52368
17957
54319
16935
17951
17950
19375
19605
19448
51982
19639
51987
19631
51985
19628
19612
19613
54067
19616
19636
51981
17185
51979
19622
17184
17183
19627
19648
51989
19633
52418
17163
17056
54197
17108
19449
51965
19419
19420
54086
17162
51974
51956
54094
19425
51971
17154
17152
54100
19632
19650
51978
17180
52386
19567
19551
19550
17127
52388
19533
52387
19537
19545
19675
19548
19570
52385
19596
19597
19591
19599
19601
19565
19559
19558
19556
19676
51976
19678
52187
52399
17179
17177
54068
19684
19670
52396
52395
19656
52394
54071
19664
17120
3503
51210
14739
4664
4561
4013
14422
4553
4017
14426
52765
52760
14428
13287
4663
4660
59076
53218
52763
13289
52769
14450
14445
4009
14447
59139
52539
59138
59135
52657
4543
52554
59133
59129
4549
55142
59072
55153
59110
3989
59196
59181
14624
4677
55134
52743
3992
14614
59199
59200
59217
13420
52744
59216
52753
14628
13309
14640
55138
4003
14636
59084
52770
13410
4654
4681
4667
59091
59087
4669
4670
55126
4546
59116
59339
3799
59336
59299
13352
14505
59307
4605
14507
59338
13349
14508
55099
14451
14398
14401
55111
55109
52568
14526
13326
59370
4578
59366
4575
52565
14496
4606
59363
4573
14498
59362
55108
14500
59304
14409
4548
52541
14382
14384
4008
4594
59322
52559
14388
4595
14389
52542
59219
53268
14436
59117
59323
53273
4602
59332
13346
59333
4599
55087
14411
55088
59331
52575
55095
59329
13294
52572
59326
55089
14676
14677
59213
53646
4028
55852
55850
4029
4033
13280
13181
55014
55071
52735
13177
55821
12923
55792
53225
4042
12924
55005
55835
55004
52808
14606
52810
4044
13393
52776
14607
14600
14590
14589
14579
14582
4392
4391
14683
53636
13185
55816
4383
55815
4381
12955
13199
12892
12956
12958
13198
12960
13192
4380
12952
13184
12927
13164
12912
13173
52733
12894
12896
4387
13170
4039
52679
52683
13169
12928
12906
52685
55837
55838
59164
13431
4628
59157
14666
4644
14659
14553
52745
59182
59155
13430
13427
13361
14557
4633
53237
53239
59165
14669
13434
55029
59205
14685
4619
4000
14668
4612
14667
14652
14658
55032
52748
14660
52775
4053
13374
13380
4425
52805
13362
13379
4421
59169
4420
59148
13381
14570
14593
14595
59166
14597
52804
14547
14543
14540
14535
14534
59163
52801
4430
4424
14551
59161
4530
59146
53230
4632
13373
14521
14491
12964
58787
58770
14760
66687
14730
2830
58772
55491
58753
55489
14733
2828
14727
2825
14736
55506
14758
13478
2878
3781
14692
14697
58791
14701
2881
55505
14751
58768
14765
52614
58760
58757
3782
14738
14742
2882
66709
66710
58881
53156
3752
14940
14924
2831
14955
53154
14931
14937
14939
14932
55539
14956
14952
2821
14843
58782
53143
14737
55484
2820
52599
55508
55536
14845
2817
53160
58774
2815
58884
14691
66695
52538
14783
14770
58806
66600
14803
14778
14780
55493
58807
66598
14767
2864
53165
66596
55494
66584
66566
14836
3080
3067
13956
13958
66625
59013
3082
66578
3069
58906
14790
14794
66577
53193
53190
14829
14838
55502
66586
14716
66588
2888
2887
2885
53142
2883
2855
55499
66697
3778
14723
53136
58820
52600
14711
14839
53163
53017
14826
66590
3772
14824
2852
14810
14842
14811
58797
14816
14817
14819
14815
14983
55541
58889
59285
59287
14896
59286
2927
3760
55521
3817
14890
52529
59281
59237
14480
2925
52530
55520
2912
66665
59293
59262
59261
66673
52523
14915
2928
59292
59289
14916
2898
14901
2897
14886
52525
66667
59256
14985
59343
59349
14458
14460
3800
59346
4584
13334
59298
4582
3803
13331
14468
14470
55106
59352
3808
14484
52504
2918
59255
59253
14487
3822
55523
2914
52511
55525
14473
59246
52505
52509
55519
2900
14912
14911
53151
2891
2940
14972
58843
2945
14973
66658
66643
14977
52648
2944
14971
2939
3754
55512
14969
66677
52587
2841
14986
58904
14992
14993
66708
3753
58830
55545
55530
52579
66682
58890
52616
2938
66656
14867
59275
2955
14850
58854
59063
59064
2931
14859
14868
2929
52629
2906
14884
59264
66663
14849
52617
53259
14864
66645
58857
53203
55516
58859
2964
58864
66679
2932
58865
66655
58850
14874
4377
13186
55596
56227
13729
12752
56173
56229
12801
4777
53476
4926
53478
4958
56223
53748
12779
4957
12751
12748
56220
4931
4960
53451
12770
13715
12771
12737
56126
4775
53452
13713
53731
12739
56125
12744
55218
12786
56116
56180
55231
56242
13737
13735
53736
56210
12677
53506
12675
12658
12659
4949
12662
53508
13740
53504
55219
56231
12790
4782
12733
12678
53745
13745
53502
12687
56248
4952
13742
12686
53738
55220
56130
12762
55188
56166
12520
4969
56153
56155
56169
56168
13614
4801
55168
4770
13622
13621
12538
56156
55160
55177
12565
4794
12634
13601
4790
56145
12525
12526
56143
56140
53727
53592
56141
53514
12533
12535
56105
55170
56115
12549
4991
13726
12554
53457
12555
55172
56103
13728
56099
12758
53446
13725
53450
4984
12553
53715
4965
12542
53466
12569
4772
4979
4773
12557
13617
12552
4982
53470
12544
4992
13594
12539
12664
12693
13733
56053
56050
55963
55962
56017
56069
4725
13573
13584
56063
13555
13564
13480
4696
53701
56043
13582
13569
55212
55207
13530
55948
55976
55946
13517
13490
55965
55945
55943
4811
13489
55942
53487
4693
53705
12668
53694
53709
56090
56083
13502
13499
4710
53693
13503
13442
56033
56030
13451
56029
13448
56076
13460
4706
56019
56061
4812
13565
56060
13498
13513
4721
56054
53675
13509
13507
53708
13516
13506
55950
4810
13522
55987
4727
13677
55199
53479
12729
4730
13123
55198
53480
4746
13690
4833
12714
53485
4739
53713
13521
56177
13710
12669
4945
56179
4944
53509
53511
4740
12696
55216
53735
56198
4742
55214
13692
12704
4762
4825
13699
13550
13694
4728
55977
56016
4809
12706
13534
13519
13595
55205
55956
13487
53689
13547
4752
4835
56005
4753
4757
13542
4760
13541
53711
13540
13704
13538
56013
12708
13706
4376
55938
12948
55257
13076
52716
4467
3914
13078
55271
3943
55680
55240
13065
55674
13049
13273
3920
55270
55781
55243
13071
13151
12865
52667
12862
55895
55783
13072
52722
53610
13073
52670
13147
55782
55267
13271
55665
55263
55666
13265
13120
13121
13107
13106
55688
13104
4459
55248
4474
4488
4487
13089
4485
13117
3968
55244
13112
13062
55667
13109
3922
13110
53607
13113
13115
55245
13269
13267
4490
13266
4460
12864
55879
4374
4504
12846
52676
3937
53664
4505
12831
3939
55913
55918
55919
52674
12822
52659
55934
4453
53668
53662
4403
4396
12932
12934
12935
4411
4409
12943
55916
55804
4401
53669
3929
12940
13202
13134
4495
55865
13156
12887
12888
55158
12873
12856
53655
52664
55157
12857
4518
4516
3909
52693
55867
53656
4528
55930
4511
12830
4510
55926
55040
55049
55055
13128
12884
12851
55925
55923
53659
13145
12882
53606
52699
13204
12614
55770
12610
53580
55768
4853
4848
12580
13665
13657
55714
55292
12615
53620
12589
55289
13668
13655
12602
13018
55279
13651
12812
4909
12811
53521
55772
55281
55282
12607
4882
55284
4921
3961
12592
3971
55728
4867
55740
12620
55736
12621
53562
12624
3751
13605
12617
4920
13603
12626
4978
12637
55723
12594
4877
12639
4863
4865
13634
55236
4879
4875
13608
55715
55183
55709
53557
4873
55184
55747
53519
4911
55298
55297
13101
52706
13047
13221
52707
52705
55635
3974
55629
55657
3976
12999
53538
4898
55276
13020
55640
13092
13213
13220
13086
55250
55246
13218
4899
55637
13215
4686
13097
4687
52714
13005
12989
53613
13646
55311
13034
53551
4373
13036
13649
13040
13238
53536
13029
13013
13015
13640
13017
13033
13643
55309
13228
3979
13046
12979
55757
55759
13234
12983
4903
3978
53539
12977
12975
55302
53194
4818
53196
10815
59521
66316
4365
2806
52937
10813
66291
66317
55458
10802
53412
10800
10787
10818
52934
10806
2802
53358
52933
2793
66292
10912
2794
10914
59526
59525
55400
66325
53359
10804
53409
2795
10793
55465
66294
66254
59463
10841
59460
55434
66258
55435
10852
55451
66269
52945
59490
2770
10854
10856
2754
2753
52938
52930
4371
4357
2773
59516
2736
10795
59515
2737
59469
2742
59468
10791
55452
2740
2779
59498
66489
59385
10664
10673
2682
10675
66512
10677
66509
59391
53312
55426
10885
59413
55428
66406
66516
53315
10893
52955
66519
66518
10688
10690
59414
2658
10696
10685
10697
2688
55420
2687
10699
10700
10891
2733
2787
59505
59509
10922
66301
10924
59506
10920
10902
10876
10903
66290
10904
66298
55396
52948
59510
59503
10894
59406
55413
2734
59411
10862
55410
59410
59402
59452
66305
10869
52963
59400
2790
55394
10857
10840
59488
2529
59876
59870
14092
52829
14096
66395
2528
59864
55316
59868
55319
4253
52830
2526
2534
59863
59972
59883
2564
14194
2562
59908
2516
53425
66398
4251
52819
2537
14197
2507
52820
52824
59923
59979
10824
14121
59997
59993
52877
14138
66340
14122
14104
52853
14107
52879
4223
66338
53366
4226
14135
59981
2522
59971
14065
53421
59978
59973
14071
2576
66343
14129
14073
59962
53374
2627
14126
2634
59909
14193
66404
59477
66279
59479
55448
14172
2656
55441
59688
53403
52891
14162
52835
59894
14145
14178
14168
59480
14188
2764
10825
66286
59483
10829
10835
10837
59481
14165
2763
66284
52947
52967
55437
66280
52840
14154
52843
59914
66374
59916
14213
4340
52832
14215
55338
2550
53430
53429
59910
14183
52815
14186
53431
55336
66377
59917
53435
66384
14209
14206
55392
53401
66378
59903
66405
66327
14203
59888
59889
55416
55415
66333
57167
11174
3559
66462
57161
11209
11183
11184
4120
4111
66464
11186
11187
66466
57054
11207
54545
66481
10993
10986
67289
54539
66875
59579
3567
10994
59601
10987
57154
54541
59574
11093
59573
57058
59597
3572
66420
59542
57037
11223
59548
3556
3531
3530
57068
11172
59543
59569
3528
3524
4118
57052
11218
3575
11245
54597
4114
3589
59595
11244
57060
11247
59572
57065
11232
54598
3584
3582
3580
10977
59590
59437
67280
11092
54567
54568
54553
3442
57903
10962
57183
10963
67276
10964
67273
57901
57896
57909
11071
10972
11067
54557
54560
3515
57959
67284
3451
57902
3447
67283
53332
53331
54566
4123
11069
57928
10974
10982
57169
57170
59588
11015
3464
11005
11008
57153
3468
11009
3463
3462
67290
3565
59582
10953
59581
57918
67299
10956
57185
57915
57186
67288
58749
67298
10952
10975
4122
57171
10949
3472
67293
53322
59538
57038
2723
10745
53342
4331
4317
52898
59642
59425
59617
57107
66556
10751
52899
66554
2718
66528
59620
59424
52926
4329
3123
10743
10766
59682
2731
4330
59649
10770
10775
66531
10777
10763
10762
10755
10650
54575
4309
53294
10631
4303
2659
4304
53292
66498
59421
53286
10639
52954
66523
4337
10665
2662
53296
52903
10657
66552
56876
59415
10651
2673
10653
52907
10629
4316
10645
52908
52953
10627
10628
2713
57104
10713
11155
4321
11108
54585
4322
11132
4324
66441
11106
54586
11158
3539
53344
3126
53750
57049
11103
52922
11128
54576
59550
3552
54579
4320
59553
66412
66425
59564
57047
53350
11098
53353
59562
66437
2705
11151
10711
59655
10723
10722
10706
10708
10709
59671
59556
2700
10717
52921
10718
10719
66536
2714
66538
59666
59667
66540
2708
4326
66433
10727
11143
57100
57096
11142
52918
59610
59555
11135
2621
14212
14240
59696
3841
2605
59040
59693
2984
53082
55556
66788
13992
58946
66812
66790
2987
14003
14291
3088
55378
66791
14286
3106
14263
66787
59039
3899
55382
59778
66760
14042
59722
66782
14028
3859
14266
2604
59035
3900
14032
3097
58985
3851
3086
59708
3089
66814
66792
55557
14043
59030
3873
59031
13932
53073
4263
53069
59758
66800
14237
53105
53074
55558
13828
53090
66779
2591
13938
14252
59760
59029
59756
66867
59704
14236
3869
53078
14005
14039
53077
3115
53384
53075
66805
66780
59753
2585
14256
4258
14041
59729
13931
3111
2977
2586
2989
55570
14021
13887
59833
3857
3000
55360
3012
3013
58911
13872
13769
58910
53119
13888
13903
13898
3892
3015
53057
53173
53168
66731
13995
13780
53182
13867
13882
58912
14046
13881
13773
59835
59834
13878
3043
55550
59825
53115
53169
14047
66727
13874
3041
55353
53113
13873
55369
14058
59779
13864
3047
55373
66815
55374
14044
53084
59805
59781
53065
3004
13843
59716
13862
13858
59717
13762
59718
13851
14272
58931
14059
66838
59986
52974
3019
53061
59831
59807
14002
52971
13866
3021
58944
3854
3898
59843
13787
13829
66732
3045
66722
58928
53177
3838
14250
53170
53030
3863
13972
59953
55591
58995
14318
59023
13966
2641
3882
53041
59951
13977
66634
59956
2642
4282
58958
53394
13792
53395
13794
55324
55589
66610
2640
58982
59844
2980
66616
53093
59946
14298
52996
52860
14301
58954
59947
14310
55576
14309
59948
66607
13796
55580
59957
66357
59797
3831
4231
2638
58989
53365
14373
59936
2637
2636
52880
59005
14332
3084
59924
2619
59020
66350
3054
66633
3883
14102
66359
14220
13980
53364
14331
59789
59944
14329
13979
52858
53086
14325
3060
52873
14323
14320
59925
53098
66854
3059
2645
52888
14319
3862
3865
59788
59773
59734
3048
14346
3867
14348
59052
53091
13909
3878
55583
13827
2978
2616
59048
13813
59047
13943
58973
59736
59772
55610
53096
55571
59059
59044
2592
3860
14249
52992
66871
59746
14245
55588
66778
66764
13925
53385
3085
4293
52868
14242
59061
14297
58987
13914
66845
66824
14367
4291
55573
59769
14010
14365
59742
13923
14356
14355
14014
53389
14370
13971
66772
66752
14339
53033
13967
14341
14009
66844
66563
52865
66826
55375
26600
50837
50762
22651
72824
45761
22537
45750
37461
22506
72987
49121
72978
48897
53153
49181
72789
25588
49210
48866
53717
48838
49199
72973
26677
49138
50774
50830
25553
22675
26571
49198
49122
72976
37467
49207
49120
45774
25555
53235
53162
50760
53678
51239
36971
36942
45721
54156
36972
73040
50633
53198
25561
48758
25610
25560
49094
48786
26667
54151
22666
25519
73009
49089
36990
49088
48754
49086
54179
22672
53680
73012
48827
48790
73041
48817
25463
72836
45728
72665
73028
53328
26855
45735
53191
54203
54182
49083
22576
49099
54180
49098
45724
45723
72841
25450
53326
50629
51212
49095
53188
25449
53684
26869
22621
25440
72601
22617
22519
26584
51222
48772
53744
51225
49188
50742
26671
22624
72604
49183
73020
53161
53338
48885
37465
25541
25540
26696
48900
54165
45766
51120
72791
45770
50753
54172
26599
37481
25611
72842
48782
53141
72844
23097
22627
73038
53325
73037
26865
53324
72847
53200
22535
49194
49192
25512
73035
72687
26862
49079
22630
54174
72816
48773
25621
25552
49170
45751
26686
49296
37346
49281
51160
49357
25375
49358
50708
53660
37012
72535
26629
49283
45855
51159
50910
22607
49236
50721
50881
49240
50918
45903
22553
53670
50905
50907
73105
25376
25480
53220
22744
36898
50739
50878
22597
50710
53219
73099
45869
49261
22587
50914
45830
50887
72524
49332
49290
51104
25330
22797
22559
49262
45866
53608
53632
23039
72526
73069
25497
45928
50895
51132
26627
45921
50715
49334
50717
72532
37380
49276
45827
45837
73098
73066
36951
53382
45797
53400
49248
37354
53396
45802
73112
45816
73061
23017
37006
53211
50870
51150
45798
53240
37361
25490
50922
23023
53226
50734
50730
53373
26607
53234
50900
50727
22761
23024
45795
73063
53228
37382
37406
53205
23019
22767
73053
22606
53426
45805
50933
25382
49341
72504
49340
73106
51137
26718
37415
26684
50645
23013
45847
37029
53215
53640
45820
72551
72576
53438
53643
53649
22655
51136
50927
50928
45807
51135
26708
50930
53391
37008
53212
50884
73101
48842
72872
51115
50670
50771
72855
72805
49143
22643
50668
53671
53618
72649
49111
50849
25347
25597
72648
37471
50793
53624
49160
72653
53630
22640
53629
48850
72853
50789
49176
51113
53299
49113
50677
45643
53628
45644
48856
26580
37420
53148
51125
26809
50825
72595
72594
53201
48839
53728
48860
53149
72882
26813
25536
53723
22971
45754
53321
73002
50635
22685
22977
53297
48833
72589
22538
37475
50694
50690
72794
48835
50687
50665
45649
22974
45647
25331
22639
25329
22560
73104
37371
73071
72969
49270
45886
51105
45674
26624
23031
73048
53596
53306
47499
22792
45678
49327
45889
72748
53244
22591
53260
50858
22804
45895
72754
72739
53416
53281
51107
53181
23035
45890
49264
26656
23009
72870
49116
50785
26573
23046
53614
45700
49275
72621
26799
51097
25470
50787
49062
72866
53171
53615
25600
25599
45684
25601
49218
72746
53612
50883
25571
37390
72618
22573
25572
50768
50770
37369
22571
53308
53256
25319
53257
36803
45267
54207
47057
46853
54747
54748
23397
47055
53060
27409
47149
27410
54764
46840
27412
54755
46871
47165
46846
47163
46742
23376
23377
36379
53067
47162
46745
23361
36376
53080
27382
53079
47158
23421
53087
46868
47050
23387
46832
36268
47082
53103
27399
53095
27396
54819
46801
47104
54765
47098
47094
46806
54722
47037
46798
36281
26552
54710
54709
36279
54692
53122
26555
26556
54729
46864
54754
46867
36375
36374
46831
23308
36366
23315
23312
52886
36391
27474
54971
54737
27422
54982
54998
47030
47032
23409
27472
46916
54867
54868
54872
46794
46776
26427
46766
46939
46769
23289
46771
46903
46772
46775
46901
23415
52861
46736
46725
54741
54738
47168
36370
23431
36385
36387
26485
46738
52862
54927
47122
54934
54935
26483
54994
23403
54924
47119
54961
46727
27378
46731
23405
46734
47130
23399
27376
54986
36396
27187
26495
46898
36306
46585
36304
46641
45383
26508
53950
45388
26516
45373
36299
26507
46690
53967
23201
45374
46586
53008
53014
53012
36298
27016
53011
46584
53026
53958
46581
27014
36294
45331
53028
26963
27023
53974
53972
26303
45558
45556
45552
27000
26298
53926
45550
53912
45583
52606
46707
46708
23248
53920
53945
36406
45577
46710
46712
26304
27013
23251
27028
52603
52602
27026
53025
36509
53024
36507
53963
46577
47086
46609
23185
26522
36267
52973
45398
46611
45402
23128
52975
52980
36311
46621
46622
45405
26494
45412
36266
45424
36265
36262
45423
23168
46615
45418
53001
54805
54829
54834
53047
46820
36254
52979
53046
36316
46573
45332
45343
45340
36307
53036
45339
53034
54789
36310
45447
54791
53032
53031
26959
45444
36319
26971
53009
45430
26973
46627
46629
45449
45450
53007
45451
26974
26989
26988
23192
46900
54910
26839
53751
54533
54531
46552
36574
47228
27285
54415
36629
53749
52913
54420
27298
52919
27296
47203
46557
36850
47194
54583
27269
47193
54582
36624
54580
47224
54646
47223
54608
36844
46529
54607
47239
36596
47242
47460
36728
54413
46320
36698
47491
36726
36725
46324
47487
54390
46310
52900
47483
47462
54437
36594
36740
52894
36693
52893
27288
54440
52911
54442
27290
47428
36639
46304
52924
46511
54632
54604
46312
27321
36858
47299
36859
27336
54658
36828
54656
47342
27315
47286
54653
27334
47270
54536
46470
54550
36798
27339
27316
27314
47289
54665
47288
54610
46461
54609
46481
36799
27310
54562
46873
36861
46422
54537
27304
46539
36634
36854
46428
54592
47317
54612
54649
47324
54594
36872
47340
54572
47339
54677
47273
36607
46440
54549
47329
46442
54546
27329
36618
27217
54686
54670
47282
27213
54669
47481
46288
27497
23322
46961
36561
23328
54483
23327
36350
46335
54467
27438
46991
46333
46332
23350
27432
23333
36768
36773
52946
46986
52944
54474
46985
46984
52939
54456
54462
36770
46983
27428
46980
26478
23356
54476
23354
54904
46355
46356
26411
52827
36348
54920
23296
52816
23297
27490
23298
26418
23291
47007
52831
47024
54903
23343
52834
47000
46998
46994
46348
52847
46346
47011
27484
26444
46331
54901
54463
36665
36714
36783
46253
52957
27239
54454
52959
52960
47362
54455
47346
46283
46278
54508
47354
47421
46254
47372
27227
36704
54405
54407
46258
47422
47344
54395
46287
36736
27232
47461
26457
46267
54378
26451
36654
27244
54520
36763
36762
47188
46387
52936
36671
26873
47392
54519
47385
36659
47404
46380
36644
27453
46276
27451
48822
36792
54525
46328
52932
27447
27446
54512
52965
47416
54497
36649
46273
36489
46651
36522
53520
37192
54240
46022
73707
73706
46028
27036
23455
53553
53528
46082
73495
23442
23441
54223
53552
26777
54224
53548
26762
54227
27052
53545
26764
37206
54231
46036
53543
53540
46037
37208
73492
27038
26788
73482
45960
53568
23592
73454
27093
54341
23514
46072
37255
23464
53558
73498
46062
73496
73478
53586
27047
54349
53574
53575
46073
54354
73489
46075
26785
53590
54347
46076
46091
37205
73686
26769
73448
73629
54262
54277
73599
73598
73616
23490
45223
27062
73628
23477
73626
73625
52724
52732
73601
54263
54264
45169
54266
23595
26359
52721
54271
23699
23700
54276
27169
37311
37310
27184
23706
73595
45228
53123
52701
73735
46042
46038
23500
54297
52704
73748
27058
73716
27055
27054
45205
26563
45210
45209
45229
45207
23508
52700
26351
23511
52698
52697
52713
27166
37211
45623
45225
23482
54290
23571
37261
45560
23126
46224
25395
46116
72729
26851
72728
46118
54072
54099
25398
72717
54093
37437
46096
46216
25409
46215
72731
53490
73124
37427
37424
72705
73540
53495
23537
37456
54069
23536
23534
53498
53491
46101
53494
54212
54208
22730
72694
54209
46145
22732
46133
46140
46138
72669
53706
72674
46167
22699
54215
37432
26844
54201
46162
72667
46134
46107
72720
54186
53695
46131
25407
37460
54194
37423
26744
37451
73446
23590
73468
45972
54366
45947
53468
27103
53471
46173
73463
27100
27088
53458
73567
53442
26728
23563
54372
54358
53463
45967
53460
37247
45965
37248
27097
23566
23568
45964
54356
73457
53571
45980
23581
26740
25413
73530
46189
54076
54102
73531
46187
46185
46181
53503
37446
54130
25418
73533
25416
73518
54325
37345
26750
73557
46205
37189
54109
73581
73583
53448
46201
54117
73591
54320
27079
73611
45189
53857
54021
73421
73425
26252
52510
23438
23643
73423
45487
45511
45512
52577
45519
45521
52564
52512
53990
45529
73419
45537
45533
23231
26258
52503
45530
45546
52502
52535
53992
73408
73409
45475
73373
54011
73397
45115
23663
73195
36476
52545
53816
52543
73165
23666
26935
26950
23667
73176
23669
73177
73182
73390
53809
73283
36422
45086
36420
53906
26284
73385
73386
23651
36415
36443
45099
23637
73411
45489
23692
45620
46662
36502
52593
52595
53933
46674
52618
45490
54036
54033
26898
45605
54031
52653
52615
52581
45616
45615
26296
46643
52580
46647
53937
45613
45612
53940
45609
45585
36496
53928
45563
23219
73331
73324
45603
52634
52632
73316
73317
26878
73303
73302
54050
26896
52628
54053
26910
26909
36529
52619
36554
26318
26907
54056
54058
52635
52636
54059
73322
73343
54061
45592
45591
54044
73349
52656
36481
45088
26341
23731
23746
73226
46454
27116
53899
73438
73189
53898
73647
52690
37267
73640
23741
27115
37274
52789
52783
52774
45259
53902
52781
45257
73218
52778
73219
37269
37268
37284
73220
52777
53846
23739
73638
23687
37323
26348
26347
26346
37341
53863
45281
45280
45278
53864
45309
52663
73658
53837
73662
45238
37336
45303
73666
73668
45273
26335
27111
52691
23733
37330
23734
53843
45244
73637
45053
45039
26392
36449
27136
73154
26371
27134
52772
23601
26367
45119
23607
73133
73134
27031
26924
52754
36448
73152
36447
45149
45148
45147
45146
45145
36463
53754
36465
52764
45118
26382
53760
52759
26385
73259
45047
23619
45044
37287
23720
45042
37301
23725
53872
53873
45060
73272
23721
45063
45038
73279
53885
23613
23620
45012
73261
45009
45037
53829
23625
45006
52750
23627
26388
73251
37288
52747
54524
41712
51173
44525
59810
21905
21898
44500
59808
44492
44501
59841
44508
44397
59837
22001
21992
29614
44394
21996
22010
59783
44412
59804
44387
59812
59814
22026
44520
44479
59706
44486
44487
44473
59700
29428
59698
29430
59694
44459
59692
59691
59709
21880
21878
59720
59713
21896
59712
59767
29625
44390
29421
44617
58916
29651
44621
44624
21983
29654
44671
21978
58909
21976
21975
44676
44681
44683
58943
44669
58933
44668
22396
44649
58929
58918
58921
44392
44628
44436
59802
59796
22018
22017
44448
58955
44425
59374
44429
44532
21965
44635
44636
44637
21959
58972
44642
44645
44630
58968
44478
44687
44663
44754
44734
44735
44727
59856
44737
59854
44845
59850
59847
59866
44956
22179
59878
59869
44926
29508
22175
44927
44934
29502
44983
29512
59911
22123
59915
44833
44835
44840
44824
44808
44814
44815
44710
44712
59899
22058
59891
22056
44719
59902
22159
44702
22165
59904
44703
44749
44985
29400
44899
29392
44858
21920
29440
29441
21919
44861
59739
59737
21935
29447
59732
59730
44913
21943
44885
29432
29416
29417
44896
44898
29419
21927
29389
29402
29388
29404
44997
59964
59982
22112
44966
44972
44974
44975
59990
44976
44977
44971
44869
22137
29379
44871
59935
59929
59928
22030
44658
58986
48807
43000
58855
42977
27929
22204
42986
43009
43032
59272
43038
27956
59271
59268
27960
27962
43018
22208
22209
42604
59294
59290
42606
42990
58860
22222
43096
58897
22241
58896
58892
27893
58839
58846
22238
43055
22233
58837
43062
58836
58831
43111
22247
27900
43092
58848
43094
43098
27949
22217
58899
27842
42634
42578
42524
42526
42533
22334
42534
22332
42519
42502
22327
59314
42537
22267
42512
42577
42568
59303
22279
27818
22277
59340
22308
42597
22310
42596
42580
59283
42586
59234
59233
27939
42592
59251
59249
59247
42593
27967
22320
42579
42618
59242
59296
27835
42643
22314
43067
43081
22391
22349
22347
29543
59019
44587
59018
22374
59011
22373
22371
42925
22369
22368
29569
29570
42894
22478
42903
42907
58802
42929
42931
59006
29538
42962
22351
44664
22388
44666
44555
59033
44556
29556
44558
44551
29561
22412
59058
44547
59051
44572
58996
22359
22357
22356
22355
58994
42959
42965
58886
58828
58765
58764
42883
22426
58785
42887
22440
58781
58780
42863
22443
22457
22454
58776
58885
58880
22447
58877
58876
43078
58875
58767
22459
58801
42876
58790
58798
29597
42943
42946
29598
58796
58795
29602
29604
22486
58809
42820
42825
42827
58810
58826
29600
22436
58818
22435
22036
22037
44832
44142
58081
58080
58079
44206
44207
20518
58075
20525
58072
44200
44184
29696
29725
44192
44193
44141
44139
44092
44093
44095
57969
58052
29723
57863
44155
58096
29822
40828
58107
40833
40836
20091
20090
44166
44167
44169
58121
58118
20081
58117
29716
58113
58111
44144
44147
44150
20528
44081
20140
57816
44321
44323
20504
20502
44326
57835
57850
20495
20494
20493
57946
20492
29735
29727
44301
57939
57937
57936
20598
57934
20597
20489
57818
44067
44112
44070
44075
57862
44080
44101
57871
20533
20532
20531
29749
44128
20507
57882
57891
44122
57829
44120
57827
57851
29759
44114
58099
58103
44783
28981
28975
57520
57537
40629
28947
40636
20068
40689
20065
40692
20062
20061
57631
40666
40672
28959
57626
40681
57622
20011
28751
57519
20046
57620
20047
40764
20264
57542
57558
28968
28970
28971
20260
28966
57578
28976
40761
40750
40751
40754
40755
57516
40756
20051
40758
20039
29374
40887
29813
29803
57601
58026
58025
58024
40805
29804
58027
58045
58043
58007
57977
57972
57988
20151
58000
40846
29807
57992
58097
40853
40857
40907
40917
20004
20154
40890
57645
20019
20036
57640
29798
20032
29785
20028
40898
40921
20024
40931
20022
57614
29769
57612
57606
29772
29773
20076
20595
20586
57966
59423
44004
59422
20463
44046
44047
20454
59418
20452
59434
44043
59445
44028
59442
59438
44038
44039
20396
59386
20394
43935
59393
44005
29855
29916
44019
20342
59685
43824
59684
20338
20337
59677
20389
20391
59651
20446
43799
59616
59646
20439
59643
59531
29850
59432
59430
20435
29913
20426
44360
59524
43960
29485
43751
22105
22104
29486
29487
44797
59519
22098
22097
44800
29471
29456
59467
44774
44803
44779
29460
22046
44782
43958
22088
43943
22073
29917
59388
20422
59378
43918
59394
43916
20415
43945
59398
43972
29687
29686
59500
59497
22078
43947
59513
43948
59527
43949
43817
59661
59611
44254
20555
20553
20551
29925
44226
44227
44232
29927
29928
29929
20581
44280
20577
20574
59605
59604
59602
44278
29960
59598
44261
20556
44249
29920
57917
44361
44366
29689
57961
44372
57960
44338
57954
57893
44343
44344
20619
20618
57908
57905
20616
57904
44353
44219
57924
20557
20369
29983
44263
29984
43887
29969
20377
29970
43879
20353
20390
59561
43884
59559
29975
20327
20325
43828
59558
29977
20319
20318
43768
29922
43753
20382
59536
43902
29992
44265
59596
20365
59593
43858
20352
43848
59570
29991
20357
43900
59545
29996
20355
20371
43866
20373
43868
29981
29979
27820
42573
42560
56301
28350
28357
56305
27703
55022
55037
55030
56520
55028
55024
55079
55132
55130
55137
28539
55151
28542
56549
28298
56552
55144
56302
55021
56557
55019
56253
21663
55046
55059
55060
55075
56258
55073
55066
55064
55062
27730
55041
56312
55039
55018
28123
27713
55008
56320
56323
55143
56558
21667
56444
55509
28414
28517
28411
28410
28399
56470
56472
28577
28402
55515
28417
56475
55513
56483
28583
28432
28431
55538
56452
55535
56419
28531
56560
28530
28290
56545
55141
56531
28286
55092
28537
55114
56535
28522
56434
55102
56438
56443
28308
56428
28306
28528
56425
56409
55522
56285
21668
56036
21582
27797
55174
56743
55173
27800
55171
27804
21593
56756
21590
55166
27810
55190
56729
27793
27792
56731
27776
21585
56734
56736
56796
56798
56790
56720
55210
27738
21626
56860
56864
21603
21601
55204
27741
56865
27742
27772
21579
27747
21576
55233
56839
21572
21569
21567
56849
27778
27780
56278
21704
21702
56340
21642
56345
56330
56367
56401
21652
55241
55255
56373
27665
55265
21643
21659
56384
27672
27666
21674
21671
55047
56349
56350
55181
55274
21691
56780
21680
21688
56779
21686
55291
21683
56762
56771
27734
55295
56564
56563
55308
56357
21712
56360
21710
56361
55300
55510
28575
55474
55444
55466
57408
55463
55457
55455
55393
55403
55429
28213
57420
55397
57403
57392
57400
56977
55425
55422
28224
28712
57087
56962
28267
57364
28235
57380
28149
55321
55320
57435
28490
57487
55332
57493
57482
57480
55335
57464
57465
55346
28250
55337
57475
57477
57369
28261
57372
56963
28233
55473
56909
56894
28639
28651
56886
56941
28667
56942
56934
57159
56917
56923
28624
28656
57138
28629
57145
57115
57117
57118
57119
57128
28725
57040
57086
28718
28232
57083
57090
28737
57079
57078
28744
57106
57017
57022
57105
57001
57007
28650
56952
28730
28713
56904
57095
57042
57048
57460
28153
55325
55594
28393
28463
55622
55615
55614
57330
55613
28459
57336
57337
55560
28281
57308
28180
57309
55555
55554
57317
55553
57322
28443
57283
55599
55328
55600
28424
57289
28398
28361
28370
57296
57297
57298
28373
57301
55495
28371
57303
57285
28569
28570
28378
55548
55601
28380
28592
28445
28175
28446
57316
57262
28140
57263
57246
57231
55377
57244
55376
28129
57447
28479
57452
57456
55331
28482
28483
55329
57444
57442
28157
57441
28142
57253
55379
28198
28475
55568
55581
57216
57223
55577
28183
28184
28448
55366
28187
55365
28197
55355
57226
55372
57200
57202
57203
57266
21628
27766
22271
55812
28093
43490
55808
55807
55806
21519
55859
43699
43701
21516
55911
43704
55907
21512
43693
55905
21508
55920
21405
21299
55933
21490
43483
43683
43481
21558
55847
55844
55843
28112
28115
55798
21550
28118
28119
36948
55797
28107
43503
21495
21501
55791
55787
28088
43512
55813
21304
55924
55842
55673
21261
43632
43657
55686
28007
43666
21269
43639
21286
43649
55664
43225
28033
21279
43227
55636
55643
43237
43223
28037
43210
27986
43609
28000
27982
55871
21297
43682
43710
21291
43738
43741
21325
55872
43729
55882
55897
27974
43622
43623
43630
55678
43597
27978
27981
21266
28108
43462
21634
42772
27887
42750
59081
42775
21457
42798
42799
27872
42800
42802
42804
59071
59068
59067
59100
42810
42792
42780
21873
21475
42781
42746
27886
27863
59141
22270
22269
22268
42544
42545
22286
59321
59221
27830
42549
59118
42655
42760
59107
22293
42768
27880
42738
22288
59128
42742
42784
59197
43592
42701
59162
21442
42711
42712
59172
43544
59170
21433
43549
43521
21485
28055
55834
43576
55830
55829
43564
55826
55839
55626
55854
59144
21408
27865
59149
42681
42684
42685
42686
42687
21470
42659
42668
21444
42666
21420
21419
59203
42718
42720
59143
42726
42728
42730
21413
28077
55639
21377
21384
27527
21847
27528
56240
21841
27535
21840
56676
56662
56661
56644
56178
56176
21869
56197
56653
27503
56659
55990
56682
27506
21860
21850
43332
55983
43339
43317
27623
21725
21723
21721
43299
56122
43318
56119
43321
43344
43348
27634
56225
43355
43350
27578
56221
56218
43322
43323
21859
55981
43212
27544
56062
27550
21612
56633
56636
56621
27552
56059
56603
56617
56619
56075
56823
21606
56084
56080
56078
56824
56055
27764
56817
56632
55964
55996
27575
27511
56716
56701
21811
55997
21806
56690
56012
56009
56007
27510
56003
21818
56599
56000
21831
56601
27565
21828
56576
21823
43306
27635
43413
55754
55743
43155
28025
55761
55763
43127
43129
21341
43130
21339
43132
55779
43137
27601
27603
21332
21331
27605
55742
43163
27609
28023
43149
56106
43147
21382
28042
43216
43217
28029
21376
28028
43266
55655
55653
43245
43249
55652
43256
55651
55648
43258
43259
21400
55755
43203
43188
21363
55720
55718
43381
21760
43378
21777
27588
43363
27641
21792
43371
43373
56111
27648
27649
21784
27650
27651
27652
43431
43419
21757
43401
43396
43395
43392
21353
27612
43192
43193
43194
43195
21358
43183
55711
55706
43173
55939
55725
43178
55731
55730
21773
21771
55727
43388
27589
57540
20268
40720
26175
47723
26209
47730
24697
26181
26186
24691
48749
24709
52135
51927
48539
24720
51932
51950
51943
24715
24714
24713
51938
51937
52116
47721
51915
47717
52054
24734
24732
47681
47683
24729
24745
47689
47692
47660
26200
47693
47665
52183
52182
26207
26208
52126
47669
52124
47671
48522
26231
25939
48565
48461
24836
48468
51999
51998
26124
48459
26126
51994
52012
48441
48442
24783
52017
52016
24781
26100
24779
51970
48450
48503
48514
48571
51891
51951
48524
24822
26213
51887
26216
51880
26218
24817
51894
51896
48585
26226
26227
48575
26228
51901
48561
26094
24807
51897
26170
47784
47785
26032
26058
50461
24880
26060
26066
47595
26067
24873
50407
47641
50406
26072
24867
47650
47652
50396
50394
47621
50393
47629
47578
25964
47587
50436
24961
50439
26026
24906
48043
48044
26017
50317
50332
48015
48016
48019
26080
24858
26082
26083
48021
48022
47604
47608
50447
47598
47582
47526
24968
47774
47764
24940
24942
26008
52070
26011
47738
52048
47749
52046
24950
47751
52034
47736
24946
47799
25983
47800
25985
25989
52060
24741
52101
47549
47530
47547
47533
24963
47519
25969
50422
51250
25957
52498
47512
25941
25942
52082
52081
25975
25952
24983
47560
47559
25948
47542
24938
48504
48507
51966
24008
48180
48174
23805
52228
25755
23803
48392
48393
25756
48364
23795
48367
23792
48373
48375
48377
48361
23824
48398
48400
52209
48179
52255
52217
52260
25743
25764
23996
48161
23990
52426
52441
25773
48136
24005
48141
48163
52454
48189
24016
52239
48185
24012
52235
48167
52246
23817
52321
51964
25635
23774
48324
25686
48332
25687
52286
23879
41664
23867
41666
52290
51455
51460
41676
41677
41662
25700
41661
41643
41646
41648
48355
25642
25652
25641
52317
23816
48426
52314
48432
23790
48418
48417
25660
23764
23762
52340
48410
48309
23754
48311
52331
25633
48299
23786
48287
48154
48153
23995
48735
48744
26137
48717
26141
48719
52383
52391
48672
26146
26148
48597
23922
48605
48607
48604
48671
26143
52416
48655
48660
52410
48738
51977
48151
48678
51961
26104
51959
48495
24802
48481
24798
24797
26155
48489
24794
26156
48593
26159
26160
24376
24374
51986
23960
26167
26169
23910
48668
48669
23924
24030
24029
52366
52344
25710
48271
24043
48276
24045
48277
52467
24059
48263
25715
52464
48261
52463
48258
48252
24049
48201
48265
24033
48214
23932
23926
48651
48639
52382
48633
48642
48649
25733
48227
52347
52375
48230
48236
52363
52378
24034
24041
52376
25721
48240
48031
47978
25683
22900
22898
50199
22894
49970
49973
50225
22910
22911
50232
49977
25077
22926
49920
50228
22924
22923
49866
49867
25062
50224
22915
49981
49997
49864
25012
25028
22949
51048
49740
51043
25035
22962
51042
25020
49952
51039
25002
49928
51038
49934
22952
49937
25004
51249
25007
50214
50195
50193
22933
49481
49483
24591
49487
50293
49455
50302
50273
49464
50241
50237
50254
49520
49521
25256
25254
49525
49526
24535
49495
50260
25238
49482
49478
25073
25053
49857
49906
25059
49913
25042
24581
24579
49918
49904
49901
49891
25044
25047
50183
49895
49896
50178
50284
25052
24590
49476
49756
22936
48006
23077
49030
25081
23069
49038
50981
49041
22862
48985
25085
48937
22865
50995
48939
48924
22857
51012
48917
25090
51003
22854
25093
23076
50977
48946
49042
51187
49019
23085
23057
48987
23060
51179
48993
23055
51191
49000
49001
23050
49002
51193
48995
23067
51201
23083
25113
49060
22887
25095
49728
25136
25120
25121
49806
51064
49835
49839
51057
51074
51090
49812
22838
22837
51081
22967
51033
25154
22947
51053
25022
51023
22930
51071
49780
48974
49803
48980
25088
48982
22875
22874
48952
50999
22890
48957
25140
22830
50954
48958
50952
48961
49376
50971
49794
49801
22820
50968
49529
50054
50047
47958
24399
47934
24509
24507
50592
47941
47944
47945
47889
47843
47845
47848
24513
25215
47816
24523
47823
47851
24517
50622
47876
47959
47957
50616
50547
47500
50474
47916
24389
25172
50472
47912
47910
50502
47897
47904
24394
50495
24411
24410
24409
47908
25219
47952
50545
47956
25199
47881
49453
50362
48114
48120
24893
50352
48106
48091
48093
48100
48101
50373
48096
24891
24890
26019
50388
50379
24918
50376
47973
50328
47977
26049
24478
24463
48060
24468
25214
24467
24465
50585
47858
47867
50548
24457
25211
48074
48081
48083
50550
26038
48050
50577
26043
50576
24481
50468
24413
25168
24437
24667
49442
49446
24684
50004
24683
50018
49450
50020
24680
50029
50027
50078
25310
25295
49425
50128
49634
49636
49646
50125
49612
24669
49440
49589
25299
25272
50043
24562
49409
24559
49377
49378
49380
50038
50015
24665
49389
24662
25297
24661
24658
49385
49452
24656
49415
49436
49613
50135
50138
49619
24423
50512
49539
49544
24420
25176
24417
24416
49548
50540
49594
49598
49591
25161
49590
24445
49575
24441
24440
49576
50485
50522
24427
50523
25234
49626
50141
50139
49673
49675
50079
24644
49680
50095
50084
24424
49670
50081
50099
24636
24635
50110
25183
49665
24531
41678
41642
57656
21129
58652
40619
40621
21118
40590
40593
40586
21172
58667
40595
58666
28863
58664
21225
58663
21223
21222
21219
28846
58605
40490
21127
58638
28835
40564
29270
58239
40576
40577
40579
40580
40581
58237
29274
58235
58644
21106
21105
40567
40566
21102
58649
40551
58643
58641
40559
58611
40530
21158
58732
40088
40116
58746
28885
40119
40121
40123
21194
58690
40022
58685
40025
28880
20988
58708
28877
58703
58695
20981
40011
40013
58748
58715
40534
58719
58601
40538
58599
40540
21241
21237
58631
28844
40100
21186
21185
58623
40081
58619
58671
58727
58723
58721
40115
40090
21192
58222
58208
20641
42051
58200
42071
29245
42091
42099
58196
58190
42088
29251
29253
42081
42085
42087
42498
20773
20771
20769
40422
20743
40423
29237
20756
42067
29222
58168
42141
29356
58395
29354
42131
42124
20629
29345
42179
42182
20661
58181
58177
42167
42163
42159
20652
58170
42053
42054
29297
20704
40425
58211
40315
40317
40319
58256
29287
58255
21147
58248
21144
21139
58275
40381
58268
40385
58214
21169
58215
40355
29265
40358
21162
40360
58257
20726
20719
20727
29225
20716
40393
58129
20712
40395
58158
40431
58154
40459
40466
40435
29235
40389
29296
58148
29280
29281
58204
20730
40332
20995
28779
28780
40979
40980
57694
20173
20172
57665
57661
20193
41095
57676
29042
41198
41202
41204
41206
20174
20175
29028
41178
57688
41179
20190
57669
57667
57681
41012
40961
58552
40969
28989
58548
58547
28994
58127
58125
57709
57705
40975
40947
57703
40954
40976
57726
29048
57725
57696
41011
41209
41185
58486
57802
20299
57798
20275
57737
41143
40725
57743
57754
57755
40736
40737
40738
57771
40724
40722
20239
20238
20237
40706
57764
40710
41169
41167
57735
41165
29035
41235
29037
41240
29041
41229
28985
20287
28984
28983
41117
20282
41118
57780
57795
20277
28935
41161
28937
41163
41164
40960
41069
29021
40246
40245
28765
58503
58501
40302
40306
58477
58516
40307
40308
28812
58456
28814
40281
40291
40284
40179
40180
40183
28818
28820
40252
58508
29019
40255
28783
40063
21011
40070
40041
58480
58496
28770
40047
28769
58497
40056
28752
28754
40049
40258
28755
20954
58514
40264
40265
21072
40160
40164
40167
41019
28806
41028
21035
28799
28905
41081
21050
41084
21047
21045
58588
41091
58583
58534
20624
21249
20205
29016
20210
29018
21053
41036
41052
40199
40173
40219
58442
40223
58441
40231
40225
58460
21091
58467
28800
58466
21085
21084
58462
40210
21079
21077
41042
58570
20640
58397
51454
41386
24335
25800
41378
51372
25786
51399
25788
41326
41277
41279
51394
41284
51368
41266
41311
51341
41313
25791
41322
51337
51365
41373
51374
51332
24362
41790
25907
41760
24353
51315
24351
25913
41772
41357
51252
41336
41340
41341
41342
51278
24369
51273
41399
51404
25814
24364
51335
25845
51320
51725
41553
24128
51723
41543
24101
51739
51755
41529
24080
51752
29164
29165
41524
24075
41537
24072
24071
29166
29170
51743
29174
24130
41551
24323
24134
41299
41407
41509
24117
51351
25855
51561
24114
41506
41504
41488
24110
41489
41492
24105
41493
51777
51793
51792
51791
25826
24242
51321
58382
51444
51413
23846
23847
41592
51425
41598
51434
41581
41565
41569
41600
23852
41572
23850
51431
25895
24062
51429
51483
41603
41624
25885
51445
41626
41641
41681
51452
41702
51451
51450
23893
41704
41707
51449
23890
23868
51477
25677
28615
41716
23842
41687
25681
25780
41693
41690
41625
51485
41784
51505
24234
41865
41866
51521
51520
51517
25926
41840
25928
41845
41849
51508
41721
25934
51306
51305
24252
41736
41759
41783
24246
51506
41807
51536
41814
41630
24266
24264
51526
41635
51545
41638
51559
51558
41619
41822
41824
51525
24288
51495
51487
25870
41832
41816
41800
51503
24081
51852
24084
51672
51667
54999
55001
20904
58331
58337
58335
29108
58323
42392
58358
20932
42398
58353
42399
20929
42187
41975
58346
41988
20900
42384
42354
41991
20910
42485
42496
42497
20800
42472
29077
29078
42420
51656
42370
20808
42378
51650
20803
42364
29125
51660
29129
42351
29132
42357
29220
20869
41413
20780
41880
20678
20675
29298
58427
41885
20672
41937
20684
20685
41949
58422
41916
29359
41921
41922
58375
42132
58398
29368
58367
41877
41905
42014
20883
58295
20863
29326
29327
29330
58288
41994
41996
29318
58314
29301
58310
42006
20892
58305
41897
41899
20886
29305
58360
58410
42484
51700
42437
42271
24211
24210
51808
42273
29206
51806
42275
24207
24206
42277
51805
42281
29211
24142
29201
51833
42323
42308
42309
51825
24161
51809
29181
51682
42286
51851
24096
41419
24093
29144
24091
24089
41445
41467
24141
41474
24190
41477
41478
41479
29152
41455
42294
51835
24200
42301
24177
24176
42216
42217
51572
51569
42238
42240
42243
20856
51566
20855
42237
51582
51597
51594
29098
42450
20847
20843
42458
51687
42433
29065
51683
51625
20827
20829
24164
51609
42220
51607
42221
29192
29195
51635
42195
51634
42252
42261
20830
42253
51632
51629
51627
42255
42256
20833
29139
36947
4128
72890
7399
66613
66721
6960
66819
66818
66817
66802
6986
6981
66862
66863
66865
6975
7393
66846
6954
66745
66748
7390
66740
66723
66725
66726
7404
7418
66730
66758
7413
66786
7406
6970
7014
7359
6951
6887
66666
66668
66671
66672
66661
66644
66648
66651
66659
66704
66706
6899
6897
7029
66570
66711
66714
66716
7005
66701
66699
66685
66686
66688
66694
66691
66594
66597
7021
7360
66767
5348
66530
7437
7436
66408
66517
7427
66491
7458
66500
66503
66496
66549
7450
66560
66545
7240
66295
7239
66436
66440
66443
7233
66426
66409
7229
7245
66414
7248
66422
66424
66445
7439
66293
7356
66375
7353
7381
66352
7351
66336
66342
7378
66330
66369
66393
7374
66402
7369
66370
66376
66326
66275
7472
66282
66257
7463
66288
66260
66266
66267
7497
66261
66313
66314
7490
13336
13335
6890
7088
5420
13732
13731
5416
5415
7498
7086
13618
13619
13628
13615
13612
13596
13598
13599
13739
13606
13607
13611
13604
7091
13656
13661
7070
13653
13652
13635
13641
13650
13437
5423
5412
13333
13453
13591
5344
5341
13566
5335
5389
5447
13463
5444
13470
13472
13456
13445
5438
5434
5409
13511
5463
5458
5457
5456
13494
5429
5401
13700
13703
13675
5397
13678
13680
13232
13223
13222
6922
13365
13397
13432
7135
7134
7133
13433
6931
13418
13402
13406
6927
13399
13306
13310
13205
13312
13315
13288
6934
13318
13293
13295
13298
13291
13345
13347
13348
13354
6952
13396
7128
13392
7115
13208
13212
7063
13264
13277
13262
13251
7163
13203
13149
13159
7153
13144
13132
13162
7183
7180
7176
13183
13166
13176
13179
7124
7121
13281
13383
13387
7117
7116
66468
66482
66874
65585
65377
65380
6355
65384
65373
65365
65573
6770
6769
65576
65567
65552
65553
65556
65560
65331
65558
65549
6785
65588
65609
6782
65610
6759
6736
6731
6728
65598
65601
6722
6360
6348
67060
65425
67035
67045
6257
67093
67098
67099
6283
67078
67090
67087
67499
6404
6377
65420
65400
6347
65456
65464
6392
65446
65338
65339
6343
65340
6339
65349
65333
65316
65320
65328
6721
65548
65546
6637
6799
65128
6817
65077
6831
65033
65018
6564
65073
65042
65044
6602
65047
65270
65257
6740
65255
65254
65238
6629
6626
65297
65304
6578
65296
6572
65282
65283
65289
65291
65131
65127
65136
65151
65501
65504
65473
65483
65485
65533
65538
6719
6850
65512
65513
65515
65517
6844
6843
65521
6839
65101
65103
65106
65110
65100
65097
6859
6837
6835
65140
65144
6811
6267
67059
66454
67428
67205
7338
7337
67254
67257
7330
67259
67263
67231
67232
67236
67447
7270
67456
67429
67201
67434
7300
67436
67484
67488
7288
6876
6874
67471
6453
6452
67475
67477
67472
67204
67193
6290
67340
66459
66456
7204
7203
67292
67297
67285
67271
67279
7206
7209
67307
67328
7219
67342
67222
67327
67326
7214
7213
67325
67324
67314
67306
7342
67315
67318
67320
67322
67267
6447
67421
67372
67146
66897
6523
66888
66890
66914
66940
6490
6517
66925
67135
67136
6510
6509
67145
67131
6482
67130
6301
67120
67125
67126
67149
67151
67175
67176
67177
67182
6323
67169
6312
6550
66904
6555
6556
67373
67378
67347
6468
6467
67412
67419
67384
67397
6408
6426
66979
66986
66962
6433
6430
6534
6541
6540
67023
67024
6536
6535
67025
67029
67014
67011
6544
67006
13588
5349
60281
14006
13766
13767
13811
13821
13825
13809
13791
6144
6133
13789
13798
14007
14019
14020
13991
13764
13993
14022
13998
6161
14025
6155
14053
14054
14045
6108
6106
14031
6100
6097
5727
13763
6129
5771
14289
14292
14279
14276
14260
5747
5745
14264
14265
5761
14258
14269
13852
5774
13865
5731
13839
13844
5764
13892
5713
5715
5740
5705
13774
13784
13757
5735
5733
13759
14038
13936
5333
6002
14699
14703
14750
5989
14759
5984
14732
5980
14734
6011
14744
6008
14945
14947
14958
14721
5948
14935
5975
14984
14988
14996
5956
5957
14963
5970
5968
14978
14844
6014
14707
14720
6125
6231
13939
13926
13924
6120
13910
13913
6094
13922
13970
13973
6220
13976
6216
13981
13964
6201
13954
13961
6238
14801
14769
6234
14781
14828
14841
14807
14821
14764
6204
6202
14285
5701
5648
10808
5829
10866
10868
10870
10933
10917
5851
5849
10906
10908
10910
10909
5820
10807
10812
10888
10801
5788
10794
5784
10797
10798
5800
10821
5816
10849
10853
10823
10827
12501
10895
10887
14255
10647
10737
10741
9187
10769
10778
10760
9201
9214
9212
10749
9210
10742
9207
10754
9181
10781
9179
9151
10630
9178
9149
10662
10702
9144
10692
10694
9174
10672
9164
10681
14171
5910
5899
14315
14137
14109
5664
5671
14064
14218
5666
5682
14326
5697
5694
14333
5692
14317
14303
14148
5663
14359
5642
14360
5639
14368
14342
14344
5627
14219
14244
5660
5655
14253
14136
14132
5886
5891
14156
14151
5901
5918
14205
14210
5931
14214
14216
14198
5900
5898
5870
14195
5876
14196
5873
14190
14217
14141
14085
5868
14088
14097
14098
14099
5880
14082
5894
14871
6065
14875
5540
13096
13045
12995
12978
12980
12982
12984
13009
13035
13039
13043
12813
5543
5542
12612
13098
12599
12582
12618
12640
12642
12647
12652
12653
5480
5476
5475
12622
5472
12629
5081
5084
12832
13070
12818
12821
12824
12829
5020
5036
12876
12879
5023
12859
12863
5154
12866
12970
5126
13095
5117
13074
13075
5122
13079
5136
13056
13058
5150
5143
13105
5088
5093
5087
5490
5504
12523
5370
5575
12661
12670
12673
12694
12695
12718
12721
12722
5352
12731
12715
12713
12699
13544
5502
13546
13551
5351
13552
5329
13553
5325
5322
5350
13531
5318
5317
13556
13581
5576
5577
5578
12692
12532
12519
12507
12508
12514
12515
12563
12572
5595
5593
5591
12546
5607
12655
12656
12760
5614
12767
12742
12775
12800
12809
5556
12793
12778
12780
12774
12787
12683
12817
12842
14877
5229
14462
14465
6040
14517
14523
5209
14499
14501
14504
14506
14402
14405
14410
5230
5226
14471
14393
14378
14387
14391
14413
14415
14439
5168
5165
5193
5162
5161
14433
5159
14455
6051
12837
6083
6068
14847
6064
14851
14852
14857
14861
14854
14921
6091
14906
14909
6086
6085
14918
6052
14887
6054
14891
14897
14900
6030
6029
14893
6025
14482
6023
14485
14474
14472
5174
5175
14414
12916
14569
5240
14599
5238
14604
14577
14584
5262
5260
5258
12500
13750
12913
5155
12920
5190
5054
5053
12926
12898
12899
5057
5074
12949
5063
12939
12942
12945
12946
12835
5248
14541
5273
5275
14530
5187
14532
14634
5183
14639
5180
14642
5178
14613
14616
5291
14622
14626
14671
5286
14672
14680
5280
5295
14661
14664
5308
14555
5303
14564
5300
14566
5297
65292
6596
65187
61610
61691
61589
61594
34858
34853
61568
61572
61575
34862
34875
34874
61623
34867
34866
61611
61698
34977
61614
34975
61619
61613
61820
34966
34963
61831
34982
61800
61802
34991
61813
34907
61681
61857
68332
68418
68404
34520
34516
68410
68359
68309
68287
68296
68298
68292
34459
68352
68357
68333
34916
68331
34477
34686
61667
61678
61647
61653
61656
61652
61680
61682
61703
61712
61716
34983
61844
6594
61310
34695
61380
34691
61274
61277
61271
61254
34717
61256
34710
61267
61318
61321
61323
61292
61387
61296
61303
61407
34810
61509
61519
61521
61523
34839
34837
34835
61499
34832
61547
34696
34703
34933
34742
61754
61756
61741
61740
61726
61727
61757
61733
34952
61782
61792
61778
61766
61352
61357
34705
34735
34734
61359
34731
61363
34746
61332
34762
61334
61341
34754
61345
34751
61393
34512
34495
68425
68500
34603
68473
34591
68448
34594
34593
34592
34571
68452
34541
68453
34545
68516
68477
68502
68463
68480
68484
34567
68492
68494
34560
68594
34556
34555
68697
68701
68703
34609
68706
68471
68515
68422
32900
67786
67792
32966
67736
67735
32963
67734
67680
67684
67685
67689
67669
67723
68124
67700
68570
68543
68546
68537
32920
68530
68527
68518
32914
68588
68592
34579
68574
34577
68563
68709
68682
34649
34412
34416
34433
68247
68251
68260
34442
34441
68280
68153
34392
68146
68144
68129
68135
68187
34656
34381
68189
68198
34395
68167
68173
34405
68175
68283
68390
68379
68368
68369
68399
68271
68266
34427
68210
34655
68674
68739
34681
68712
68725
68726
34675
68630
68616
68614
34626
34625
68606
34619
68608
34618
34617
34615
68662
68666
68655
34643
68634
34637
34635
68437
68231
68225
61550
34806
34780
34367
60435
60437
34295
34297
60443
60447
60448
60390
34345
60336
34340
60346
60350
60351
60377
60466
60379
60380
60381
60355
60361
60571
60569
60560
60562
60564
60610
34328
60616
60617
34245
60465
33864
62098
33861
62058
33855
62051
62050
62034
62038
34275
62044
62045
62047
62048
62095
34264
62107
34253
62076
34293
62083
62085
34286
34259
34257
34296
60416
34231
60396
60398
60405
34238
34322
60600
34218
60075
34192
60127
60130
34216
34215
60035
60003
34208
60006
60013
60078
60063
34157
60070
34178
60494
60045
60047
60053
60158
34174
60250
60253
60274
30830
30836
60306
60309
30828
60293
34193
60139
60150
34190
34112
34119
60506
60482
60483
60485
60487
34121
34122
60508
60537
60517
60524
60519
60314
34079
34076
60115
60083
34065
60090
34091
60096
60080
60143
34086
60144
60145
60146
62166
62163
61539
62234
33940
33939
62216
62221
33933
33932
62207
62197
62226
62250
34033
62254
62258
62261
34044
62318
62190
62451
62452
62453
34048
62435
33995
34000
62490
33994
62491
62494
62495
33989
62319
62314
62158
61450
61541
61535
61485
61438
61427
61426
61410
34789
61414
61419
33960
61471
61467
61464
61454
62308
61463
61252
62292
33981
62300
62303
62272
62273
33968
62276
62328
62340
33914
33912
34004
62481
34006
61935
61992
33756
62024
33786
62004
62009
61895
33883
61916
33876
61937
33874
61942
61950
61917
62474
61919
61920
33902
33900
33897
33896
33894
62131
62129
62126
62182
62183
33831
62152
61971
61969
33761
61962
62476
62479
34013
62377
34010
62348
62361
33806
33804
33803
62410
62413
62414
33796
33795
62415
33793
62418
33808
33810
62400
62401
62189
61986
33812
61975
61972
61958
61959
67782
67793
67794
69362
69134
69124
33654
33666
33664
69110
69115
33656
69316
33604
69301
69309
69310
69361
69365
69129
33600
33614
69355
69339
33629
69350
33623
69351
69352
69353
33617
69243
69244
69247
33637
69141
65858
69209
65837
69171
33266
33265
33204
69176
69162
69160
69145
33211
69205
33209
33207
69207
69189
69077
33234
33232
33230
33228
69090
69092
69093
69094
69095
69097
69072
69075
33644
33642
69232
69237
69297
69016
68755
68813
33479
68818
68824
68825
33509
68810
33503
68799
68803
68906
69011
33453
69020
33715
69021
33446
68989
68993
33442
68995
33456
68997
33459
33472
68987
69047
69049
69052
68753
68787
68783
68778
69293
69277
69266
69273
69275
33741
69062
68852
33737
33734
68855
68856
68857
33673
68861
33688
68864
33683
68890
68893
33693
33707
68874
33697
33696
68877
68885
68774
68777
65826
65852
33461
33321
65976
65948
65954
65955
66016
66003
66013
65999
65997
33349
33341
33346
65990
33343
66096
19998
66206
66208
66194
33289
66177
66179
66236
66237
33308
33307
66232
66126
66127
66128
65959
65965
65850
66050
65188
65160
65164
65165
65170
65174
65221
65232
65624
65204
65205
6700
65206
66043
66036
65961
66030
66034
6658
6654
66082
6647
6646
66092
6662
6677
6675
66059
66067
66066
66102
66104
66112
33127
65889
33187
65894
33163
65880
33139
65899
65901
65923
33162
65927
65934
65920
33128
33146
33419
65905
65908
65910
65809
65816
65801
33203
33252
65793
65794
65795
65796
33251
65846
65888
65887
65886
33193
66135
66157
66137
66142
33400
65731
65733
33373
65709
33365
33395
33393
65758
33388
65649
65650
65659
65631
65633
65699
33172
33167
33182
65672
65673
65781
33197
33196
65884
69044
69031
32939
33039
32605
67898
67929
67893
32813
67952
67935
67936
67943
67947
67837
67838
67818
67825
33046
67925
32985
32982
67862
67867
32977
32975
68078
68068
33005
68053
68054
33000
32999
32998
67927
67923
69618
69540
69622
69628
32630
69680
32617
69685
69686
69662
32637
69660
69564
69565
32650
69538
69547
32613
69593
32640
69597
69602
69574
69577
69578
32615
69582
32583
67914
32598
67917
32614
68085
68063
68065
67551
67625
67626
67628
32886
32885
67538
67567
67568
67576
67558
67545
67546
32826
67540
67656
68113
67764
67765
67767
32848
67756
67744
67750
67746
67776
32940
32944
32943
67811
67795
67638
33070
67596
67592
32992
68118
68119
33102
68090
68091
33097
68093
68098
33092
33104
67995
68003
68004
33120
33115
67982
68039
68011
68016
68023
33055
68024
68019
33049
67613
67614
33079
67585
69620
69629
69035
69734
69822
69816
69712
32707
69714
32704
69715
69710
69697
69705
69751
69753
69762
69748
69736
69813
69739
69949
32669
69953
69943
32663
69942
69928
69936
69940
69933
69961
69982
69966
69821
69825
69646
33517
68986
68935
68928
68925
68909
33558
68947
68969
68970
68978
33582
68964
68953
33556
33533
33545
33532
33531
69797
33528
33527
69799
33523
69773
69778
69779
33534
33535
69781
69836
69967
69970
69962
32538
32554
32550
69501
69399
32543
32541
69412
69397
69395
69378
69379
69381
32564
32562
32510
69971
69414
69440
32513
69447
32508
69449
69435
69418
32536
32535
69415
32533
32529
32527
69527
69519
69472
32767
32791
69978
69921
32785
32779
32778
69877
32776
32809
69864
69848
32805
69850
69851
69854
69861
69885
69910
69914
32747
69887
69901
69687
32737
32753
69479
69482
69485
32768
10734
9089
10732
17445
1898
2004
2000
17224
17209
17208
17207
17206
17203
17251
17254
17247
17243
17189
17449
1905
1958
17458
17440
17429
1985
1984
1982
17487
2187
17492
2399
2398
17481
2396
17338
1907
17463
16464
16506
2137
2135
16499
16486
16533
16484
16438
16408
1935
16416
16467
16477
16452
16460
1910
16461
16251
17289
17292
1890
17299
1886
17300
17301
17287
17269
1880
1896
1911
17480
17464
1597
16937
2479
17002
2495
17029
16951
16905
2484
16878
2432
16881
16882
2437
16888
16890
16938
17011
2426
16919
16926
2442
16931
2455
17137
17141
2449
2448
17112
17116
2242
17147
2468
17026
17475
17391
17476
17471
17372
2402
2404
17357
17382
17408
17411
2361
17413
17415
2356
2353
17396
17024
17186
16976
16980
16984
16988
16989
2372
2370
16964
2422
16967
2476
17018
2473
16520
16518
16516
16574
16716
16699
16684
16697
16587
438
437
16596
16598
16584
448
16581
450
451
16575
16658
16626
16636
16622
16613
431
16618
408
16619
16720
404
403
16824
399
395
16651
16655
2130
375
3412
369
3416
3304
359
3293
371
372
3296
3291
383
380
3354
3355
3357
16646
3332
3333
3334
326
3337
19999
320
16672
16674
16675
331
332
333
348
16831
410
424
2174
2053
16273
16275
16284
2163
2161
16257
2149
16259
2155
16327
2168
2169
16322
16291
16811
16294
2111
16295
2127
16289
16302
2122
16405
16406
16407
2116
16512
16513
16515
2055
16374
2059
2065
16807
16858
16746
1248
2078
16734
16735
16796
2088
16786
16776
2104
16769
2099
16772
16773
16768
2094
16562
16561
16353
16364
16347
16334
2042
16345
16392
16395
2066
17122
2239
17123
15969
1342
16031
16077
16078
1336
1334
1331
16085
16088
1362
1361
1359
1358
15960
15959
16029
15958
1771
15943
16015
1760
1776
16005
16012
15998
15997
15977
15989
15993
16197
1345
16024
15060
15277
15041
15042
15052
1312
15257
15259
1260
1261
15237
1287
15239
1253
1269
1286
15285
16023
15289
15235
15180
1383
15193
15168
1367
1374
15224
15199
15206
15624
16046
16021
1729
1728
16181
1605
1827
1824
15756
1821
15758
1720
15650
15655
1615
1614
15659
1610
15661
1606
1604
16184
15636
1634
15688
15694
15695
1640
15685
15671
15677
15680
1600
1568
15782
15882
15778
15777
15775
1832
16189
16234
16246
1753
16231
16214
16228
16119
1795
1853
16128
16115
16101
1855
16160
1871
16152
16141
16147
15938
15726
1814
15733
15737
15707
15712
1802
15713
1818
15058
15074
2236
15467
15426
15412
2310
15410
2307
2324
2340
2333
15448
15435
15436
2282
2281
15446
15389
17498
15337
15345
2269
15346
15331
2299
15324
15328
2295
15379
15386
15387
1461
15361
15421
17086
15062
17068
17124
2232
2231
17172
17169
17168
17149
2253
17159
17055
17057
17064
17066
17037
2197
2266
17042
2195
17043
17097
17103
2222
17106
2218
16875
2216
17088
17076
2212
17089
15368
15362
15470
1513
15098
15081
15082
1500
1494
15079
15116
15143
15148
15150
1519
15151
15137
15136
1512
1465
1511
15121
15123
1405
15129
15127
1301
15031
15032
15021
15006
15009
1309
15017
1549
15521
1557
15514
15575
1481
1476
1466
1473
1469
15552
15564
15616
1414
1412
1425
1427
1441
15591
15586
15603
15495
15497
15489
15472
15473
1541
1540
15484
1531
15507
15531
15542
468
569
3403
4906
4961
4970
4977
766
743
4870
4880
4862
4847
711
4857
4861
722
4884
4907
775
4910
4913
4916
4918
4904
731
730
729
728
727
4888
4894
4896
1149
4967
4980
670
4731
682
700
4805
4819
693
4716
4720
663
4694
4699
4705
630
4747
643
4743
4993
652
4946
648
4954
4956
758
4941
4934
4938
747
746
745
4990
761
1147
4475
4479
4665
1214
4638
1247
1245
4647
4624
4625
4626
4671
4679
4680
4655
4658
1185
4564
4480
4565
4567
4568
4544
1207
4569
4570
4571
4592
4597
1195
939
4589
4579
1219
1211
4419
4433
4482
4483
1153
4462
4464
4465
4463
1160
1158
1157
4491
4526
1171
1111
1110
4497
4498
4501
4502
4399
1127
4384
1124
1121
4452
1117
4439
4443
4450
4838
4832
977
837
4222
4225
4280
4272
4274
3852
4147
3853
4144
3856
3829
3866
3895
3887
3877
4255
3904
831
829
839
3826
3773
3780
840
3783
857
856
3770
3769
3768
4238
4249
673
4308
4133
4103
4138
4073
4079
4075
4064
4319
4069
4068
4067
4097
4094
4315
4312
4295
4307
4217
4190
4197
4359
4194
4363
4366
4356
4185
4355
4183
4351
4199
851
849
3758
3947
3928
3935
3942
3927
3924
926
3913
3919
898
875
3977
869
3980
3963
3948
3787
3951
3953
3954
880
3955
4795
887
885
782
781
4767
678
4827
4829
3985
4034
4041
4037
3761
3766
820
3767
3818
3820
3825
3807
3806
788
3905
783
799
4010
4012
815
811
3988
3995
3986
4025
4046
4052
4056
4026
911
4027
908
4035
988
985
3419
3487
124
3453
3499
119
137
152
149
148
3511
3513
144
3488
116
3492
3439
3445
94
3593
3704
3708
84
3690
3675
3680
114
112
109
3712
3737
3738
117
130
47
40
45
57
2698
74
2710
72
2711
2712
69
3124
3538
3540
62
3541
3543
3474
3549
15
3534
3579
3588
3557
35
34
3555
29
3564
3569
23
3465
3743
102
3732
3171
3247
3254
596
3156
598
3146
3127
3137
588
604
3142
606
3165
620
609
311
3175
3178
548
3282
3385
3381
558
3367
3373
568
3361
3421
578
3425
3246
501
3271
503
524
3670
3626
3596
3631
3603
3632
527
529
3659
3661
540
539
533
531
509
3646
3648
3650
483
3222
3206
3207
474
3212
3219
3220
3264
3268
2730
50
4586
3101
2859
2861
2863
1076
1091
3073
3065
3049
1077
1054
3064
3087
1030
3122
1020
2854
3102
1034
2993
2996
3002
2973
1042
1041
1040
2981
2982
211
210
2985
2856
2872
2724
2959
3748
2916
979
996
997
2920
1012
2911
1005
1004
2902
2892
2958
954
2935
2884
945
2947
940
2835
2837
2838
2839
973
2843
2833
1014
2877
1072
1070
3030
3031
3032
2810
280
2568
2548
292
2553
2549
2758
306
2771
2756
2750
2804
2807
2808
2778
3036
2781
2788
254
256
2791
268
2681
2683
2675
259
2668
2669
2694
2721
2510
2513
2512
2506
214
3040
3042
3044
3020
3023
2811
2609
221
2597
2580
2584
2587
173
2595
2579
163
2643
2650
2651
191
2623
2628
186
2631
179
2531
2532
2536
15886
15878
10730
9861
11436
11437
11440
11441
11409
11412
11414
9902
9913
11473
9908
11476
9882
11448
9859
11531
9855
11455
12290
12297
9879
12286
12277
12283
12304
12330
12332
9920
12340
12318
9900
11529
9969
11299
9407
11270
9405
11255
9453
11266
9504
9501
9492
11288
11290
9497
11321
11295
11513
9478
9463
11505
9464
11503
11489
9458
9456
9455
9471
11492
9489
11501
9485
9479
12211
12219
15864
9704
9733
12422
12367
9761
9760
12362
12347
12351
12355
12382
9750
9749
9728
12409
9701
12474
12403
12401
12386
11984
11986
11987
11964
11969
11963
9712
12014
12020
9764
12025
9735
9736
9965
12233
12207
9997
12195
9994
12225
12197
12204
9987
12226
9984
12247
9939
12246
12230
12243
12461
12446
12454
12429
12433
12423
9952
9950
12483
12486
12487
9945
12488
9744
12466
9409
11280
11328
18292
18425
18417
7914
7913
18410
18416
18409
18304
18305
9589
18307
18310
9576
9588
18294
18422
9598
9597
18351
18350
9541
18322
9546
18333
18336
11663
11664
11676
9549
9550
18424
18398
11379
18137
18208
7815
18217
18220
18241
18265
7847
7843
7835
18201
18151
18155
7937
18162
18140
18377
18202
7962
18169
7959
18175
7954
7953
7929
7907
18174
18382
7903
18393
18366
9566
11650
9564
11773
11748
11724
11725
9532
9531
9430
11783
11786
11787
9422
11790
11778
11765
11767
11768
11656
9449
9443
11356
11349
9439
11346
11334
11344
11394
11395
9386
9412
11403
11375
11747
11745
11850
11849
11658
11692
9608
11588
9664
11592
11596
9661
9649
11566
11567
11569
9654
9652
9667
9685
9681
9680
11609
11602
11611
9672
9611
9626
11817
11813
11861
11867
11856
12010
9819
9814
9229
10262
10263
9269
10237
9277
10248
10252
10296
9287
9285
10309
10279
10285
10286
10288
10056
9256
10160
9225
10165
10170
10222
10226
9253
10231
10215
10201
10206
9242
10624
10260
9061
10091
10034
10079
10116
10146
8885
10151
10137
10136
8902
10126
8894
10129
10154
10078
10076
10036
8851
10019
10006
10008
10037
10009
10011
10017
10062
8862
10071
10074
10050
8853
10051
11038
9350
9345
9125
11197
11200
11179
11235
11237
11238
11243
9137
11213
9135
11217
11220
11228
9128
9124
11035
9103
11116
11120
11125
11126
11114
11112
11097
9065
11160
11161
9099
11137
11144
9112
9064
10988
10985
11054
11080
9339
11085
11088
11060
11062
9369
11055
11064
11066
11068
9361
11016
9358
11014
9335
10968
10971
9311
10959
10940
10942
9299
10954
11004
9330
10998
10979
10094
8826
12007
10405
12092
12094
8976
12100
11875
12072
12076
12077
12082
12084
11248
10413
10414
10426
8912
9373
10392
10452
8942
10459
10450
8932
10438
10444
8985
10389
9040
9038
10339
10341
12045
12040
8773
12143
12008
12009
9824
11911
11912
11936
11939
11947
9777
9775
11925
11927
12032
12133
12146
12162
12131
9801
12129
12113
12114
9795
12121
9793
12127
12148
9788
12175
8751
12152
10344
9029
9027
10510
8791
10500
8825
8824
8823
8821
10472
10474
10475
10506
10483
8760
10537
8766
10512
9026
8787
8754
10523
8768
8771
8786
10105
10107
8781
8779
8777
8776
8775
8774
10491
10595
10593
10592
10333
9043
10316
9060
9059
10319
9057
10320
10321
10329
9052
10323
10353
10376
9048
9000
8999
10364
10366
8992
8988
10574
10581
10566
9008
9007
10608
10613
8799
18223
7821
7850
8638
19802
8239
19771
19777
8233
8232
8225
8436
19838
19807
19811
19812
19816
19820
19715
8205
19709
19691
19695
8654
19749
19753
19754
19760
19761
19745
19729
8606
19744
19946
19801
19795
19023
18912
19053
19054
19056
19043
19028
19040
18929
18930
8251
18931
18936
8245
18925
8261
18943
8207
18917
8275
8274
18968
18973
18981
8219
18947
18957
8215
18958
18960
19790
19792
8599
19947
19949
19501
19472
19457
19461
8707
8706
8705
8703
19468
8699
8697
19519
19524
8593
19495
8489
19952
8477
19451
19396
19395
8497
19386
19389
8505
19442
19444
19445
8499
19417
19422
19473
19480
8678
19893
19943
19941
19930
8625
8624
19984
19989
19980
8726
19961
19972
8711
19976
19844
19865
8732
19862
19851
8743
8742
19884
19907
19909
8733
19911
19913
19903
8683
19898
8148
19017
19414
19073
19205
1667
19211
19212
19214
19194
19196
19190
8327
19090
19097
19098
8340
8355
19103
19146
8348
19128
8345
19131
8321
8297
8296
8294
19121
19120
8289
19107
19116
19324
19153
19145
8146
15801
15865
15868
1591
1585
15870
15898
15933
15918
15903
1692
15911
15913
15805
1683
1701
19170
1715
1714
15786
1711
15842
15846
1681
15848
15853
1656
1655
15824
1649
19164
8314
19331
8311
18755
18829
18889
18897
18899
18901
18869
18873
18876
8177
18880
18883
18780
8169
18786
18787
19301
18764
18790
18822
18824
18810
8140
18793
18796
8134
18805
18799
18906
19008
8144
8388
18840
18835
18848
19306
19342
8409
8415
19348
19351
19352
19353
19297
8406
19249
19251
19253
8417
19238
8420
8434
19227
19285
19290
19260
8377
19261
8367
8365
18855
18856
18849
8381
8454
8451
7822
18535
17726
8025
8017
8016
17714
8013
17710
18749
18538
18542
18543
18544
18546
18552
8036
17723
18521
8034
18522
18524
18529
18582
18583
7982
7981
7980
7978
7976
18586
18588
7812
17720
17576
17755
17530
7526
7525
17518
17502
17505
7632
17514
17541
17548
17551
7638
17554
7646
17737
17718
17747
17799
17794
17790
17678
7580
7596
17688
17676
17675
17674
17658
17670
17671
18590
7988
18560
7867
18746
8066
8083
8082
18720
18722
18723
8073
8072
18727
18594
8069
18619
18622
7864
8004
7863
7852
18614
18612
18598
18605
18662
18633
7875
18437
7828
18234
18237
7825
18742
18676
8063
18707
18568
18463
7996
18466
18468
7991
8045
18469
18474
18459
18445
18446
18475
18450
8086
18454
8091
8089
18476
8106
18496
18481
18486
18488
8113
18697
8108
18706
8048
17527
17626
19429
7728
8539
17928
17900
17905
17908
17953
17956
17964
17936
7697
7715
17943
7732
7731
7724
17910
17840
17845
17833
7696
7695
7666
17819
17825
7667
7664
17851
17877
7659
7676
8542
17912
17625
8563
19637
19642
19643
8457
19629
8468
19626
8460
19672
19677
19681
19682
19667
19655
19666
8548
19554
19536
19538
19542
19602
8531
19575
8523
8521
8520
8519
8518
17923
8549
17854
7687
17852
17604
17983
17979
18009
18037
7555
7554
18039
7552
18029
18014
7541
17601
17602
7575
17612
17863
17597
17581
17588
7540
7538
17639
17642
17643
7509
7508
17638
7506
17635
7504
17975
7768
7756
7755
17865
7682
17968
18069
18075
7788
7787
18081
18067
18065
18055
18059
18110
18112
7809
7805
18116
7803
7802
18104
18101
7752
7749
17993
7772
7740
7738
17988
17971
60280
32692
30838
79249
79256
79227
79228
37655
79257
37556
37550
37548
79291
79294
79277
79271
79269
79063
78852
78853
78836
37567
78838
78840
78844
78845
37538
78899
78904
78888
37507
79254
79244
38027
37764
79074
37792
37793
79105
79107
79110
79111
79115
79120
37799
37798
79113
79327
37773
37745
79304
79306
37744
79335
37743
79309
79314
79299
37755
79373
79346
79348
78875
78868
78877
37519
37585
37583
79037
78986
78934
78940
78943
37612
78912
37610
78914
37607
78923
37601
78970
78973
78981
78983
38024
78948
78959
78963
79796
38014
79797
79800
38010
79045
37587
79053
78800
78884
78827
78768
78761
37526
78828
78789
37633
78798
78790
37620
37619
78908
37591
79011
37646
79019
37644
37643
79020
37641
78990
78998
79001
79049
79051
37777
79079
37780
75898
75762
75750
75752
38441
38457
75759
75753
38473
38472
38471
75650
38465
75661
38461
75644
75629
38570
38569
75638
38567
75642
38555
75666
75685
75683
38589
75678
38447
75775
38452
38483
76166
76167
76152
38702
75938
75726
75728
38491
38490
38477
75740
75724
75706
75769
75709
75710
38496
38512
38510
75721
75705
38505
38503
75744
38501
38476
75869
38526
79071
75878
37721
79166
37719
37695
37673
37672
79163
37667
79146
79149
79151
79182
79210
37692
37691
37690
79184
79185
79190
79140
37679
37678
37733
79094
37786
79066
37783
37722
79164
77502
38749
75899
75935
75906
75914
38536
75915
75805
75814
38542
75802
38538
38126
75785
77500
75788
75790
75819
75793
37707
75795
75845
75842
75853
37732
37731
37728
38026
79774
76692
77890
77844
39659
77824
77852
39657
77882
77871
77856
77857
39684
77859
77862
77864
77866
77868
39673
78079
39623
78066
78059
78062
78063
39628
78123
78105
39643
78095
77839
77948
79775
77938
79563
39585
79542
79593
79598
79592
79607
39573
77916
39591
39597
39593
77911
39548
39547
39544
39543
77953
77954
77956
77966
77967
77950
39566
39565
39564
77936
39636
39633
77993
39531
77635
39397
77579
39502
77531
77532
77520
39500
39499
39498
77504
39495
77508
77510
39512
77513
39522
77573
77576
39518
77545
39491
39463
77556
77657
77760
77766
77629
39402
77640
78043
77998
78006
39427
77990
77972
77976
77982
77983
77986
77987
77980
39447
78027
39395
39442
78013
78022
78024
77605
77606
39388
77611
39384
77586
77616
77588
79556
79660
79650
37866
79739
79846
79946
38116
79951
79959
38085
79941
79925
79930
79934
79938
38056
38084
79963
79994
79983
38049
79980
38068
38083
79971
79979
79867
79869
38072
79863
38088
79736
38091
37987
79782
79784
79768
38037
38031
38030
79827
79818
37981
79716
79720
79725
37989
38093
79703
79699
37996
79766
37994
79729
38047
79753
38103
79760
79764
79746
79859
37865
79670
79855
37942
37936
79384
4132
37932
79390
79438
37951
79445
79434
79418
37958
79427
79531
37907
79644
79614
37928
79615
37895
37894
79626
79627
79651
79676
79680
79671
37943
79412
79411
37851
79915
79904
37855
79889
79895
79898
37884
79687
79483
79484
79488
79489
79465
79399
37826
79471
79464
37850
79520
79525
37833
37849
79514
79498
79507
79452
38692
76156
76111
77199
77255
77262
31350
77244
77346
77448
77449
77458
77441
77428
77430
77484
31792
77465
31785
77421
77364
77347
77349
77352
77353
31727
77354
77357
77360
77362
77355
77254
77207
76103
31334
76471
76464
76448
76453
31326
76465
76455
31377
31384
76252
77293
31378
31376
77271
77274
77304
31386
31387
31403
77330
31398
77309
77310
77320
31340
77225
77210
31737
77409
31755
77404
76931
31619
31618
31617
31616
31614
31611
77137
77140
31605
77143
77144
77113
77114
31635
31632
77127
31630
77121
77149
77151
77176
31603
77179
31573
77180
77184
31720
76924
76915
77004
77386
77388
77392
31742
77400
77187
76977
76989
76965
76967
76964
31856
31863
76921
31862
77008
31807
31814
76897
76894
76879
31801
76882
76937
76941
76947
76447
31284
76446
31429
31458
31457
76804
76835
76809
76866
31474
31473
31470
76843
31446
76854
76747
76749
76752
76754
31414
76727
76733
31410
31409
76783
76792
76780
31438
76762
76770
31455
31251
31876
32303
32324
32326
32341
76718
32331
32330
76567
76568
32327
76573
76602
76629
76631
32291
32272
32271
32270
32268
76638
32286
32287
76622
76609
76610
76611
76615
76772
31428
31270
76775
76313
76321
76311
31508
76308
76301
76306
76406
31302
76509
76507
31307
76504
76490
31310
76496
76524
76547
31318
76552
76555
76557
31288
76532
76430
31256
76411
76312
31516
76265
31548
31541
76361
31539
76345
76396
76398
76403
31559
31558
31556
76372
76384
31547
31521
76279
31502
76281
76269
31493
31492
31489
76259
76260
31503
31505
76263
77168
77163
77167
76020
75296
75275
38259
75235
75185
75161
75164
75197
38274
38273
75624
75216
38267
38266
75214
38241
38204
75201
38220
38219
38218
38215
75208
76039
38221
38222
76048
75310
75299
75298
75062
75032
38176
75022
75020
75003
38166
75007
38185
75015
75017
75018
75078
75066
75251
38188
75074
75059
75045
75052
38137
38133
75263
75238
38144
38146
75247
38233
76021
75023
38229
75988
76197
38624
76200
76201
38620
76206
76208
76180
76210
76190
38711
38718
38717
76241
38730
76232
76095
76119
76120
76126
38733
38673
76130
76131
76097
76102
75992
76014
76004
76073
76054
76031
76027
76088
38646
38641
76063
38637
38636
38635
76071
38652
38668
76003
76093
38662
75959
75957
75941
75946
38604
38611
75955
75977
76000
76001
75025
75077
77111
75575
31656
75450
75434
31647
75448
75468
75390
75336
75344
75335
31674
75334
31670
75319
31666
31664
75330
75375
75381
38339
75386
75374
38338
38350
38357
38355
75469
75465
75464
31651
77087
77057
31582
77058
31599
77065
77053
77051
77041
77107
77091
77083
31691
75416
75456
75417
31699
75427
31701
75394
75396
75404
75408
31705
75393
75432
75453
38353
75577
38383
75579
75512
75514
75525
38425
38424
75519
75101
75102
75103
38377
75082
38397
75080
75140
38363
75145
75146
75149
38396
75151
75152
75138
75121
38388
75129
38385
75132
38434
38435
75540
75603
38346
75556
38319
75615
75618
75619
38318
75621
75606
75591
75599
75600
38315
38403
38314
38311
38305
38304
38358
75474
75476
38409
75478
38411
38407
75538
77772
39455
77776
70938
70726
36074
70729
70731
70738
70739
70725
70723
36085
36082
70708
70721
36033
70768
36025
70702
70649
70652
36037
70660
70634
70663
70640
70642
70703
70688
70689
70937
70939
70604
71143
71181
36006
36005
36004
71186
71188
71189
71174
71242
35953
71212
35942
71225
71227
71222
71104
71106
71105
71133
71157
71163
71169
71154
71137
36067
71140
71134
70692
70694
35208
70668
35310
35306
35302
74170
74173
35275
74176
74177
35250
74151
35247
74157
35243
74182
74205
74208
74202
74199
35264
74186
35262
74198
74191
74142
35056
74098
74100
70839
70626
70853
35174
70669
70677
70681
70889
70890
35230
70894
70882
70872
70922
35194
35167
70809
70850
35189
35188
35187
35186
35184
70802
35178
35290
35286
35283
35274
70842
36012
71203
71202
70271
70091
35778
70151
70154
35766
70126
70129
35720
70134
70026
70029
35706
70022
35721
70021
70005
70009
70013
35725
36150
36149
70076
70047
36142
70054
70156
70157
70090
70086
70100
35657
35641
70496
70506
70475
35633
70507
35631
35629
70487
35644
70480
35659
70533
35746
35655
70539
35651
70528
70520
70524
35758
70526
70101
70108
35750
70113
70266
70272
70940
70255
71026
71034
71078
36212
71083
36182
71088
71090
36185
71077
71063
71066
70963
70975
70959
70944
70949
71008
36093
70997
35994
35991
70981
35988
35986
70984
70978
71047
71046
71042
70186
70238
70240
70252
36161
70246
70300
70304
70309
36106
36105
70281
70283
36126
36213
36125
70187
70193
70176
36117
70195
36226
70217
36222
70216
70203
70208
35047
74068
74077
74394
74895
74900
74894
74689
74688
74687
74483
74484
35394
74459
74462
74467
35418
35417
74523
74527
74511
74495
74496
37080
74505
74506
37081
74509
74530
74400
74403
74884
35454
74904
35335
35329
74746
74730
74737
35321
35319
35316
74947
35333
74957
74958
74986
35391
35459
74962
74974
74867
74866
35432
74861
35450
35451
74885
74910
74916
74919
74411
37096
74748
37095
74569
74545
74548
37176
74598
74599
74573
74575
74577
74584
74585
74587
72921
72928
72897
72929
72906
72956
72961
36931
72952
36926
72933
36918
36916
72931
72943
74536
74568
74564
74637
74416
74438
74439
74443
37041
74446
74420
37068
74425
37049
74533
37067
37065
74562
74639
74613
37057
74618
74648
74624
37053
37109
74684
37149
74659
74667
35330
35390
35060
73758
35137
74295
74063
35143
73851
73854
73857
73860
35094
73849
73848
35091
35090
73847
73839
73867
73891
35096
73901
73902
73774
35104
73776
73777
35100
35312
73753
35120
74282
35124
35008
74141
74102
74131
74132
35068
35067
74135
74138
74124
74114
35017
74307
35006
35126
74311
74313
35003
74371
74372
35033
35032
74349
35025
35133
74256
74225
35520
73828
74762
35511
74375
35561
35559
35556
35584
74804
74776
74829
74836
35578
35575
35574
74827
74812
74814
35366
74725
74692
35358
35355
35354
74700
35373
35383
35380
35375
74758
73960
73958
35610
35506
73789
73816
35544
73823
35540
73794
35532
73798
35482
35481
74008
74010
74016
73949
74019
35472
73991
73997
35503
35496
74058
35599
73934
35606
73981
35619
70470
70592
77797
38966
38971
38970
38969
71653
71658
71714
38914
71686
71688
71693
38927
38942
71598
38938
38936
71566
71570
71572
71575
38983
71579
38985
39040
71625
39024
71637
39028
71645
38977
70591
71675
78179
78281
78384
78391
39827
78363
78364
78366
39781
78368
39777
39774
78424
78428
78432
78433
78414
78416
78359
78312
78316
78298
78343
78357
78331
71664
38981
71609
71603
39043
71618
71767
38788
38760
38767
71562
71353
38759
38758
71364
71332
71335
71366
71367
71391
71392
71404
38828
71389
71388
71375
71376
71368
71329
71274
71279
38874
71257
38811
38815
38816
71869
71619
39056
71834
39050
39049
38998
38996
71838
38991
71864
71867
39005
71873
71788
71843
71850
39009
71851
71720
38799
71743
71745
38802
38798
71738
71724
78178
78172
78169
78507
78537
78536
39851
39850
78522
78523
78532
78527
78580
78585
78590
39876
39873
78574
78559
39869
39868
39920
78571
78573
78465
78469
39968
78457
78441
78442
78445
78542
39854
78125
77678
77802
77793
77783
77775
77788
39475
77785
77734
77685
39897
77691
77692
39892
77713
77662
77663
77668
77673
39902
77722
77717
39919
77725
39914
77701
77715
78454
78508
39808
39996
78597
78600
78601
78632
78609
39760
78655
78640
78643
78231
39705
39725
78205
39706
39724
78253
39717
78149
39714
78161
39766
78131
78139
78143
39817
78199
39811
39732
78615
78631
78689
39993
39992
78512
78489
78493
78488
78696
78697
78698
78693
78675
78685
39929
39740
78713
78736
78741
78745
78731
78714
39951
39949
78721
78728
78617
39741
71259
38869
38888
35785
72172
37501
35837
72180
72181
72184
72153
72157
35822
72056
72057
72063
72064
72066
35851
72051
35846
35843
72038
35820
72040
72069
72041
35797
72045
35793
72098
39164
72114
72132
71949
39180
71902
39186
71911
71912
71897
71882
71891
71892
71886
39208
39204
71936
39175
39142
71917
39154
39152
71925
39148
72134
72136
72138
72141
72145
72147
72100
72090
71997
35799
35879
70362
35893
70364
70367
35886
35885
35884
70315
70572
70576
70582
35677
35675
70551
35672
70552
70585
70560
70561
35682
35683
35700
70612
70615
70618
70589
70381
70378
35866
35917
35800
72082
70416
35810
70404
35915
70408
70409
70461
70464
35902
70452
35918
70320
70438
70442
70446
70447
35928
70441
35926
70392
35900
70342
70316
70319
71952
71996
71261
39338
39290
71411
71423
39283
71468
71479
71480
71875
39225
72303
39238
39255
39253
39252
72274
72284
39248
72330
72333
39243
72335
39297
72337
39352
72311
72317
72218
71427
39294
39277
38856
71321
71322
38895
71296
38866
71511
38841
71515
71505
38836
71495
71550
71543
39260
71528
71530
71531
71534
39273
71536
71535
39269
39267
39266
39264
39262
72221
72210
39217
72209
72352
72382
39125
39124
39101
72413
39079
39077
72419
72402
72388
72391
72392
72384
72395
72399
71977
71988
39084
39099
39093
71963
71992
72015
72017
72018
39087
39132
39135
39137
72428
72257
39358
72260
39314
72240
72242
72346
39334
39305
72446
72452
72457
72430
72380
72424
72483
39319
39218
39064
39112
39110
72372
72373
39105
72374
39121
32307
79173
40000
60801
63041
63028
63015
63022
31118
63019
62813
60811
62601
62602
62603
62608
60806
62610
62611
63037
63008
63089
30246
63087
63099
63100
30415
32498
31222
32086
60789
63006
62990
31226
62982
31228
32077
62986
62581
31127
60917
32036
62517
60927
62511
31108
32168
62568
32185
62572
62575
62544
62540
31132
62554
62555
32172
62510
62538
62507
60904
62585
32034
62595
62644
62631
60905
62528
62504
62535
32110
60903
32159
32166
62503
30421
30427
60898
30389
31198
62844
64159
62845
62821
31205
30430
64179
62831
64146
31193
30433
30448
64168
62877
62892
62945
63120
64215
30985
62960
64181
30989
30316
62961
62962
30334
30348
62952
30343
64217
30939
31095
30340
62884
62500
31180
62872
31238
30405
60850
63080
60849
30399
63062
31242
63064
63112
30410
31231
60820
31213
31214
63074
30401
30392
60858
62859
31209
31186
60827
60823
60839
62865
31237
62866
60857
60854
31235
62868
30431
31155
62761
63613
63474
60747
31999
60745
63447
60761
63450
30763
63479
60765
32012
60742
63508
63510
63511
60718
30768
32003
60758
63470
63533
60752
63527
63578
63579
60751
31901
30764
63590
60750
31953
63560
63570
63572
60748
60717
63482
63486
60712
60737
31983
63748
31980
63723
60731
63727
63619
30653
63621
30654
60939
63623
63626
30658
63747
31988
31973
31961
63487
63490
60711
63495
63697
31966
60710
60725
60709
63693
60708
31955
63680
60723
31894
60780
62766
60674
32135
32133
32132
31146
32030
31929
60670
60667
62789
62791
30937
30725
31926
62785
62736
62805
62801
60704
31142
62757
31161
60866
60896
62754
62740
60884
60781
62742
60682
62774
31139
32145
32143
31133
31914
60697
62681
62682
60666
63124
31913
60636
62714
60643
62701
62707
60641
62713
60632
63750
60657
31883
63545
62727
62724
60690
31933
30729
62686
30731
62690
62677
60694
62694
62667
30735
31947
30736
31946
62670
30737
64196
62930
64198
64763
30217
30218
30221
30121
63835
30228
64846
64952
30151
30149
63831
63863
63859
64942
30147
64748
64762
64722
64758
64723
64693
64694
30028
30168
64702
64755
30171
30022
63896
30173
30166
63894
30154
30127
30144
30140
30118
64063
30083
64297
64982
64223
64256
64965
64968
31035
31034
64255
64979
64254
64250
64873
64850
30084
64988
30115
30094
64273
64272
30214
64295
64292
64936
64938
64985
30626
31038
64939
64288
64924
64984
63900
64720
62907
30297
64023
30305
30310
30049
63974
64015
64010
63980
64008
63907
63803
30279
30051
63801
30050
30299
30263
64719
63915
30243
64032
64028
30239
30252
30253
63933
63934
30271
63927
64060
63909
30265
64059
64056
63794
30282
63808
30047
30010
30189
63878
30191
64777
63885
63873
30159
30007
64810
30161
63904
64816
30165
64718
64783
63905
63776
63963
63824
63958
30057
63820
30059
63765
30072
63777
63788
63752
64789
63784
30180
64792
64885
30523
30517
64121
64661
30566
64558
64567
64553
64123
30945
64137
64552
64550
64537
64538
30953
30369
64542
30940
30549
31024
30551
30587
64113
64120
64621
64651
64672
64119
30970
64108
64676
64652
64105
64654
30553
64655
31015
64597
64592
30352
64097
62917
30378
62922
30375
62924
64096
64095
64094
30996
30390
64087
62927
30330
62913
62914
63749
64083
64582
30358
64573
64576
30354
30978
30371
64583
31008
31001
64068
31005
30383
31007
30382
30615
64639
64323
64362
30481
64525
31017
64526
31077
64529
30474
64340
31081
64358
30472
64512
64495
64496
64499
64522
64350
30485
64894
64886
64242
64901
64296
30513
30512
30527
64351
30529
64460
64491
64517
30486
31030
64365
64504
30960
64360
31069
64334
64333
64388
64391
64414
64436
30604
64424
64331
64330
64328
64324
64531
64638
64317
64413
31064
64401
64505
64335
31075
64306
64305
64398
31059
31063
64406
31061
30493
31062
64411
64379
63627
32073
63394
63172
60973
60179
63294
32342
61130
61048
60222
70002
60197
63211
32261
63312
61177
63637
61053
63652
61027
60167
61175
32243
60188
61191
32409
60957
61209
60942
60223
32484
32364
60229
32418
32472
61133
63215
63343
63160
63330
60236
63175
63670
63436
30677
63180
61017
76709
63335
61045
63161
61243
61047
60969
63405
63406
63178
61108
60943
60946
63220
30860
32359
76665
30914
61171
61245
32421
63188
32220
76670
63195
30666
30820
30668
63361
32223
60165
30673
63644
76647
32238
63415
76663
63438
63417
76671
61032
60988
60989
60169
32351
63171
30697
63409
76680
63164
30921
63642
63169
30861
61016
32215
32216
32490
32218
60979
63412
61201
30875
32491
30894
30699
32197
30847
30895
61195
63383
60224
61186
63424
76690
32390
30645
63325
63274
63433
60625
32310
63611
61185
30920
63273
30780
60627
61071
63258
63658
30630
32311
32459
32447
60199
63395
30662
61076
60204
63372
63599
32395
63251
63249
32251
63243
63379
63353
61145
30625
63602
63354
32369
61142
63606
32427
63252
30919
32454
63385
61231
61158
61236
61087
32437
60198
60285
63244
32478
76687
76712
30634
30854
76715
63152
61041
32401
53233
51001
22136
22141
15863
47472
23325
72355
72350
34096
46969
68358
53214
34141
1
25148
15752
68353
72351
47371
1743
72216
36674
1846
25045
44920
34455
41122
47394
39103
16125
21100
50976
36672
23326
51046
16180
34488
3966
26635
15984
40556
34479
69999
53216
15897
31066
61664
41172
15978
40694
51207
4059
1762
74512
3970
72986
814
16206
50234
50186
40678
50204
16176
47187
50998
36716
23323
25011
50979
36701
1783
34083
34485
15988
16112
15895
4020
15739
51024
1631
37075
50194
51027
51030
3938
72469
39113
51041
3940
26606
16146
36993
64349
50169
36677
15670
15666
3941
41126
72441
25040
15944
21110
34518
15771
37088
68377
72453
72266
39365
47388
72195
51020
46988
72481
36662
21950
72989
1844
15883
51070
16156
34521
50174
74396
61250
37048
72377
39342
15662
16155
1620
16106
46977
51014
22135
21925
60092
46967
53642
68397
30803
26609
44878
16135
53657
40569
61025
1867
16153
68346
15674
51066
44856
4060
46962
4022
16158
68426
44962
1767
1538
34870
50641
34125
30941
61605
72185
15485
1533
47284
15478
50683
50682
25579
34920
15506
47285
50673
53683
26868
50675
4837
72155
30943
1429
50780
35826
61633
15508
72179
672
25615
50701
61571
61081
44762
40603
1504
15142
15118
36613
40865
36614
30957
1496
25563
36616
34124
47276
40867
72117
25559
4830
61629
35408
72580
1431
4839
36680
4702
44820
61077
4708
15566
15568
1478
31000
72043
34997
22051
41239
30902
44807
15491
1449
4703
72106
1459
46472
36807
50859
72655
34992
2289
50803
15351
64080
53707
34964
4719
40499
60513
30947
40504
74892
72053
61616
74890
1424
50862
4814
1410
34133
72034
61088
25358
25357
64125
15548
15557
25370
25371
4711
40861
40476
47335
64107
72139
72007
51227
1343
34885
22127
72029
39139
22120
46970
15211
47236
72004
72005
36582
61566
51102
44936
40616
25479
47248
60109
72613
25485
15191
47263
71901
47256
53623
36589
47458
51218
31070
30916
51185
61654
15962
25518
36694
40587
71961
34071
34891
34072
36690
16074
16090
74518
35421
47426
34075
47425
25514
47424
1365
34887
51217
47251
44931
4788
74488
61593
39202
15016
15014
15013
22183
44843
61055
74477
50772
22169
44741
1302
50777
25591
44739
34857
1299
36623
15128
15124
36622
61600
39146
4778
47211
50720
15300
25491
71907
1268
15245
22174
20290
26811
39182
39198
36578
25489
15270
61683
25504
15260
36580
40606
71883
71887
40604
4796
30966
4800
25494
39206
50718
15875
50059
37047
25978
40421
45335
39047
8668
71800
71809
36882
44631
38994
72927
52047
23142
53420
34562
72873
26010
38990
44643
72923
26007
71865
19825
19826
71866
45465
52103
72858
19755
19758
8657
52161
19958
52171
52172
44625
53305
34568
45317
60237
37142
52157
52149
19944
19737
68481
4360
26095
71828
8608
4192
8609
37145
8604
25993
71830
52062
45346
8227
37116
37042
44639
71755
4224
18945
18923
18921
68693
38794
18920
45413
44422
71758
53372
26715
4228
4234
71765
18932
4229
8242
68683
47107
30164
47105
8256
19029
68711
50463
23169
50424
8220
21962
72501
71870
68695
52075
25953
39016
52076
39014
25949
53423
19799
19796
63827
60267
45409
4250
52087
19788
34171
19374
74586
8214
34659
18951
45422
71754
4358
21982
19925
71621
60288
64027
30834
26096
68579
4104
36922
19402
71666
52013
19509
52010
26128
71674
19504
19503
36925
44562
32500
38979
19494
42043
19526
40715
26117
23274
68577
19379
78356
51993
78418
19617
32910
19614
51983
8474
78378
68553
42065
68525
32924
8445
19531
19427
78344
78400
19423
68526
32921
60294
44540
26108
60284
39788
23220
44538
42036
40716
44659
72849
63800
37132
71571
72828
19863
53283
26212
8729
19880
19878
52140
26188
42086
40704
51933
20774
52146
23153
19963
71631
52112
19991
39036
37139
41248
45323
72875
68450
4301
42041
20246
72966
53341
71655
4082
4325
51902
71710
68564
8691
71683
26211
45580
19688
8741
64004
34605
38925
19901
38926
19919
4093
19912
64017
23255
45470
22398
4202
44444
50466
50506
50116
19066
68258
3755
71410
19092
21141
3756
46880
19088
74643
46894
36995
50121
21140
39287
19192
8336
40646
19185
60214
64283
46905
50132
64282
53279
50154
71442
848
60027
53129
71544
64275
39061
21907
25162
60011
8317
8300
19064
50543
44518
23303
8318
34450
68214
21145
8320
50104
50105
71484
50108
26566
23311
8344
21877
23314
39281
19202
19156
50239
72279
46995
37033
50263
21166
50265
44891
1699
15810
74429
37039
23352
64246
25239
44902
50243
39241
39295
785
34404
68179
20071
1696
50309
15926
41109
15790
15798
64229
39223
39236
53258
1661
19159
19160
19177
46953
19167
31037
40387
50016
50077
40373
15820
47002
72285
40634
73087
60155
25324
40640
1702
53250
15843
1706
68190
19314
8304
44442
38854
71330
50330
8142
34160
63899
8202
26023
73072
50386
60050
8188
71397
40744
60193
30195
20273
68601
37178
8170
4170
26697
74546
4167
60046
40391
68607
23372
50327
38783
40455
4157
68738
47093
74580
8150
19025
47092
19002
4283
50338
18998
4285
19006
47071
22027
50342
71356
4278
4262
38755
50331
34176
60192
18907
68720
47045
8162
23374
3884
63891
20048
71508
38845
34638
826
23417
74664
68645
25224
44498
21901
50491
25221
63858
71290
26596
38848
71549
47144
68651
8412
71559
822
41136
71560
47138
63856
8423
60066
63890
25208
18900
44408
60194
50583
18895
68659
71264
71268
74565
8392
18836
25209
38900
71295
63832
68638
38896
44504
18853
71294
25200
18851
60174
26591
23430
8371
35783
2999
634
40163
54527
30728
72701
4598
3160
4604
70778
600
60427
70757
3258
3257
30730
74014
60425
62478
60695
73399
54404
70661
3265
73376
62370
992
26270
61217
3134
70744
54383
616
54486
36536
40948
26273
36538
62484
26274
33996
30936
3173
611
3170
54492
3140
54494
36084
34227
33993
74018
70707
60698
27455
27454
21070
20111
70742
73372
62374
26326
37449
35537
52531
73811
54642
70682
35198
73170
3717
26265
312
73184
73186
70884
3671
61249
40213
60640
60663
52522
44295
70864
3689
52627
61251
3687
35218
35214
62383
72712
44255
73392
4585
73539
3238
73806
3438
70666
54414
70687
62379
73544
70690
73799
73180
981
3669
3664
70698
27251
70684
3662
20560
27226
36416
20103
528
62439
549
16617
62209
71219
16712
54690
16703
16679
71220
27381
36491
46656
54957
46655
16643
36494
35950
54929
60868
43840
74035
74031
71121
71098
60882
52746
46676
27374
20226
46679
16680
27372
60876
62320
60452
54707
36010
36511
62322
16578
16577
31104
16571
62267
46700
73915
54728
26401
54763
20388
4639
31158
71241
54749
52749
46704
62210
36503
16694
54989
60888
36524
3426
27482
71146
37438
3408
71150
3407
54919
27492
73295
571
36526
71151
44159
1189
40181
3424
1180
20569
20099
72725
27462
35490
4551
54481
73286
4534
37439
73344
74054
52742
4620
62249
36014
376
27420
60408
44266
54966
71152
3349
54978
73336
3341
3312
74050
36068
73351
35499
73355
74026
60680
54878
3300
62450
54854
3302
3679
20610
26290
74115
41054
20471
73622
61928
234
44090
26409
20473
20474
2968
52878
20476
61929
41032
1075
73834
61166
52884
26439
3079
2644
53027
62031
52852
26432
164
26443
74129
44097
44325
35055
52935
74095
60720
2797
2775
74099
21019
300
35039
2768
61948
309
35072
74069
26468
52837
2554
41027
73466
61156
2571
73472
52833
2569
74125
2618
60722
70932
37249
26557
3039
73511
35079
73693
33852
26553
74252
44071
44072
33853
74234
53094
74220
74230
212
73596
61151
1039
41057
33862
3006
74269
52997
61148
1049
35154
33833
61136
224
26428
169
3061
74363
194
195
37221
62112
73688
21044
222
73685
20479
53111
53054
37207
53059
229
26519
3062
53062
3017
61141
3011
53108
3063
60721
41023
35108
2963
35181
3446
35515
33817
21080
27338
3456
70786
54535
70788
154
70790
61990
73256
21078
34290
52650
3560
3558
73580
40626
73265
20
52644
41039
52641
70817
40957
44317
73162
44212
70936
3705
21087
27211
3697
70920
35164
35159
70910
21086
70808
54650
73253
73161
54664
62386
2954
2957
40207
3510
3509
26315
52625
27309
35185
54599
61991
3525
35237
27292
44311
73643
2729
2727
2819
60764
61902
33779
2719
61907
2671
37329
54606
61909
260
74215
61910
2829
34260
74184
52607
52962
61888
61893
61111
42
30773
37280
74162
3523
34292
3520
27303
20591
35521
3550
70829
3547
70833
41041
44201
35311
70838
35304
37239
35301
30769
74172
30688
61994
62021
52583
2842
34278
71194
40250
50814
46404
72542
36786
16893
70594
60837
16899
2489
53576
2492
710
60828
2480
2463
61403
2466
20420
60826
74736
35628
43925
60841
34714
16958
36765
54256
34303
4874
27104
60583
4976
43963
27085
22079
64205
35669
37421
17132
53461
35349
34756
53516
22085
72574
74946
2429
53569
60622
54305
34750
54307
54309
2433
64144
70605
53566
37358
70537
16981
17128
4890
31243
40030
54267
61511
44026
31246
44045
27151
36364
34825
74698
70137
27170
44037
4883
37374
53852
52712
53856
1976
17484
1978
46354
1983
40002
46350
26758
4901
43934
27057
54228
40129
17188
20138
40078
20397
27061
36775
34314
70525
61005
26761
34817
61300
30869
70103
27053
70106
35388
20400
2409
17356
17352
27164
17375
36354
35673
773
36407
36843
15397
15394
34930
15393
35434
15409
61755
35919
60503
649
15422
25439
54145
15428
2317
73487
40514
4951
17085
21233
17077
61731
74976
53501
40516
61730
31011
4737
35861
15439
61810
20182
22038
53477
70419
61062
46418
15344
70429
61067
70405
46441
34960
22045
70407
50851
74858
4734
34936
34934
50826
50828
15455
15454
4744
50833
30981
70347
2189
54078
17151
53445
34741
25394
74983
25393
34739
17170
64186
36739
64183
17126
54080
17158
74994
70573
40080
35680
35337
25417
60964
17117
54138
61348
60591
17114
35892
54095
40905
46517
61784
40522
70322
17070
70375
2194
34945
25454
17040
46503
4942
46518
61351
20133
54181
17061
72505
17059
35880
35896
54198
4928
74982
72507
2254
4986
53831
17439
46768
60449
60912
1123
20348
71041
53914
16277
61460
36264
60911
31113
16379
71020
71031
46718
73957
62296
2050
71081
16389
36312
4442
16340
16337
72688
52779
4444
60914
40039
2047
70174
16306
2121
36282
70189
41010
34376
35563
16297
70159
46802
61469
16292
2173
46821
40043
4394
37464
16308
16309
16310
61182
4386
61481
70226
16261
73963
60936
62286
53838
16799
16747
71012
54779
62331
16847
60922
43880
70996
34244
1225
16810
4414
60901
54772
16832
43876
40272
16826
16825
62309
60899
16822
20379
71195
71198
60871
43883
26393
26991
26990
71086
60935
31103
4449
62274
35612
33969
43777
71071
60928
62275
70970
26961
46572
16758
16766
26958
26391
36193
54802
16765
43904
40256
70957
62283
35614
21007
40058
60807
17317
53882
35724
46793
44000
40986
35736
70008
60332
4473
43998
17211
2008
17316
2028
17312
43994
17341
46759
53772
70071
1154
35468
35571
44006
53756
53758
53881
44002
60810
40992
61498
17442
35712
27127
35370
53844
40987
53845
35710
53890
17446
36339
17345
2025
4900
60354
46767
17244
31218
17245
44023
61094
61500
74707
35722
17226
70058
17274
4470
53995
61181
43797
74800
70305
16535
46741
16523
36171
34801
36109
26886
70278
53997
20448
26330
60442
20440
42501
16519
34797
46870
70289
70292
54051
34346
36113
61431
36157
16419
43806
34783
53767
53768
61561
46722
1884
60800
70265
26933
4454
40824
46739
34779
61543
61534
40016
20997
46748
53793
16447
53807
53800
31117
16470
34785
19647
66932
39779
56638
47903
47902
5299
47928
56613
59179
65732
59156
24412
65707
28070
47926
31886
65772
65773
75148
49580
33364
65774
49582
75027
62700
59095
27858
38169
21820
41786
24444
14424
75005
65729
56825
65652
75111
55795
28121
12897
5039
24502
55799
47932
41748
47965
47963
75109
55849
24402
14587
5261
14596
24404
5263
55824
14585
55828
66154
38369
5255
56830
14601
66136
75117
31877
5241
59078
49605
56127
75289
75244
14457
14456
59353
6048
62735
41352
24640
6035
14488
75283
6021
27941
14483
24341
49649
24646
38256
75187
38250
75188
49623
75190
6081
6082
75159
65897
38261
65881
27961
14467
56586
27885
5220
14421
62717
21825
56577
5163
75063
59123
65698
14444
38189
14437
41779
5195
49545
75046
38145
27824
14395
38139
14396
65674
75267
49608
59311
5202
75272
5214
56591
24530
14524
41853
5058
55801
66005
12638
75373
5483
31991
55712
41826
56754
12583
48056
55705
32018
5538
41830
24485
12609
12635
12608
5512
13023
13021
41833
75585
55752
65986
75564
5101
75611
24455
55650
41815
33337
48116
12908
5602
66089
5615
75446
56114
12759
27636
47999
63677
47993
24886
31660
6661
27647
12568
56159
75388
56165
12517
56786
12504
66060
12521
56142
5499
41611
35000
65967
24294
55729
24293
12974
13004
55656
5003
55896
33292
66184
55870
12858
5032
55922
33316
66213
12875
47849
24512
27994
12828
75536
55645
28047
24496
55908
47837
38417
75545
47947
33416
38432
63584
12962
5072
12954
56806
63445
24519
47853
75491
12994
47970
55633
63477
38288
47855
38287
5086
28038
56846
55641
13090
5091
47872
13088
56837
55700
24469
5147
13087
33320
55669
13059
75602
24296
5135
38312
24515
66209
41365
75224
75228
38489
62635
5756
14229
29423
14225
14224
5703
75732
5647
75733
38492
5653
32060
14248
62642
59726
59735
32064
29445
38481
62591
14361
69114
59945
49983
22908
69331
69319
49936
32037
38696
41302
76238
13776
59803
38720
33206
5725
32155
76233
29622
69181
21756
38732
76220
76212
76117
5739
43360
41289
21732
5714
24329
69088
41291
13868
21736
76101
32164
49875
38677
38691
33438
38693
24109
14324
59942
5934
63026
38470
75648
59852
59858
32102
49692
75646
29513
69242
14182
32104
38571
22835
69245
29384
29519
63032
29517
29516
69257
49813
29493
59900
38591
14173
49825
29466
14166
49841
59865
33625
69340
14086
49925
49941
38499
69312
59940
14118
14110
29394
59996
75763
5782
29409
38449
14127
59968
59969
14124
14079
14100
69367
14068
59976
33612
14084
41486
24137
43181
14095
38474
38722
13807
14860
5994
24653
38231
58783
65861
65807
41402
29583
24660
58754
58755
5988
76033
14749
76055
5987
58829
38650
76057
14708
58825
32112
24610
76059
58792
14712
32115
24554
14814
14813
76070
6004
76037
62565
14961
49645
14855
56709
24620
62781
14865
62794
6072
58847
14922
56656
33143
49420
56679
5973
76053
38212
14980
14997
65903
75213
75206
56649
21871
5949
76046
58868
14925
32140
49441
62756
6187
49393
29655
33241
75982
14033
14024
49454
75993
58941
49490
6111
58925
29658
14055
24571
76094
21753
62770
58914
32183
29668
13997
69149
43283
38617
38672
24602
24604
29677
76187
49479
58962
6113
29555
6130
59032
49999
43330
41382
29541
14789
6242
33248
6247
41377
75974
13948
6229
65853
75958
65857
49500
49498
43325
75942
62762
59049
21742
13908
6119
24538
59045
69164
62552
33264
31678
5609
22847
55421
23812
28742
28368
57091
65347
66547
28369
66502
23827
57499
7441
66506
55417
76267
32239
66527
66514
7433
55427
48407
65375
65376
48399
66319
66318
24791
31306
55459
32444
48477
65346
48681
24799
57278
48615
48629
7202
31530
65405
65408
7228
63347
57166
76389
76387
65460
66467
65465
57051
7237
76379
66419
65467
28723
28722
57045
23975
76280
63309
63305
48736
28729
31500
57271
76510
48482
12740
63282
66728
48295
24833
55315
48467
28515
66755
31276
66746
56417
66857
65612
66868
6796
65619
28505
66861
66860
66809
66806
77288
55561
55563
77270
32483
66830
66827
6961
48125
28464
28407
66734
76514
65575
76518
31293
66278
6351
66385
6350
28595
65315
55340
65570
76502
63434
48501
63429
28435
48285
55327
66360
66354
6779
31260
76545
32457
31261
63377
24804
28513
76442
55383
55386
63349
76336
57331
67391
57378
67147
48152
76630
23986
32275
32264
24046
48148
57407
66959
6442
67114
67118
6420
57264
67404
48251
57388
6423
32219
67407
67128
28211
76607
67380
32298
76654
6481
56988
32283
6532
63352
76691
66931
6506
6487
66945
6518
6492
28156
6522
76696
57431
67031
28150
66883
28147
57424
32267
66908
57243
6551
66905
67030
6560
48145
67142
6543
66998
28248
57476
76571
57423
76679
57197
76677
48374
7339
7340
76853
48640
56918
6255
28658
67221
67095
48368
32198
67108
32265
66876
76735
32193
6276
57326
57114
63341
31432
66249
28601
57339
28383
57121
57112
67334
57180
23823
76849
63336
67039
76841
56965
23801
76819
76801
48204
76802
67493
67490
48213
48216
7294
7295
67424
67055
76814
31482
76862
28645
48239
7280
76870
48233
28182
56880
67264
31466
56884
28166
56890
48338
66639
6738
5453
65272
32411
13679
24995
23835
63654
13691
65241
24981
47518
41587
65244
27753
13493
47520
55229
77141
65247
13497
56025
77132
13505
56405
65300
63661
65310
32386
65295
13466
56086
27750
27736
76895
13597
13664
47761
24930
7099
27783
76881
27781
31800
55186
47551
13631
65067
7072
56260
76942
76928
55159
76945
65076
76936
76918
47571
31825
41683
27801
13722
63649
41686
55195
47562
56087
23848
77174
24274
5388
65194
65195
47601
12726
55940
48025
77081
65203
31978
6701
63718
56238
48026
56245
13592
5581
27526
12679
66028
5551
66033
63687
24258
75466
12797
56117
66084
27628
6678
13749
5382
77099
24846
21646
13571
5338
23864
65286
56067
41597
77161
27543
65183
5334
6597
55970
27560
56398
55975
55958
32394
5319
55947
31594
24879
65163
55954
77038
77043
5375
5377
5378
65017
24925
66631
13340
28554
41665
56532
47711
31563
31768
6883
47708
47706
31775
63187
65514
56543
13325
24699
66650
13353
13351
55084
55086
63132
31764
56546
24704
31760
24698
77435
24726
6932
55149
77240
31355
65010
63168
23904
31393
66567
48531
66599
7024
77326
56437
66589
31389
66696
24842
77306
55488
55507
6906
66702
55480
28316
31333
28590
24716
7009
77209
28302
28585
63185
77252
65534
32496
77489
77464
13412
7054
13152
55264
13148
76968
13256
32348
31855
63224
77013
13276
55242
27674
7108
13270
31867
77471
47748
7064
65029
63234
76952
13236
55307
31837
76899
7040
56319
55294
55277
56317
55259
65132
13160
47801
32477
65104
28319
7030
7032
23888
56547
56496
56500
47685
27701
47684
56492
7114
77410
77415
77405
63264
24736
7122
56508
31743
55061
31741
55044
65152
13133
27695
76987
69287
75665
44604
18168
7900
45984
67892
33026
7901
51583
18177
7931
77979
51640
18173
42598
29085
42613
22220
42584
18166
46000
42019
23591
78039
42022
18129
18143
67854
7947
18153
45975
18148
39444
78003
64940
18245
78055
77971
39650
18344
22313
78080
51663
9591
51665
78083
9604
64964
18314
18311
39647
46184
67942
64994
30081
9583
29140
46192
18415
9580
67903
29075
29072
18426
51714
7925
77992
42023
18261
69394
20887
46074
51846
30135
23474
77526
39508
42980
29169
42008
51748
30120
18713
42972
18731
68111
18621
64744
18737
18736
20885
68115
25833
18708
33047
51735
51782
43103
43101
43119
8121
29162
51845
18278
77612
45959
30116
45969
23562
67859
51815
22190
23567
51834
64930
29207
39391
43016
46092
46065
29145
18650
7874
68075
68081
51867
7886
7873
77593
68083
77617
29149
41999
39408
68050
58334
46235
67920
11398
29233
29232
11257
32503
9400
9401
11254
45752
30473
42379
58134
45742
22677
42551
11397
45652
58187
22658
79560
69635
39584
9438
45741
64521
79594
20916
11562
69648
39576
29352
64497
42753
23549
37953
64409
21460
29273
37966
22778
11552
22779
32563
79423
37956
64454
11490
45691
9459
79425
29259
11504
79635
58261
45627
29289
9514
11508
29286
64502
9525
37905
79630
9495
11316
42350
11766
79587
39670
58317
58300
58285
29333
11597
69579
32587
64870
77873
9665
64869
69588
11687
11710
29320
11777
68749
30109
46226
30114
46211
29119
41981
58350
11643
46229
46231
58341
77969
58324
58315
42527
77848
32592
77915
58175
30507
64492
64470
39571
45737
77901
9634
42562
58363
77903
9642
11846
77930
29365
64476
77957
11833
69545
11821
22715
11614
20919
29310
42383
77940
11601
46156
33095
18504
46040
45123
52305
25656
45076
7808
52320
32945
45154
52315
7794
78673
18061
45134
45132
78623
7790
42892
7791
22477
18074
63970
63968
17862
17868
52259
20644
42909
42911
63921
67780
17857
30052
39950
51462
42118
78681
52293
23670
52297
18035
32849
78688
17984
17982
52272
7766
42130
63966
45010
78740
7799
52278
39942
67774
7743
39957
52328
45018
52332
67803
39952
7773
25644
67804
7798
52237
39748
67781
19594
52356
30242
67674
32901
25729
32908
32906
78176
78177
42057
19574
19588
45534
20648
78181
78662
78182
19534
19549
67716
78389
19663
64034
67715
26138
8566
22360
22361
68125
42063
17927
78164
23647
52377
63920
39753
67775
17827
45093
45092
7694
25767
32950
78240
7718
17843
7722
78261
7716
22376
78252
42922
39721
78280
42917
7702
43748
17962
78157
22364
78162
78146
63940
45074
7550
30078
67598
33065
67607
77727
25806
77732
17705
39913
23701
17707
64817
51265
51266
51327
45176
8019
41941
17715
25908
67590
45186
64809
39859
45181
25901
45179
39857
42864
67593
78520
64840
41942
20667
39932
23497
77762
77763
64756
68103
25841
77748
25847
22231
45206
77795
39486
39485
67996
22235
23496
77672
8003
67998
45215
77792
64724
68007
67980
33109
51369
23489
18556
18528
20670
43075
30011
33069
45295
32824
32853
51426
17624
51408
67561
42824
51414
20665
42817
17652
78504
42832
7516
39995
20635
57450
51466
17584
51480
42842
17580
51448
63962
78492
23722
42835
32817
42940
18019
30058
7534
42829
42830
17529
45308
51515
17797
17745
78528
7618
20695
17753
7643
67577
32870
32872
45245
7619
64775
51550
7624
17560
51554
30061
22433
7633
25865
25864
64770
67539
39866
39844
20688
9899
29061
5814
57868
10191
48871
69028
30339
69033
10310
22999
37757
69037
57855
62942
48893
9292
10251
48889
48828
68984
10256
43727
68941
9273
68927
68926
8850
37541
58053
24205
29721
48855
78850
22992
79357
10014
41459
79106
10973
33455
48805
41463
23116
69018
24191
43651
43653
23106
48813
57963
79331
79318
48774
43661
62825
48752
9347
30439
29734
48780
23100
57892
57836
57837
79365
42296
62840
43744
68967
69396
23022
58044
78814
58028
78822
8780
23014
69803
37617
8784
58022
58023
43690
78799
10508
78807
24152
10527
10529
10539
79009
10532
10531
10485
79017
57589
69780
49345
49344
69828
29793
49225
37524
29714
42282
43736
42279
58119
68982
21293
78892
68966
58106
10032
49271
29820
37514
29818
43673
68948
42337
8896
8897
10120
57993
62901
78777
10140
8875
49286
78759
57984
30351
30353
10098
10958
62888
79141
29905
48949
22877
29903
29918
21389
59389
10671
10670
43157
48970
9159
43154
59439
68848
29884
10878
59444
24067
59446
48945
29860
68841
37700
10659
22871
22870
30411
41439
68894
9206
41540
75800
43436
43162
10844
75863
38580
69294
49772
59455
5787
75877
32087
38528
75924
75930
49791
10911
62995
5826
10907
33740
29475
59502
41533
59508
10861
21343
29896
10875
59530
29892
5824
10871
33691
48915
68902
59599
68760
68791
11094
62815
79196
9132
68820
30454
23052
21326
11236
62860
9113
49022
59592
10748
11203
68794
79073
68797
59589
79076
9220
43229
23063
23064
10997
30458
49004
59583
29980
43204
9073
29965
33700
9216
22864
30396
59674
41411
60279
48928
9192
10716
10738
59664
29869
79177
68880
21370
79162
9096
37668
43262
23073
49031
11156
11109
11101
30404
79154
59567
24092
42316
69838
57651
28786
9843
42695
37852
58512
79913
28756
64432
64430
28753
42670
30607
42663
12438
12434
22759
28763
45792
12441
58484
12458
12457
42660
12452
64429
58494
12343
20791
12227
79481
28828
58507
21422
79924
69882
49174
22568
9707
12393
12398
58465
20854
42700
42343
12419
20851
30612
58457
42731
30614
12463
12381
45835
45829
38074
42453
20845
79874
12420
79877
45840
28790
69919
79848
79882
69484
9938
58675
79397
9848
11459
28839
37967
9857
79405
79410
22799
64410
9905
58657
69404
69408
32575
11469
69456
11422
11421
9917
28861
9919
79395
37937
45892
9888
42494
11442
9892
20784
58645
30603
58629
37840
37841
22756
58689
69462
28875
37824
32656
12194
79516
69521
12209
9979
58747
79521
45904
37815
30599
12266
30600
12310
28897
58725
69528
12336
37845
79496
69497
28889
45927
45926
64622
32793
78989
69740
69727
57552
69750
21523
10347
49110
10342
9035
38023
9039
69731
78752
42197
8931
10437
57545
57801
22637
10451
49136
69742
32666
69738
8909
8911
79769
8922
49124
64554
49103
57547
10332
49159
62501
10493
43698
10601
33540
49363
57627
79003
10591
28957
49359
28954
43696
79050
43595
9017
78924
43439
10583
49303
79031
32709
8997
64578
21492
9002
49333
69717
69723
49064
78920
43464
43463
30581
11901
11920
58544
28992
20838
11945
79741
79742
11915
11888
49215
11882
11896
38120
49208
69867
79805
32786
64675
9811
12001
58581
9805
32774
29010
32781
79942
58590
58575
42242
32792
42235
58542
43519
69977
79836
43461
57736
64662
69925
21527
79767
32674
57693
12056
32675
57675
72948
43558
21535
64659
29054
37991
49195
29050
57732
43554
38096
30584
42230
28986
9768
9769
69975
23681
